人物ID,中文姓名,英文名,索引年,生年,卒年,是否女性,姓,名,朝代码,郡望码,籍贯地址ID,族属码,户籍身份码,备注
3685,歐陽詢,Ouyang Xun,557,557,641,0,歐陽,詢,5,69,15976,0,0,"Ouyang(1) Xun [3685] Giles, pp. 607-8. QTW, 146.14b. Literary fragments in QTW. 《唐代人物知識ベース》記其生卒年為：557 - 641."
3835,陶潛,Tao Qian,365,365,427,0,陶,潛,27,105,15927,0,0,"Tao(1) Qian [3835] Giles, 717-8."
11525,劉晉,Liu Jin,570,0,0,0,劉,晉,5,115,14933,0,0,"Liu(2) Jin(2) [11525] See documentation for descendant, Xian(2) [11523]."
11599,蘇威,Su Wei,549,0,0,0,蘇,威,5,30,14540,0,0,"Su(1) Wei [11599] Renming, p. 1778 and documentation for ancestor, Jian [11586]."
11600,蘇夔,Su Kui,579,0,0,0,蘇,夔,5,30,14540,0,0,"Su(1) Kui [11600] Curiously, he is said to have raised his family (qijia) through public office despite being the eldest son of an eldest son of an eldest son of a second son of a lineage that had held public office during the previous four generations. Renming, p. 1783 and documentation for ancestor Jian [11586]."
11932,刁弘,Diao Hong,340,0,403,0,刁,弘,27,42,15743,0,0,"Diao(1) Hong [11932] Renming Da cidian has Hong as younger brother of Kui [11931], whereas the genealogical tables have him as Kui's only son (or at least the only son who achieved office). The genealogical tables make chronological sense. See documentation for descendant, Yanneng [11925], and ancestor, Gong [11927]."
11965,王通,Wang Tong,583,583,616,0,王,通,5,20,15023,0,0,"Wang(2) Tong(2) [11965] Giles, p. 847. See Du Yan, Wen Zhongzi shijia, QTW, 135.18b-23a for lineage history."
12009,蔡廓,Cai Kuo,390,0,453,0,蔡,廓,28,2,16036,0,0,"Cai(1) Kuo [12009] At the end of the Eastern Jin, he established his family branch of the lineage (qijia) through public office. He was #2 son. Renming Da cidian, p. 1533. See also documentation for ancestor, Mu [12002]."
12010,蔡興宗,Cai Xingzong,420,0,0,0,蔡,興宗,28,2,16036,0,0,"Cai(1) Xingzong [12010] Renming Daci dian, p. 1534."
12011,蔡約,Cai Yue,450,0,0,0,蔡,約,32,2,16036,0,0,"Cai(1) Yue [12011] Married the daugher of Liu(2) Song Wudi. Renming Da ciadian, p. 1530. See also documentation for ancestor, Mu [12002]."
12012,蔡撙,Cai Zun,450,0,0,0,蔡,撙,32,2,16036,0,0,"Cai(1) Zun [12012] He was prefect of Wu jun. Renming Da cidian, p. 1534. See also ancestor documentation for ancestor, Mu [12002]."
12175,劉裕,Liu Yu,363,363,422,0,劉,裕,28,17,15742,0,0,"Liu(2) Yu(4) [12175] Founder of the Liu Song, who reigned as Wudi."
12176,劉義康,Liu Yikang,393,0,0,0,劉,義康,28,17,15922,0,0,"Liu(2) Yikang [12176] With Wang(2) Hong (not in dataset), controlled the government during the Yuanjia period (424-453), when his elder brother reigned as Wendi. Later implicated in a plot to rebel, he was allowed to die. He had moved to territory of Song Anfu county and all residents are his descendants. see. Liu Anshi's documentation in Yang Wanli, WJ, 118.1a-1b; Wang Tinggui, 45.1a."
12195,歐陽景達,Ouyang Jingda,412,0,0,0,歐陽,景達,32,69,15976,0,0,"Ouyang(1) Jingda [12195] See documentation for ancestor, Jian [12193]."
12196,歐陽僧寶,Ouyang Sengbao,442,0,0,0,歐陽,僧寶,44,69,15976,0,0,"Ouyang(1) Sengbao [12196] See documentation for ancestor, Jian [12193]."
12197,歐陽頠,Ouyang Wei,472,0,0,0,歐陽,頠,24,69,15976,0,0,"Ouyang(1) Wei [12197] He established his family branch of the lineage (qijia) by rising to high office. He ended his career as prefect of Guangzhou (Guangdong), which passed by hereditary succession to his son, He [12198], when he died. See documentation for ancestor, Jian [12193], and the Ouyang genealogies."
12198,歐陽紇,Ouyang He,527,0,0,0,歐陽,紇,24,69,15976,0,0,"Ouyang(1) He [12198] See documentation for father, Wei [12197]."
12199,歐陽通,Ouyang Tong,587,,,0,歐陽,通,6,69,15976,0,0,"Ouyang(1) Tong [12199] See documentation for ancestor, Jian [12193]. Tong was a Zaixiang under Wu(6) Zetian [24637]."
12253,蕭道成,Xiao Daocheng,419,0,482,0,蕭,道成,32,71,15742,0,0,"Xiao(1) Daocheng [12253] Founder of the Southern Qi dynasty. See documentation for ancestor, Bao [12248]."
12254,蕭衍,Xiao Yan,486,0,549,0,蕭,衍,44,71,15742,0,0,"Xiao(1) Yan [12254] Founder of the Liang dynasty. See documentation for ancestor, Bao [12248]."
12255,蕭統,Xiao Tong,501,501,531,0,蕭,統,44,71,15371,0,0,"Xiao(1) Tong [12255] Eldest son of the founder of the Liang dynasty and elder brother of the second emperor. See documentation for ancestor, Bao [12248]. See also Giles, pp. 283-4."
12256,蕭詧(西梁宣帝),Xiao Cha (Emperor Xuan of Western Liang),519,519,562,0,蕭,詧(西梁宣帝),68,70,15446,0,0,"Xiao(1) Cha [12256] Cha = Morohashi, #35425. Founder of the Minor Liang, granted when the Western Wei took Jianling from the Liang. Cha was miffed since as eldest surviving son of the eldest son of the founder of Liang, he expected to the next emperor, but was passed over for his uncle, Gang (not in dataset). See Giles, p. 278. Zhou Shu, 48.855-862.
蕭詧所建立之梁一般稱“後梁”或“西梁”"
12257,蕭巋,Xiao Kui,542,542,585,0,蕭,巋,37,71,15446,0,0,"Xiao(1) Kui(2) [12257] Second ruler of the Minor Liang, he was also the author of commentaries on the Xiao Jing and the Yi Jing as well as a work on Buddhism. See Giles, p. 281. Zhou Shu, 48.863-865. Sui Shu, 79.1791-1783."
12258,蕭琮,Xiao Cong,572,0,0,0,蕭,琮,37,71,14493,0,0,"Xiao(1) Cong [12258] He submitted to Sui in 587 and thereby became the last ruler of the Minor Liang dynasty. Zhou Shu, 48.866. Sui Shu, 79.1793-94."
12259,蕭瑀,Xiao Yu,574,574,647,0,蕭,瑀,6,71,14493,0,0,"Xiao(1) Yu [12259] Zaixiang under Tang Gaozu. Renming Da cidian, p. 1655. See also documentation for ancestor, Bao [12248]. JTS, 63.2398-2404. QTW, 133.9b. Literary fragments preserved in QTW. 《唐代人物知識ベース》記其生卒年為：574 - 647."
12365,楊鈞,Yang Jun,464,0,0,0,楊,鈞,30,36,15316,0,0,"Yang(2) Jun [12365] The primary ancestor of branch (b) or the Yuegong branch (fang) of the Zhongshan Yang. His sons Xuan(2) (#1) [12366], Jian [12367] (#3) and Kuan [22509] (#4) appear to have created three subbranches. Xuan(2)'s descendants included three Tang zaixiang. According to SS, 307.13b, the descendants of Jian and Kuan became three new branches (fang [ward, which may refer to three wards of Changan]. Jian's #3 son, Wensheng [22557] (there is a gap in XTS, 71B.45a for the generation of his great grandson, was the 8th generation ancestor of Rushi [22559] and his younger brothers, who became known as the Jinggong fang and were the ancestors of lineage 490, which moved to Hanzhou, Mianzhu county, and 496, which moved to Hangzhou. Jian's #4 son, Wenwei [22571], was the 7th generation ancestor of Ping [22572], Jingzhao yin XTS, 71B.48b) and founder of the Ludao fang. Kuan was the ancestor of Yuling [22436], who, in turn, was the founder of the Xinchang fang and ancestor of a branch that moved to Luoyang (see Yang(2) Xie [2003]) and which was important in Song. I will follow the Song Shi and begin the Jinggong fang with Rushi and his brothers, Yuqing [22560 and Hangong [22565]; the Xinchang fang with Yuling and the Ludao fang with Ping. See XTS, 71B.43a and Renming Da cidian, p. 1277."
12366,楊暄,Yang Xuan,501,0,0,0,楊,暄,40,36,14493,0,0,"Yang(2) Xuan(2) [12366] The #1 son of Jun [12365], who served in the administration of the Western Wei with its capital at Changan (as did Jun's younger brother Jian [12367]). Xuan(2)'s descendants include Hongwu [22493], a zaixiang of Tang Gaozong, Shou [22497], who was a zaixiang of Tang Yizong, and She(2) [22499], who was a zaixiang of Tang Zhaozong. XTS, 71B.43a-44b."
12367,楊儉,Yang Jian,494,0,0,0,楊,儉,40,36,14493,0,0,"Yang(2) Jian [12367] The second son of Jun [12365]. He served in the administration of the Western Wei. His first three sons did not hold office and may have died young. The fourth son, Wenen's (not in dataset) only son Anren's (not in dataset) (ancestor of the Mianzhu Yang(2)) and fifth son, Wenwei [22571], had many descendants. Anren's descendants included Hubu shangshu and other high central governmental officials, but no zaixiang. Jun's third son, Kuan's [22509] descendants included a zaixiang of Tang Wuzong. XTS, 71B."
12369,張君政,Zhang Junzheng,568,0,0,0,張,君政,5,72,16411,0,0,"Zhang(1) Junzheng [12369] Founded the Shixing Zhang when he held office in Shaozhou and established his residence there. XTS, 72C.3b."
12398,張始均,Zhang Shijun,527,0,0,0,張,始均,30,4,15237,0,0,"Zhang(1) Shijun [12398] See documentation for father, Yi(4) [12397]."
12403,張晏之,Zhang Yanzhi,557,0,0,0,張,晏之,35,4,15237,0,0,"Zhang(1) Yanzhi(2) [12403] See documentation for grandfather, Yi(4) [12398]."
12404,張虔威,Zhang Qianwei,587,0,0,0,張,虔威,5,4,15237,0,0,"Zhang(1) Qianwei [12404] See documentation for great grandfather, Yi(4) [12397]."
12405,張虔雄,Zhang Qianxiong,587,0,0,0,張,虔雄,5,4,15192,0,0,"Zhang(1) Qianxiong [12405] See documentation for great grandfather, Yi(4) [12397]."
12406,張文瓘,Zhang Wenguan,574,0,0,0,張,文瓘,5,4,15767,0,0,"Zhang(1) Wenguan [12406] See XTS, 71C.17a."
12828,陳霸先,Chen Baxian,503,503,559,0,陳,霸先,24,24,16114,0,0,"Chen(1) Baxian [12828] Founder of the Chen dynasty as Chen Wudi. Renming Da cidian, p. 1077. See also ancestor Zhen(7)'s [12821] documentation. Giles, p. 96."
12838,敬顯雋,Jing Xianjun,521,0,0,0,敬,顯雋,35,41,15003,0,0,"Jing(5) Xianjun [12838] Renming Da cidian, p. 1255. See also documentation for ancestor, Jiao [12835]."
12839,敬德亮,Jing Deliang,581,0,0,0,敬,德亮,5,41,15003,0,0,"Jing(5) Deliang [12839] See documentation for ancestor, Jiao [12835]."
12840,敬法筵,Jing Fayan,551,0,0,0,敬,法筵,35,41,15003,0,0,"Jing(5) Fayan [12840] See documentation for ancestor, Jiao [12835]."
12841,敬法明,Jing Faming,523,0,0,0,敬,法明,35,41,15003,0,0,"Jing(5) Faming [12841] See documentation for ancestor, Jiao [12835]."
13059,李淵(唐高祖),Li Yuan (Emperor Gaozu of Tang),566,566,635,0,李,淵(唐高祖),6,15,14493,469,0,舊唐書高祖紀
13060,李世民(唐太宗),Li Shimin (Emperor Taizong of Tang),598,598,649,0,李,世民(唐太宗),6,15,14493,0,0,舊唐書太宗紀
13751,張公謹,Zhang Gongjin,585,0,0,0,張,公謹,6,75,15192,0,0,"Zhang(1) Gongjin [13751] Renming Da cidian, p. 924 and descendant Fu(2)'s [218] SS biography have 'jin' with radical 149 as does descendant Lun's [259] funerary inscription by Fan(2) Zhongyan [8043], whereas XTS, 72C.20a has it with the jade radical. Since dates and offices are the same, these entries refer to the same man, who is the first ancestor of the Weijun Zhang. Gongjins third son, Daan [13752], was a zaixiang of Tang Gaozong. Seealso documentation for descendant, Wangong [34944]. Genealogy in XTS, 72C.20a-20b. JTS, 68.2506-7."
15607,魏釗,Wei Zhao,490,0,0,0,魏,釗,41,85,15188,0,0,"Wei(5) Zhao [15607] Renming Da cidian, p. 1739. See other documentation for other kin."
15608,魏彥,Wei Yan,520,0,0,0,魏,彥,41,85,15188,0,0,"Wei(5) Yan(2) [15608] Renming Da cidian, p. 1737 and documentation for other kin."
15609,魏長賢,Wei Changxian,550,0,0,0,魏,長賢,35,85,14961,0,0,"Wei(5) Changxian [15609] Zhou Jiayou, 4.498; XTS, 72B.24b."
15610,魏徵,Wei Zheng,580,580,643,0,魏,徵,6,85,14493,0,0,"Wei(5) Zheng [15610] Renming Da cidian, p. 1742; Giles, pp. 856-7. JTS, 71.2545-2562. QTW, 139.1a. XTS, 72B.24a-24b. Zaixiang of Taizong. Literary fragments in QTW."
15623,汪僧,Wang Seng,496,0,0,0,汪,僧,44,62,15964,0,0,"Wang(1) Seng [15623] See documentation for great grandson, Hua [15627]."
15624,汪勳,Wang Xun,526,0,0,0,汪,勳,24,62,15964,0,0,"Wang(1) Xun [15624] See documentation for grandson, Hua [15627]."
15625,汪泰,Wang Tai,556,0,0,0,汪,泰,5,62,15964,0,0,"Wang(1) Tai [15625] See documentation for son, Hua [15627]."
15626,汪寶歡,Wang Baohuan,556,0,0,0,汪,寶歡,5,62,15964,0,0,"Wang(1) Baohuan [15626] See documentation for nephew, Hua [15627]."
15627,汪華,Wang Hua,586,586,649,0,汪,華,6,62,15968,0,0,"Wang(1) Hua [15627] He was orphaned when young and traveled to Kuaiji where his uncle was a general serving Sui and learned military skills. After he returned to Huizhou, he raised a milita and cleared Wuyuan county of bandits during the troubles that marked the last years of Sui. He rose to high office in Tang and died and was buried in Changan, but his sons and grandsons moved the body to Xixian. Huizhou FZ, 7.2a-2b."
16433,狄孝緒,Di Xiaoxu,570,0,0,0,狄,孝緒,6,43,15054,0,0,"Di(1) Xiaoxu [16433] See documentation for grandsojn, Renjie [3840]."
17121,慕容雋,Murong Jun,319,319,360,0,慕容,雋,39,80,15419,0,0,"Murong(1) Jun [17121] He succeeded his father as prince of Yan in 348 and in 352 declared himself emperor, change the nianhao, canonized his ancestors and moved his capital to Yan, thereby formally creating the Former Yan dynasty. Giles, pp. 592-3."
17122,慕容德,Murong De,336,336,405,0,慕容,德,50,80,14908,0,0,"Murong(1) De [17122] He served in the administrations of his elder brothers, Jun [17121] and Hui [17119] (326-396), 1st and 2nd rulers of the Former Yan dynasty, but in 400, he declared himself ruler of the Southern Yan. Giles, 592-3."
17127,房翼,Fang Yi,488,0,0,0,房,翼,30,4,14908,0,0,"Fang(2) Yi [17127] See documentation for ancestor, Ya [17117]."
17128,房熊,Fang Xiong,518,0,0,0,房,熊,35,4,14908,0,0,"Fang(2) Xiong [17128] See documentation for ancestor, Ya [17117], and son, Yanqian [17129]."
17129,房彥謙,Fang Yanqian,548,0,0,0,房,彥謙,35,4,14908,0,0,"Fang(2) Yanqian [17129] See genealogies cited under Fang(2) Ya [17117]. Reanming Da cidian, p. 568. He served in the administration of the Northern Qi. After the dynasty fell, he went into retirement, but later served under Sui."
17130,房玄齡,Fang Xuanling,578,578,648,0,房,玄齡,6,4,14908,0,0,"Fang(2) Xuanling [17130] Giles, p. 221; Renming Da zidian, 567. He was Taizong's zaixiang for a period of 15 years."
17133,房謨,Fang Mu,527,0,0,0,房,謨,35,48,14694,0,0,"Fang(2) Mu [17133] XTS, 71B.56b."
17134,房恭懿,Fang Gongyi,557,0,0,0,房,恭懿,5,48,14694,0,0,"Fang(2) Gongyi [17134] XTS, 71B.56b."
17135,房彥雲,Fang Yanyun,587,0,0,0,房,彥雲,6,48,14694,0,0,"Fang(2) Yanyun [17135] XTS, 71B.56b. Han Yu, WJ (1967), p. 242."
17866,唐永,Tang Yong,510,0,0,0,唐,永,31,93,14964,0,0,"Tang(2) Yong [17866] Made Beidi taishou under Northern Wei in ca. 520, but still in office under Northern Zhou. Genealogical tables differ as to whether he was grandson or great grandson of Chuai [17865]. Great grandson seems more logical. Renming Da cidian, p. 735."
17867,唐瑾,Tang Jin,540,0,0,0,唐,瑾,31,93,14964,0,0,"Tang(2) Jin [17867] Helped in the pacification of Jiangling, migration goal of family of descendant, Wei [3832]. Renming Da cidian, p. 741. Zhou Shu, 32.564-5. XTS, 74B.31a."
17868,唐臨,Tang Lin,600,600,659,0,唐,臨,6,93,14493,0,0,"Tang(2) Lin(2) [17868] According to Liu(2) Zhi [8089], during the Taibao period, the lineage dispersed and the genealogy has a gap. However, lineage descendant, Xiong [3823], moved from the same ancestral home, as Lin(2)'s ancestors, although Lin(2) moved to Changan. Renming Da cidian, p. 742. I am going to make Xiong, Lineage kin +gen. XTS, 113.1a-2a. JTS, 85.2811-13."
18633,許懋,Xu Mao,502,0,0,0,許,懋,44,66,15773,0,0,"Xu(4) Mao(2) [18633] See documentation for ancestor, Yun [18628]. Renming Da cidian, p. 1040."
18634,許亨,Xu Heng,532,0,0,0,許,亨,24,66,15773,0,0,"Xu(4) Heng(2) [18634] See documentation for ancestor, Yun [18628]. His wife, n Fan(2), became a lady-in-waiting for the empress of Sui Wendi. Renming Da cidian, pp. 1030, 1036."
18635,許善心,Xu Shanxin,562,0,0,0,許,善心,5,66,15773,0,0,"Xu(4) Shanxin [18635] See documentation for ancestor, Yun [18628]. Renming Da cidian, pp. 1035-6."
18636,許敬宗,Xu Jingzong,592,592,672,0,許,敬宗,6,66,14493,0,0,"Xu(4) Jingzong [18636] A zaixiang under Tang Gaozong. See documentation for ancestor, Yun [18628]. Renming Da cidian, p. 1037. JTS, 82.2761-2765. Literary fragments in QTW. 《唐代人物知識ベース》記其生卒年為：592 - 672."
18764,薛瑚,Xue Hu,416,0,0,0,薛,瑚,30,98,15008,0,0,"Xue(1) Hu [18764] XTS, 73B.26b. His original name was Hu and his Turkish mingzi, Pohu, is treated as a zi in the XTS genealogy. He was appointed Hedong taishou, probably inheriting his elder brother's position. Renming Da cidian, p. 1667. See also documentation for ancestor, Guangde [18740]."
18765,薛聰,Xue Cong,446,0,0,0,薛,聰,30,98,15008,0,0,"Xue(1) Cong [18765] Renming Da cidian, p. 1672. See also documentation for ancestor, Guangde [18740]."
18766,薛孝通,Xue Xiaotong,476,0,539,0,薛,孝通,41,98,15008,0,0,"Xue(1) Xiaotong [18766] Renming Da cidian, p. 1665. See also documentation for ancestor, Guangde [18740]."
18767,薛道衡,Xue Daoheng,562,0,0,0,薛,道衡,5,98,15008,0,0,"Xue(1) Daoheng [18767] Renming Da cidian, p. 1670. See also documentation for ancestor, Guangde [18740]."
18768,薛收,Xue Shou,592,592,624,0,薛,收,6,98,15008,0,0,"Xue(1) Shou [18768] Assisted Gaozu in the founding of Tang. Renming Da cidian, pp. 1664-5. XTS, 73B.26b. JTS, 73.2587-89. 《唐代人物知識ベース》記其生卒年為：592 - 624."
19237,郭履球,Guo Luqiu,552,0,0,0,郭,履球,5,99,14525,0,0,"Guo(1) Luqiu [19237] See documentation for ancestor, Ting [19232]."
19238,郭昶,Guo Chang,582,0,0,0,郭,昶,5,99,14525,0,0,"Guo(1) Changsui [19238] See documentation for ancestor, Ting [19232]."
20209,劉環雋,Liu Huanjun,495,0,0,0,劉,環雋,35,48,14693,0,0,"Liu(2) Huanjun [20209] XTS, 71A.38b."
20210,劉仕雋,Liu Shijun,497,0,0,0,劉,仕雋,35,48,14693,0,0,"Liu(2) Shijun [20210] XTS, 71a.38b."
20211,劉坦,Liu Tan,527,0,0,0,劉,坦,5,48,14693,0,0,"Liu(2) Tan(2) [20211] XTS, 71A.38b."
20212,劉政會,Liu Zhenghui,557,0,0,0,劉,政會,6,48,14693,0,0,"Liu(2) Zhenghui [20212] XTS, 71A.38b. See also documentation for descendant, Ye [1251]."
20307,劉頤,Liu Yi,532,0,0,0,劉,頤,31,29,14518,0,0,"Liu(2) Yi(7) [20307] XTS, 71A.30a."
20310,劉昭,Liu Zhao,562,0,0,0,劉,昭,5,29,14518,0,0,"Liu(2) Zhao(3) [20310] XTS, 71A.30a."
20677,馬暹,Ma Xian,541,0,0,0,馬,暹,35,59,15227,0,0,"Ma(2) Xian [20677] Founder of the Shiping Ma(2). There is tenuous evidence (primarily Zhang Fangping's funerary inscription for Ma(2) Gao [20683]), at best, linking Xian to Hanjie [20676] and the earlier Fufeng Ma(2). XTS, 72C.22b."
20678,馬瑗,Ma Yuan,571,0,0,0,馬,瑗,5,59,15227,0,0,"Ma(2) Yuan(2) [20678] XTS, 72C.22b."
20874,楊初,Yang Chu,561,0,0,0,楊,初,6,9,14525,0,0,"Yang(2) Chu [20874] XTS, 71B.41a. See documentation for great grandson, Quying [31106]."
21298,陳文讚,Chen Wenzan,473,0,0,0,陳,文讚,44,24,15777,0,0,"Chen(1) Wenzan [21298] XTS, 71B.29a; Zhou Jiayou, 5.615."
21299,陳談先,Chen Tanxian,492,0,0,0,陳,談先,44,24,15777,0,0,"Chen(1) Tanxian [21299] XTS, 71B.29a."
21300,陳蒨,Chen Qian,522,522,566,0,陳,蒨,24,24,16114,0,0,"CHen(1) Qian(4) [21300] Second emperor of the Chen dynasty, canonized as Wendi. Giles, p. 89."
21301,陳伯宗,Chen Bozong,550,550,568,0,陳,伯宗,24,24,16114,0,0,"Chen(1) Bozong [21301] Third emperor of the Chen dynasty, later known as the Linhai wang. He was deposed by his uncle, Xu(2) [21302]. Giles, p. 99."
21302,陳頊,Chen Xu,531,531,582,0,陳,頊,24,24,16114,0,0,"Chen(1) Xu(2) [21302] Fourth emperor of the Chen dynasty, canonized as Xuandi. Giles, p. 93."
21303,陳叔寶,Chen Shubao,553,553,604,0,陳,叔寶,24,24,14493,0,0,"Chen(1) Shubao [21303] Fifth, and last, ruler of the Chen dynasty, later known as Houzhu, he was captured by the Sui armies in 589 and transpored to Changan. Giles, p. 101."
21304,陳伯信,Chen Boxin,552,0,0,0,陳,伯信,6,24,14493,0,0,"Chen(1) Boxin [21304] XTS, 71B.30a."
21305,陳法會,Chen Fahui,582,0,0,0,陳,法會,6,24,14494,0,0,"Chen(1) Fahui [21305] See documentation for descendants, Dayou(2) [21297] and Jiayan [21309]."
22057,王勣,Wang Ji,590,590,644,0,王,勣,5,20,15023,0,0,"Wang(2) Ji(12) [22057] According to funerary inscription for Song descendant, Wang(2) Shu(2) [1877], he was considered the founder of this lineage, but the genealogy has a big gap between him and Shu(2)'s great grandfather, Jie(4) [22058], who was apparently a common soldier. Giles, pp. 810-11. 《唐代人物知識ベース》記其生卒年為：590 - 644."
22264,韋瑱,Wei Zhen,483,0,0,0,韋,瑱,31,29,14493,0,0,"Wei(1) Zhen [22264] During the Northern Zhou, the Wei(1) divided into 9 (Zhang Fangping says 19 [see Wei Xiang(2)]) branches (fang). Zhen, known as the Pingqi gong, was the founder of the first, or Xijuan, branch of the Jingzhao Wei. XTS, 74A.1a-1b, 28a."
22466,李暠,Li Gao,351,351,417,0,李,暠,56,15,16695,0,0,"Li(2) Gao(5) [22466] An official of the Northern Liang. he founded the state of Xiliang (Western Liang), the weakest of the 16 kingdoms of the Jin dynasty period. As prefect of Dunhuang, in 400 A.D., he proclaimed himself Duke of Xiliang. The state was soon conquered by Northern Liang after Gao's death. See entry for Xiliang in Morihashi."
22467,李寶,Li Bao,411,0,0,0,李,寶,30,15,16695,0,0,"Li(2) Bao [22467] Renming Da cidian, p. 455."
22468,李冲,Li Chong,441,0,0,0,李,冲,30,15,16695,0,0,"Li(2) Chong(2) [22468] Renming Da cidian, p. 395."
22489,楊敷,Yang Fu,531,0,0,0,楊,敷,31,36,14493,0,0,"Yang(2) Fu(3) [22489] Active during the Northern Wei-Northern Zhou transition. Renming Da cidian, p. 1282."
22490,楊素,Yang Su,561,0,0,0,楊,素,5,36,14493,0,0,"Yang(2) Su(2) [22490] Active during the Northern Zhou-Sui transition. Renming Da cidian, p. 1272."
22491,楊約,Yang Yue,561,0,0,0,楊,約,5,36,14493,0,0,"Yang(2) Yue [22491] XTS, 71B.44a."
22557,楊文昇,Yang Wensheng,524,0,0,0,楊,文昇,5,36,14493,0,0,"Yang(2) Wensheng [22557] See documentation for grandfather, Yang(2) Jun [12365]."
22571,楊文偉,Yang Wenwei,524,0,0,0,楊,文偉,5,36,14493,0,0,"Yang(2) Wenwei [22571] XTS, 71B.48b."
22624,杜遜,Du Xun,539,0,0,0,杜,遜,6,147,14493,0,0,"Du(3) Xun [22624] XTS, 72A.7a-8b. See also documentation for descendant, Guangxin [22628]. Note that Xun's grandson,  Xingmin (not in dataset), and great grandson, Chongxian (not in dataset), both held posts in Chengdu."
22789,虞檢,Yu Jian,498,0,0,0,虞,檢,44,82,15796,0,0,"Yu(4) Jian [22789] Zhou Jiayou, 2.300."
22790,虞荔,Yu Li,528,0,0,0,虞,荔,24,82,15796,0,0,"Yu(4) Li [22790] Zhou Jiayou, 2.300; Renming Da cidian, p. 1321."
22791,虞寄,Yu Ji,528,0,0,0,虞,寄,24,82,15796,0,0,"Yu(4) Ji(4) [22791] Zhou Jiayou, 2.300."
22792,虞世基,Yu Shiji,558,0,0,0,虞,世基,5,82,15796,0,0,"Yu(4) Shiji [22792] Zhou Jiayou, 2.300; Renming Da cidian, p. 1320."
22793,虞世南,Yu Shinan,558,558,638,0,虞,世南,6,82,15796,0,0,"Yu(4) Shinan [22793] Zhou Jiayou, 2.300; Renming Da cidian, p. 1320. See also documentation for descendant, Yunwen [8170]. 《唐代人物知識ベース》記其生卒年為：558 - 638."
24408,李勣,Li Ji,587,0,0,0,李,勣,6,0,14783,0,0,"Li(2) Ji(7) [24408] His original surname was Xu(3) and he was a retainer of Li(2) Mi (582-618) [30886], both colleague and rival of the Tang founders. Ji(7) transferred his allegiance to Tang in 618 and was subsequently granted the imperial surname, Li(2), by Gaozu. He rose to Zaixiang (not in genealogical tables) and was involved in military expeditions against Korea. See also documentation for descendant, Li(2) Shangyin [24412]. Renming Da cidian, pp. 430-31. Literary fragments in QTW."
24632,武華,Wu Hua,564,0,0,0,武,華,5,20,15060,0,0,"Wu(6) Hua [24632] Wu(6) Zetian's [24637] grandfather. See XTS, 74A.37a-41b for Wu(6) genealogy."
24633,武士稜,Wu Shileng,566,0,0,0,武,士稜,6,20,15060,0,0,"Wu(6) Shileng [24633] Renming Da cidian, p. 592."
25793,王羲之,Wang Xizhi,321,321,379,0,王,羲之,27,39,15801,0,0,"Wang(2) Xizhi [25793] Yan lu, 3.4a-4b; Giles, pp. 821-2; Zhou Jiayou, 1.98. QTW, 397.21a-26a (funerary inscription drafted by descendant, Shiqian 師乾, which includes the names of some descendants whose addresses and dates are obscure)."
26931,姚宣業,Yao Xuanye,500,0,0,0,姚,宣業,51,117,14721,0,0,"Yao(1) Xuanye [26931] Founder of the Shanjun Yao(1). See documentation for descendant, Yuandao [26928]."
26932,姚安仁,Yao Anren,530,0,0,0,姚,安仁,5,117,14721,0,0,"Yao(1) Anren [26932] See documentation for descendant, Yuandao [26928]."
26933,姚祥,Yao Xiang,560,0,0,0,姚,祥,5,117,14721,0,0,"Yao(1) Xiang [26933] See documentation for descendant, Yuandao [26928]."
26934,姚懿,Yao Yi,590,590,662,0,姚,懿,6,117,14721,0,0,"Yao(1) Yi(2) [26934] See documentation for descendant, Yuandao [26928]. XTS, 71B.6b. QTW, 328.8a-11b."
28918,拓跋弘,Tuoba Hong,455,455,476,0,拓跋,弘,30,124,15082,0,0,"Tuoba(1) Hong [28918] Giles, p. 968."
28919,元宏延,Yuan Hongyan,436,0,499,0,元,宏延,30,124,14693,0,0,"Yuan(2) Hongyan [28919] Sixth emperor of the Northern Wei, who changed his surname to Yuan(2) and embarked on a Sinification campaign. See documentation for lineal descendant, Yuan(2) Haowen [10074]. Giles, p. 968."
30392,徐綜,Xu Zong,537,0,0,0,徐,綜,24,64,15777,0,0,"Xu(3) Zong(2) [30392] See documentation for great great grandson, Jian(2) [30388]."
30393,徐貴,Xu Gui,567,0,0,0,徐,貴,5,64,15777,0,0,"Xu(3) Gui [30393] See documentation for great grandson, Jian(2) [30388]."
30583,錢文彊,Qian Wenqiang,545,0,0,0,錢,文彊,24,0,15777,0,0,"Qian(1) Wenqiang [30583] See documentation for son, Jiulong [30584]."
30584,錢九龍,Qian Jiulong,575,0,638,0,錢,九龍,6,0,15777,0,0,"Qian(1) Jiulong [30584] JTS, 57.2299-2300: XTS, 88.11b."
30587,馮盎,Feng Ang,583,0,646,0,馮,盎,6,132,16434,0,0,"Feng(4) Ang [30587] JTS, 109.3287-88."
30589,范氏(許亨妻),Fan Shi (Wife of Xu Heng),535,0,0,1,范,氏(許亨妻),5,0,,0,0,"Fan(2) Junjun(2) [30589] RM, p. 1036."
30841,任昉,Ren Fang,460,460,508,0,任,昉,44,13,14913,0,0,"Ren(1) Fang [30841] Liang Shu, 14.251-258. Zhou Jiayou, 3.330-31. RM, p. 225."
30842,任遐,Ren Xia,428,0,0,0,任,遐,32,13,14913,0,0,"Ren(1) Xia [30842] Zhou Jiayou, 3.330-31."
30843,任遙,Ren Yao,430,0,0,0,任,遙,32,13,14913,0,0,"Ren(1) Yao [30843] Liang Shu, 14.251. Zhou Jiayou, 3.330."
30844,任東里,Ren Dongli,490,0,0,0,任,東里,44,13,14913,0,0,"Ren(1) Dongli [30844] Liang Shu, 14.258. Zhou Jiayou, 3.330."
30859,杜徽,Du Hui,525,0,0,0,杜,徽,5,29,14493,0,0,"Du(3) Hui(2) [30859] For genealogical data, see Zhou Jiayou, 3.336 and XTS, 72A.5b-6b. Also, JTS, 66.2468-70, 2470-72."
30860,杜吒,Du Zha,555,0,0,0,杜,吒,5,29,14493,0,0,"Du(3) Zha [30860] XTS, 72A.5b."
30861,杜淹,Du Yan,565,,628,0,杜,淹,6,29,14493,0,0,"Du(3) Yan(4) [30861] A zaixiang of Taizong. JTS, 66.2470-72. Literary fragments in QTW. 《唐代人物知識ベース》記其生卒年為：不明 - 628."
30864,杜如晦,Du Ruhui,585,585,630,0,杜,如晦,6,29,14493,0,0,"Du(3) Ruhui [30864] MS, 66.2468-70. Zaixiang of Taizong."
30881,王彥,Wang Yan,493,0,0,0,王,彥,30,20,15023,0,0,"Wang(2) Yan(19) [30881] See documentation for great grandson, Tong(2) [11965]."
30882,王傑,Wang Jie,523,0,0,0,王,傑,35,20,15023,0,0,"Wang(2) Jie(6) [30882] See documentation for grandson, Tong(2) [11865]."
30883,王隆,Wang Long,553,0,0,0,王,隆,5,20,15023,0,0,"Wang(2) Long [30883] See documentation for son, Tong(2) [11965]."
30886,李密,Li Mi,582,582,618,0,李,密,6,152,16699,0,0,"Li(2) Mi [30886] QTW, 131.1a-2a, 141.16a-20b. Literary fragments in QTW. 《唐代人物知識ベース》記其生卒年為：582 - 618."
30887,李寬,Li Kuan,552,0,0,0,李,寬,5,152,14493,0,0,"Li(2) Kuan(3) [30887] See documentation for son, Mi [30886]."
30888,李曜,Li Yao,519,0,0,0,李,曜,31,152,15440,0,0,"Li(2) Yao [30888] See documentation for grandson, Mi [30886]."
30889,李弼,Li Bi,489,489,552,0,李,弼,31,152,15440,0,0,"Li(2) Bi(3) [30889] XTS, 72A.72b. Zhou Shu, 15.239-241. See documentation for great grandson, Mi [30886]."
30907,司馬耽,Sima Dan,342,342,361,0,司馬,耽,27,8,15742,0,0,"Sima(1) Dan(2) [30907] Fifth emperor of the Eastern Jin. Giles, p. 672."
30908,司馬丕,Sima Pi,340,340,365,0,司馬,丕,27,8,15742,0,0,"Sima(1) Pi [30908] Sixth emperor of the Eastern Jin. Giles, p. 671."
30909,司馬奕,Sima Yi,342,342,386,0,司馬,奕,27,8,15742,0,0,"Sima(1) Yi(3) [30909] Seventh emperor of the Eastern Jin. Giles, p. 699."
30910,司馬昱,Sima Yu,320,320,372,0,司馬,昱,27,8,15742,0,0,"Sima(1) Yu(2) [30910] Eighth emperor of the Eastern Jin. Giles, p. 676."
30911,司馬曜,Sima Yao,362,362,396,0,司馬,曜,27,8,15742,0,0,"Sima(1) Yao [30911] Ninth emperor of the Eastern Jin. Giles, p. 674."
30912,司馬德,Sima De,382,382,418,0,司馬,德,27,8,15742,0,0,"Sima(1) De [30912] Tenth emperor of the Eastern Jin. Giles, p. 673."
30913,司馬德文,Sima Dewen,385,385,421,0,司馬,德文,27,8,15742,0,0,"Sima(1) Dewen [30913] Eleventh and last emperor of the Eastern Jin. Giles, pp. 673-4."
30919,褚秀之,Chu Xiuzhi,361,0,424,0,褚,秀之,28,48,15767,0,0,"Chu(2) Xiuzhi [30919] RM, p. 1544."
30920,褚粹之,Chu Cuizhi,388,0,0,0,褚,粹之,28,48,15767,0,0,"Chu(2) Cuizhi [30920] See documentation for lineage founder, Lao [30914]."
30921,褚陟之,Chu Zhizhi,388,0,0,0,褚,陟之,28,48,15767,0,0,"Chu(2) Zhizhi [30921] See documentation for lineage founder, Lao [322]."
30922,褚裕之,Chu Yuzhi,388,0,0,0,褚,裕之,28,48,15767,0,0,"Chu(2) Yuzhi [30922] See documentation for lineage founder, Lao [30914]."
30923,褚淡之,Chu Tanzhi,388,0,0,0,褚,淡之,28,48,15767,0,0,"Chu(2) Tanzhi [30923] RM, p. 1544."
30924,褚湛之,Chu Zhanzhi,405,0,0,0,褚,湛之,28,48,15767,0,0,"Chu(2) Zhanzhi [30924] RM, p. 1545."
30925,褚法顯,Chu Faxian,391,0,0,0,褚,法顯,28,48,15767,0,0,"Chu(2) Faxian [30925] Zhou Jiayou, 1.160."
30926,褚淵,Chu Yuan,435,435,482,0,褚,淵,32,48,15767,0,0,"Chu(2) Yuan [30926] CHECK funerary inscription cited in Lidai renwu nianli tongpu. RM, p. 1544. Giles, pp. 198-9."
30927,褚賁,Chu Fen,434,434,489,0,褚,賁,32,48,15767,0,0,"Chu(2) Fen [30927] CHECK biographical source cited in Lidai renwu nianli tongpu. RM, p. 1545."
30928,褚蓁,Chu Qin,465,0,0,0,褚,蓁,32,48,15767,0,0,"Chu(2) Qin [30928] RM, p. 1545."
30929,褚麡,Chu Qi,464,0,0,0,褚,麡,44,48,15767,0,0,"Chu(2) Qi [30929] Zhou Jiayou, 1.160."
30930,褚向,Chu Xiang,495,0,0,0,褚,向,44,48,15767,0,0,"Chu(2) Xiang [30930] RM, p. 1543."
30931,褚炤,Chu Zhao,421,0,0,0,褚,炤,32,48,15767,0,0,"Chu(2) Zhao [30931] RM, p. 1544."
30932,褚炫,Chu Xuan,421,0,0,0,褚,炫,32,48,15767,0,0,"Chu(2) Xuan [30932] RM, p. 1544."
30933,褚澐,Chu Yun,469,0,0,0,褚,澐,44,48,15767,0,0,"Chu(2) Yun [30933] RM, p. 1545."
30934,褚蒙,Chu Meng,499,0,0,0,褚,蒙,24,48,15767,0,0,"Chu(2) Meng [30934] Zhou Jiayou, 1.161."
30935,褚玠,Chu Jie,529,529,580,0,褚,玠,24,48,15767,0,0,"Chu(2) Jie [30935] CHECK biographical source cited in Lidai renwu nianli tongpu. RM, p. 1544."
30936,褚亮,Chu Liang,560,560,647,0,褚,亮,6,48,15767,0,0,"Chu(2) Liang [30936] CHECK biographical sources cited in Lidai renwu nianli tongpu. QTS, 147.1a. Literary fragments in QTW. 《唐代人物知識ベース》記其生卒年為：560 - 647."
30938,褚遂良,Chu Suiliang,596,596,658,0,褚,遂良,6,48,15767,0,0,"Chu(2) Suiliang [30938] JTS, 80.2729-2739. QTW, 149.1a. Literary fragments in QTW. 《唐代人物知識ベース》記其生卒年為：596 - 658."
30945,尉遲本貞,Yuchi Benzhen,495,0,0,0,尉遲,本貞,30,0,15112,0,0,"Yuchi(1) Benzhen [30945] See documentation for great grandson, Gong [30585]."
30946,尉遲益都,Yuchi Yidu,525,0,0,0,尉遲,益都,31,0,15112,0,0,"Yuchi(1) Yidu [30946] See documentation for grandson, Gong [30585]."
30947,尉遲伽,Yuchi Qie,555,0,0,0,尉遲,伽,6,0,15112,0,0,"Yuchi(1) Qie [30947] See documentation for son, Gong [30585]."
30951,楊烈,Yang Lie,447,0,0,0,楊,烈,30,9,15112,0,0,"Yang(2) Lie [30951] Zhou Jiayou, 5.724. XTS, 71B.35b."
30952,楊禎,Yang Zhen,477,0,0,0,楊,禎,41,9,15112,0,0,"Yang(2) Zhen(6) [30952] Zhou Jiayou, 5.724. XTS, 71B.35b."
30953,楊忠,Yang Zhong,507,507,568,0,楊,忠,31,9,14693,0,0,"Yang(2) Zhong [30953] Zhou Shu, 19.314-319."
30955,楊惠嘏,Yang Huigu,417,0,0,0,楊,惠嘏,30,9,15112,0,0,"Yang(2) Huigu [30955] Zhou Jiayou, 5.724. XTS, 71B.35b."
30956,楊堅,Yang Jian,540,540,605,0,楊,堅,5,9,14693,0,0,"Yang(2) Jian(8) [30956] Sui Wendi. Giles, pp. 898-9."
30957,楊廣(隋煬帝),Yang Guang,580,580,618,0,楊,廣(隋煬帝),5,9,14693,0,0,"Yang(2) Guang(2) [30957] Sui Tangdi. Giles, p. 907."
30959,豆盧萇,Doulu Chang,476,0,0,0,豆盧,萇,30,92,14693,0,0,"Doulu(1) Chang [30959] Zhou Jiayou, 4.514. XTS, 74B.9b."
30960,豆盧寧,Doulu Ning,506,0,0,0,豆盧,寧,31,92,14693,0,0,"Doulu(1) Ning [30960] Sui Shu, 39.1155."
30961,豆盧通,Doulu Tong,539,539,597,0,豆盧,通,5,92,14693,0,0,"Doulu(1) Tong [30961] Sui Shu, 39.1158-9."
30962,豆盧勣,Doulu Ji,536,536,590,0,豆盧,勣,5,92,14693,0,0,"Doulu(1) Ji [30962] Sui Shu, 39.1155-1157."
30963,豆盧賢,Doulu Xian,566,0,0,0,豆盧,賢,6,92,14693,0,0,"Doulu(1) Xian [30963] Sui Shu, 39.1157."
30964,豆盧毓,Doulu Yu,566,0,0,0,豆盧,毓,6,92,14693,0,0,"Doulu(1) Yu [30964] Sui Shu, 39.1157-8."
30965,豆盧寬,Doulu Kuan,582,582,650,0,豆盧,寬,6,92,14693,0,0,Doulu(1) Kuan [30965] CHECK funerary inscription cited in Lidai renwu nianli tongpu.
30968,姚菩,Yao Pu,473,0,0,0,姚,菩,44,24,15779,0,0,"Yao(1) Pu [30968] Zhou Jiayou, 3.343-4. XTS, 74B.5b-6a."
30969,姚僧坦,Yao Sengtan,503,0,0,0,姚,僧坦,24,24,15779,0,0,"Yao(1) Sengtan [30969] Zhou Jiayou, 3.343-4. XTS, 74B.5b-6a."
30970,姚察,Yao Cha,533,533,606,0,姚,察,5,24,14693,0,0,"Yao(1) Cha [30970] Chen Shu, 27.348-354. JTS, 73.2592."
30971,姚思廉,Yao Silian,556,556,636,0,姚,思廉,6,24,14491,0,0,"Yao(1) Silian [30971] JTS, 73.2592-2593."
30972,姚處年,Yao Chunian,586,0,0,0,姚,處年,6,24,14491,0,0,"Yao(1) Chunian [30972] JTS, 73.2593."
30994,韋峻,Wei Jun,513,0,0,0,韋,峻,5,29,14493,0,0,"Wei(1) Jun(3) [30994] See documentation for ancestor, Meng [22261]."
30998,韋逵,Wei Kui,412,0,0,0,韋,逵,50,29,14493,0,0,"Wei(1) Kui [30998] See documentation for ancestor, Meng [22261]."
31000,韋真善,Wei Zhenshan,442,0,0,0,韋,真善,30,29,14493,0,0,"Wei(1) Zhenjia [31000] XTS, 74A.12a. Zhou Shu, 31.535."
31001,韋旭,Wei Xu,472,0,0,0,韋,旭,30,29,14493,0,0,"Wei(1) Xu [31001] XTS, 74A.12a. Zhou Shu, 31.535."
31004,韋敬遠,Wei Jingyuan,502,502,578,0,韋,敬遠,31,29,14493,0,0,"Wei(1) Jingyuan [31004] (Used zi). Zhou Shu, 31.544-6."
31005,拓跋珪,Tuoba Gui,371,371,409,0,拓跋,珪,30,124,15082,0,0,"Tuoba(1) Gui [31005] Giles, p. 740."
31006,拓跋嗣,Tuoba Si,361,0,424,0,拓跋,嗣,30,124,15082,0,0,"Tuoba(1) Si [31006] Giles, p. 741."
31007,拓跋燾,Tuoba Dao,389,0,452,0,拓跋,燾,30,124,15082,0,0,"Tuoba(1) Dao [31007] Giles, p. 741."
31008,拓跋濬,Tuoba Jun,403,0,466,0,拓跋,濬,30,124,15082,0,0,"Tuoba(1) Jun [31008] Giles, p. 739."
31009,元恪,Yuan Ke,452,0,515,0,元,恪,30,124,14693,0,0,"Yuan(2) Ke [31009] Gile, p. 969."
31010,元翊,Yuan Yi,465,0,528,0,元,翊,30,124,14693,0,0,"Yuan(2) Yi(2) [31010] Giles, pp. 968-9."
31011,元子攸,Yuan Ziyou,467,0,530,0,元,子攸,30,124,14693,0,0,"Yuan(2) Ziyou [31011] Giles, p. 975."
31012,元修,Yuan Xiu,471,0,534,0,元,修,30,124,14693,0,0,"Yuan(2) Xiu(2) [31012] Giles, p. 967."
31013,元善見,Yuan Shanjian,524,524,551,0,元,善見,41,124,14748,0,0,"Yuan(2) Shanjian [31013] Giles, p. 971."
31014,元寶矩,Yuan Baoju,488,0,551,0,元,寶矩,40,124,14693,0,0,"Yuan(2) Baoju [31014] Giles, p. 970."
31015,韋孝寬,Wei Xiaokuan,509,509,580,0,韋,孝寬,31,29,14493,0,0,"Wei(1) Xiaokuan [31015] Zhou Shu, 31.535-544."
31016,韋世康,Wei Shikang,532,0,0,0,韋,世康,5,29,14493,0,0,"Wei(1) Shikang [31016] XTS, 74A.12a. Zhou Shu, 31.544."
31017,韋福,Wei Fu,562,0,0,0,韋,福,6,29,14493,0,0,"Wei(1) Fu [31017] XTS, 74A.12a."
31019,韋鴻冑,Wei Hongzhou,529,0,0,0,韋,鴻冑,31,29,14493,0,0,"Wei(1) Hongzhou [31019] XTS, 74A.5a-6b."
31020,韋邕,Wei Yong,499,0,0,0,韋,邕,30,29,14493,0,0,"Wei(1) Yong [31020] XTS, 74A.5a-6b."
31021,韋澄,Wei Cheng,559,0,0,0,韋,澄,6,29,14493,0,0,"Wei(1) Cheng [31021] XTS, 74A.5a-6b."
31022,韋淹,Wei Yan,566,0,0,0,韋,淹,6,29,14493,0,0,"Wei(1) Yan [31022] XTS, 74A.11a."
31027,韋約,Wei Yue,532,0,0,0,韋,約,6,29,14493,0,0,"Wei(1) Yue [31027] XTS, 74A.16a."
31029,韋冲,Wei Chong,532,0,0,0,韋,冲,6,29,14493,0,0,"Wei(1) Chong [31029] XTS, 74A.19a."
31033,韋總,Wei Zong,539,0,0,0,韋,總,5,29,14493,0,0,"Wei(1) Zong [31033] XTS, 74A.16b."
31034,韋匡伯,Wei Kuangbo,574,574,617,0,韋,匡伯,5,29,14493,0,0,"Wei(1) Kuangbo [31034] CHECK funerary inscription cited in Lidai renwu niali tongpu. XTS, 74A.15a."
31037,韋津,Wei Jin,539,0,0,0,韋,津,6,29,14493,0,0,"Wei(1) Jin [31037] XTS, 74A.18a-21a."
31039,韋琨,Wei Kun,569,0,0,0,韋,琨,6,29,14493,0,0,"Wei(1) Kun [31039] XTS, 74A.20b."
31040,韋璲,Wei Sui,569,0,0,0,韋,璲,6,29,14493,0,0,"Wei(1) Sui [31040] XTS, 74A.21b."
31041,韋瑜,Wei Yu,569,0,0,0,韋,瑜,6,29,14493,0,0,"Wei(1) Yu(2) [31041] XTS, 74A.21b."
31060,長孫稚,Zhangsun Zhi,459,0,0,0,長孫,稚,30,124,14693,0,0,"Changsun(1) Zhi [31060] Wei Shu, 25.647-649."
31061,長孫子裕,Zhangsun Ziyu,489,0,0,0,長孫,子裕,40,124,14693,0,0,"Changsun(1) Ziyu [31061] Wei Shu, 25.649."
31062,長孫紹遠,Zhangsun Shaoyuan,511,0,0,0,長孫,紹遠,31,124,14693,0,0,"Changsun(1) Shaoyuan [31062] Zhou Shu, 26.429-431."
31063,長孫兕,Zhangsun Si,519,0,0,0,長孫,兕,31,124,14693,0,0,"Changsun(1) Si [31063] Zhou Shu, 28.431-432."
31064,長孫熾,Zhangsun Chi,549,549,610,0,長孫,熾,5,124,14693,0,0,"Changsun(1) Zhi(2) [31064] Sui Shu, 51.1328-9."
31065,長孫晟,Zhangsun Sheng,552,552,609,0,長孫,晟,5,124,14693,469,0,"Changsun(1) Sheng [31065] Sui Shu, 51.1329-1336."
31069,長孫淇,Zhangsun Qi,571,0,0,0,長孫,淇,6,124,14693,0,0,"Changsun(1) Qi [31069] XTS, 72A.1b."
31070,長孫覽,Zhangsun Lan,541,0,0,0,長孫,覽,5,124,14693,0,0,"Changsun(1) Lan [31070] Sui Shu, 51.1327-8."
31071,長孫操,Zhangsun Cao,571,0,0,0,長孫,操,6,124,14693,0,0,"Changsun(1) Cao [31071] XTS, 72A.2a."
31078,韋弘瑗,Wei Hongyuan,550,0,0,0,韋,弘瑗,6,29,14793,0,0,"Wei(1) Hongyuan [31078] XTS, 74A.26b."
31079,韋德倫,Wei Delun,580,0,0,0,韋,德倫,6,29,14793,0,0,"Wei(1) Delun [31079] XTS, 74A.26b."
31093,唐和,Tang He,402,402,468,0,唐,和,30,45,16756,0,0,"Tang(2) He [31093] XTS. 74B.29b. Wei Shu, 43.962-963. Died in 467-470 at age 67. Date of death estimated as 468."
31094,唐欽,Tang Qin,433,0,496,0,唐,欽,30,45,16756,0,0,"Tang(2) Qin [31094] Wei Shu, 43.963."
31095,唐歡,Tang Huan,463,0,0,0,唐,歡,30,45,16756,0,0,"Tang(2) Huan(2) [31095] XTS, 74B.29b."
31096,唐二政,Tang Erzheng,475,0,0,0,唐,二政,31,45,16756,0,0,"Tang(2) Erzheng [31096] XTS, 74B.29b."
31097,唐規,Tang Gui,505,0,0,0,唐,規,5,45,16756,0,0,"Tang(2) Gui(2) [31097] JTS, 93.2978."
31098,唐宗,Tang Zong,567,0,0,0,唐,宗,5,45,16756,0,0,"Tang(2) Zong [31098] JTS, 93.2978."
31111,楊德裔,Yang Deyi,600,600,684,0,楊,德裔,6,9,14525,0,0,"Yang(2) Deyi [31111] QTW, 195.14b-17a."
31117,李歆,Li Xin,357,0,420,0,李,歆,56,15,16695,0,0,"Li(2) Xin(4) [31117] Giles, p. 435. Zhou Jiayou, 4.441. XTS, 70A.3a-3b."
31118,李重耳,Li Chonger,387,,,0,李,重耳,30,15,16695,0,0,"Li(2) Chonger [31118] Zhou Jiayou, 4.431. XTS, 70A.3a-3b. Death year estimated by Tackett (cc490)"
31119,李熙,Li Xi,417,0,0,0,李,熙,30,15,16695,0,0,"Li(2) Xi(3) [31119] XTS, 70A.3a-3b."
31120,李天賜,Li Tianci,476,0,0,0,李,天賜,40,15,16695,0,0,"Li(2) Tianci [31120] XTS, 70A.3a-3b."
31121,李虎,Li Hu,506,0,0,0,李,虎,4,15,16695,1,0,"Li(2) Hu(6) [31121] Tang Taizu. XTS, 70A.4b-5a."
31122,李昺,Li Bing,536,0,0,0,李,昺,5,15,16695,0,0,"Li(2) Bing(5) [31122] XTS, 70A.33b."
31124,李琰之,Li Yanzhi,441,0,0,0,李,琰之,30,15,16737,0,0,"Li(2) Yanzhi(2) [31124] XTS, 72A.13b."
31125,李剛,Li Gang,508,0,0,0,李,剛,31,15,16737,0,0,"Li(2) Gang(3) [31125] XTS, 72A.13b."
31126,李充節,Li Chongjie,556,0,0,0,李,充節,5,15,14510,0,0,"Li(2) Congjie [31126] XTS, 72A.14a."
31127,李充信,Li Chongxin,538,0,0,0,李,充信,5,15,14510,0,0,"Li(2) Chongxin [31127] XTS, 72A.14a."
31129,李充穎,Li Chongying,538,0,0,0,李,充穎,5,15,16737,0,0,"Li(2) Chongying [31129] XTS, 72A.14a. See also documentation for granddaughter, Li(2) Junfuren [31128]."
31131,李玄明,Li Xuanming,572,0,0,0,李,玄明,6,15,16737,0,0,"Li(2) Xuanming [31131] XTS, 72A.14a. See also documentation for daughter, Junfuren [31128]."
31134,朱敞,Zhu Chang,560,0,0,0,朱,敞,5,0,14693,0,0,"Zhu(1) Chang(2) [31134] See documentation for granddaughter, Er [31133]."
31136,梁禦,Liang Yu,505,0,568,0,梁,禦,35,1,14559,0,0,"Liang(1) Yu(2) [31136] Zhou Shu, 17.275-280. Zhou Jiayou, 4.500."
31137,梁睿,Liang Rui,531,531,595,0,梁,睿,5,1,14559,0,0,"Liang(1) Rui [31137] Sui Shu, 37.1125-1128. Zhou Jiayou, 4.500."
31138,梁演,Liang Yan,561,0,0,0,梁,演,6,1,14559,0,0,"Liang(1) Yan [31138] See documentation for grandson, Daibin [31140]."
31142,梁洋,Liang Yang,561,0,0,0,梁,洋,6,1,14559,0,0,"Liang(1) Yang [31142] Zhou Jiayou, 4.500. Sui Shu, 37.1128."
31145,韋景略,Wei Jinglue,558,0,0,0,韋,景略,31,29,14493,0,0,Wei(1) Jinglue [31145] XTS. 74A.21b-22a.
31146,韋瓚,Wei Zan,588,0,0,0,韋,瓚,5,29,14493,0,0,"Wei(1) Zan [31146] XTS, 74A.21b-22a."
31165,楊國,Yang Guo,439,0,0,0,楊,國,40,9,14525,0,0,"Yang(2) Guo(2) [31165] Zhou Shu, 29.500."
31166,楊紹,Yang Shao,499,0,562,0,楊,紹,31,9,14525,0,0,"Yang(2) Shao [31166] Zhou Shu, 29.500-501."
31167,楊士雄,Yang Shixiong,529,0,0,0,楊,士雄,5,9,14525,0,0,"Yang(2) Xiong [31167] Zhou Shu, 29.501."
31168,楊恭仁,Yang Gongren,576,0,639,0,楊,恭仁,6,9,14525,0,0,"Yang(2) Gongren(2) [31168] A Zaixiang of Gaozong. JTS, 62.2381-2382."
31169,楊綝,Yang Lin,559,0,0,0,楊,綝,6,9,14525,0,0,"Yang(2) Lin(5) [31169] XTS, 71B.37a."
31171,楊縯,Yang Yan,559,0,0,0,楊,縯,6,9,14525,0,0,"Yang(2) Yan(8) [31171] XTS, 71B.38a."
31175,楊師道,Yang Shidao,584,,647,0,楊,師道,6,9,14525,0,0,"Yang(2) Shidao [31175] Zaixiang under Taizong. JTS, 62.2383-4. XTS, 83.2a-2b. QTW, 156.23b. Literary fragments preserved in QTW. 《唐代人物知識ベース》記其生卒年為：不明 - 647."
31182,韋延賓,Wei Yanbin,510,0,0,0,韋,延賓,40,29,14493,0,0,"Wei(1) Yanbin [31182] XTS, 74A.23b."
31183,韋議,Wei Yi,540,0,0,0,韋,議,31,29,14493,0,0,"Wei(1) Yi(3) [31183] XTS, 74A.23b."
31184,韋仁,Wei Ren,570,0,0,0,韋,仁,5,29,14493,0,0,"Wei(1) Ren [31184] XTS, 74A.23b."
31208,楊士達,Yang Shida,529,0,0,0,楊,士達,5,9,14525,0,0,"Yang(2) Shida [31208] XTS, 71B.40a."
31209,楊緘,Yang Jian,580,0,0,0,楊,緘,6,9,14525,0,0,"Yang(2) Jian(9) [31209] XTS, 71B.40a."
31216,楊琛,Yang Chen,532,0,0,0,楊,琛,31,36,15010,0,0,"Yang(2) Chen(3) [31216] Sui Shu, 56.1393."
31217,楊汪,Yang Wang,562,0,0,0,楊,汪,6,36,15010,0,0,"Yang(2) Wang [31217] Sui Shu, 56.1393-1394."
31223,張長諧,Zhang Changxie,557,0,0,0,張,長諧,5,36,15318,0,0,"Zhang(1) Changxie [31223] XTS, 72C.19b."
31224,張行鈞,Zhang Xingjun,587,0,0,0,張,行鈞,6,36,15318,0,0,"Zhang(1) Xingjun [31224] XTS, 72C.19b."
31225,張行成,Zhang Xingcheng,587,587,653,0,張,行成,6,36,15318,0,0,"Zhang(1) Xingcheng(2) [31225] A Zaixiang of Taizong and Gaozong. JTS, 78.2703-2705. QTW, 156.22a. Literary fragments in QTW."
31236,韋師,Wei Shi,513,0,0,0,韋,師,6,29,14493,0,0,"Wei(1) Shi [31236] XTS, 74A.3a."
31237,韋弘敏,Wei Hongmin,573,0,0,0,韋,弘敏,6,29,14493,0,0,"Wei(1) Hongmin [31237] Zaixiang of Empress Wu. XTS, 74A.3a."
31238,韋真,Wei Zhen,557,0,0,0,韋,真,6,29,14493,0,0,"Wei(1) Zhen(2) [31238] XTS, 74A.1b."
31239,韋懷敬,Wei Huaijing,587,0,0,0,韋,懷敬,6,29,14493,0,0,"Wei(1) Huaijing [31239] XTS, 74A.1b. QTW, 204.4b. Literary fragments in QTW."
31260,慕容暐,Murong Wei,350,350,385,0,慕容,暐,39,80,15419,0,0,"Murong(1) Wei [31260] Giles, p. 593."
31262,慕容寶,Murong Bao,355,355,399,0,慕容,寶,63,80,15419,0,0,"Murong(1) Bao [31262] Giles, p. 591-2."
31263,慕容盛,Murong Sheng,372,372,401,0,慕容,盛,63,80,15419,0,0,"Murong(1) Sheng(2) [31263] Giles, p. 592."
31266,崔琨,Cui Kun,390,0,0,0,崔,琨,30,63,15285,0,0,"Cui(1) Kun [31266] Zhou Jiayou, 2.291. XTS, 72C.44b, 50a."
31267,崔鬱,Cui Yu,420,0,0,0,崔,鬱,30,63,15285,0,0,"Cui(1) Yu(3) [31267] Zhou Jiayou, 2.292. XTS, 72C.50a, 54a."
31268,崔挺,Cui Ting,450,0,0,0,崔,挺,30,63,15285,0,0,"Cui(1) Ting [31268] Zhou Jiayou, 2.292-3. XTS, 72C.54a."
31269,崔孝芬,Cui Xiaofen,480,0,0,0,崔,孝芬,30,63,15285,0,0,"Cui(1) Xiaofen [31269] Zhou Jiayou, 2.292-3. XTS, 72C.54a."
31270,崔宣度,Cui Xuandu,498,0,0,0,崔,宣度,5,63,15285,0,0,"Cui(1) Xuandu [31270] Zhou Jiayou, 2.293. XTS, 72C.55b."
31271,崔公業,Cui Gongye,528,0,0,0,崔,公業,5,63,15285,0,0,"Cui(1) Gongye [31271] XTS, 72C.55b."
31272,崔元植,Cui Yuanzhi,558,0,0,0,崔,元植,6,63,15285,0,0,"Cui(1) Yuanzhi [31272] XTS, 72C.55b."
31288,宋紀,Song Ji,479,0,0,0,宋,紀,35,53,15147,0,0,"Song(2) Ji(4) [31288] Wei Shu, 63.1416-7."
31290,宋欽道,Song Qindao,509,0,0,0,宋,欽道,35,53,15147,0,0,"Song(2) Qindao [31290] Wei Shu, 63.1417."
31291,宋元節,Song Yuanjie,539,0,0,0,宋,元節,5,53,15147,0,0,"Song(2) Yuanjie [31291] See documentation for great grandson, Jing(2) [31275]."
31308,李權,Li Quan,480,0,0,0,李,權,30,87,14493,0,0,"Li(2) Quan(5) [31308] XTS, 72A.22b."
31309,李崇義,Li Chongyi,510,0,0,0,李,崇義,31,87,14493,0,0,"Li(2) Chongyi [31309] XTS, 72A.22b."
31310,李詮,Li Quan,540,0,0,0,李,詮,5,87,14493,0,0,"Li(2) Quan(6) [31310] XTS, 72A.22b."
31311,李正明,Li Zhengming,570,0,0,0,李,正明,6,87,14493,0,0,"Li(2) Zhengming [31311] XTS, 72A.23b."
31312,李靖,Li Jing,570,570,649,0,李,靖,6,87,14498,0,0,"Li(2) Jing(7) [31312] JTS, 67.2475-2482. QTS, 152.12b-17a. 《唐代人物知識ベース》記其生卒年為：570 - 649."
31313,李客師,Li Keshi,579,579,668,0,李,客師,6,87,14493,0,0,"Li(2) Keshi [31313] JTS, 67.2482."
31319,韋兢,Wei Jing,589,0,0,0,韋,兢,6,29,14493,0,0,"Wei(1) Jing [31319] XTS, 74A.10a."
31331,陳方慶,Chen Fangqing,518,0,0,0,陳,方慶,24,45,16267,0,0,"Chen(1) Fangqing [31331] See documentation for great grandson, Si(2) [31325], great great grandson, Yuanjing [31323] and great great great grandson, Zi(2) [31324]."
31332,陳湯,Chen Tang,548,0,0,0,陳,湯,5,45,16267,0,0,"Chen(1) Tang(6) [31332] See documentation for grandson, Si(2) [31325], great grandson, Yuanjing [31323] and great great grandson, Zi(2) [31324]."
31333,陳迴,Chen Hui,578,0,0,0,陳,迴,6,45,16267,0,0,"Chen(1) Hui(5) [31333] See documentation for son, Si(2) [31325]."
31334,陳通,Chen Tong,566,0,0,0,陳,通,6,45,16267,0,0,"Chen(1) Tong(4) [31334] See documentation for grandson, Yuanjing [31323] and great grandson, Zi(2) [31324]."
31356,崔逵,Cui Kui,487,0,0,0,崔,逵,35,135,14916,0,0,"Cui(1) Kui [31356] XTS, 72C.27b."
31357,崔德仁,Cui Deren,517,0,0,0,崔,德仁,31,135,14916,0,0,"Cui(1) Deren [31357] XTS, 72C.27b."
31358,崔君實,Cui Junshi,547,,,0,崔,君實,6,135,14916,0,0,"Cui(1) Junshi [31358] XTS, 72C.27b."
31362,石虎,Shi Hu,300,0,363,0,石,虎,64,136,15209,0,0,"Shi(4) Hu [31362] Morihashi, Volume 4, p. 844. Giles, p. 550."
31363,石世,Shi Shi,300,0,363,0,石,世,64,136,15209,0,0,"Shi(4) Shi(3) [31363] Morihashi, Volume 4, p. 844."
31364,石遵,Shi Zun,300,0,363,0,石,遵,64,136,15209,0,0,"Shi(4) Zun(2) [31364] Morihashi, Volume 4, p. 844."
31366,石祇,Shi Zhi,302,0,365,0,石,祇,64,136,15209,0,0,"Shi(4) Zhi(2) [31366] Morihashi, Volume 4, p. 844."
31396,張俊,Zhang Jun,538,0,0,0,張,俊,35,6,14693,0,0,"Zhang(1) Jun(9) [31396] See documentation for son, I(15) [31397], grandson, Ke(6) [31398], and great grandson, Zhi(8) [31399]."
31397,張弋,Zhang Yi,568,0,0,0,張,弋,5,6,14693,0,0,"Zhang(1) Yi(15) [31397] QTW, 131.8b-9a."
31416,韋藝,Wei Yi,532,0,0,0,韋,藝,6,29,14493,0,0,"Wei(1) Yi(4) [31416] XTS, 74A.14a."
31417,韋晏,Wei Yan,546,0,0,0,韋,晏,6,29,14493,0,0,"Wei(1) Yan(2) [31417] XTS, 74A.14b."
31418,韋鼎,Wei Ding,576,0,0,0,韋,鼎,6,29,14493,0,0,"Wei Ding [31418] XTS, 72A.14b."
31422,元仁惠,Yuan Renhui,597,597,669,0,元,仁惠,6,124,14693,0,0,"Yuan(2) Renhui [31422] QTW, 132.14b-17a."
31423,元順,Yuan Shun,507,0,0,0,元,順,30,124,14693,0,0,"Yuan(2) Shun(2) [31423] See documentation forgreat grandson, Renhui [31422]."
31424,元雄,Yuan Xiong,537,0,0,0,元,雄,41,124,14693,0,0,"Yuan Xiong[31424] See documentation for grandson, Renhui [31422]."
31425,元冑,Yuan Zhou,567,0,0,0,元,冑,5,124,14693,0,0,"Yuan(2) Zhou [31425] See documentation for son, Renhui [31422]."
31431,張元悊,Zhang Yuanzhe,589,0,0,0,張,元悊,6,4,15371,0,0,"Zhang(1) Yuanzhe [31431] He served with Taizong and was granted the surname, Li(2). See documentation for granddaughter, Li(2) Junruren(2) [31429]."
31432,楊士貴,Yang Shigui,529,0,0,0,楊,士貴,5,9,14525,0,0,"Yang(2) Shigui [31432] XTS, 71B.39b. See also documentation for great grandson, Zhicheng [31433]."
31434,楊譽,Yang Yu,582,0,0,0,楊,譽,6,9,14525,0,0,"Yang(2) Yu(9) [31434] XTS, 71B.39b. See also documentation for grandson, Zhicheng [31433]."
31436,唐契,Tang Qi,402,0,0,0,唐,契,30,93,16756,0,0,"Tang(2) Qi [31436] Wei Shu, 43.962-3."
31437,唐純,Tang Chun,432,0,0,0,唐,純,30,93,16756,0,0,"Tang(2) Chun(2) [31437] XTS, 74B.27a."
31439,唐靈,Tang Ling,478,0,0,0,唐,靈,35,93,16756,0,0,"Tang(3) Ling [31439] XTS, 74B.27a."
31440,唐邕,Tang Yong,508,0,0,0,唐,邕,5,93,16756,0,0,"Tang(2) Yong(2) [31440] XTS, 74B.27a."
31444,梁遵,Liang Zun,558,0,0,0,梁,遵,31,1,14506,0,0,"Liang(1) Zun [31444] See documentation for great grandson, Si [31445]."
31446,梁殊,Liang Shu,588,0,0,0,梁,殊,5,1,14506,0,0,"Liang(1) Shu(4) [31446] See documentation for grandson, Si [31445]."
31450,席固,Xi Gu,504,504,564,0,席,固,31,0,15501,0,0,"Xi(3) Gu [31450] Zhou Shu, 44.798."
31451,席世雅,Xi Shiya,534,0,0,0,席,世雅,5,0,15501,0,0,"Xi(3) Shiya [31451] Zhou Shu, 44.799."
31452,席世英,Xi Shiying,534,0,0,0,席,世英,5,0,15501,0,0,"Xi(3) Shiying [31452] Zhou Shu, 44.799."
31455,姜真,Jiang Zhen,498,0,0,0,姜,真,40,43,16691,0,0,"Jiang(2) [31455] JTS, 59.2332-3."
31456,姜景,Jiang Jing,528,0,0,0,姜,景,5,43,16691,0,0,"Jiang(2) Jing [31456] JTS, 59.2332-3."
31457,姜謨,Jiang Mu,564,0,627,0,姜,謨,6,43,16691,0,0,"Jiang(2) Mu [31457] JTS, 59.2332-3. Mingzi: alternate version, 言 below 莫."
31458,姜行本,Jiang Xingben,588,0,0,0,姜,行本,6,43,16691,0,0,"Jiang(2) Xingben [31458] JTS, 59.2333-34."
31467,于洛拔,Yu Luoba,415,415,458,0,于,洛拔,30,29,15099,0,0,"Yu(5) Luoba [31467] Wei Shu, 31.737. XTS, 72C.60b-61a."
31468,于烈,Yu Lie,445,0,0,0,于,烈,30,29,14693,0,0,"Yu(5) Lie [31468] Wei Shu, 31.737-40. Wei Shu has detailed information his descendants, which is not included in the dataset."
31469,于天恩,Yu Tianen,445,0,0,0,于,天恩,30,29,14693,0,0,"Yu(5) Tianen [31469] XTS, 72C.60b-61a."
31470,于婆,Yu Po,475,0,0,0,于,婆,30,29,14693,0,0,"Yu(5) Po [31470] Zhou Shu, 15.243."
31471,于安定,Yu Anding,433,0,0,0,于,安定,30,29,14693,0,0,"Yu(5) Anding [31471] Zhou Shu, 15.243."
31472,于提,Yu Ti,463,0,0,0,于,提,30,29,14693,0,0,"Yu(5) Ti [31472] Zhou Shu, 15.243."
31473,于謹,Yu Jin,493,493,568,0,于,謹,40,29,14508,0,0,"Yu(5) Jin [31473] Zhou Shu, 15.243-250."
31474,于寔,Yu Shi,518,0,581,0,于,寔,5,29,14508,0,0,"Yu(5) Shi [31474] Zhou Shu, 15.250-51."
31475,于翼,Yu Yi,523,0,0,0,于,翼,5,29,14508,0,0,"Yu(5) Yi [31475] Zhou Shu, 15.251, 30.523-527."
31476,于義,Yu Yi,523,0,0,0,于,義,5,29,14508,0,0,"Yu(5) Yi(2) [31476] Zhou Shu, 15.251. Sui Shu, 39.1145-46."
31477,于宣道,Yu Xuandao,558,0,0,0,于,宣道,5,29,14508,0,0,"Yu(5) Xuandao [31477] Zhou Shu, 15.251. Sui Shu, 39.1146."
31478,于宣敏,Yu Xuanmin,553,0,0,0,于,宣敏,5,29,14508,0,0,"Yu(5) Xuanmin [31478] Zhou Shu, 15.251. Sui Shu, 39.1147-48."
31479,于禮,Yu Li,523,0,0,0,于,禮,5,29,14508,0,0,"Yu(5) Li [31479] Zhou Shu, 15.251."
31480,于智,Yu Zhi,523,0,0,0,于,智,5,29,14508,0,0,"Yu(5) Zhi [31480] Zhou Shu, 15.251-2."
31481,于紹,Yu Shao,523,0,0,0,于,紹,5,29,14508,0,0,"Yu(5) Shao [31481] Zhou Shu, 15.252."
31482,于弼,Yu Bi,523,0,0,0,于,弼,5,29,14508,0,0,"Yu(5) Bi [31482] Zhou Shu, 15.252."
31483,于蘭,Yu Lan,523,0,0,0,于,蘭,5,29,14508,0,0,"Yu(5) Lan [31483] Zhou Shu, 15.252."
31484,于曠,Yu Kuang,523,0,0,0,于,曠,5,29,14508,0,0,"Yu(5) Kuang [31484] Zhou Shu, 15.252."
31485,于志寧,Yu Zhining,588,588,665,0,于,志寧,6,29,14508,0,0,"Yu(5) Zhining [31485] Zaixiang of Gaozong. CHECK funerary inscription cited in Lidai renwu nianli tongpu (no author listed, but probably in QTW). JTS, 78.2693-2700. QTW, 144.1a. Literary fragments preserved in QTW. 《唐代人物知識ベース》記其生卒年為：588 - 665."
31487,于仲文,Yu Zhongwen,545,545,612,0,于,仲文,5,29,14508,0,0,"Yu(5) Zhongwen [31487] Sui Shu, 60.1450-1455. XTS, 72C.61a."
31488,于欽明,Yu Qinming,575,0,0,0,于,欽明,6,29,14508,0,0,"Yu(5) Qinming [31488] Sui Shu, 60.1455. XTS, 72C.61a."
31491,于汪,Yu Wang,586,0,0,0,于,汪,6,29,14508,0,0,"Yu(5) Wang [31491] XTS, 72C.65b."
31519,崔玄伯,Cui Xuanbo,355,0,418,0,崔,玄伯,30,135,15300,0,0,"Cui(1) Xuanbo [31519] Wei Shu, 24.610-623."
31527,盧諶,Lu Chen,284,284,350,0,盧,諶,27,6,15381,0,0,"Lu(1) Chen [31527] Jin Shu, 44.1259."
31530,盧玄,Lu Xuan,389,0,0,0,盧,玄,30,6,15381,0,0,"Lu(1) Xuan [31530] Wei Shu, 47.1045."
31531,盧度世,Lu Dushi,419,419,471,0,盧,度世,30,6,15381,0,0,"Lu(1) Dushi [31531] Wei Shu, 47.1045-46."
31532,盧淵,Lu Yuan,454,454,501,0,盧,淵,30,6,15381,0,0,"Lu(1) Yuan [31532] Listed in XTS, 73A.20a-20b by his infant mingzi (小名 = 陽烏). Wei Shu, 47.1047-50."
31533,盧道將,Lu Daojiang,484,0,0,0,盧,道將,41,6,15381,0,0,"Lu(1) Daojiang [31533] Wei Shu, 47.1050-51 (following CHECK for much more lineage data not included in dataset). XTS, 73A.20b."
31534,盧思道,Lu Sidao,514,0,0,0,盧,思道,5,6,15381,0,0,"Lu(1) Sidao [31534] JTS, 81.2748."
31535,盧赤松,Lu Chisong,565,0,0,0,盧,赤松,6,6,15381,0,0,"Lu(1) Chisong [31535] JTS, 81.2748."
31536,盧承慶,Lu Chengqing,595,595,670,0,盧,承慶,6,6,15381,0,0,"Lu(1) Chengqing [31536] Zaixiang of Gaozong. JTS, 81.2748-2749."
31543,盧道虔,Lu Daoqian,484,0,0,0,盧,道虔,31,6,15381,0,0,"Lu(1) Daoqian [31543] Wei Shu, 47.1051-52. XTS, 73A.28b."
31544,盧昌衡,Lu Changheng,534,534,605,0,盧,昌衡,5,6,15381,0,0,"Lu(1) Changheng [31544] Sui Shu, 57.1403-4."
31545,楊定,Yang Ding,469,0,0,0,楊,定,31,9,14525,0,0,"Yang(2) Ding [31545] XTS, 71B.36b."
31550,薛行,Xue Xing,589,0,0,0,薛,行,6,98,15008,0,0,"Xue(1) Xing(2) [31550] XTS, 73B.26b-27a."
31570,李慶業,Li Qingye,481,0,0,0,李,慶業,41,138,15294,0,0,"Li(2) Qingye [31570] XTS, 72A.45a."
31571,李希禮,Li Xili,511,0,0,0,李,希禮,5,138,15294,0,0,"Li(2) Xili [31571] XTS, 72A.49b."
31572,李孝基,Li Xiaoji,541,0,0,0,李,孝基,5,138,15294,0,0,"Li(2) Xiaoji(2) [31572] XTS, 72A.54b."
31573,李野工,Li Yegong,585,0,0,0,李,野工,6,138,15294,0,0,"Li(2) Yegong [31573] XTS, 72A.54b."
31585,孫蔚,Sun Wei,475,0,0,0,孫,蔚,30,139,15275,0,0,"Sun(1) Wei(2) [31585] XTS, 73B.3b."
31586,孫伯禮,Sun Boli,505,0,0,0,孫,伯禮,41,139,15275,0,0,"Sun(1) Boli [31586] XTS, 73B.4a."
31587,孫孝敏,Sun Xiaomin,535,0,0,0,孫,孝敏,5,139,15275,0,0,"Sun(1) Xiaomin [31587] XTS, 73B.4b."
31596,李摶,Li Tuan,539,0,0,0,李,摶,5,81,15289,0,0,"Li(2) Tuan [31596] XTS, 72A.70a."
31597,李惠明,Li Huiming,569,0,0,0,李,惠明,6,81,15289,0,0,"Li(2) Huiming [31597] XTS, 72A.70a."
31621,岑惠甫,Cen Huifu,438,0,0,0,岑,惠甫,44,16,15772,0,0,"Cen(1) Huifu [31621] Zhou Jiayou, 3.359-361."
31622,岑昶,Cen Chang,468,0,0,0,岑,昶,44,16,15772,0,0,"Cen(1) Chang [31622] Zhou Shu, 48.872."
31623,岑善方,Cen Shanfang,498,0,561,0,岑,善方,31,16,15772,0,0,"Cen(1) Shanfang [31623] Zhou Shu, 48.872-873."
31624,岑之元,Cen Zhiyuan,528,0,0,0,岑,之元,31,16,15772,0,0,"Cen(1) Zhiyuan [31624] Premature death. Zhou Shu, 48.872."
31625,岑之利,Cen Zhili,528,0,0,0,岑,之利,5,16,15772,0,0,"Cen(1) Zhili [31625] Zhou Shu, 48.872."
31626,岑之象,Cen Zhixiang,565,0,0,0,岑,之象,5,16,15772,0,0,"Cen(1) Zhixiang [31626] Zhou Shu, 48.872."
31628,岑文本,Cen Wenben,595,595,645,0,岑,文本,6,16,15772,0,0,"Cen(1) Wenben [31628] Zaixiang of Taizong. JTS, 70.2535-2539. 《唐代人物知識ベース》記其生卒年為：595 - 645."
31632,盧敏,Lu Min,449,0,0,0,盧,敏,30,6,15381,0,0,"Lu(1) Min(2) [31632] XTS, 73A.30b."
31633,盧昶,Lu Chang,449,0,0,0,盧,昶,30,6,15381,0,0,"Lu(1) Chang [31633] XTS, 73A.35a."
31634,盧元德,Lu Yuande,479,0,0,0,盧,元德,41,6,15381,0,0,"Lu(1) Yuande [31634] XTS, 73A.36a."
31635,盧士徹,Lu Shiche,513,0,0,0,盧,士徹,31,6,15381,0,0,"Lu(1) Shiche [31635] XTS, 73A.36a."
31636,盧仁師,Lu Renshi,543,0,0,0,盧,仁師,5,6,15381,0,0,"Lu(1) Renshi [31636] XTS, 73A.36a."
31641,苻洪,Fu Hong,284,284,350,0,苻,洪,65,0,15558,0,0,"Fu(4) Hong [31641] Giles, p. 234."
31642,苻健,Fu Jian,316,316,355,0,苻,健,65,0,15558,0,0,"Fu(4) Jian [31642] Giles, p. 230."
31644,苻生,Fu Sheng,334,334,357,0,苻,生,65,0,15558,0,0,"Fu(4) Sheng [31644] Giles, p. 239."
31645,苻堅,Fu Jian,337,337,384,0,苻,堅,65,0,15558,0,0,"Fu(4) Jian(2) [31645] Giles, 230-34."
31646,苻丕,Fu Pi,323,0,386,0,苻,丕,65,0,15558,0,0,"Fu(4) Pi [31646] Giles, p. 385."
31647,苻登,Fu Deng,344,344,395,0,苻,登,65,0,15558,0,0,"Fu(4) Deng [31647] Giles, p. 240."
31648,權文誕,Quan Wendan,585,0,0,0,權,文誕,6,43,16694,0,0,"Quan(2) Wendan [31648] XTS, 75B.8a."
31653,殷任,Yin Ren,445,0,0,0,殷,任,32,0,14810,0,0,"Yin(1) Ren [31653] Chen Shu, 32.423."
31654,殷高明,Yin Gaoming,475,0,0,0,殷,高明,44,0,14810,0,0,"Yin(1) Gaoming [31654] Chen Shu, 32.423."
31655,殷不害,Yin Buhai,505,505,589,0,殷,不害,24,0,14810,0,0,"Yin(1) Buhai [31655] Chen Shu, 32.423-425."
31656,殷僧首,Yin Sengshou,535,0,0,0,殷,僧首,5,0,14514,0,0,"Yin(1) Sengshou [31656] JTS, 58.2311-2312."
31657,殷嶠,Yin Qiao,556,0,619,0,殷,嶠,6,0,14514,0,0,"Yin(1) Qiao [31657] JTS, 58.2311-2312."
31658,殷不佞,Yin Buning,518,518,573,0,殷,不佞,24,0,14810,0,0,"Yin(1) Buning [31658] Chen Shu, 32.425-426."
31659,殷梵童,Yin Fantong,548,0,0,0,殷,梵童,5,0,14810,0,0,"Yin(1) Fantong [31659] According to JTS, 58.2311, the whole family moved to Hu Xian at the fall of the Chen dynasty."
31660,殷英童,Yin Yingtong,571,0,0,0,殷,英童,5,0,14514,0,0,"Yin(1) Yingtong [31660] According to both JTS, 58.2312 and XTS, 199.24a-24b, Yingtong was a nephew of Buhai [31655] and according to JTS, 58.2311, he must have moved to Hu Xian at end of Chen dynasty with the rest of the lineage. Generational name indicator would make him a son of Buning [31658]. Also, Bunings other brothers seemd to have died without heirs."
31678,齊虔,Qi Qian,581,0,0,0,齊,虔,6,66,15318,0,0,"Qi(2) Qian [31678] XTS, 75B.4a."
31692,唐弘,Tang Hong,570,0,0,0,唐,弘,6,93,14964,0,0,"Tang(2) Hong(2) [31692] XTS, 74B.31b."
31698,崔經,Cui Jing,422,0,0,0,崔,經,30,63,15285,0,0,"Cui(1) Jing(3) [31698] Zhou Jiayou, 2.291."
31699,崔辨,Cui Bian,452,0,0,0,崔,辨,30,63,15285,0,0,"Cui(1) Bian [31699] Zhou Jiayou, 2.291."
31700,崔楷,Cui Kai,482,0,0,0,崔,楷,30,63,15285,0,0,"Cui(1) Kai [31700] Zhou Jiayou, 2.291. XTS, 72B.50a-50b."
31701,崔說,Cui Yue,512,512,575,0,崔,說,31,63,15285,0,0,"Cui(1) Yue(3) [31701] His original mingzi, was Shiyue 士約, according to Zhou Jiayou, 2.292. JTS, 188.3927. Zhou Shu, 35/614."
31718,劉偉,Liu Wei,504,0,0,0,劉,偉,35,17,14816,0,0,"Liu(2) Wei(11) [31718] XTS, 71A.28b."
31719,劉琨,Liu Kun,534,0,0,0,劉,琨,35,17,14816,0,0,"Liu(2) Kun [31719] XTS, 71A.29a."
31720,劉務本,Liu Wuben,564,0,0,0,劉,務本,5,17,14816,0,0,"Liu(2) Wuben [31720] XTS, 71A.29a."
31729,盧元隆,Lu Yuanlong,479,0,0,0,盧,元隆,41,6,15381,0,0,"Lu(1) Yuanlong [31729] XTS, 73A.35b."
31730,盧士熙,Lu Shixi,509,0,0,0,盧,士熙,35,6,15381,0,0,"Lu(1) Shixi [31730] XTS, 73A.35b."
31731,盧悊,Lu Zhe,583,0,0,0,盧,悊,6,6,14785,0,0,"Lu(1) Zhe [31731] JTS, 98.3064."
31745,史憲,Shi Xian,281,281,352,0,史,憲,27,140,15955,0,0,"Shi(5) Xian(2) [31745] QTW, 276.3b-7b."
31760,柳縃,Liu Xu,459,0,0,0,柳,縃,28,34,14853,0,0,"Liu(3) Xu [31760] Zhou Shu, 22.369."
31761,柳僧習,Liu Sengxi,489,0,0,0,柳,僧習,30,34,15009,0,0,"Liu(3) Sengxi [31761] Zhou Shu, 22.369."
31762,柳慶,Liu Qing,519,519,568,0,柳,慶,31,34,15009,0,0,"Liu(3) Qing [31762] Zhou Shu, 22.369-373. XTS, 73A.2a-5a has the order of birth of the sons of Sengxi [31761], reversed."
31763,柳鷟,Liu Zhuo,493,0,0,0,柳,鷟,40,34,15009,0,0,"Liu(3) Zhuo [31763] Died young. Zhou Shu, 22.375."
31764,柳虯,Liu Jiu,519,0,0,0,柳,虯,40,34,15009,0,0,"Liu(3) Jiu [31764] Zhou Shu, 22.375."
31765,柳檜,Liu Gui,488,0,551,0,柳,檜,31,34,15009,0,0,"Liu(3) Gui(3) [31765] Zhou Shu, 46.827-28."
31766,柳帶韋,Liu Daiwei,523,523,577,0,柳,帶韋,31,34,15009,0,0,"Liu(3) Daiwei [31766] Zhou Shu, 22.375."
31767,柳祚,Liu Zuo,553,0,0,0,柳,祚,5,34,15009,0,0,"Liu(3) Zuo [31767] Zhou Shu, 22.375."
31768,柳斌,Liu Bin,518,0,0,0,柳,斌,31,34,15009,0,0,"Liu(3) Bin [31768] Premature death. Zhou Shu, 46.828."
31769,柳雄亮,Liu Xiongliang,518,0,0,0,柳,雄亮,31,34,15009,0,0,"Liu(3) Xiongliang [31769] Zhou Shu, 46.829."
31770,宇文泰,Yuwen Tai,506,506,557,0,宇文,泰,40,141,14493,0,0,"Yuwen(1) Tai [31770] Giles, p. 692."
31771,宇文覺,Yuwen Jue,542,542,557,0,宇文,覺,31,141,14493,0,0,"Yuwen(1) Jue [31771] Giles, pp. 960-1."
31772,宇文毓,Yuwen Yu,497,0,560,0,宇文,毓,31,141,14493,0,0,"Yuwen(1) Yu(2) [31772] Giles, p. 962."
31773,宇文邕(北周武帝),Yuwen Yong (Wu Emperor of Beizhou),542,542,578,0,宇文,邕(北周武帝),31,141,14493,0,0,"Yuwen(1) Yong [31773] Giles, p. 962-3."
31774,竇略,Dou Lue,479,0,0,0,竇,略,30,30,14693,0,0,"Dou(1) Lue [31774] XTS, 71B.7b."
31775,竇岳,Dou Yue,509,0,0,0,竇,岳,31,30,14693,0,0,"Dou(1) Yue(3) [31775] XTS, 71B.7b."
31776,竇善,Dou Shan,498,0,0,0,竇,善,31,30,14693,0,0,"Dou(1) Shan [31776] XTS, 71B.7b, 21b."
31777,竇毅,Dou Yi,539,0,0,0,竇,毅,31,30,14693,0,0,"Dou(1) Yi(2) [31777] XTS, 71B.7b, 76.2a-3a."
31778,竇榮定,Dou Rongding,528,0,0,0,竇,榮定,5,30,16093,0,0,"Dou(1) Rongding [31778] XTS, 71B.22a."
31779,竇抗,Dou Kang,558,0,621,0,竇,抗,6,30,14693,0,0,"Dou(1) Kang [31779] Zaixiang under Gaozu. JTS, 61.2368-69."
31780,竇誕,Dou Dan,588,0,0,0,竇,誕,6,30,400514,0,0,"Dou(1) Dan [31780] JTS, 61.2370."
31781,柳機,Liu Ji,549,0,0,0,柳,機,5,34,15009,0,0,"Liu(3) Ji [31781] Zhou Shu, 22.373."
31782,柳弘,Liu Hong,549,0,0,0,柳,弘,31,34,15009,0,0,"Liu(3) Hong [31782] Premature death. Zhou Shu, 22.373."
31783,柳旦,Liu Dan,549,0,0,0,柳,旦,5,34,15009,0,0,"Liu(3) Dan [31783] XTS, 73A.2b."
31784,柳燮,Liu Xie,579,0,0,0,柳,燮,6,34,15009,0,0,"Liu(3) Xie [31784] XTS, 73A.2b."
31785,柳則,Liu Ze,579,0,0,0,柳,則,5,34,15009,0,0,"Liu(3) Ze [31785] Died in Korea. JTS, 77.2681."
31786,柳綽,Liu Chuo,579,0,0,0,柳,綽,6,34,15009,0,0,"Liu(3) Chuo [31786] XTS, 73A.2b."
31787,柳楷,Liu Kai,579,0,0,0,柳,楷,6,34,15009,0,0,"Liu(3) Kai(2) [31787] XTS, 73A.3a."
31791,柳子陽,Liu Ziyang,562,0,0,0,柳,子陽,6,34,15009,0,0,"Liu(3) Ziyang [31791] XTS, 73A.3b."
31802,柳惔,Liu Yan,489,0,0,0,柳,惔,44,34,15501,0,0,"Liu(3) Yan [31802] XTS, 73A.6b. JTS, 125.3553."
31803,柳映,Liu Ying,519,0,0,0,柳,映,5,34,15501,0,0,"Liu(3) Yang(2) [31803] XTS, 73A.7a."
31809,柳遐,Liu Xia,496,0,0,0,柳,遐,32,34,15007,0,0,"Liu(3) Xia [31809] XTS, 73A.7a. JTS, 189B.4971."
31810,柳季遠,Liu Jiyuan,466,0,0,0,柳,季遠,6,34,15501,0,0,"Liu(3) Jiyuan [31810] XTS, 73A.7a."
31811,柳莊,Liu Zhuang,526,0,0,0,柳,莊,5,34,15007,0,0,"Liu(3) Zhuang [31811] XTS, 73A.7a."
31812,柳慶孫,Liu Qingsun,556,0,0,0,柳,慶孫,6,34,15007,0,0,"Liu(3) Qingsun [31812] XTS, 73A.7a."
31815,竇靜,Dou Jing,572,0,635,0,竇,靜,6,30,14693,0,0,"Dou(1) Jing [31815] XTS, 71B.22a. JTS, 61.2369-70. QTW, 156.19b. Literary fragments preserved in QTW."
31817,竇師綸,Dou Shilun,588,0,0,0,竇,師綸,6,30,14693,0,0,"Dou(1) Shilun [31817] XTS, 71B.25a."
31828,源賀,Yuan He,407,407,479,0,源,賀,30,142,14693,0,0,"Yuan(4) He [31828] Fled to the South after his tribe was vanquished, he was granted the surname, Yuan(4), and the mingzi, He. Wei Shu, 41.919-923."
31829,源延,Yuan Yan,437,0,0,0,源,延,30,142,14693,0,0,"Yuan(4) Yan [31829] Wei Shu, 41.923."
31830,源懷,Yuan Huai,444,444,506,0,源,懷,30,142,14693,0,0,"Yuan(4) Huai [31830] Wei Shu, 41.923-928."
31831,源奐,Yuan Huan,437,0,0,0,源,奐,30,142,14693,0,0,"Yuan(4) Huan [31831] Wei Shu, 41.937."
31832,源規,Yuan Gui,474,0,0,0,源,規,30,142,14693,0,0,"Yuan(4) Gui [31832] Wei Shu, 41.929."
31833,源榮,Yuan Rong,474,0,0,0,源,榮,30,142,14693,0,0,"Yuan(4) Rong [31833] Wei Shu, 41.929."
31834,源徽,Yuan Hui,474,0,0,0,源,徽,30,142,14693,0,0,"Yuan(4) Hui [31834] Wei Shu, 41.929."
31835,源玄諒,Yuan Xuanliang,474,0,0,0,源,玄諒,41,142,14693,0,0,"Yuan(4) Xuanliang [31835] Wei Shu, 41.929."
31836,源子雍,Yuan Ziyong,474,0,0,0,源,子雍,41,142,14693,0,0,"Yuan(4) Ziyong [31836] Wei Shu, 41.929-931."
31837,源子恭,Yuan Zigong,477,0,540,0,源,子恭,41,142,14693,0,0,"Yuan(4) Zigong [31837] Wei Shu, 41.932-936."
31838,源彪,Yuan Biao,507,0,0,0,源,彪,31,142,15215,0,0,"Yuan(4) Biao [31838] Wei Shu, 41.936. XTS, 75A.49b."
31839,源師,Yuan Shi,542,0,605,0,源,師,5,142,15215,0,0,"Yuan(4) Shi [31839] Sui Shu, 66.1552-53. JTS, 98.3070."
31840,源崑玉,Yuan Kunyu,572,0,0,0,源,崑玉,6,142,15215,0,0,"Yuan(4) Kunyu [31840] XTS, 75A.49a."
31846,源誠心,Yuan Chengxin,572,0,0,0,源,誠心,6,142,15215,0,0,"Yuan(4) Chengxin [31846] XTS, 75A.49b. QTW, 205.11b."
31874,裴順宗,Pei Shunzong,408,0,0,0,裴,順宗,32,67,15501,0,0,"Pei(1) Shunzong [31874] Wei Shu, 71.1565."
31875,裴叔寶,Pei Shubao,438,0,0,0,裴,叔寶,32,67,15501,0,0,"Pei(1) Shubao [31875] Wei Shu, 71.1565."
31876,裴叔業,Pei Shuye,438,438,500,0,裴,叔業,30,67,15022,0,0,"Pei(1) Shuye [31876] Wei Shu, 71.1565-67."
31877,裴令寶,Pei Lingbao,438,0,0,0,裴,令寶,30,67,15020,0,0,"Pei(1) Lingbao [31877] XTS, 71A.9b."
31878,裴彥遠,Pei Yanyuan,468,0,0,0,裴,彥遠,40,67,15020,0,0,"Pei(1) Yanyuan [31878] XTS, 71A.9b."
31882,裴羅,Pei Luo,576,0,0,0,裴,羅,6,67,14693,0,0,"Pei(1) Luo [31882] XTS, 71A.10a. For generation of move to Luoyang, see JTS, 126.3568."
31892,裴義同,Pei Yitong,517,0,0,0,裴,義同,30,144,15020,0,0,"Pei(1) Yitong [31892] XTS, 71A.4a."
31893,裴仁素,Pei Rensu,547,0,0,0,裴,仁素,31,144,15020,0,0,"Pei(1) Rensu [31893] XTS, 71A.4a."
31894,裴大同,Pei Datong,577,0,0,0,裴,大同,6,144,15020,0,0,"Pei(1) Datong [31894] XTS, 71A.4a."
31903,裴伯鳳,Pei Bofeng,529,0,0,0,裴,伯鳳,31,146,15020,0,0,"Pei(1) Bofeng [31903] JTS, 84.2801."
31904,裴定,Pei Ding,559,0,0,0,裴,定,5,146,15020,0,0,"Pei(1) Ding [31904] JTS, 84.2801."
31905,裴仁基,Pei Renji,589,0,0,0,裴,仁基,5,146,15020,0,0,"Pei(1) Renji [31905] Sui Shu, 70.1633-4. JTS, 84.2801."
31914,裴韜,Pei Tao,480,0,0,0,裴,韜,30,143,15020,0,0,"Pei(1) Tao [31914] XTS, 71A.2a."
31915,裴融,Pei Rong,510,0,0,0,裴,融,31,143,15020,0,0,"Pei(1) Rong [31915] JTS, 57.2285."
31916,裴孝瑜,Pei Xiaoyu,540,0,0,0,裴,孝瑜,5,143,15020,0,0,"Pei(1) Xiaoyu [31916] XTS, 71A.2a. JTS, 57.2285 omits character xiao from mingzi."
31917,裴寂,Pei Ji,570,570,629,0,裴,寂,6,143,15020,0,0,"Pei(1) Ji(4) [31917] Zaixiang of Gaozu. JTS, 57.2285-2289. QTW, 132.9b. Literary fragments preserved in QTW."
31920,裴簡之,Pei Jianzhi,468,0,0,0,裴,簡之,30,67,15022,0,0,"Pei(1) Jianzhi [31920] XTS, 71A.7a."
31921,裴景,Pei Jing,530,0,0,0,裴,景,5,67,15022,0,0,"Pei(1) Jing [31921] XTS, 71A.7a."
31922,裴正,Pei Zheng,560,0,0,0,裴,正,5,67,15022,0,0,"Pei(1) Zheng [31922] XTS, 71a.7a."
31930,蕭思話,Xiao Sihua,437,0,0,0,蕭,思話,28,70,15742,0,0,"Xiao(1) Sihua [31930] XTS, 71B.1a-1b."
31931,蕭惠蒨,Xiao Huiqian,467,0,0,0,蕭,惠蒨,32,70,15742,0,0,"Xiao(1) Huiqian [31931] XTS, 71B.1b."
31932,蕭介,Xiao Jie,497,0,0,0,蕭,介,44,70,15742,0,0,"Xiao(1) Jie(2) [31932] Liang Shu, 41.587-589."
31933,蕭允,Xiao Yun,525,0,0,0,蕭,允,24,70,14493,0,0,"Xiao(1) Yun [31933] Chen Shu, 21.287-288."
31934,蕭引,Xiao Yin,527,527,584,0,蕭,引,24,70,15742,0,0,"Xiao(1) Yin [31934] Chen Shu, 21.288-90."
31935,蕭德言,Xiao Deyan,558,558,654,0,蕭,德言,5,70,14493,0,0,"Xiao(1) Deyan [31935] JTS, 189A.4952-53. 《唐代人物知識ベース》記其生卒年為：558 - 654."
31936,蕭沈,Xiao Shen,588,0,0,0,蕭,沈,6,70,14493,0,0,"Xiao(1) Shen [31936] XTS, 71B.1b."
31942,崔綽,Cui Chuo,400,0,0,0,崔,綽,30,63,15285,0,0,"Cui(1) Chuo [31942] XTS, 72C.44b-45a."
31943,崔標,Cui Biao,430,0,0,0,崔,標,30,63,15285,0,0,"Cui(1) Biao [31943] XTS, 72C.44b-45a."
31947,崔鳳舉,Cui Fengju,531,0,0,0,崔,鳳舉,6,63,15285,0,0,"Cui(1) Fengju [31947] XTS, 72C.47b. See also documentation for Xiao(1) Zhizhong [31938]."
31948,崔從禮,Cui Congli,561,0,0,0,崔,從禮,6,63,15285,0,0,"Cui(1) Congli [31948] XTS, 72C.47b."
31954,崔昂,Cui Ang,561,0,0,0,崔,昂,6,63,15316,0,0,"Cui(1) Ang [31954] XTS, 72C.43a."
31955,崔仁師,Cui Renshi,591,591,650,0,崔,仁師,6,63,15316,0,0,"Cui(1) Renshi [31955] Zaixiang under Gaozong. JTS, 74.2620-2621."
31964,李大通,Li Datong,586,0,0,0,李,大通,6,15,14510,0,0,"Li(2) Datong [31964] XTS, 72A.13b."
31965,李大亮,Li Daliang,586,586,644,0,李,大亮,6,15,14510,0,0,"Li(2) Daliang [31965] JTS, 62.2386-90. QTW, 133.10b. Literary fragments preserved in QTW."
31968,韋仁基,Wei Renji,532,0,0,0,韋,仁基,6,29,14493,0,0,"Wei(1) Renji(2) [31968] XTS, 74A.13b."
31974,裴澄,Pei Cheng,466,0,0,0,裴,澄,30,145,15020,0,0,"Pei(1) Cheng [31974] XTS, 71A.18a."
31975,裴景漢,Pei Jinghan,496,0,0,0,裴,景漢,31,145,15020,0,0,"Pei(1) Jinghan [31975] XTS, 71A.18a."
31976,裴文度,Pei Wendu,526,0,0,0,裴,文度,5,145,15020,0,0,"Pei(1) Wendu [31976] XTS, 71A.18b."
31977,裴鏡民,Pei Jingmin,526,0,0,0,裴,鏡民,5,145,15020,0,0,"Pei(1) Jingmin [31977] XTS, 71A.18a."
31978,裴熙載,Pei Xizai,577,0,0,0,裴,熙載,6,145,15020,0,0,"Pei(1) Xi [31978] XTS, 71A.18a."
31980,裴大方,Pei Dafang,556,0,0,0,裴,大方,6,145,15020,0,0,"Pei(1) Dafang [31980] XTS, 71A.19b."
31988,裴尼,Pei Ni,541,0,0,0,裴,尼,31,145,15020,0,0,"Pei(1) Ni [31988] XTS, 71A.20a."
31989,裴之隱,Pei Zhiyin,571,0,0,0,裴,之隱,5,145,15020,0,0,"Pei(1) Zhiyin [31989] QTW, 282.14a."
32003,盧彭壽,Lu Pengshou,543,0,0,0,盧,彭壽,6,6,15381,0,0,"Lu(1) Pengshou [32003] XTS, 73A.37a."
32004,盧尚卿,Lu Shangqing,573,,,0,盧,尚卿,6,6,15381,0,0,"Lu(1) Shangqing [32004] XTS, 73A.37a."
32013,張長度,Zhang Changdu,576,0,0,0,張,長度,6,34,15006,0,0,"Zhang(1) Changdu [32013] XTS, 72C.3a."
32025,李湛,Li Zhan,566,0,0,0,李,湛,6,15,16695,0,0,"Li(2) Zhan(3) [32025] XTS, 70A.33b. See also documentation for grandson, Huairen [32027]."
32028,丙明,Bing Ming,540,0,0,0,丙,明,31,89,14493,0,0,"Bing(1) Ming [32028] Descendants of Li Ling were granted the surname, Bing, when they became subjects of the Northern Wei. They were granted the surname, Li(2), at beginning of Tang in order to avoid an imperial taboo. XTS, 72A.24a-24b."
32029,李粲,Li Can,570,0,0,0,李,粲,6,89,14493,0,0,"Li(2) Can(4) [32029] He defected from Sui and surrendered to Tang and was granted the surname Li(2). He die at an age in excess of 80. XTS, 72A.24a-24b. JTS, 98.3073."
32042,遼熾,Liao Chi,485,0,0,0,遼,熾,40,1,14557,0,0,"Liao(2) Chi [32042] The surname was changed from Niu(1) to Liao(2) [frequently written w/o radical 162] at some point. His son, Yun [32043] was granted the original surname Niu(1) by the Western Wei. Zhou Jiayou, 4.517-8. XTS, 75A.50a. Sui Shu, 49.1297."
32043,牛允,Niu Yun,515,0,0,0,牛,允,31,1,14557,0,0,"Niu(1) Yun [32043] Sui Shu, 49.1297."
32044,牛弘,Niu Hong,545,545,610,0,牛,弘,5,1,14557,0,0,"Niu(1) Hong [32044] Sui Shu, 49.1297-1310."
32045,牛方大,Niu Fangda,575,0,0,0,牛,方大,6,1,14557,0,0,"Niu(1) Fangda [32045] Sui Shu, 49.1310."
32046,牛方裕,Niu Fangyu,575,0,0,0,牛,方裕,6,1,14557,0,0,"Niu(1) Fangyu [32046] Sui Shu, 49.1310."
32063,蕭副,Xiao Fu,426,0,0,0,蕭,副,28,71,15753,0,0,"Xiao(1) Fu(2) [32063] XTS, 71B.2a."
32064,蕭順之,Xiao Shunzhi,456,0,0,0,蕭,順之,32,71,15753,0,0,"Xiao(1) Shunzhi [32064] XTS, 71B.2a."
32065,蕭懿,Xiao Yi,486,0,0,0,蕭,懿,44,71,15753,0,0,"Xiao(1) Yi(4) [32065] XTS, 71B.2a."
32079,韋元禮,Wei Yuanli,531,0,0,0,韋,元禮,5,29,14493,0,0,"Wei(1) Yuanli [32079] JTS, 185.4795."
32080,韋恪,Wei Ke,561,0,0,0,韋,恪,5,29,14493,0,0,"Wei(1) Ke [32080] JTS, 185.4795."
32101,崔鑒,Cui Jian,430,0,0,0,崔,鑒,30,63,15285,0,0,"Cui(1) Jian(2) [32101] XTS, 72C.48a. Wei Shu, 49.1103."
32102,崔合,Cui He,460,0,0,0,崔,合,30,63,15285,0,0,"Cui(1) He [32102] XTS, 72C.48a. Wei Shu, 49.1104."
32103,崔秉,Cui Bing,460,460,537,0,崔,秉,30,63,15285,0,0,"Cui(1) Bing [32103] XTS, 72C.48a. Wei Shu, 49.1104-5."
32104,崔仲哲,Cui Zhongzhe,473,473,507,0,崔,仲哲,30,63,15285,0,0,"Cui(1) Zhongzhe [32104] XTS, 72C.48a. Wei Shu, 49.1105."
32105,崔仲琰,Cui Zhongyan,503,0,0,0,崔,仲琰,31,63,15285,0,0,"Cui(1) Zhongyan [32105] XTS, 72C.48a."
32106,崔君昭,Cui Junzhao,533,0,0,0,崔,君昭,5,63,15285,0,0,"Cui(1) Junzhao [32106] XTS, 72C.48a."
32107,崔君昇,Cui Junsheng,533,0,0,0,崔,君昇,5,63,15285,0,0,"Cui(1) Junsheng [32107] XTS, 72C.49b."
32108,崔播,Cui Bo,563,0,0,0,崔,播,6,63,15285,0,0,"Cui(1) Bo [32108] XTS, 72C.48a."
32119,崔道泠,Cui Daoling,563,0,0,0,崔,道泠,6,63,15285,0,0,"Cui(1) Daoling [32119] XTS, 72C.49b."
32157,李孝威,Li Xiaowei,541,0,0,0,李,孝威,5,138,15294,0,0,"Li(2) Xiaowei [32157] XTS, 72A.57b. Sui Shu, 57.1405."
32158,李孝貞,Li Xiaozhen,541,,,0,李,孝貞,6,138,15294,0,0,"Li(2) Xiaozhen [32158] XTS, 74A.49b. Sui Shu, 57.1404-5."
32159,李太冲,Li Taichong,571,0,0,0,李,太冲,6,138,15294,0,0,"Li(2) Taichong [32159] XTS, 72A.59b."
32168,蕭恢,Xiao Hui,486,0,0,0,蕭,恢,44,71,15742,0,0,"Xiao(1) Hui [32168] The Poyang Wang. Zhou Jiayou, 5.609."
32180,裴智深,Pei Zhishen,448,0,0,0,裴,智深,30,144,15020,0,0,"Pei(1) Zhishen [32180] XTS, 71A.4b."
32181,裴彥,Pei Yan,508,0,0,0,裴,彥,31,144,15020,0,0,"Pei(1) Yan(2) [32181] XTS, 71A.5a."
32182,裴英,Pei Ying,478,0,0,0,裴,英,35,144,15020,0,0,"Pei(1) Ying(2) [32182] XTS, 71A.5a."
32183,裴兢,Pei Jing,508,0,0,0,裴,兢,5,144,15020,0,0,"Pei(1) Jing(2) [32183] XTS, 71A.6a."
32184,裴操之,Pei Caozhi,538,0,0,0,裴,操之,6,144,15020,0,0,"Pei(1) Caozhi [32184] XTS, 71A.6a."
32190,劉侍降,Liu Shijiang,533,0,0,0,劉,侍降,5,17,,0,0,"Liu(2) Shijiang [32190] See documentation for SDH, Yao(1) Yi(2) [26934]."
32191,劉志逵,Liu Zhikui,563,0,0,0,劉,志逵,6,17,,0,0,"Liu(2) Zhikui [32191] See documentation for son-in-law, Yao(1) Yi(2) [26934]."
32201,李亮,Li Liang,547,0,0,0,李,亮,5,15,16695,0,0,"Li(2) Liang [32201] XTS, 70A.23b."
32202,李神通,Li Shentong,567,,630,0,李,神通,6,15,14493,0,0,"Li(2) Shentong [32202] XTS, 70A.23b. 《唐代人物知識ベース》記其生卒年為：不明 - 630."
32210,楊昭,Yang Zhao,543,0,606,0,楊,昭,5,9,14693,0,0,"Yang(2) Zhao [32210] Sui Shu, 59.1435-1437."
32211,崔弘度,Cui Hongdu,542,0,605,0,崔,弘度,5,63,15285,0,0,"Cui(1) Hongdu [32211] XTS, 72C.52b. Sui Shu, 74.1698-1700."
32212,崔弘昇,Cui Hongsheng,542,0,0,0,崔,弘昇,5,63,15285,0,0,"Cui(1) Hongsheng [32212] XTS, 72C.52b. Sui Shu, 74.1700."
32213,崔弘峻,Cui Hongjun,542,0,0,0,崔,弘峻,5,63,15285,0,0,"Cui(1) Hongjun [32213] XTS, 72C.53a."
32214,崔儼,Cui Yan,572,0,0,0,崔,儼,6,63,15285,0,0,"Cui(1) Yan(2) [32214] XTS, 72C.53a."
32217,白建,Bai Jian,513,0,576,0,白,建,35,20,15058,0,0,"Bo(1) Jian [32217] XTS, 75B.17b-19a. Bei Qi Shu, 40.532-3."
32218,白士通,Bai Shitong,543,0,0,0,白,士通,6,20,15058,0,0,"Bo(1) Shitong [32218] XTS, 75B.17b-19a."
32242,元禎,Yuan Zhen,500,0,0,0,元,禎,41,124,14693,0,0,"Yuan(2) Zhen(5) [32242] XTS, 75B.13b."
32243,元巖,Yuan Yan,530,0,593,0,元,巖,5,124,14693,0,0,"Yuan(2) Yan(3) [32243] XTS, 75B.13b. Sui Shu, 62.1475-6."
32244,元弘,Yuan Hong,560,0,0,0,元,弘,6,124,14693,0,0,"Yuan(2) Hong [32244] XTS, 75B.14a."
32284,崔處仁,Cui Churen,572,0,0,0,崔,處仁,6,63,15285,0,0,"Cui(1) Churen [32284] XTS, 72C.52b."
32286,崔謙,Cui Qian,512,0,0,0,崔,謙,31,63,15285,0,0,"Cui(1) Qian(2) [32286] XTS, 72C.50b."
32287,崔曠,Cui Kuang,542,0,0,0,崔,曠,5,63,15285,0,0,"Cui(1) Kuang(2) [32287] XTS, 72C.50b."
32288,崔確,Cui Que,582,0,0,0,崔,確,6,63,15285,0,0,"Cui(1) Que [32288] XTS, 72C.51a."
32309,鄭希,Zheng Xi,482,0,0,0,鄭,希,41,156,14791,0,0,"Zheng(1) Xi(2) [32309] XTS, 75A.5b."
32310,鄭道育,Zheng Daoyu,512,0,0,0,鄭,道育,31,156,14791,0,0,"Zheng(1) Daoyu [32310] XTS, 75A.5b."
32311,鄭子柔,Zheng Zirou,542,0,0,0,鄭,子柔,6,156,14791,0,0,"Zheng(1) Zirou [32311] XTS, 75A.17a."
32312,鄭師萬,Zheng Shiwan,572,0,0,0,鄭,師萬,6,156,14791,0,0,"Zheng(1) Shiwan [32312] XTS, 75A.17a."
32317,盧道舒,Lu Daoshu,484,0,0,0,盧,道舒,41,6,15381,0,0,"Lu(1) Daoshu [32317] XTS, 73A.29b."
32318,盧熙裕,Lu Xiyu,514,0,0,0,盧,熙裕,5,6,15381,0,0,"Lu(1) Xiyu [32318] XTS, 73A.29b."
32319,盧士繪,Lu Shihui,552,0,0,0,盧,士繪,6,6,15381,0,0,"Lu(1) Shihui [32319] XTS, 73A.30b."
32320,盧方慶,Lu Fangqing,582,0,0,0,盧,方慶,6,6,15381,0,0,"Lu(1) Fangqing [32320] XTS, 73A.30b."
32327,楊湋,Yang Wei,491,0,0,0,楊,湋,30,36,15316,0,0,"Yang(2) Wei(5) [32327] Mingzi: 水 + 韋. XTS, 71B.42a."
32328,楊岐,Yang Qi,521,0,0,0,楊,岐,31,36,15316,0,0,"Yang(2) Qi(5) [32328] XTS, 71B.42a."
32329,楊行表,Yang Xingbiao,551,0,0,0,楊,行表,5,36,15316,0,0,"Yang(2) Xingbiao [32329] XTS, 71B.42a."
32336,王直,Wang Zhi,530,0,0,0,王,直,5,29,14493,0,0,"Wang(2) Zhi(16) [32336] XTS, 72B.22b."
32337,王武宣,Wang Wuxuan,567,0,0,0,王,武宣,6,29,14493,0,0,"Wang(2) Wuxuan [32337] XTS, 72B.22b."
32340,王長諧,Wang Changxie,560,0,0,0,王,長諧,6,29,14493,0,0,"Wang(2) Changxie [32340] XTS, 72B.22b. See also documentation for great great granddaughter, Guofuren [32335]."
32367,鄭幼儒,Zheng Youru,459,0,0,0,鄭,幼儒,41,156,14791,0,0,"Zheng(1) Youru [32367] XTS, 75A.20a."
32368,鄭敬道,Zheng Jingdao,489,0,0,0,鄭,敬道,31,156,14791,0,0,"Zheng(1) Jingdao [32368] XTS, 75A.20a."
32369,鄭正則,Zheng Zhengze,519,0,0,0,鄭,正則,5,156,14791,0,0,"Zheng(1) Zhengze [32369] XTS, 75A.20a."
32370,鄭德淹,Zheng Deyan,549,0,0,0,鄭,德淹,6,156,14791,0,0,"Zheng(1) Deyan [32370] XTS, 75A.25b."
32392,崔孝暐,Cui Xiaowei,480,480,528,0,崔,孝暐,30,63,15285,0,0,"Cui(1) Xiaowei [32392] XTS, 72C.56b. Wei Shu, 57.1269-70."
32393,崔昂,Cui Ang,510,0,0,0,崔,昂,35,63,15285,0,0,"Cui(1) Ang(2) [32393] XTS, 72C.56b. Wei Shu, 57.1270."
32394,崔寂,Cui Ji,540,0,0,0,崔,寂,5,63,15285,0,0,"Cui(1) Ji(4) [32394] XTS, 72C.56b."
32395,崔曇首,Cui Tanshou,571,0,0,0,崔,曇首,6,63,15285,0,0,"Cui(1) Tanshou [32395] XTS, 72C.56b."
32414,顏含,Yan Han,265,265,357,0,顏,含,27,39,14955,0,0,"Yan(3) Han [32414] Yan Zhenqing, WJ, 7.2a-5b. Jin Shu, 88.2285-2287."
32422,顏炳之,Yan Bingzhi,409,0,0,0,顏,炳之,28,39,14955,0,0,"Yan(3) Bingzhi [32422] Yan Zhenqing, WJ, 7.3a."
32423,顏見遠,Yan Jianyuan,439,0,502,0,顏,見遠,44,39,14955,0,0,"Yan(3) Jianyuan [32423] Liang Shu, 50.727."
32424,顏協,Yan Xie,498,498,539,0,顏,協,44,39,14955,0,0,"Yan(3) Xie [32424] Liang Shu, 50.727."
32425,顏之義,Yan Zhiyi,523,523,591,0,顏,之義,31,39,14493,0,0,"Yan(3) Zhiyi [32425] Zhou Shu, 40.719-721."
32426,顏之推,Yan Zhitui,528,0,0,0,顏,之推,5,39,14493,0,0,"Yan(3) Zhitui [32426] Bei Qi Shu, 45.617-626."
32427,顏思魯,Yan Silu,555,,618,0,顏,思魯,5,39,14493,1,0,"Yan(3) Silu [32427] Zhou Shu, 45.626. JTS, 73.2594.顏師魯任秦王府記室參軍，不久去世。李世民封秦王在武德元年。"
32428,顏愍楚,Yan Minchu,558,0,0,0,顏,愍楚,6,39,14493,0,0,"Yan(3) Minchu [32428] Bei Qi Shu, 45.626."
32429,顏遊素,Yan Yousu,558,0,0,0,顏,遊素,6,39,14493,0,0,"Yan(3) Yousu [32429] JTS, 73.2596."
32430,顏師古,Yan Shigu,581,581,645,0,顏,師古,6,39,14493,0,0,"Yan(3) Shigu [32430] JTS, 73.2594-2595. 《唐代人物知識ベース》記其生卒年為：581 - 645."
32431,顏相時,Yan Xiangshi,585,0,0,0,顏,相時,6,39,14493,0,0,"Yan(3) Xiangshi [32431] JTS, 73.2595-6."
32449,殷履直,Yin Luzhi,577,0,0,0,殷,履直,6,0,14514,0,0,"Yin(1) Luzhi [32449] Clearly a member of this Yin(1) lineage, we are guessing that he was a grandson of Wenli [31661] based on generational logic. See documentation for wife, Yan(3) Furen [32450]."
32453,李華,Li Hua,445,0,0,0,李,華,41,138,15294,0,0,"Li(2) Hua(3) [32453] XTS, 72A.30b."
32454,李敬養,Li Jingyang,475,0,0,0,李,敬養,5,138,15294,0,0,"Li(2) Jingyang [32454] XTS, 72A.30b."
32455,李仲通,Li Zhongtong,505,0,0,0,李,仲通,6,138,15294,0,0,"Li(2) Zhongtong [32455] XTS, 72A.30b."
32456,李孝端,Li Xiaoduan,574,0,0,0,李,孝端,6,138,15294,0,0,"Li(2) Xiaoduan [32456] XTS, 72A.30b."
32477,杜顒,Du Yong,479,0,0,0,杜,顒,31,147,14493,0,0,"Du(3) Yong [32477] XTS, 72A.7b. Wei Shu, 45.1020."
32478,杜景秀,Du Jingxiu,509,0,0,0,杜,景秀,31,147,14493,0,0,"Du(3) Jingxiu [32478] XTS, 72A.7b."
32485,杜懿,Du Yi,539,0,0,0,杜,懿,5,147,14493,0,0,"Du(3) Yi(4) [32485] XTS, 72A.7b."
32487,杜乾祐,Du Qianyou,569,0,0,0,杜,乾祐,6,147,14493,0,0,"Du(3) Qianyou [32487] XTS, 72A.8a. See also documentation for great great grandson, Ji(2) [32486]."
32503,康孝範,Kang Xiaofan,556,0,0,0,康,孝範,5,0,15792,0,0,"Kang(1) Xiaofan [32503] See documentation for great grandson, Xixian [32492]."
32504,康英,Kang Ying,586,0,0,0,康,英,6,0,15792,0,0,"Kang(1) Ying [32504] See documentation for grandson, Xixian [32492]."
32514,歐陽允,Ouyang Yun,557,0,0,0,歐陽,允,6,69,15976,0,0,"Ouyang(1) Yun [32514] See documentation for great grandson, Yu(2) [32513]."
32530,李褘,Li Wei,528,0,,0,李,褘,5,15,14493,0,0,"Li(2) Wei(9) [32530] JTS, 60.2345. XTS, 70A.19a."
32531,李叔良,Li Shuliang,558,0,621,0,李,叔良,6,15,14493,0,0,"Li(2) Shuliang [32531] XTS, 70A.19a. JTS, 60.2345."
32532,李孝斌,Li Xiaobin,588,0,0,0,李,孝斌,6,15,14493,0,0,"Li(2) Xiaobin [32532] XTS, 70A.22a. JTS, 60.2345."
32543,郭育,Guo Yu,517,0,0,0,郭,育,35,20,14703,0,0,"Guo(1) Yu(2) [32543] XTS, 74A.28b."
32544,郭處範,Guo Chufan,547,0,0,0,郭,處範,6,20,14703,0,0,"Guo(1) Chufan [32544] XTS, 74A.28b."
32545,郭待舉,Guo Daiju,577,0,0,0,郭,待舉,6,20,14703,0,0,"Guo(1) Daiju [32545] XTS, 74A.28b."
32555,楊暕,Yang Jian,583,0,646,0,楊,暕,6,9,14693,0,0,"Yang(2) Jian(10) [32555] XTS, 71B.35a. Sui Shu, 59.1442-1444."
32569,敬長瑜,Jing Changyu,551,0,0,0,敬,長瑜,5,41,15003,0,0,"Jing(5) Changyu [32569] XTS, 75A.1b. This genealogy has a lot og gaps and its accuracy is problematical at best."
32570,敬肅,Jing Su,551,0,0,0,敬,肅,5,41,15003,0,0,"Jing(5) Su [32570] XTS, 75A.2a."
32571,敬昶,Jing Chang,581,0,0,0,敬,昶,6,41,15003,0,0,"Jing(5) Chang [32571] XTS, 75A.2a."
32584,柳範,Liu Fan,583,0,0,0,柳,範,6,34,15009,0,0,"Liu(3) Fan [32584] XTS, 73A.1b."
32628,崔宗伯,Cui Zongbo,461,0,0,0,崔,宗伯,30,4,15237,0,0,"Cui(1) Zongbo [32628] XTS, 72C.33a."
32629,崔寅,Cui Yin,491,0,0,0,崔,寅,30,4,15237,0,0,"Cui(1) Yin(6) [32629] XTS, 72C.33a, 36a."
32630,崔敬禮,Cui Jingli,521,0,0,0,崔,敬禮,30,4,15237,0,0,"Cui(1) Jingli [32630] XTS, 72C.36a."
32632,崔公華,Cui Gonghua,501,0,0,0,崔,公華,31,4,15237,0,0,"Cui(1) Gonghua [32632] XTS, 72C.36a."
32633,崔大質,Cui Dazhi,531,0,0,0,崔,大質,6,4,15237,0,0,"Cui(1) Dazhi [32633] XTS, 72C.36a."
32650,盧義惇,Lu Yichun,479,0,0,0,盧,義惇,41,6,15381,0,0,"Lu(1) Yichun [32650] XTS, 73A.34a."
32651,盧景柔,Lu Jingrou,545,0,0,0,盧,景柔,31,6,15381,0,0,"Lu(1) Jingrou [32651] XTS, 73A.34a."
32652,盧元幹,Lu Yuangan,575,0,0,0,盧,元幹,5,6,15381,0,0,"XTS, 73A.34a.Lu(1) Yuangan [32652]"
32664,裴魯師,Pei Lushi,569,0,0,0,裴,魯師,6,145,15020,0,0,"Pei(1) Lushi(2) [32664] There are large gaps in this section of the Pei genealogy. XTS, 71A.25b."
32677,杜亮,Du Liang,490,0,0,0,杜,亮,41,57,14940,0,0,"Du(3) Liang [32677] XTS, 72A.12b."
32678,杜伽,Du Qie,520,0,0,0,杜,伽,35,57,14940,0,0,"Yuan(2) Qie [32678] XTS, 72A.12b."
32680,杜保,Du Bao,550,0,0,0,杜,保,5,57,14940,0,0,"Du(3) Bao [32680] XTS, 72A.12b."
32686,崔彭,Cui Peng,528,0,0,0,崔,彭,5,63,15285,0,0,"Cui(1) Peng [32686] XTS, 72C.52a."
32727,李抗,Li Kang,411,0,0,0,李,抗,30,15,16695,0,0,"Li(2) Kang(3) [32727] XTS, 72A.14b."
32733,李韶,Li Shao,427,0,0,0,李,韶,35,106,14789,0,0,"Li(2) Shao(3) [32733] XTS, 72A.15a."
32734,李瑾,Li Jin,457,0,0,0,李,瑾,5,106,14789,0,0,"Li(2) Jin [32734] XTS, 72A.15a."
32735,李行之,Li Xingzhi,487,0,0,0,李,行之,5,106,14789,0,0,"Li(2) Xingzhi [32735] XTS, 72A.16b."
32736,李玄道,Li Xuandao,566,,629,0,李,玄道,6,106,14789,0,0,"Li(2) Xuandao [32736] XTS, 72A.16b. JTS, 126.2559. 《唐代人物知識ベース》記其生卒年為：不明 - 629?."
32752,陳叔明,Chen Shuming,561,0,0,0,陳,叔明,5,24,14493,0,0,"Chen(1) Shuming [32752] Chen Shu, 28.368."
32753,李希騫,Li Xiqian,523,0,0,0,李,希騫,5,138,15294,0,0,"Li(2) Xiqian [32753] XTS, 72A.45a."
32754,李仲卿,Li Zhongqing,553,0,0,0,李,仲卿,5,138,15294,0,0,"Li(2) Zhongqing(2) [32754] XTS, 72A.45a."
32755,李文政,Li Wenzheng,583,0,0,0,李,文政,6,138,15294,0,0,"Li(2) Wenzheng [32755] XTS, 72A.46b."
32769,陸彌,Lu Mi,455,0,0,0,陸,彌,30,150,15099,0,0,"Lu(5) Mi [32769] Zhou Shu, 28.469. Zhou Jiayou (source-Bei Shi), 2.308 has mingzi=珍. Zhou Shu, 28.484 (notes) points out, but does not reconcile the problem. The office cited for both mingzi is the same."
32770,陸旭,Lu Xu,485,0,0,0,陸,旭,30,150,15099,0,0,"Lu(5) Xu [32770] Zhou Shu, 28.469."
32771,陸騰,Lu Teng,515,0,578,0,陸,騰,31,150,15099,0,0,"Lu(5) Teng [32771] Zhou Shu, 28.469-73."
32772,元休,Yuan Xiu,431,0,494,0,元,休,30,124,14693,0,0,"Yuan(2) Xiu(3) [32772] Wei Shu, 19B.512."
32773,元貴平,Yuan Guiping,461,0,0,0,元,貴平,31,124,14693,0,0,"Yuan(2) Guiping [32773] Wei Shu, 19B.520."
32774,陸玄,Lu Xuan,545,0,0,0,陸,玄,5,150,14693,0,0,"Lu(5) Xuan [32774] Zhou Shu, 28.473."
32775,陸融,Lu Rong,545,0,0,0,陸,融,5,150,14693,0,0,"Lu(5) Rong [32775] Zhou Shu, 28.469-473."
32798,楊榮,Yang Rong,554,0,0,0,楊,榮,6,36,14493,0,0,"Yang(2) Rong(2) [32798] XTS, 71B.48b."
32806,陸雍,Lu Yong,520,0,0,0,陸,雍,24,23,15758,0,0,"Lu(5) Yong(2) [32806] XTS, 73B.10a."
32807,陸元明,Lu Yuanming,550,550,630,0,陸,元明,6,23,15758,0,0,"Lu(5) Yuanming [32807] XTS, 73B.10a, 198.4b-5b. QTW, 146.23b. YLDD, 2368.1b. Literary fragments preserved in QTW."
32808,陸敬義,Lu Jingyi,580,0,0,0,陸,敬義,6,23,15758,0,0,"Lu(5) Jingyi [32808] XTS, 73B.10a."
32809,陸敦信,Lu Dunxin,580,0,0,0,陸,敦信,6,23,15758,0,0,"Lu(5) Dunxin [32809] Zaixiang under Gaozong. XTS, 73B.10a, 198.5b."
32830,楊綱,Yang Gang,559,0,0,0,楊,綱,6,9,14525,0,0,"Yang(2) Gang [32830] XTS, 71B.38b."
32836,裴鴻,Pei Hong,486,0,0,0,裴,鴻,5,145,15020,0,0,"Pei(1) Hong [32836] XTS, 71A.23a."
32837,裴師義,Pei Shiyi,516,0,0,0,裴,師義,6,145,15020,0,0,"Pei(1) Shiyi [32837] XTS, 71A.24b."
32843,李宣,Li Xuan,399,0,0,0,李,宣,30,152,,0,0,"Li(2) Xuan(3) [32843] XTS, 72A.72b."
32844,李貴,Li Gui,429,0,0,0,李,貴,30,152,,0,0,"Li(2) Gui(8) [32844] XTS, 72A.72b."
32845,李永,Li Yong,459,0,0,0,李,永,30,152,,0,0,"Li(2) Yong(7) [32845] XTS, 72A.72b. Zhou Shu, 15.239."
32854,劉林甫,Liu Linfu,566,0,0,0,劉,林甫,6,53,15206,0,0,"Liu(2) Linfu [32854] XTS, 71A.72a, 106.10b-11a."
32855,劉祥道,Liu Xiangdao,596,596,666,0,劉,祥道,6,53,15206,0,0,"Liu(2) Xiangdao [32855] Zaixiang under Gaozong. XTS, 71A.32a, 106.10n-8a. QTW, 162.1a. Literary fragments preserved in QTW."
32890,元善褘,Yuan Shanwei,571,0,0,0,元,善褘,6,124,14693,0,0,"Yuan(2) Shanwei [32890] See documentation for great great grandson, Jie [32889]."
32909,獨孤歸,Dugu Gui,457,0,0,0,獨孤,歸,35,48,14693,0,0,"Dugu(1) Gui [32909] XTS, 75B.30a."
32910,獨孤冀,Dugu Ji,487,0,0,0,獨孤,冀,35,48,14693,0,0,"Dugu(1) Ji(2) [32910] XTS, 75B.30a."
32911,獨孤永業,Dugu Yongye,517,0,580,0,獨孤,永業,31,48,14693,0,0,"Dugu(1) Yongye [32911] He was born a Liu(2), but when his father died, his mother, Dugu(1) returned to her family and his surname was changed to Dugu. How this worked is not clear, but our guess is that he became the heir of Ji(2) [32911], who was probably a maternal uncle. In any event, he became the ancestor of all the Tang Dugu(1). Bei Qi Shu, 41.544-45."
32912,獨孤子佳,Dugu Zijia,547,0,0,0,獨孤,子佳,5,48,14693,0,0,"Dugu(1) Zijia [32912] XTS, 75B.30a."
32919,獨孤義順,Dugu Yishun,582,0,0,0,獨孤,義順,6,48,14693,0,0,"Dugu(1) Yishun [32919] XTS, 75A.30b. See also documentation for great grandson, Tongli [32918]."
32942,獨孤義恭,Dugu Yigong,562,0,0,0,獨孤,義恭,5,48,14693,0,0,"Dugu(1) Yigong [32942] XTS, 75A.30a (his descendants are not listed in the genealogy). See documentation for grndson, Renzheng [32941]."
32946,路慶,Lu Qing,509,0,0,0,路,慶,40,153,15189,0,0,"Lu(3) Qing [32946] XTS, 75B.16a."
32947,路彩,Lu Cai,539,0,0,0,路,彩,31,153,15189,0,0,"Lu(3) Cai(2) [32947] XTS, 75B.16a."
32948,路兗,Lu Yan,569,0,0,0,路,兗,5,153,15189,0,0,"Lu(3) Yan [32948] XTS, 75B.16a."
32963,令狐嗣,Linghu Si,428,0,0,0,令狐,嗣,30,154,16753,0,0,"Linghu(1) Si [32963] Zhou Shu, 36.641."
32964,令狐詔安,Linghu Zhaoan,458,0,0,0,令狐,詔安,30,154,16753,0,0,"Linghu(1) Zhaoan [32964] Zhou Shu, 36.641."
32965,令狐虯,Linghu Qiu,488,0,551,0,令狐,虯,40,0,16753,0,0,"Linghu(1) Qiu [32965] Zhou Shu, 36.641. XTS, 75B.11a."
32966,令狐德棻,Linghu Defen,583,583,666,0,令狐,德棻,6,154,14512,0,0,"Linghu(1) Defen [32966] XTS, 75B.11b. JTS, 73.2596-99. 《唐代人物知識ベース》記其生卒年為：583 - 666."
32967,令狐整,Linghu Zheng,513,513,573,0,令狐,整,31,154,16753,0,0,"Linghu(1) Zheng [32967] Zhou Shu, 36.641-4."
32968,令狐熙,Linghu Xi,540,540,602,0,令狐,熙,5,154,16753,0,0,"Linghu(1) Xi [32968] Sui Shu, 56.1394-87."
32974,令狐滔,Linghu Tao,481,0,0,0,令狐,滔,6,154,14512,0,0,"Linghu(1) Tao [32974] XTS, 74B.12a."
32991,崔寶德,Cui Baode,558,0,0,0,崔,寶德,6,63,15285,0,0,"Cui(1) Baode [32991] XTS, 72C.52a."
32993,鄭敬德,Zheng Jingde,511,0,0,0,鄭,敬德,31,156,14791,0,0,"Zheng(1) Jingde [32993] XTS, 75A.27a."
32994,鄭撝,Zheng Hui,541,0,0,0,鄭,撝,31,156,14791,0,0,"Zheng(1) Hui [32994] XTS, 75A.31a."
32995,鄭弼,Zheng Bi,585,0,0,0,鄭,弼,6,156,14791,0,0,"Zheng(1) Bi(2) [32995] XTS, 75A.31b."
33012,王顗,Wang Yi,541,0,0,0,王,顗,5,155,14493,1,0,"Wang(2) Yi(28) [33012] XTS, 72B.18a. JTS, 70.2527."
33013,王珪,Wang Gui,571,571,639,0,王,珪,6,155,14493,1,0,"Wang Gui [33013] Zaixiang under Taizong. JTS, 70.2527-30. 《唐代人物知識ベース》記其生卒年為：571 - 639."
33018,盧士倫,Lu Shilun,544,0,0,0,盧,士倫,6,6,15381,0,0,"Lu(1) Shilun [33018] XTS, 73A.30a."
33019,盧同吉,Lu Tongji,580,0,0,0,盧,同吉,6,6,15381,0,0,"Lu(1) Tongji [33019] XTS, 73A.30a."
33022,盧寶素,Lu Baosu,564,0,0,0,盧,寶素,6,6,15381,0,0,"Lu(1) Baosu [33022] XTS, 73A.26b."
33027,薛种,Xue Chong,478,0,0,0,薛,种,30,98,15008,0,0,"Xue(1) Zhong [33027] XTS, 73B.34a."
33028,薛善,Xue Shan,508,0,0,0,薛,善,31,98,15008,0,0,"Xue(1) Shan [33028] XTS, 73B.34a."
33029,薛裕,Xue Yu,538,0,0,0,薛,裕,5,98,15008,0,0,"Xue(1) Yu [33029] XTS, 73B.34a."
33030,薛敬德,Xue Jingde,568,0,0,0,薛,敬德,6,98,15008,0,0,"Xue(1) Jingde [33030] XTS, 73B.34b."
33034,薛馥德,Xue Fude,540,0,0,0,薛,馥德,31,98,15008,0,0,"Xue(1) Fude [33034] XTS, 73B.37a."
33035,薛道賢,Xue Daoxian,570,0,0,0,薛,道賢,5,98,15008,0,0,"Xue(1) Daoxian [33035] XTS, 73B.37a."
33055,薛亮,Xue Liang,482,0,0,0,薛,亮,30,98,15008,0,0,"Xue(1) Liang(2) [33055] XTS, 73B.26a."
33056,薛琰,Xue Yan,512,0,0,0,薛,琰,40,98,15008,0,0,"Xue(1) Yan(3) [33056] XTS, 73B.26a."
33057,薛謨,Xue Mu,542,0,0,0,薛,謨,5,98,15008,0,0,"Xue(1) Mu(2) [33057] XTS, 73B.26a."
33058,薛文思,Xue Wensi,572,0,0,0,薛,文思,6,98,15008,0,0,"Xue(1) Wensi [33058] XTS, 73B.26a."
33081,于筠,Yu Yun,535,0,0,0,于,筠,6,29,14493,0,0,"Yu(5) Yun [33081] XTS, 72C.64a. JTS, 137.3765."
33090,張紹,Zhang Shao,511,0,0,0,張,紹,44,23,15758,0,0,"Zhang(1) Shao(4) [33090] XYS, 72C.15a."
33091,張冲,Zhang Chong,541,0,0,0,張,冲,5,23,15758,0,0,"Zhang(1) Chong(3) [33091] XTS, 72C.15a."
33092,張德胤,Zhang Deyin,571,0,0,0,張,德胤,6,23,15758,0,0,"Zhang(1) Deyin [33092] XTS, 72C.15a."
33101,蕭珣,Xiao Xun,572,0,0,0,蕭,珣,6,71,14493,0,0,"Xiao(1) Xun(3) [33101] XTS, 71B.4a. JTS, 63.2405."
33105,皇甫珍義,Huangfu Zhenyi,583,0,0,0,皇甫,珍義,6,1,14559,0,0,"Huangfu(1) Zhenyi [33105] See documentation for great great grandson, Yong [33104]."
33242,韓冑,Han Zhou,513,0,0,0,韓,冑,35,45,14798,0,0,"Han(1) Zhou [33242] XTS, 73A.10a."
33243,韓護,Han Hu,543,0,0,0,韓,護,31,45,14798,0,0,"Han(1) Hu [33243] XTS, 73A.10a."
33244,韓賢,Han Xian,573,0,0,0,韓,賢,5,45,14798,0,0,"Han(1) Xian [33244] XTS, 73A.10a."
33251,蕭綱,Xiao Gang,503,503,551,0,蕭,綱,44,71,15742,0,0,"Xiao(1) Gang [33251] Giles, p. 281."
33252,蕭繹,Xiao Yi,508,508,554,0,蕭,繹,44,71,15742,0,0,"Xiao(1) Yi(5) [33252] Giles, p. 280-1."
33619,韋憬,Wei Jing,578,0,0,0,韋,憬,6,29,14493,0,0,"Wei(1) Jing(2) [33619] XTS, 74A.12a."
33683,顧越,Gu Yue,493,493,569,0,顧,越,24,23,15772,0,0,"Gu(3) Yue [33683] XTS, 74B.13a. Chen Shu, 33.445."
33684,顧賢,Gu Xian,523,0,0,0,顧,賢,5,23,15772,0,0,"Gu(3) Xian [33684] XTS, 102.20a."
33685,顧胤,Gu Yin,553,,,0,顧,胤,6,23,15772,0,0,"Gu(3) Yin [33685] XTS, 74B.13a, 102.20a."
33730,陸惠徹,Lu Huiche,406,0,0,0,陸,惠徹,32,23,15758,0,0,"Lu(5) Huiche [33730] XTS, 73B.11b-12a. Zhou Jiayou, 2.304."
33731,陸閑,Lu Xian,436,0,499,0,陸,閑,32,23,15758,0,0,"Lu(5) Xian [33731] XTS, 73B.11b-12a. Zhou Jiayou, 2.304. NanQi shu, 52.900."
33732,陸厥,Lu Jue,472,472,499,0,陸,厥,32,23,15758,0,0,"Lu(5) Que [33732] Zhou Jiayou, 2.304. NanQi shu, 52.897-900. YLDD, 2368.1b."
33733,陸完,Lu Wan,466,0,0,0,陸,完,44,23,15758,0,0,"Lu(5) Wan(2) [33733] Zhou Jiayou, 2.304."
33734,陸丘公,Lu Qiugong,512,0,0,0,陸,丘公,24,23,15758,0,0,"Lu(5) Qiugong [33734] Zhou Jiayou, 2.304. Chen Shu, 34.465."
33735,陸令公,Lu Linggong,510,0,0,0,陸,令公,24,23,15758,0,0,"Lu(5) Linggong [33735] Zhou Jiayou, 2.304. Chen Shu, 34.462."
33736,陸雲公,Lu Yungong,517,0,0,0,陸,雲公,44,23,15758,0,0,"Lu(5) Yungong [33736] Zhou Jiayou, 2.304. Chen Shu, 30.396. YLDD, 2368.1b."
33737,陸晏子,Lu Yanzi,510,0,0,0,陸,晏子,24,23,15758,0,0,"Lu(5) Yanzi [33737] Zhou Jiayou, 2.304. Chen Shu, 34.464."
33738,陸琛,Lu Chen,542,542,583,0,陸,琛,24,23,15758,0,0,"Lu(5) Chen [33738] XTS, 73B.12a. Zhou Jiayou, 2.304. YLDD, 2368.1b. Chen Shu, 34.465."
33739,陸東之,Lu Dongzhi,572,0,0,0,陸,東之,6,23,15758,0,0,"Lu(5) Dongzhi [33739] XTS, 73B.12a."
33740,陸玄之,Lu Xuanzhi,572,0,0,0,陸,玄之,6,23,15758,0,0,"Lu(5) Xuanzhi [33740] XTS, 73B.12a."
33741,陸琰,Lu Yan,540,540,573,0,陸,琰,24,23,15758,0,0,"Lu(5) Yan(7) [33741] Zhou Jiayou, 2.304. Chen Shu, 34.462-3. YLDD, 2368.1b."
33742,陸瑜,Lu Yu,540,540,583,0,陸,瑜,24,23,15758,0,0,"Lu(5) Yu(4) [33742] Zhou Jiayou, 2.304. Chen Shu, 34.463-4. YLDD, 2368.1b."
33743,陸瓊,Lu Qiong,547,547,596,0,陸,瓊,24,23,15758,0,0,"Lu(5) Qiong [33743] Zhou Jiayou, 2.304. Chen Shu, 30.396-98."
33744,陸玠,Lu Jie,540,540,576,0,陸,玠,24,23,15758,0,0,"Lu(5) Jie(2) [33744] Zhou Jiayou, 2.304. Chen Shu, 34.464-6. YLDD, 2368.1b."
33745,陸從宜,Lu Congyi,577,0,0,0,陸,從宜,5,23,15758,0,0,"Lu(5) Congyi [33745] Chen Shu, 30.398."
33746,陸從典,Lu Congdian,561,561,617,0,陸,從典,5,23,15758,0,0,"Lu(5) Congdian [33746] Chen Shu, 30.398."
33909,裴師道,Pei Shidao,516,0,0,0,裴,師道,6,145,15020,0,0,"Pei(1) Shidao [33909] XTS, 71A.23a."
33910,裴懷儉,Pei Huaijian,574,0,0,0,裴,懷儉,6,145,15020,0,0,"Pei(1) Huaijian [33910] XTS, 71A.23b."
34004,蕭承之,Xiao Chengzhi,389,0,0,0,蕭,承之,28,71,15753,0,0,"Xiao(1) Chengzhi [34004] Zhou Jiayou, 5.566."
34005,蕭賾,Xiao Ze,440,440,493,0,蕭,賾,32,71,15742,0,0,"Xiao(1) Ze(2) [34005] Giles, p. 283. Zhou Jiayou, 5.566-570."
34006,蕭長懋,Xiao Changmao,470,0,0,0,蕭,長懋,32,71,15742,0,0,"Xiao(1) Changmao [34006] Zhou Jiayou, 5.572."
34007,蕭昭業,Xiao Zhaoye,431,0,494,0,蕭,昭業,32,71,15742,0,0,"Xiao(1) Zhaoye [34007] Giles, p. 278. Zhou Jiayou, 5.572."
34008,蕭昭文,Xiao Zhaowen,431,0,494,0,蕭,昭文,32,71,15742,0,0,"Xiao(1) Zhaowen [34008] Giles, p. 278. Zhou Jiayou, 5.572."
34009,蕭道生,Xiao Daosheng,429,0,0,0,蕭,道生,28,71,15753,0,0,"Xiao(1) Daosheng [34009] Zhou Jiayou, 5.567-568."
34010,蕭鸞,Xiao Luan,459,459,498,0,蕭,鸞,32,71,15742,0,0,"Xiao(1) Luan [34010] Giles, pp. 281-2. Zhou Jiayou, 5.566-570."
34011,蕭寶卷,Xiao Baozhuan,484,484,502,0,蕭,寶卷,32,71,15742,0,0,"Xiao(1) Baozhuan [34011] Giles, p. 282. Zhou Jiayou, 5.566-570."
34012,蕭寶融,Xiao Baorong,485,485,502,0,蕭,寶融,32,71,15742,0,0,"Xiao(1) Baorong [34012] Giles, p. 282. Zhou Jiayou, 5.566-670."
35370,楊侑,Yang You,573,0,0,0,楊,侑,6,9,14693,0,0,"Yang(2) You [35370] XTS, 71B.35b."
69869,謝奕,Xie Yi,295,,358,0,謝,奕,27,2,,1,0,
69870,郗超,Chi Chao,336,336,377,0,郗,超,27,0,,0,0,
69872,桓溫,Huan Wen,312,312,373,0,桓,溫,27,0,,0,0,
91972,馬嘉運,Ma Jiayun,579,,642,0,馬,嘉運,6,0,15177,0,0,《唐代人物知識ベース》記其生卒年為：不明 - 642？.
92072,王梵志,Wang Fanzhi,600,600,,0,王,梵志,6,0,15234,0,0,《唐代人物知識ベース》記其生卒年為：生年: att = 約生于隋時.
92271,孔穎達,Kong Yingda,574,574,648,0,孔,穎達,6,0,15273,0,0,《唐代人物知識ベース》記其生卒年為：574 - 648. cf. 唐代薛儆墓發覺報告 (2000) 66-68; 補遺 7:37-38 .
92273,孔德紹,Kong Deshao,558,,621,0,孔,德紹,5,0,15791,0,0,《唐代人物知識ベース》記其生卒年為：不明 - 621.
92521,朱子奢,Zhu Zishe,578,,641,0,朱,子奢,5,0,15758,0,0,《唐代人物知識ベース》記其生卒年為：不明 - 641.
92604,劉子翼,Liu Ziyi,587,,650,0,劉,子翼,5,0,15751,0,0,《唐代人物知識ベース》記其生卒年為：不明 - 650?.
92625,劉孝孫,Liu Xiaosun,579,,642,0,劉,孝孫,5,0,4067,0,0,《唐代人物知識ベース》記其生卒年為：不明 - 642?.
92738,許叔牙,Xu Shuya,586,,649,0,許,叔牙,6,0,400052,0,0,《唐代人物知識ベース》記其生卒年為：不明 - 649.
92784,孫思邈,Sun Simiao,581,581,682,0,孫,思邈,5,0,14512,0,0,《唐代人物知識ベース》記其生卒年為：581? - 682.
92838,杜正倫,Du Zhenglun,554,,,0,杜,正倫,5,0,15214,0,0,
92899,李百藥,Li Baiyao,565,565,648,0,李,百藥,5,0,15285,0,0,《唐代人物知識ベース》記其生卒年為：565 - 648.
93407,張後胤,Zhang Houyin,576,576,658,0,張,後胤,6,0,15764,0,0,《唐代人物知識ベース》記其生卒年為：576 - 658.
93537,張蘊古,Zhang Yungu,568,,631,0,張,蘊古,6,0,15214,0,0,《唐代人物知識ベース》記其生卒年為：不明 - 631.
93551,陸士季,Lu Shiji,564,,627,0,陸,士季,24,0,15758,0,0,《唐代人物知識ベース》記其生卒年為：不明 - 627？.
93580,陳子良,Chen Ziliang,575,575,632,0,陳,子良,5,0,15758,0,0,《唐代人物知識ベース》記其生卒年為：575 - 632.
93608,陳叔達,Chen Shuda,572,,635,0,陳,叔達,24,0,15777,0,0,《唐代人物知識ベース》記其生卒年為：不明 - 635.
93613,陳政,Chen Zheng,556,,619,0,陳,政,5,0,15006,0,0,《唐代人物知識ベース》記其生卒年為：不明 - 619.
93808,鄭元璹,Zheng Yuanshu,583,,646,0,鄭,元璹,5,0,,0,0,《唐代人物知識ベース》記其生卒年為：不明 - 646.
93871,鄭頲,Zheng Ting,558,,621,0,鄭,頲,5,0,14790,0,0,《唐代人物知識ベース》記其生卒年為：不明 - 621.
93907,釋法琳,Shi  Falin,572,572,640,0,釋,法琳,6,0,14692,0,0,《唐代人物知識ベース》記其生卒年為：572 - 640.
93918,釋光智,Shi Guangzhi,565,565,633,0,釋,光智,6,0,500001,0,0,《唐代人物知識ベース》記其生卒年為：565 - 633.
93938,郎穎,Lang Ying,548,548,627,0,郎,穎,5,0,15317,0,0,《唐代人物知識ベース》記其生卒年為：548 - 627.
93988,趙弘智,Zhao Hongzhi,572,572,653,0,趙,弘智,5,0,14712,0,0,《唐代人物知識ベース》記其生卒年為：572 - 653.
94145,祖君彥,Zu Junyan,555,,618,0,祖,君彥,5,0,15381,0,0,《唐代人物知識ベース》記其生卒年為：不明 - 618.
94165,姚簡,Yao Jian,557,557,637,0,姚,簡,24,0,14492,0,0,《唐代人物知識ベース》記其生卒年為：557 - 637.
94181,賀德仁,He Deren,557,557,627,0,賀,德仁,24,0,400053,0,0,《唐代人物知識ベース》記其生卒年為：557? - 627?.
94339,高儉,Gao Jian,576,576,647,0,高,儉,5,0,15305,0,0,《唐代人物知識ベース》記其生卒年為：576? - 647.
94348,高馮,Gao Feng,596,596,654,0,高,馮,6,0,15305,0,0,《唐代人物知識ベース》記其生卒年為：596 - 654.
94425,釋海順,Shi  Haishun,589,589,618,0,釋,海順,6,0,15000,0,0,《唐代人物知識ベース》記其生卒年為：589 - 618.
94767,傅弈,Fu Yi,555,555,639,0,傅,弈,5,0,15207,0,0,《唐代人物知識ベース》記其生卒年為：555 - 639.
94794,釋道會,Shi  Daohui,580,580,649,0,釋,道會,6,0,16614,0,0,《唐代人物知識ベース》記其生卒年為：580? - 649?.
94799,釋道宣,Shi  Daoxuan,596,596,667,0,釋,道宣,6,0,15742,0,0,《唐代人物知識ベース》記其生卒年為：596 - 667.
94810,溫彥弘,Wen Yanhong,573,,,0,溫,彥弘,5,0,15059,0,0,
94815,溫彥博,Wen Yanbo,575,575,637,0,溫,彥博,5,0,15059,0,0,《唐代人物知識ベース》記其生卒年為：575? - 637.
94832,謝偃,Xie Yan,580,,643,0,謝,偃,5,0,15232,0,0,《唐代人物知識ベース》記其生卒年為：不明 - 643.
94984,釋慧淨,Shi  Huijing,578,578,645,0,釋,慧淨,6,0,15254,0,0,《唐代人物知識ベース》記其生卒年為：578 - 645.
94991,釋慧賾,Shi  Huize,580,580,636,0,釋,慧賾,6,0,15445,0,0,《唐代人物知識ベース》記其生卒年為：580 - 636.
95030,顏游秦,Yan Youqin,546,,,0,顏,游秦,5,0,14492,0,0,
95083,釋辨才,Shi Biancai,581,,644,0,釋,辨才,6,0,14809,0,0,《唐代人物知識ベース》記其生卒年為：不明 - 約在貞觀18年後數年間.
95085,釋辨機,Shi Bianji,586,,649,0,釋,辨機,6,0,,0,0,《唐代人物知識ベース》記其生卒年為：不明 - 649?.
95096,魏徴,Wei Zhi,580,580,643,0,魏,徴,6,0,15188,0,0,《唐代人物知識ベース》記其生卒年為：580 - 643.
95121,釋灌頂,Shi  Guanding,561,561,632,0,釋,灌頂,6,0,15838,0,0,《唐代人物知識ベース》記其生卒年為：561 - 632.
95124,王訓,Wang Xun,511,511,536,0,王,訓,44,0,,0,0,《唐代人物知識ベース》記其生卒年為：511 - 536.
95148,徐之才,Xu Zhicai,510,,573,0,徐,之才,35,0,15744,0,0,《唐代人物知識ベース》記其生卒年為：不明 - 武平間.
95159,釋慧偘,Shi  Huikan,542,,605,0,釋,慧偘,4,0,15743,0,0,《唐代人物知識ベース》記其生卒年為：不明 - 隋大業1.
95167,朱均,Zhu Jun,496,,559,0,朱,均,4,0,,0,0,《唐代人物知識ベース》記其生卒年為：不明 - 陳永定末?.
95217,慕容垂,Murong Chui,326,326,396,0,慕容,垂,63,0,15419,0,0,《唐代人物知識ベース》記其生卒年為：326 - 396.
95371,傅翕,Fu Xi,497,497,569,0,傅,翕,32,0,15804,0,0,
118405,王氏(楊慶妻),Wang Shi (Wife of Yang Qing),564,,620,1,王,氏(楊慶妻),6,0,,0,0,
120212,蕭文壽,Xiao Wenshou,341,341,423,1,蕭,文壽,28,0,,0,0,
120213,劉英媛,Liu Yingyuan,437,,,1,劉,英媛,28,0,,0,0,
120214,劉義隆,Liu Yilong,407,407,453,0,劉,義隆,28,0,,0,0,
120216,鮑令暉,Bao Linghui,414,,,1,鮑,令暉,28,0,,0,0,
120217,鮑昭,Bao Zhao,412,412,466,0,鮑,昭,4,64,,0,0,
120854,崔儀,Cui Yi,396,396,450,1,崔,儀,4,0,,0,0,
122754,獨孤武都,Dugu Wudu,556,,619,0,獨孤,武都,6,0,,0,0,
134367,張楚媛,Zhang Chuyuan,488,,,1,張,楚媛,44,0,,0,0,
134467,張稷,Zhang Ji,458,,,0,張,稷,44,0,,1,0,
134622,長孫安業,Zhangsun Anye,582,,,0,長孫,安業,6,0,14693,0,0,
134636,馮小憐,Feng Xiaolian,556,,,1,馮,小憐,35,0,,0,0,
134637,沈婺華,Shen Wuhua,556,,,1,沈,婺華,24,0,,0,0,
134638,沈君理,Shen Junli,526,,,0,沈,君理,24,0,,0,0,
134674,顧琛,Gu Chen,388,388,475,0,顧,琛,28,0,,0,0,
134678,沈滿願,Shen Manyuan,501,,,1,沈,滿願,44,0,,0,0,
134679,沈約,Shen Yue,441,441,513,0,沈,約,44,0,,0,0,
134687,劉氏(王叔英妻),Liu Shi (Wife of Wang Shuying),488,,,1,劉,氏(王叔英妻),44,0,,1,0,
134689,劉繪,Liu Hui,458,458,502,0,劉,繪,32,17,,1,0,
134690,劉冉,Liu Ran,481,481,539,0,劉,冉,44,0,,1,0,
134691,劉令嫻,Liu Lingxian,488,,,1,劉,令嫻,44,0,,1,0,
134693,徐悱,Xu Fei,462,,525,0,徐,悱,44,0,,1,0,
134757,胡承華,Hu Chenghua,455,,,1,胡,承華,30,0,,0,0,
134758,胡國珍,Hu Guozhen,425,,,0,胡,國珍,30,0,,0,0,
134766,楊氏(呂纂妻),Yang Shi (Wife of Lü Zuan),345,,401,1,楊,氏(呂纂妻),73,0,,0,0,
134836,謝道韞,Xie Daoyun,349,349,409,1,謝,道韞,27,2,,1,0,
134838,褚蒜子(司馬岳妻),Chu Suanzi (wife of Sima Yue),324,324,384,1,褚,蒜子(司馬岳妻),27,0,,1,0,
134893,陳元方,Chen Yuanfang,530,,,1,陳,元方,5,0,,1,0,
134894,劉臻,Liu Zhen,527,527,598,0,劉,臻,5,0,,1,0,劉臻之傳，見於《北史》和《隋書》。
135183,弘夜珠,Hong  Yezhu,511,,,1,弘,夜珠,44,0,,0,0,
135187,蕭氏(炀帝后),Xiao Shi (Empress of Emperor Yangdi of Sui),583,,,1,蕭,氏(炀帝后),5,0,,0,0,
135247,張麗華,Zhang Lihua,556,,589,1,張,麗華,24,0,,0,0,
135255,范孝才,Fan Xiaocai,505,,,0,范,孝才,44,0,,0,0,
135300,盧氏(房玄齡妻),Lu Shi (Wife of Fang Xuanling),581,,,1,盧,氏(房玄齡妻),6,0,,0,0,明清婦女著作數據庫引《蘭閨寶録》作房元齡，元字避玄燁之諱。
135382,徐氏(歐陽詢妻),Xu Shi (Wife of Ouyang Xun),560,,,1,徐,氏(歐陽詢妻),6,0,,0,0,
135486,麻秋,Ma qiu,287,,350,0,麻,秋,64,0,,0,0,
135488,段氏(慕容垂皇后),Duan Shi (Empress of Mu Rongchui),329,,396,1,段,氏(慕容垂皇后),63,0,,0,0,《晉書-列女傳》記載，慕容寶即位，逼段元妃自殺。
135639,向氏(檀道濟妻),Xiang Shi (Wife of Tan Daoji),379,,435,1,向,氏(檀道濟妻),28,0,,0,0,
135646,竇氏(太穆皇后),Dou Shi (Tai Mu Empress),569,569,613,1,竇,氏(太穆皇后),5,59,14498,0,0,《旧唐书》卷五一《后妃上》
135651,柴紹,Chai Shao,588,588,638,0,柴,紹,6,0,,0,0,
135652,李氏(王珪母),Li Shi (Mother of Wang Gui),544,,,1,李,氏(王珪母),5,0,,1,0,
136032,賀氏(拓跋珪母),He Shi (Mother of Tuoba Gui),340,,396,1,賀,氏(拓跋珪母),30,0,,0,0,
136104,劉氏(張嵊妻),Liu Shi (Wife of Zhang Sheng),491,,,1,劉,氏(張嵊妻),44,0,,1,0,
136105,張嵊,Zhang Sheng,488,488,549,0,張,嵊,44,0,,1,0,
136120,謝玄,Xie Xuan,343,343,388,0,謝,玄,27,2,,1,0,
136159,徐勉,Xu Mian,466,466,535,0,徐,勉,32,0,,1,0,
136168,劉顯,Liu Xian,481,481,543,0,劉,顯,44,0,,1,0,又見《南史》卷五〇
138706,蘇玉華,Su Yuhua,605,605,619,1,蘇,玉華,5,0,14490,0,0,YP NewEpitaphID=1
138707,張真誌,Zhang Zhenzhi,565,565,619,0,張,真誌,5,0,14492,0,0,YP NewEpitaphID=2
138708,庫狄真相,Kudi Zhenxiang,565,565,623,1,庫狄,真相,6,0,15252,0,0,YP NewEpitaphID=3
138709,某月相,Mou Yuexiang,528,528,611,1,,月相,5,0,16737,0,0,YP NewEpitaphID=4
138710,某長先,Mou Changxian,564,564,625,0,,長先,6,0,15285,0,0,YP NewEpitaphID=5
138712,元買得,Yuan Maide,554,554,619,1,元,買得,81,0,14692,0,0,YP NewEpitaphID=7
138713,麹舉,Qu Ju,589,589,620,0,麹,舉,81,0,15162,0,0,YP NewEpitaphID=8
138714,舒懿匡伯,Shuyi Kuangbo,583,583,616,0,舒懿,匡伯,81,0,400609,0,0,YP NewEpitaphID=9
138715,王仲,Wang Zhong,555,555,620,0,王,仲,81,0,15053,0,0,YP NewEpitaphID=10
138716,關道愛,Guan Daoai,561,561,626,0,關,道愛,6,0,16260,0,0,YP NewEpitaphID=11
138717,崔志,Cui Zhi,527,527,600,0,崔,志,5,0,15237,0,0,YP NewEpitaphID=12
138718,劉粲,Liu Can,555,555,627,0,劉,粲,5,0,14692,0,0,YP NewEpitaphID=13
138719,程锺,Cheng Zhong,561,561,627,0,程,锺,6,0,400038,0,0,YP NewEpitaphID=14
138720,楊敏,Yang Min,568,568,628,0,楊,敏,6,0,14731,0,0,YP NewEpitaphID=15
138721,張女羨,Zhang Nüxian,550,550,628,1,張,女羨,5,0,14531,0,0,YP NewEpitaphID=16
138722,屈突通,Qutu Tong,557,557,628,0,屈突,通,5,0,400001,0,0,YP NewEpitaphID=17YP NewEpitaphID=1298
138723,胡永,Hu Yong,522,522,609,0,胡,永,5,0,14559,0,0,YP NewEpitaphID=18
138724,郭通,Guo Tong,546,546,603,0,郭,通,5,0,15054,0,0,YP NewEpitaphID=19
138725,周某,Zhou Mou,555,555,629,0,周,某,5,0,,0,0,YP NewEpitaphID=20
138726,譚伍,Tan Wu,562,562,629,0,譚,伍,6,0,400602,0,0,YP NewEpitaphID=21
138727,某氏(蔣國夫人),Mou Shi (Jiangguo Furen),564,564,629,1,某,氏(蔣國夫人),6,0,400539,0,0,YP NewEpitaphID=22
138728,胡質,Hu Zhi,563,563,629,0,胡,質,6,0,14559,0,0,YP NewEpitaphID=23
138729,李彥,Li Yan,580,580,630,0,李,彥,6,0,16699,0,0,YP NewEpitaphID=24
138730,毛祐,Mao You,549,549,630,0,毛,祐,5,0,14557,0,0,YP NewEpitaphID=25
138731,李徹,Li Che,567,,630,0,李,徹,6,0,16695,0,0,YP NewEpitaphID=26
138734,何氏,He Shi,556,556,631,1,何,氏,5,0,15060,0,0,YP NewEpitaphID=28
138735,某禕,Mou Yi,551,,614,0,,禕,5,0,15252,0,0,YP NewEpitaphID=29
138736,麻氏,Ma Shi,560,560,631,1,麻,氏,6,0,15744,0,0,YP NewEpitaphID=30
138737,某守仁,Mou Shouren,578,578,597,0,,守仁,5,0,15237,0,0,YP NewEpitaphID=31
138738,劉節,Liu Jie,594,594,631,0,劉,節,6,0,15276,0,0,YP NewEpitaphID=32
138739,郭雲,Guo Yun,573,573,631,0,郭,雲,6,0,14492,0,0,YP NewEpitaphID=33
138740,李壽,Li Shou,577,577,630,0,李,壽,6,0,16737,0,0,YP NewEpitaphID=34
138741,楊寶,Yang Bao,593,593,632,1,楊,寶,6,0,14525,0,0,YP NewEpitaphID=35
138742,趙氏(戚纂妻),Zhao Shi (Wife of Qi Zuan),576,,632,1,趙,氏(戚纂妻),6,0,,0,0,YP NewEpitaphID=36
138743,胡儼,Hu Yan,586,586,631,0,胡,儼,6,0,14559,0,0,YP NewEpitaphID=37
138744,某謩,Mou Mo,558,558,627,0,,謩,5,0,16690,0,0,YP NewEpitaphID=38
138745,張濬,Zhang Xun,562,562,632,0,張,濬,6,0,15513,0,0,YP NewEpitaphID=39
138746,張濬,Zhang Xun,561,561,616,0,張,濬,5,0,15513,0,0,YP NewEpitaphID=40
138747,張伯,Zhang Bo,540,540,616,0,張,伯,5,0,14531,0,0,YP NewEpitaphID=41
138748,盧野客,Lu Yeke,570,,633,0,盧,野客,6,0,14693,0,0,YP NewEpitaphID=42
138749,樂陟,Yue Zhi,573,573,633,0,樂,陟,6,0,14531,0,0,YP NewEpitaphID=43
138750,賈通,Jia Tong,576,576,633,0,賈,通,6,0,14693,0,0,YP NewEpitaphID=44
138751,張明,Zhang Ming,560,560,623,0,張,明,6,0,15237,0,0,YP NewEpitaphID=45
138752,某遠,Mou Yuan,564,564,633,0,,遠,6,0,16303,0,0,YP NewEpitaphID=46
138753,郭提,Guo Ti,543,543,607,0,郭,提,5,0,15054,0,0,YP NewEpitaphID=47
138754,解深,Jie Shen,555,555,634,0,解,深,5,0,15003,0,0,YP NewEpitaphID=48
138755,張岳,Zhang Yue,598,598,633,0,張,岳,6,0,15513,0,0,YP NewEpitaphID=49
138756,邢弁,Xing Bian,569,569,633,0,邢,弁,6,0,15391,0,0,YP NewEpitaphID=50
138758,李繼叔,Li Jishu,574,574,634,0,李,繼叔,6,0,15289,0,0,YP NewEpitaphID=52
138759,田氏(田暉女),Tian Shi (Daughter of Tian Hui),573,573,634,1,田,氏(田暉女),6,0,15069,0,0,YP NewEpitaphID=53
138760,某孝敏,Mou XiaoMin,579,579,633,0,,孝敏,6,0,400607,0,0,YP NewEpitaphID=54
138761,張妃,Zhang Fei,548,548,633,1,張,妃,5,0,14531,0,0,YP NewEpitaphID=55
138762,孫隆,Sun Long,540,540,614,0,孫,隆,5,0,400514,0,0,YP NewEpitaphID=56
138763,慕容氏,MuRong Shi,548,548,635,1,慕容,氏,5,0,,0,0,YP NewEpitaphID=57
138764,耿某,Geng Mou,572,,635,0,耿,某,6,0,,0,0,YP NewEpitaphID=58
138765,長孫家慶,Zhangsun Jiaqing,598,598,635,0,長孫,家慶,6,0,14693,0,0,YP NewEpitaphID=59
138766,王安,Wang An,568,568,634,0,王,安,6,0,14694,0,0,YP NewEpitaphID=60
138767,蔣喜,Jiang Xi,571,,634,0,蔣,喜,6,0,14693,0,0,YP NewEpitaphID=61
138768,王氏(王仁則女),Wang Shi (Daughter of Wang Ren Ze),578,578,636,1,王,氏(王仁則女),6,0,15054,0,0,YP NewEpitaphID=63
138769,李氏(汝南公主),Li Shi (Ru Nan Princess),580,,636,1,李,氏(汝南公主),6,0,16737,0,0,YP NewEpitaphID=64
138770,徐純,Xu Chun,556,556,613,0,徐,純,5,0,14950,0,0,YP NewEpitaphID=65
138771,王護,Wang Hu,551,551,609,0,王,護,5,0,15054,0,0,YP NewEpitaphID=66
138773,羅副,Luo Fu,596,596,637,0,羅,副,6,0,14915,0,0,YP NewEpitaphID=68
138774,長孫仁,Zhangsun Ren,571,571,621,0,長孫,仁,6,0,14693,0,0,YP NewEpitaphID=69
138775,張舉,Zhang Ju,559,559,637,0,張,舉,6,0,15237,0,0,YP NewEpitaphID=70
138777,釋某(堪法師),Shi Mou (Kanfashi),575,,638,0,釋,某(堪法師),6,0,,0,0,YP NewEpitaphID=72
138778,潘基,Pan Ji,569,569,638,0,潘,基,6,0,15237,0,0,YP NewEpitaphID=73
138779,蕭瑤,Xiao Yao,575,,638,0,蕭,瑤,6,0,14950,0,0,YP NewEpitaphID=74
138780,張某,Zhang Mou,554,554,638,0,張,某,5,0,15130,0,0,YP NewEpitaphID=75
138781,段元哲,Duan Yuanzhe,578,578,638,0,段,元哲,6,0,400544,0,0,YP NewEpitaphID=76
138782,張騷,Zhang Sao,577,577,639,0,張,騷,6,0,14531,0,0,YP NewEpitaphID=77
138783,秦詳兒,Qin Xianger,561,561,640,1,秦,詳兒,6,0,15169,0,0,YP NewEpitaphID=78
138784,楊士漢,Yang Shihan,575,575,640,0,楊,士漢,6,0,400539,0,0,YP NewEpitaphID=79
138785,雷氏(雷俊女),Lei Shi (Daughter of Lei Jun),547,547,640,1,雷,氏(雷俊女),5,0,14531,0,0,YP NewEpitaphID=80
138786,孟保同,Meng Baotong,539,539,613,0,孟,保同,5,0,400607,0,0,YP NewEpitaphID=81
138788,某孝基,Mou Xiaoji,569,569,638,0,,孝基,6,0,15237,0,0,YP NewEpitaphID=83
138789,劉氏(任阿悅妻),Liu Shi (Wife of Ren A Yue),579,579,641,1,劉,氏(任阿悅妻),6,0,,0,0,YP NewEpitaphID=84
138790,某裴,Mou Pei,573,573,641,0,,裴,6,0,15020,0,0,YP NewEpitaphID=85
138791,賈仕通,Jia Shitong,596,596,641,0,賈,仕通,6,0,14693,0,0,YP NewEpitaphID=86
138792,薄氏(薄元禮女),Bao Shi (Daughter of Bao Yuan Li),580,580,641,1,薄,氏(薄元禮女),6,0,400344,0,0,YP NewEpitaphID=87
138793,梁凝達,Liang Ningda,550,550,641,0,梁,凝達,5,0,14692,0,0,YP NewEpitaphID=88
138794,劉氏(劉岡女),Liu Shi (Daughter of Liu Gang),564,564,641,1,劉,氏(劉岡女),6,0,15208,0,0,YP NewEpitaphID=89
138796,杜各榮,Duge Rong,578,,641,0,杜各,榮,6,0,400609,0,0,YP NewEpitaphID=91
138797,劉氏(王才粲妻),Liu Shi (Wife of Wang Cai Can),563,563,642,1,劉,氏(王才粲妻),6,0,14525,0,0,YP NewEpitaphID=92
138798,劉粲,Liu Can,579,579,642,0,劉,粲,6,0,14816,0,0,YP NewEpitaphID=93
138799,楊玉姿,Yang Yuzi,581,581,642,1,楊,玉姿,6,0,14525,0,0,YP NewEpitaphID=94
138801,張孝緒,Zhang Xiaoxu,574,574,642,0,張,孝緒,6,0,14531,0,0,YP NewEpitaphID=96
138802,釋某(大智逈),Shi Mou (Dazhijiong),579,,642,0,釋,某(大智逈),6,0,,0,0,YP NewEpitaphID=97
138803,劉政,Liu Zheng,561,561,617,0,劉,政,5,0,15391,0,0,YP NewEpitaphID=98
138805,李仲賓,Li Zhongbin,546,546,610,0,李,仲賓,5,0,15003,0,0,YP NewEpitaphID=100
138806,姚孝寬,Yao Xiaokuan,567,567,638,0,姚,孝寬,6,0,14766,0,0,YP NewEpitaphID=101
138807,某賓,Mou Bin,561,561,643,0,,賓,6,0,15054,0,0,YP NewEpitaphID=102
138808,馬志道,Ma Zhidao,571,571,643,0,馬,志道,6,0,400527,0,0,YP NewEpitaphID=103
138809,王仁則,Wang Renze,587,587,626,0,王,仁則,6,0,16655,0,0,YP NewEpitaphID=104
138810,某懷文,Mou Huaiwen,559,,622,0,,懷文,6,0,16655,0,0,YP NewEpitaphID=105
138811,某信,Mou Xin,594,594,644,0,,信,6,0,400537,0,0,YP NewEpitaphID=106
138812,釋某(大智焱),Shi Mou (Dazhiyan),579,,642,0,釋,某(大智焱),6,0,,0,0,YP NewEpitaphID=107
138813,釋某,Shi Mou,581,,644,0,釋,某,6,0,,0,0,YP NewEpitaphID=108
138814,王伏興,Wang Fuxing,585,585,644,1,王,伏興,6,0,,0,0,YP NewEpitaphID=109
138815,霍恭,Huo Gong,590,590,644,0,霍,恭,6,0,400539,0,0,YP NewEpitaphID=110
138816,姚暢,Yao Chang,558,558,621,0,姚,暢,5,0,16699,0,0,YP NewEpitaphID=111
138817,某鍾葵,Mou Zhongkui,558,,621,0,某,鍾葵,6,0,400537,0,0,YP NewEpitaphID=112
138818,王通,Wang Tong,573,573,614,0,王,通,5,0,15054,0,0,YP NewEpitaphID=113
138820,崔某,Cui Mou,566,566,643,0,崔,某,6,0,15227,0,0,YP NewEpitaphID=115
138821,某氏(優婆夷),Mou Shi (Youpoyi),588,,644,1,某,氏(優婆夷),6,0,,0,0,YP NewEpitaphID=116
138822,楊氏(楊貴女),Yang Shi (Daughter of Yang Gui),584,584,645,1,楊,氏(楊貴女),6,0,14731,0,0,YP NewEpitaphID=117
138823,明雅,Ming Ya,553,553,601,0,明,雅,5,0,400539,0,0,YP NewEpitaphID=118
138824,霍漢,Huo Han,576,576,645,0,霍,漢,6,0,15288,0,0,YP NewEpitaphID=119
138825,任氏(任玄女),Ren Shi (Daughter of Ren Xuan),594,594,645,1,任,氏(任玄女),6,0,15068,0,0,YP NewEpitaphID=120
138826,何相,He Xiang,587,587,645,0,何,相,6,0,400514,0,0,YP NewEpitaphID=121
138827,某綱,Mou Gang,560,560,614,0,,綱,5,0,14531,0,0,YP NewEpitaphID=122
138829,劉德,Liu De,550,550,645,0,劉,德,5,0,14816,0,0,YP NewEpitaphID=124
138830,班氏(班謙女),Ban Shi (Daughter of Ban Qian),598,598,646,1,班,氏(班謙女),6,0,400344,0,0,YP NewEpitaphID=125
138831,釋靜感,Shi Jinggan,582,582,646,0,釋,靜感,6,0,16699,0,0,YP NewEpitaphID=126
138832,左法,Zuo Fa,570,570,646,0,左,法,6,0,,0,0,YP NewEpitaphID=127
138833,釋大某雲,Shi Damouyun,583,,646,0,釋,大某雲,6,0,,0,0,YP NewEpitaphID=128
138834,楊德,Yang De,599,599,646,0,楊,德,6,0,14731,0,0,YP NewEpitaphID=129
138835,齊氏(齊某陁(齊氏父)女),Qi Shi (Daughter of Qi Mou Tuo ( Qi Shi Fu ) ),561,561,646,1,齊,氏(齊某陁(齊氏父)女),6,0,14950,0,0,YP NewEpitaphID=130
138836,尹貞,Yin Zhen,582,582,646,0,尹,貞,6,0,14490,0,0,YP NewEpitaphID=131
138837,李護,Li Hu,591,591,646,0,李,護,6,0,16699,0,0,YP NewEpitaphID=132
138838,魏文德,Wei Wende,586,586,646,0,魏,文德,6,0,14693,0,0,YP NewEpitaphID=133
138839,楊士達,Yang Shida,581,581,646,0,楊,士達,6,0,14525,0,0,YP NewEpitaphID=134
138840,餘當,Yu Dang,577,577,646,0,餘,當,6,0,14950,0,0,YP NewEpitaphID=135
138841,某忠,Mou Zhong,586,586,646,0,某,忠,6,0,400611,0,0,YP NewEpitaphID=136
138842,傅叔,Fu Shu,559,559,613,0,傅,叔,5,0,14627,0,0,YP NewEpitaphID=137
138843,孫佰悅,Sun Baiyue,547,,610,0,孫,佰悅,6,0,15212,0,0,YP NewEpitaphID=138
138844,馬氏(王某(馬氏夫)妻),Ma Shi (Wife of Wang Mou ( Ma Shi Fu ) ),581,581,646,1,馬,氏(王某(馬氏夫)妻),6,0,14540,0,0,YP NewEpitaphID=139
138845,某相,Mou Xiang,583,,646,0,,相,6,0,400402,0,0,YP NewEpitaphID=140
138846,段師,Duan Shi,571,571,645,0,段,師,6,0,14692,0,0,YP NewEpitaphID=141
138847,王才,Wang Cai,582,582,645,0,王,才,6,0,15054,0,0,YP NewEpitaphID=142
138848,李桀,Li Jie,586,586,636,0,李,桀,6,0,400467,0,0,YP NewEpitaphID=143
138850,某舉,Mou Ju,585,585,647,0,,舉,6,0,16165,0,0,YP NewEpitaphID=145
138851,元質,Yuan Zhi,577,577,647,0,元,質,6,0,14693,0,0,YP NewEpitaphID=146
138852,萬德,Wan De,577,577,647,0,萬,德,6,0,16699,0,0,YP NewEpitaphID=147
138853,孔長寧,Kong Changning,578,578,646,0,孔,長寧,6,0,400516,0,0,YP NewEpitaphID=148
138854,樂善文,Yue Shanwen,581,581,647,0,樂,善文,6,0,15513,0,0,YP NewEpitaphID=149
138855,劉氏(徐某(劉氏夫)妻),Liu Shi (Wife of Xu Mou ( Liu Shi Fu ) ),566,566,647,1,劉,氏(徐某(劉氏夫)妻),6,0,14692,0,0,YP NewEpitaphID=150
138856,向英,Xiang Ying,585,585,647,0,向,英,6,0,15170,0,0,YP NewEpitaphID=151
138857,某達,Mou Da,586,586,647,0,,達,6,0,14731,0,0,YP NewEpitaphID=152
138859,張育,Zhang Yu,552,,615,0,張,育,6,0,15209,0,0,YP NewEpitaphID=154
138860,趙昭,Zhao Zhao,549,549,615,0,趙,昭,5,0,16699,0,0,YP NewEpitaphID=155
138862,張行滿,Zhang Xingman,587,587,648,0,張,行滿,6,0,14693,0,0,YP NewEpitaphID=157
138863,丘蘊,Qiu Yun,582,582,648,0,丘,蘊,6,0,400419,0,0,YP NewEpitaphID=158
138864,命某,Ming Mou,587,587,648,0,命,某,6,0,400539,0,0,YP NewEpitaphID=159
138865,張通,Zhang Tong,577,577,648,0,張,通,6,0,15237,0,0,YP NewEpitaphID=160
138866,毛盛,Mao Sheng,581,581,648,0,毛,盛,6,0,14790,0,0,YP NewEpitaphID=161
138868,王朋顯,Wang Pengxian,588,588,648,0,王,朋顯,6,0,16765,0,0,YP NewEpitaphID=163
138869,某昉,Mou Fang,567,567,615,0,,昉,5,0,400467,0,0,YP NewEpitaphID=164
138870,霍寬,Huo Kuan,583,583,645,0,霍,寬,6,0,15315,0,0,YP NewEpitaphID=165
138871,辛衡卿,Xin Hengqing,556,556,605,0,辛,衡卿,5,0,16737,0,0,YP NewEpitaphID=166
138873,任道,Ren Dao,585,585,648,0,任,道,6,0,14692,0,0,YP NewEpitaphID=168
138874,宋榮,Song Rong,581,581,648,0,宋,榮,6,0,400038,0,0,YP NewEpitaphID=169
138875,賈昂,Jia Ang,577,577,648,0,賈,昂,6,0,15003,0,0,YP NewEpitaphID=170
138876,趙某,Zhao Mou,594,594,649,0,趙,某,6,0,400539,0,0,YP NewEpitaphID=171
138877,麴氏(麴某(麴氏父)女),Qu Shi (Daughter of Qu Mou ( Qu Shi Fu ) ),566,566,649,1,麴,氏(麴某(麴氏父)女),6,0,15237,487,0,YP NewEpitaphID=172
138878,關英,Guan Ying,594,594,649,0,關,英,6,0,400023,0,0,YP NewEpitaphID=173
138879,楊昭,Yang Zhao,578,578,649,0,楊,昭,6,0,400537,0,0,YP NewEpitaphID=174
138880,薛朗,Xue Lang,593,593,649,0,薛,朗,6,0,400351,0,0,YP NewEpitaphID=175
138881,張雲,Zhang Yun,588,588,649,0,張,雲,6,0,14531,0,0,YP NewEpitaphID=176
138882,禹藝,Yu Yi,594,594,649,0,禹,藝,6,0,15877,0,0,YP NewEpitaphID=177
138883,楊成其,Yang Chengqi,566,566,649,1,楊,成其,6,0,14525,0,0,YP NewEpitaphID=178
138884,李良,Li Liang,597,597,649,0,李,良,6,0,16737,0,0,YP NewEpitaphID=179
138886,張舒,Zhang Shu,574,574,649,0,張,舒,6,0,15809,0,0,YP NewEpitaphID=181
138888,某秀,Mou Xiu,597,597,649,0,,秀,6,0,14766,0,0,YP NewEpitaphID=183
138889,周仲隱,Zhou Zhongyin,581,581,649,0,周,仲隱,6,0,14693,0,0,YP NewEpitaphID=183_1
138890,侯雲,Hou Yun,556,,619,0,侯,雲,6,0,16699,0,0,YP NewEpitaphID=184
138891,董柱,Dong Zhu,591,591,649,0,董,柱,6,0,400539,0,0,YP NewEpitaphID=185
138892,斛斯達,Husi Da,596,596,649,0,斛斯,達,6,0,16737,0,0,YP NewEpitaphID=186
138893,李君絢,Li Junxuan,558,558,622,0,李,君絢,5,0,16765,0,0,YP NewEpitaphID=187
138897,史氏,Shi Shi,562,,618,1,史,氏,6,0,,0,0,YP NewEpitaphID=191
138898,張保守,Zhang Baoshou,557,,620,0,張,保守,6,0,,0,0,YP NewEpitaphID=193
138899,范法子,Fan Fazi,567,567,622,0,范,法子,6,0,,0,0,YP NewEpitaphID=194
138900,麴慶瑜,Qu Qingyu,558,558,622,0,麴,慶瑜,5,0,,487,0,YP NewEpitaphID=195
138901,張某,Zhang Mou,564,,627,0,張,某,6,0,,0,0,YP NewEpitaphID=196
138902,某某,Mou Mou,556,556,627,0,,,5,0,,0,0,YP NewEpitaphID=197
138903,馬某,Ma Mou,575,575,630,1,馬,某,6,0,,0,0,YP NewEpitaphID=198
138904,蘇氏(曹某(蘇氏夫)妻),Su Shi (Wife of Cao Mou ( Su Shi Fu ) ),568,568,631,1,蘇,氏(曹某(蘇氏夫)妻),6,0,,0,0,YP NewEpitaphID=199
138905,唐某,Tang Mou,555,555,631,0,唐,某,5,0,,0,0,YP NewEpitaphID=200
138907,麴延紹,Qu Yanshao,577,577,632,0,麴,延紹,6,0,,487,0,YP NewEpitaphID=202
138908,趙悅子,Zhao Yuezi,567,567,632,0,趙,悅子,6,0,,0,0,YP NewEpitaphID=203
138909,趙充賢,Zhao Chongxian,558,558,632,0,趙,充賢,5,0,,0,0,YP NewEpitaphID=204
138910,麴悅子,Qu Yuezi,569,,632,0,麴,悅子,6,0,,487,0,YP NewEpitaphID=205
138911,曹武宣,Cao Wuxuan,565,565,632,0,曹,武宣,6,0,,0,0,YP NewEpitaphID=206
138912,任阿慶,Ren Aqing,565,565,633,0,任,阿慶,6,0,,0,0,YP NewEpitaphID=207
138913,任法悅,Ren Fayue,588,588,634,0,任,法悅,6,0,16765,0,0,YP NewEpitaphID=208
138914,侯慶伯,Hou Qingbo,577,577,634,0,侯,慶伯,6,0,,0,0,YP NewEpitaphID=209
138915,唐阿朋,Tang Apeng,569,569,634,0,唐,阿朋,6,0,,0,0,YP NewEpitaphID=210
138916,王闍桂,Wang Shegui,565,565,636,0,王,闍桂,6,0,16765,0,0,YP NewEpitaphID=211
138917,某太景,Mou Taijing,585,585,636,1,,太景,6,0,16765,0,0,YP NewEpitaphID=212
138918,蘇某相,Su mouXiang,578,578,638,0,蘇,某相,6,0,,0,0,YP NewEpitaphID=213
138920,金行舉,Jin Xingju,582,582,650,0,金,行舉,6,0,16699,0,0,YP NewEpitaphID=215
138921,祁讓,Qi Rang,584,584,650,0,祁,讓,6,0,400539,0,0,YP NewEpitaphID=216
138922,樂達,Yue Da,588,588,650,0,樂,達,6,0,14692,0,0,YP NewEpitaphID=217
138923,段氏(段龍女),Duan Shi (Daughter of Duan Long),578,578,650,1,段,氏(段龍女),6,0,16699,0,0,YP NewEpitaphID=218
138924,某朋某,Mou Pengmou,585,585,650,0,某,朋某,6,0,16765,0,0,YP NewEpitaphID=219
138925,張鳳憐,Zhang Fenglian,583,583,650,0,張,鳳憐,6,0,15513,0,0,YP NewEpitaphID=220
138926,安諒,An Liang,551,,614,0,安,諒,6,0,14929,0,0,YP NewEpitaphID=221
138927,張寶,Zhang Bao,599,599,650,0,張,寶,6,0,14697,0,0,YP NewEpitaphID=222
138928,呂買,Lü Mai,583,583,650,0,呂,買,6,0,15014,0,0,YP NewEpitaphID=223
138929,毛文通,Mao Wentong,587,,650,0,毛,文通,6,0,14793,0,0,YP NewEpitaphID=224
138930,某藥,Mou Yao,586,586,650,0,,藥,6,0,14531,0,0,YP NewEpitaphID=225
138931,釋法珍,Shi Fazhen,587,,650,0,釋,法珍,6,0,,0,0,YP NewEpitaphID=226
138932,劉初,Liu Chu,560,560,617,0,劉,初,5,0,14816,0,0,YP NewEpitaphID=227
138933,傷大妃,Shang Dafei,570,570,651,1,傷,大妃,6,0,14490,0,0,YP NewEpitaphID=228
138934,支茂,Zhi Mao,576,576,651,0,支,茂,6,0,14512,0,0,YP NewEpitaphID=229
138935,潘卿,Pan Qing,575,575,651,0,潘,卿,6,0,16699,0,0,YP NewEpitaphID=230
138936,王順孫,Wang Shunsun,595,595,648,0,王,順孫,6,0,14492,0,0,YP NewEpitaphID=231
138937,許士端,Xu Shiduan,577,577,651,0,許,士端,6,0,14693,0,0,YP NewEpitaphID=232
138938,支彥,Zhi Yan,583,583,651,0,支,彥,6,0,16749,0,0,YP NewEpitaphID=233
138939,某才,Mou Cai,572,572,651,0,,才,6,0,15423,0,0,YP NewEpitaphID=234
138940,釋道雲,Shi Daoyun,588,,651,0,釋,道雲,6,0,,0,0,YP NewEpitaphID=235
138941,仇道,Chou Dao,559,559,631,0,仇,道,6,0,14546,0,0,YP NewEpitaphID=236
138942,郝榮,Hao Rong,577,577,648,0,郝,榮,6,0,15054,0,0,YP NewEpitaphID=237
138943,李敬,Li Jing,599,599,651,0,李,敬,6,0,16699,0,0,YP NewEpitaphID=238
138944,單信,Dan Xin,589,589,651,0,單,信,6,0,14692,0,0,YP NewEpitaphID=239
138945,張義,Zhang Yi,596,596,651,0,張,義,6,0,15513,0,0,YP NewEpitaphID=240
138946,蕭勝,Xiao Sheng,578,578,651,0,蕭,勝,6,0,14950,0,0,YP NewEpitaphID=241
138947,孫遷,Sun Qian,588,588,651,0,孫,遷,6,0,14693,0,0,YP NewEpitaphID=242
138948,楊藝,Yang Yi,582,582,651,0,楊,藝,6,0,14525,0,0,YP NewEpitaphID=243
138949,和姬,He Ji,562,562,651,1,和,姬,6,0,15119,0,0,YP NewEpitaphID=244
138950,楊仁方,Yang Renfang,592,592,649,0,楊,仁方,6,0,14731,0,0,YP NewEpitaphID=245
138951,某基,Mou Ji,599,599,648,0,,基,6,0,14525,0,0,YP NewEpitaphID=246
138952,唐阿深,Tang Ashen,597,597,651,1,唐,阿深,6,0,14716,0,0,YP NewEpitaphID=247
138953,姚潔,Yao Jie,579,579,651,1,姚,潔,6,0,14693,0,0,YP NewEpitaphID=248
138955,馬壽,Ma Shou,568,568,651,1,馬,壽,6,0,400537,0,0,YP NewEpitaphID=250
138956,馬忠,Ma Zhong,570,,633,0,馬,忠,6,0,14540,0,0,YP NewEpitaphID=251
138957,趙才,Zhao Cai,586,586,651,0,趙,才,6,0,14693,0,0,YP NewEpitaphID=252
138958,成公氏(張某(成公氏夫)妻),ChengGong Shi (Wife of Zhang Mou ( Cheng Gong Shi Fu ) ),598,598,651,1,成公,氏(張某(成公氏夫)妻),6,0,14780,0,0,YP NewEpitaphID=253
138959,申好,Shen Hao,589,589,652,1,申,好,6,0,15173,0,0,YP NewEpitaphID=254
138960,楊佰隴,Yang Bailong,588,588,652,0,楊,佰隴,6,0,14731,0,0,YP NewEpitaphID=255
138961,吳孝,Wu Xiao,582,582,652,0,吳,孝,6,0,400537,0,0,YP NewEpitaphID=256
138962,楊氏(楊威女),Yang Shi (Daughter of Yang Wei),580,580,652,1,楊,氏(楊威女),6,0,14525,0,0,YP NewEpitaphID=257
138963,李清,Li Qing,585,585,652,0,李,清,6,0,16737,0,0,YP NewEpitaphID=258
138964,鄭金,Zheng Jin,581,581,652,1,鄭,金,6,0,14790,0,0,YP NewEpitaphID=259
138965,皇甫德相,Huangfu Dexiang,579,579,652,0,皇甫,德相,6,0,400443,0,0,YP NewEpitaphID=260
138966,王宏,Wang Hong,587,587,652,0,王,宏,6,0,14955,0,0,YP NewEpitaphID=261
138967,秦進儀,Qin Jinyi,593,593,652,0,秦,進儀,6,0,16699,0,0,YP NewEpitaphID=262
138968,張萬善,Zhang Wanshan,598,598,652,0,張,萬善,6,0,14531,0,0,YP NewEpitaphID=263
138969,劉意,Liu Yi,589,589,617,0,劉,意,5,0,14816,0,0,YP NewEpitaphID=264
138971,王則,Wang Ze,555,555,626,0,王,則,5,0,15054,0,0,YP NewEpitaphID=266
138972,鄭滿,Zheng Man,585,585,652,0,鄭,滿,6,0,14788,0,0,YP NewEpitaphID=267
138973,趙安,Zhao An,581,581,617,0,趙,安,5,0,14692,0,0,YP NewEpitaphID=268
138974,顏瓌,Yan Gui,584,584,652,0,顏,瓌,6,0,400516,0,0,YP NewEpitaphID=269
138975,揚清,Yang Qing,584,584,632,0,揚,清,6,0,14693,0,0,YP NewEpitaphID=270
138976,魏德,Wei De,584,584,650,0,魏,德,6,0,15144,0,0,YP NewEpitaphID=271
138977,孫氏(孫叉女),Sun Shi (Daughter of Sun Cha),596,596,652,1,孫,氏(孫叉女),6,0,14693,0,0,YP NewEpitaphID=272
138979,段會,Duan Hui,594,594,652,0,段,會,6,0,14968,0,0,YP NewEpitaphID=274
138980,劉建,Liu Jian,553,553,612,0,劉,建,5,0,14819,0,0,YP NewEpitaphID=275
138981,索相兒,Suo Xianger,560,560,652,1,索,相兒,6,0,14693,0,0,YP NewEpitaphID=276
138983,閻志雄,Yan Zhixiong,589,,652,0,閻,志雄,6,0,400612,0,0,YP NewEpitaphID=278
138984,程寶安,Cheng Baoan,599,599,653,0,程,寶安,6,0,14697,0,0,YP NewEpitaphID=279
138985,張洛,Zhang Luo,588,588,653,0,張,洛,6,0,15513,0,0,YP NewEpitaphID=280
138986,劉普曜,Liu Puyao,561,561,639,0,劉,普曜,6,0,15391,0,0,YP NewEpitaphID=281
138988,梁有意,Liang Youyi,587,587,652,0,梁,有意,6,0,400343,0,0,YP NewEpitaphID=283
138989,王協,Wang Xie,596,596,653,0,王,協,6,0,14955,0,0,YP NewEpitaphID=284
138990,顏人,Yan Ren,551,551,625,0,顏,人,5,0,400516,0,0,YP NewEpitaphID=285
138994,安延,An Yan,560,560,643,0,安,延,6,0,15002,0,0,YP NewEpitaphID=289
138995,李智,Li Zhi,584,584,653,0,李,智,6,0,14693,0,0,YP NewEpitaphID=290
138996,邢仙姬,Xing Xianji,596,596,653,1,邢,仙姬,6,0,400539,0,0,YP NewEpitaphID=291
138998,甘朗,Gan Lang,586,586,653,0,甘,朗,6,0,15744,0,0,YP NewEpitaphID=293
138999,楊逸,Yang Yi,581,581,653,0,楊,逸,6,0,14525,0,0,YP NewEpitaphID=294
139003,劉攬,Liu Lan,571,571,653,0,劉,攬,6,0,14816,0,0,YP NewEpitaphID=298
139004,田氏(田伯女),Tian Shi (Daughter of Tian Bo),571,571,653,1,田,氏(田伯女),6,0,14490,0,0,YP NewEpitaphID=299
139005,曹氏(曹剛女),Cao Shi (Daughter of Cao Gang),594,594,653,1,曹,氏(曹剛女),6,0,14693,0,0,YP NewEpitaphID=300
139006,何盛,He Sheng,574,574,653,0,何,盛,6,0,14693,0,0,YP NewEpitaphID=301
139007,楊氏(楊樂女),Yang Shi (Daughter of Yang Le),596,596,653,1,楊,氏(楊樂女),6,0,14693,0,0,YP NewEpitaphID=302
139008,姜氏(姜伯女),Jiang Shi (Daughter of Jiang Bo),581,581,653,1,姜,氏(姜伯女),6,0,14694,0,0,YP NewEpitaphID=303
139009,張皎,Zhang Jiao,573,573,653,0,張,皎,6,0,14692,0,0,YP NewEpitaphID=304
139010,楊吳生,Yang Wusheng,576,576,640,0,楊,吳生,6,0,14693,0,0,YP NewEpitaphID=305
139011,張伯,Zhang Bo,564,564,653,1,張,伯,6,0,15513,0,0,YP NewEpitaphID=306
139012,段會,Duan Hui,594,594,652,0,段,會,6,0,14968,0,0,YP NewEpitaphID=307
139014,韓邏,Han Luo,593,593,653,0,韓,邏,6,0,14801,0,0,YP NewEpitaphID=309
139015,郭嘉,Guo Jia,590,590,653,0,郭,嘉,6,0,400539,0,0,YP NewEpitaphID=310
139016,華歆,Hua Xin,579,579,654,0,華,歆,6,0,400539,0,0,YP NewEpitaphID=311
139017,劉皆,Liu Jie,584,584,654,0,劉,皆,6,0,14816,0,0,YP NewEpitaphID=312
139018,王素,Wang Su,599,599,652,0,王,素,6,0,14955,0,0,YP NewEpitaphID=313
139019,趙摩,Zhao Mo,580,580,654,1,趙,摩,6,0,16699,0,0,YP NewEpitaphID=314
139020,王才,Wang Cai,592,592,654,0,王,才,6,0,400537,0,0,YP NewEpitaphID=315
139021,李信,Li Xin,578,578,654,0,李,信,6,0,16699,0,0,YP NewEpitaphID=316
139023,顏相,Yan Xiang,594,594,654,0,顏,相,6,0,14693,0,0,YP NewEpitaphID=318
139024,某隴,Mou Long,574,574,654,1,,隴,6,0,400537,0,0,YP NewEpitaphID=319
139025,某某,Mou Mou,589,589,637,0,,,6,0,14693,0,0,YP NewEpitaphID=320
139026,孫光,Sun Guang,591,591,653,1,孫,光,6,0,14692,0,0,YP NewEpitaphID=321
139027,苻肅,Fu Su,587,587,654,0,苻,肅,6,0,14692,0,0,YP NewEpitaphID=322
139028,成遠,Cheng Yuan,589,589,654,1,成,遠,6,0,14693,0,0,YP NewEpitaphID=323
139029,席泰,Xi Tai,590,590,653,0,席,泰,6,0,400443,0,0,YP NewEpitaphID=324
139030,姬推,Ji Tui,597,597,654,0,姬,推,6,0,400516,0,0,YP NewEpitaphID=325
139031,張琛,Zhang Chen,588,588,654,0,張,琛,6,0,14693,0,0,YP NewEpitaphID=326
139032,楊貴,Yang Gui,566,566,627,0,楊,貴,6,0,14525,0,0,YP NewEpitaphID=327
139033,韓懷,Han Huai,575,575,654,0,韓,懷,6,0,15423,0,0,YP NewEpitaphID=328
139034,韓通,Han Tong,566,566,644,0,韓,通,6,0,400539,0,0,YP NewEpitaphID=329
139035,金魏,Jin Wei,585,585,654,0,金,魏,6,0,14693,0,0,YP NewEpitaphID=330
139037,李強,Li Qiang,599,599,653,0,李,強,6,0,14692,0,0,YP NewEpitaphID=332
139038,效姬,Xiao Ji,564,564,655,1,效,姬,6,0,14693,0,0,YP NewEpitaphID=333
139039,王寬,Wang Kuan,582,582,654,0,王,寬,6,0,15054,0,0,YP NewEpitaphID=334
139040,沈士公,Shen Shigong,588,588,655,0,沈,士公,6,0,400419,0,0,YP NewEpitaphID=335
139041,房基,Fang Ji,594,594,654,0,房,基,6,0,15237,0,0,YP NewEpitaphID=336
139042,元勇,Yuan Yong,589,589,655,0,元,勇,6,0,14693,0,0,YP NewEpitaphID=337
139043,盧萬春,Lu Wanchun,573,573,620,0,盧,萬春,6,0,15381,0,0,YP NewEpitaphID=338
139044,趙仲子,Zhao Zhongzi,575,575,655,0,趙,仲子,6,0,14693,0,0,YP NewEpitaphID=339
139045,張湏摩,Zhang Minmo,573,573,655,1,張,湏摩,6,0,15513,0,0,YP NewEpitaphID=340
139046,王孝瑜,Wang Xiaoyu,582,582,655,0,王,孝瑜,6,0,15054,0,0,YP NewEpitaphID=341
139047,張才,Zhang Cai,588,588,655,0,張,才,6,0,14531,0,0,YP NewEpitaphID=342
139051,權開善,Quan Kaishan,580,580,655,0,權,開善,6,0,16699,0,0,YP NewEpitaphID=346
139052,趙勣,Zhao Ji,577,577,655,0,趙,勣,6,0,15035,0,0,YP NewEpitaphID=347
139056,王瑗達,Wang Yuanda,579,579,650,0,王,瑗達,6,0,14693,0,0,YP NewEpitaphID=351
139057,崔泰,Cui Tai,576,576,636,0,崔,泰,6,0,15285,0,0,YP NewEpitaphID=352
139059,韓遷,Han Qian,553,,616,0,韓,遷,6,0,14693,0,0,YP NewEpitaphID=354
139060,王惠,Wang Hui,553,553,607,0,王,惠,5,0,14955,0,0,YP NewEpitaphID=355
139062,郭氏(王某(郭氏夫)妻),Guo Shi (Wife of Wang Mou ( Guo Shi Fu ) ),586,586,655,1,郭,氏(王某(郭氏夫)妻),6,0,400539,0,0,YP NewEpitaphID=357
139063,劉妙姜,Liu Miaojiang,594,594,655,1,劉,妙姜,6,0,15053,0,0,YP NewEpitaphID=358
139064,徐漢,Xu Han,587,587,655,0,徐,漢,6,0,14911,0,0,YP NewEpitaphID=359
139065,徐君通,Xu Juntong,594,594,655,0,徐,君通,6,0,14816,0,0,YP NewEpitaphID=360
139066,高儼仁,Gao Yanren,589,589,655,0,高,儼仁,6,0,15311,0,0,YP NewEpitaphID=361
139068,蕭𫱮媄,Xiao Huimei,571,571,656,1,蕭,𫱮媄,6,0,400510,0,0,YP NewEpitaphID=363
139069,陰容,Yin Rong,576,576,656,1,陰,容,6,0,15053,0,0,YP NewEpitaphID=364
139070,任相住,Ren Xiangzhu,582,582,656,0,任,相住,6,0,16765,0,0,YP NewEpitaphID=365
139071,任某,Ren Mou,596,596,656,0,任,某,6,0,,0,0,YP NewEpitaphID=366
139073,張弘秀,Zhang Hongxiu,588,588,656,0,張,弘秀,6,0,14693,0,0,YP NewEpitaphID=368
139074,趙通,Zhao Tong,591,591,656,0,趙,通,6,0,14693,0,0,YP NewEpitaphID=369
139077,孟秤,Meng Cheng,597,597,656,1,孟,秤,6,0,400539,0,0,YP NewEpitaphID=372
139078,張肅,Zhang Su,585,585,656,1,張,肅,6,0,15513,0,0,YP NewEpitaphID=373
139079,韓玄,Han Xuan,588,588,656,0,韓,玄,6,0,15423,0,0,YP NewEpitaphID=374
139080,呂華,Lü Hua,570,570,656,1,呂,華,6,0,400539,0,0,YP NewEpitaphID=375
139081,車詵,Che Shen,585,585,656,0,車,詵,6,0,14692,0,0,YP NewEpitaphID=376
139083,張氏(張震女),Zhang Shi (Daughter of Zhang Zhen),574,574,656,1,張,氏(張震女),6,0,400537,0,0,YP NewEpitaphID=378
139084,趙肅,Zhao Su,594,594,656,0,趙,肅,6,0,16699,0,0,YP NewEpitaphID=379
139085,可那氏(張某(可那氏夫)妻),KeNa Shi (Wife of Zhang Mou ( Ke Na Shi Fu ) ),597,597,656,1,可那,氏(張某(可那氏夫)妻),6,0,14693,0,0,YP NewEpitaphID=380
139086,程雄,Cheng Xiong,599,599,648,0,程,雄,6,0,14692,0,0,YP NewEpitaphID=381
139087,王師感,Wang Shigan,599,599,656,0,王,師感,6,0,14696,0,0,YP NewEpitaphID=382
139088,張盛,Zhang Sheng,560,560,656,0,張,盛,6,0,14531,0,0,YP NewEpitaphID=383
139089,樂文義,Yue Wenyi,585,585,656,0,樂,文義,6,0,14693,0,0,YP NewEpitaphID=384
139091,程騭,Cheng Zhi,592,592,656,0,程,騭,6,0,400539,0,0,YP NewEpitaphID=386
139092,王卿,Wang Qing,559,559,607,0,王,卿,5,0,15054,0,0,YP NewEpitaphID=387
139094,某某,Mou Mou,589,589,657,0,,,6,0,,0,0,YP NewEpitaphID=389
139095,張才,Zhang Cai,581,581,657,0,張,才,6,0,14531,0,0,YP NewEpitaphID=390
139096,張伽,Zhang Ga,568,568,657,0,張,伽,6,0,14531,0,0,YP NewEpitaphID=391
139097,房高,Fang Gao,588,588,657,0,房,高,6,0,14692,0,0,YP NewEpitaphID=392
139098,杜文貢,Du Wengong,572,572,645,0,杜,文貢,6,0,400609,0,0,YP NewEpitaphID=393
139101,段秀,Duan Xiu,579,579,638,0,段,秀,6,0,14692,0,0,YP NewEpitaphID=396
139102,吳素,Wu Su,589,589,657,0,吳,素,6,0,15311,0,0,YP NewEpitaphID=397
139103,張相,Zhang Xiang,583,583,657,0,張,相,6,0,15513,0,0,YP NewEpitaphID=398
139105,王立,Wang Li,589,589,657,0,王,立,6,0,15054,0,0,YP NewEpitaphID=400
139108,緱綱,Gou Gang,597,597,657,0,緱,綱,6,0,14693,0,0,YP NewEpitaphID=403
139111,張氏(張定景女),Zhang Shi (Daughter of Zhang Ding Jing),597,597,657,1,張,氏(張定景女),6,0,14697,0,0,YP NewEpitaphID=406
139112,霍氏(霍遵女),Huo Shi (Daughter of Huo Zun),586,586,657,1,霍,氏(霍遵女),6,0,14692,0,0,YP NewEpitaphID=407
139114,孔玉,Kong Yu,572,572,657,1,孔,玉,6,0,14901,0,0,YP NewEpitaphID=409
139116,張貞,Zhang Zhen,580,580,657,0,張,貞,6,0,14531,0,0,YP NewEpitaphID=411
139117,張伽,Zhang Ga,569,569,657,0,張,伽,6,0,14692,0,0,YP NewEpitaphID=412
139118,韓政,Han Zheng,584,584,657,0,韓,政,6,0,15423,0,0,YP NewEpitaphID=413
139120,姚某,Yao Mou,585,585,657,0,姚,某,6,0,14692,0,0,YP NewEpitaphID=415
139121,李氏(李康女),Li Shi (Daughter of Li Kang),591,591,657,1,李,氏(李康女),6,0,15134,0,0,YP NewEpitaphID=416
139122,張士貴,Zhang Shigui,586,586,657,0,張,士貴,6,0,14731,0,0,YP NewEpitaphID=417
139123,某登寶,Mou Dengbao,576,576,657,0,,登寶,6,0,15230,0,0,YP NewEpitaphID=418
139124,支懷,Zhi Huai,581,581,657,0,支,懷,6,0,14693,0,0,YP NewEpitaphID=419
139125,安靜,An Jing,596,596,657,0,安,靜,6,0,14693,0,0,YP NewEpitaphID=420
139128,王段,Wang Duan,589,589,656,0,王,段,6,0,400539,0,0,YP NewEpitaphID=423
139129,高達,Gao Da,596,596,657,0,高,達,6,0,15311,0,0,YP NewEpitaphID=424
139130,慕容麗,Murong Li,593,593,657,1,慕容,麗,6,0,15209,0,0,YP NewEpitaphID=425
139134,劉某,Liu Mou,589,589,654,0,劉,某,6,0,14651,0,0,YP NewEpitaphID=429
139135,王氏(宋某(王氏夫)妻),Wang Shi (Wife of Song Mou ( Wang Shi Fu ) ),591,591,658,1,王,氏(宋某(王氏夫)妻),6,0,15054,0,0,YP NewEpitaphID=430
139137,徐德,Xu De,594,594,658,0,徐,德,6,0,14894,0,0,YP NewEpitaphID=432
139139,王法,Wang Fa,591,591,658,0,王,法,6,0,15054,0,0,YP NewEpitaphID=434
139143,某恆貴,Mou Henggui,585,585,658,0,,恆貴,6,0,14693,0,0,YP NewEpitaphID=438
139146,張端,Zhang Duan,595,595,658,1,張,端,6,0,15513,0,0,YP NewEpitaphID=441
139147,王公,Wang Gong,584,584,656,0,王,公,6,0,15053,0,0,YP NewEpitaphID=442
139148,楊道綱,Yang Daogang,592,592,656,0,楊,道綱,6,0,,0,0,YP NewEpitaphID=443
139149,王氏(王儜女),Wang Shi (Daughter of Wang Ning),599,599,658,1,王,氏(王儜女),6,0,15054,0,0,YP NewEpitaphID=444
139150,暴賢,Bao Xian,592,592,658,0,暴,賢,6,0,15118,0,0,YP NewEpitaphID=445
139151,宋義,Song Yi,592,592,642,0,宋,義,6,0,400038,0,0,YP NewEpitaphID=446
139152,張宷,Zhang Shen,593,593,658,1,張,宷,6,0,14693,0,0,YP NewEpitaphID=447
139155,薛忠,Xue Zhong,587,587,622,0,薛,忠,6,0,15003,0,0,YP NewEpitaphID=450
139156,霍萬,Huo Wan,590,590,658,0,霍,萬,6,0,14693,0,0,YP NewEpitaphID=451
139157,李氏(李通女),Li Shi (Daughter of Li Tong),581,581,658,1,李,氏(李通女),6,0,400537,0,0,YP NewEpitaphID=452
139158,成朗,Cheng Lang,596,596,659,0,成,朗,6,0,14880,0,0,YP NewEpitaphID=453
139159,楊士,Yang Shi,581,581,654,0,楊,士,6,0,14525,0,0,YP NewEpitaphID=454
139160,成願壽,Cheng Yuanshou,556,,619,0,成,願壽,6,0,,0,0,YP NewEpitaphID=455
139162,蘇娬,Su Wu,589,589,613,1,蘇,娬,5,0,400343,0,0,YP NewEpitaphID=457
139163,李某,Li Mou,583,583,638,0,李,某,6,0,14693,0,0,YP NewEpitaphID=458
139165,戴滿,Dai Man,598,598,659,1,戴,滿,6,0,14766,0,0,YP NewEpitaphID=460
139166,尉遲恭,Yuchi Gong,585,585,658,0,尉遲,恭,6,0,14693,0,0,YP NewEpitaphID=461
139167,張弘,Zhang Hong,592,592,659,0,張,弘,6,0,14691,0,0,YP NewEpitaphID=462
139168,王摩,Wang Mo,595,595,659,1,王,摩,6,0,15054,0,0,YP NewEpitaphID=463
139169,支懷,Zhi Huai,599,599,659,0,支,懷,6,0,14692,0,0,YP NewEpitaphID=464
139170,田通,Tian Tong,572,572,659,0,田,通,6,0,14693,0,0,YP NewEpitaphID=465
139171,萇氏(萇某(萇氏父)女),Chang Shi (Daughter of Chang Mou ( Chang Shi Fu ) ),581,581,659,1,萇,氏(萇某(萇氏父)女),6,0,14692,0,0,YP NewEpitaphID=466
139172,張義,Zhang Yi,586,586,659,0,張,義,6,0,15170,0,0,YP NewEpitaphID=467
139174,某某,Mou Mou,555,555,633,0,某,某,5,0,15791,0,0,YP NewEpitaphID=469
139176,楊媛,Yang Yuan,596,596,659,1,楊,媛,6,0,14692,0,0,YP NewEpitaphID=471
139179,董明,Dong Ming,573,573,650,0,董,明,6,0,16699,0,0,YP NewEpitaphID=473
139180,范信,Fan Xin,590,590,659,0,范,信,6,0,14852,0,0,YP NewEpitaphID=474
139182,路氏(徐某(路氏夫)妻),Lu Shi (Wife of Xu Mou ( Lu Shi Fu ) ),588,588,659,1,路,氏(徐某(路氏夫)妻),6,0,14692,0,0,YP NewEpitaphID=476
139183,安度,An Du,582,582,659,0,安,度,6,0,15976,0,0,YP NewEpitaphID=477
139186,段金,Duan Jin,580,580,659,1,段,金,6,0,15355,0,0,YP NewEpitaphID=480
139187,孟普,Meng Pu,598,598,659,0,孟,普,6,0,15301,0,0,YP NewEpitaphID=481
139188,張振,Zhang Zhen,599,599,659,0,張,振,6,0,15513,0,0,YP NewEpitaphID=482
139190,王進,Wang Jin,593,593,659,0,王,進,6,0,15053,0,0,YP NewEpitaphID=484
139193,袁客仁,Yuan Keren,577,577,659,1,袁,客仁,6,0,14809,0,0,YP NewEpitaphID=487
139196,樊寬,Fan Kuan,592,592,640,0,樊,寬,6,0,15003,0,0,YP NewEpitaphID=490
139197,宋豐,Song Feng,584,584,660,0,宋,豐,6,0,400537,0,0,YP NewEpitaphID=491
139199,劉延壽,Liu Yanshou,599,599,659,0,劉,延壽,6,0,15391,0,0,YP NewEpitaphID=493
139202,苗明,Miao Ming,586,586,659,0,苗,明,6,0,14797,0,0,YP NewEpitaphID=496
139203,趙軌,Zhao Gui,600,600,660,0,趙,軌,6,0,15513,0,0,YP NewEpitaphID=497
139205,王力士,Wang Lishi,574,574,634,0,王,力士,6,0,15054,0,0,YP NewEpitaphID=499
139208,解摩,Jie Mo,589,589,655,1,解,摩,6,0,14693,0,0,YP NewEpitaphID=502
139209,任德,Ren De,591,591,643,0,任,德,6,0,15841,0,0,YP NewEpitaphID=503
139211,常玉,Chang Yu,589,589,660,1,常,玉,6,0,15170,0,0,YP NewEpitaphID=505
139212,張懷文,Zhang Huaiwen,581,581,641,0,張,懷文,6,0,14693,0,0,YP NewEpitaphID=506
139213,韓氏(韓軌女),Han Shi (Daughter of Han Gui),589,589,660,1,韓,氏(韓軌女),6,0,14819,0,0,YP NewEpitaphID=507
139216,茹氏(茹代女),Ru Shi (Daughter of Ru Dai),590,590,660,1,茹,氏(茹代女),6,0,400537,0,0,YP NewEpitaphID=510
139217,魏某,Wei Mou,597,597,660,0,魏,某,6,0,400538,0,0,YP NewEpitaphID=511
139218,高德,Gao De,580,580,658,0,高,德,6,0,,0,0,YP NewEpitaphID=512
139219,封氏,Feng Shi,596,596,660,1,封,氏,6,0,15311,0,0,YP NewEpitaphID=513
139222,耿文訓,Geng Wenxun,590,590,660,0,耿,文訓,6,0,15144,0,0,YP NewEpitaphID=516
139225,祖忠,Zu Zhong,591,591,659,0,祖,忠,6,0,15385,0,0,YP NewEpitaphID=519
139226,許緒,Xu Xu,598,598,660,0,許,緒,6,0,15392,0,0,YP NewEpitaphID=520
139228,賈某,Jia Mou,586,586,659,0,賈,某,6,0,14693,0,0,YP NewEpitaphID=522
139229,某令賓,Mou Lingbin,580,580,660,0,某,令賓,6,16,400608,0,0,YP NewEpitaphID=523
139232,某琳,Mou Lin,582,582,661,0,,琳,6,0,14693,0,0,YP NewEpitaphID=526
139233,某詮,Mou Quan,598,598,660,0,,詮,6,0,15470,0,0,YP NewEpitaphID=527
139235,王敏,Wang Min,573,,636,0,王,敏,6,0,15054,0,0,YP NewEpitaphID=529
139237,由慶延,You Qingyan,583,583,658,0,由,慶延,6,0,,0,0,YP NewEpitaphID=531
139239,王寬,Wang Kuan,595,595,661,0,王,寬,6,0,14955,0,0,YP NewEpitaphID=533
139241,奇長,Qi Chang,596,596,661,0,奇,長,6,0,400611,0,0,YP NewEpitaphID=535
139242,王朗,Wang Lang,593,593,655,0,王,朗,6,0,15053,0,0,YP NewEpitaphID=536
139245,王孫,Wang Sun,600,600,661,0,王,孫,6,0,14694,0,0,YP NewEpitaphID=539
139246,譚二娘,Tan Erniang,583,583,661,1,譚,二娘,6,0,400344,0,0,YP NewEpitaphID=540
139247,宋虎,Song Hu,594,594,661,0,宋,虎,6,0,14693,0,0,YP NewEpitaphID=541
139248,斛斯師德,Husi Shide,597,597,650,0,斛斯,師德,6,0,14693,0,0,YP NewEpitaphID=542
139249,竹妙,Zhu Miao,599,599,661,1,竹,妙,6,0,400539,0,0,YP NewEpitaphID=543
139250,靖徹,Jing Che,587,587,661,0,靖,徹,6,0,14693,0,0,YP NewEpitaphID=544
139251,吳辯,Wu Bian,591,591,661,0,吳,辯,6,0,14693,0,0,YP NewEpitaphID=545
139252,張獎,Zhang Jiang,590,590,661,0,張,獎,6,0,15513,0,0,YP NewEpitaphID=546
139253,某某,Mou Mou,600,600,661,0,,,6,0,400344,0,0,YP NewEpitaphID=547
139255,房寶子,Fang Baozi,596,596,660,0,房,寶子,6,0,14693,0,0,YP NewEpitaphID=549
139256,郭壽,Guo Shou,597,597,661,0,郭,壽,6,0,15054,0,0,YP NewEpitaphID=550
139257,張士高,Zhang Shigao,559,,622,0,張,士高,6,16,15207,0,0,YP NewEpitaphID=551
139258,徐綜,Xu Zong,530,530,613,0,徐,綜,5,0,15134,0,0,YP NewEpitaphID=552
139259,張興,Zhang Xing,587,587,648,0,張,興,6,0,15513,0,0,YP NewEpitaphID=553
139260,張寶,Zhang Bao,574,574,638,0,張,寶,6,0,15513,0,0,YP NewEpitaphID=554
139263,李護,Li Hu,594,594,661,0,李,護,6,0,16737,0,0,YP NewEpitaphID=557
139264,某汪,Mou Wang,578,578,660,0,,汪,6,0,16737,0,0,YP NewEpitaphID=558
139265,王孝義,Wang Xiaoyi,596,596,661,0,王,孝義,6,0,15054,0,0,YP NewEpitaphID=559
139266,吳志,Wu Zhi,578,578,661,0,吳,志,6,0,14693,0,0,YP NewEpitaphID=560
139270,張伯通,Zhang Botong,578,578,662,0,張,伯通,6,0,14531,0,0,YP NewEpitaphID=564
139271,某某,Mou Mou,589,589,662,1,,,6,0,400537,0,0,YP NewEpitaphID=565
139273,董氏,Dong Shi,593,593,662,1,董,氏,6,0,400537,0,0,YP NewEpitaphID=567
139276,張禮,Zhang Li,581,581,631,0,張,禮,6,0,14693,0,0,YP NewEpitaphID=570
139277,索玄,Suo Xuan,589,589,642,0,索,玄,6,0,16753,0,0,YP NewEpitaphID=571
139281,王羅,Wang Luo,587,587,626,0,王,羅,6,0,15054,0,0,YP NewEpitaphID=575
139282,韓文,Han Wen,589,589,662,0,韓,文,6,0,14693,0,0,YP NewEpitaphID=576
139285,麴善岳,Qu Shanyue,584,584,662,0,麴,善岳,6,0,,487,0,YP NewEpitaphID=579
139286,毛姿臺,Mao Zitai,598,598,662,1,毛,姿臺,6,0,400605,0,0,YP NewEpitaphID=580
139287,袁相,Yuan Xiang,585,585,662,0,袁,相,6,0,14852,0,0,YP NewEpitaphID=581
139290,秦義,Qin Yi,585,585,632,0,秦,義,6,0,14692,0,0,YP NewEpitaphID=584
139291,周師,Zhou Shi,586,586,651,0,周,師,6,0,14854,0,0,YP NewEpitaphID=585
139294,王仁,Wang Ren,598,598,662,0,王,仁,6,0,15054,0,0,YP NewEpitaphID=588
139298,田君彥,Tian Junyan,600,600,663,0,田,君彥,6,0,14693,0,0,YP NewEpitaphID=592
139299,魏郎仁,Wei Langren,596,596,663,0,魏,郎仁,6,0,15144,0,0,YP NewEpitaphID=593
139302,唐沙,Tang Sha,581,581,663,0,唐,沙,6,0,14693,0,0,YP NewEpitaphID=596
139303,宗氏(宗太女),Zong Shi (Daughter of Zong Tai),591,591,663,1,宗,氏(宗太女),6,0,15513,0,0,YP NewEpitaphID=597
139306,蘭達,Lan Da,590,590,650,0,蘭,達,6,0,14693,0,0,YP NewEpitaphID=600
139307,常開,Chang Kai,594,594,663,0,常,開,6,0,14693,0,0,YP NewEpitaphID=601
139308,王楷,Wang Kai,590,590,663,0,王,楷,6,0,14693,0,0,YP NewEpitaphID=602
139309,皇甫某,HuangFu Mou,576,576,638,0,皇甫,某,6,0,400443,0,0,YP NewEpitaphID=603
139310,樊秀,Fan Xiu,583,583,651,0,樊,秀,6,0,15513,0,0,YP NewEpitaphID=604
139311,程氏(程嵩朗女),Cheng Shi (Daughter of Cheng Song Lang),588,588,662,1,程,氏(程嵩朗女),6,0,400038,0,0,YP NewEpitaphID=605
139319,張倫,Zhang Lun,599,599,681,0,張,倫,6,0,14693,0,0,YP NewEpitaphID=1054
139338,崔某,Cui Mou,590,590,686,0,崔,某,6,0,400538,0,0,YP NewEpitaphID=1073
139344,高夔,Gao Kui,586,,649,0,高,夔,6,0,15311,0,0,YP NewEpitaphID=1079
139349,寵德威,Chong Dewei,599,599,666,0,寵,德威,6,0,14766,0,0,YP NewEpitaphID=1084
139353,陳護,Chen Hu,574,574,674,0,陳,護,6,0,14819,0,0,YP NewEpitaphID=1088
139354,李善智,Li Shanzhi,584,584,652,0,李,善智,6,0,16699,0,0,YP NewEpitaphID=1089
139381,張雄,Zhang Xiong,584,584,633,0,張,雄,6,0,400605,0,0,YP NewEpitaphID=1117
139391,邢郭,Xing Guo,588,588,672,0,邢,郭,6,0,15391,0,0,YP NewEpitaphID=1127
139395,杜舉,Du Ju,587,587,641,0,杜,舉,6,0,,0,0,YP NewEpitaphID=1131
139401,封溫,Feng Wen,589,589,655,0,封,溫,6,0,15311,0,0,YP NewEpitaphID=611
139402,仵某,Wu Mou,596,596,663,0,仵,某,6,0,14694,0,0,YP NewEpitaphID=612
139403,趙氏(趙士政女),Zhao Shi (Daughter of Zhao Shi Zheng),594,594,663,1,趙,氏(趙士政女),6,0,400612,0,0,YP NewEpitaphID=613
139405,李英,Li Ying,589,589,662,0,李,英,6,0,16753,0,0,YP NewEpitaphID=615
139406,劉氏(劉仁崱女),Liu Shi (Daughter of Liu Ren Ze),587,587,663,1,劉,氏(劉仁崱女),6,0,15335,0,0,YP NewEpitaphID=616
139409,鄧威,Deng Wei,580,580,632,0,鄧,威,6,0,15993,0,0,YP NewEpitaphID=619
139410,張氏(桓琮妻),Zhang Shi (Wife of Huan Cong),594,594,662,1,張,氏(桓琮妻),6,0,14531,0,0,YP NewEpitaphID=620
139411,李辯,Li Bian,597,597,663,0,李,辯,6,0,16737,0,0,YP NewEpitaphID=621
139412,焦寶,Jiao Bao,593,593,664,0,焦,寶,6,0,14766,0,0,YP NewEpitaphID=622
139413,呂德,Lü De,584,584,650,0,呂,德,6,0,14880,0,0,YP NewEpitaphID=623
139415,李文,Li Wen,581,581,651,0,李,文,6,0,16699,0,0,YP NewEpitaphID=625
139416,邊師,Bian Shi,600,600,663,0,邊,師,6,0,14693,0,0,YP NewEpitaphID=626
139417,王才,Wang Cai,594,594,642,0,王,才,6,0,15054,0,0,YP NewEpitaphID=627
139421,某仁,Mou Ren,596,596,664,0,,仁,6,0,15513,0,0,YP NewEpitaphID=631
139422,康波密提慕至既,Kang Bomitimuzhiji,592,592,664,1,康,波密提慕至既,6,0,400537,0,0,YP NewEpitaphID=632
139423,宋璋,Song Zhang,582,582,653,0,宋,璋,6,0,14713,0,0,YP NewEpitaphID=633
139424,鮮於氏(王德妻),XianYu Shi (Wife of Wang De),600,600,664,1,鮮於,氏(王德妻),6,0,14692,0,0,YP NewEpitaphID=634
139425,皇甫璧,Huangfu Bi,592,592,664,0,皇甫,璧,6,0,14692,0,0,YP NewEpitaphID=635
139426,王玄,Wang Xuan,600,600,663,0,王,玄,6,0,14693,0,0,YP NewEpitaphID=636
139428,孟師,Meng Shi,595,595,664,0,孟,師,6,0,14950,0,0,YP NewEpitaphID=638
139429,梁秀,Liang Xiu,568,568,659,0,梁,秀,6,0,14695,0,0,YP NewEpitaphID=639
139430,段賾,Duan Ze,599,599,629,0,段,賾,6,0,16740,0,0,YP NewEpitaphID=640
139431,羅端,Luo Duan,586,586,664,0,羅,端,6,0,14693,0,0,YP NewEpitaphID=641
139432,喪弘毅,Sang Hongyi,588,588,662,0,喪,弘毅,6,0,400538,0,0,YP NewEpitaphID=642
139434,霍達,Huo Da,588,588,647,0,霍,達,6,0,15003,0,0,YP NewEpitaphID=644
139436,王君,Wang Jun,579,579,646,0,王,君,6,0,14955,0,0,YP NewEpitaphID=646
139439,邢𧦬,Xing Bian,589,589,664,0,邢,𧦬,6,0,15391,0,0,YP NewEpitaphID=649
139441,劉寶,Liu Bao,600,600,665,1,劉,寶,6,0,14816,0,0,YP NewEpitaphID=651
139442,李遠,Li Yuan,588,588,642,0,李,遠,6,0,14693,0,0,YP NewEpitaphID=652
139443,趙端,Zhao Duan,596,596,665,0,趙,端,6,0,14695,0,0,YP NewEpitaphID=653
139446,杜令姿,Du Lingzi,595,595,665,1,杜,令姿,6,0,14490,0,0,YP NewEpitaphID=656
139448,楊康,Yang Kang,516,516,585,0,楊,康,4,0,14525,0,0,YP NewEpitaphID=658
139453,某氏(九品亡宮),Mou Shi (Jiupinwanggong),591,591,665,1,某,氏(九品亡宮),6,0,,0,0,YP NewEpitaphID=663
139454,王相兒,Wang Xianger,583,583,665,1,王,相兒,6,0,15054,0,0,YP NewEpitaphID=664
139456,史信,Shi Xin,600,600,665,0,史,信,6,0,14525,0,0,YP NewEpitaphID=666
139459,杜醜,Du Chou,577,577,665,1,杜,醜,6,0,400609,0,0,YP NewEpitaphID=669
139461,賈信,Jia Xin,599,599,665,0,賈,信,6,0,14693,0,0,YP NewEpitaphID=671
139468,楊客僧,Yang Keseng,596,596,665,0,楊,客僧,6,0,14731,0,0,YP NewEpitaphID=678
139470,趙某,Zhao Mou,585,585,665,0,趙,某,6,0,14692,0,0,YP NewEpitaphID=680
139473,王宣,Wang Xuan,587,587,665,0,王,宣,6,0,15054,0,0,YP NewEpitaphID=683
139474,周氏(周弘女),Zhou Shi (Daughter of Zhou Hong),583,583,665,1,周,氏(周弘女),6,0,400405,0,0,YP NewEpitaphID=684
139475,田信,Tian Xin,581,581,665,1,田,信,6,0,400514,0,0,YP NewEpitaphID=685
139476,某君,Mou Jun,575,,638,0,,君,6,0,14693,0,0,YP NewEpitaphID=686
139477,馮貞,Feng Zhen,593,593,665,0,馮,貞,6,0,16738,0,0,YP NewEpitaphID=687
139478,張寬,Zhang Kuan,585,585,665,0,張,寬,6,0,14531,0,0,YP NewEpitaphID=688
139479,張仁,Zhang Ren,590,590,666,0,張,仁,6,0,14531,0,0,YP NewEpitaphID=689
139480,董師,Dong Shi,590,590,665,0,董,師,6,0,16737,0,0,YP NewEpitaphID=690
139484,楊達,Yang Da,584,584,654,0,楊,達,6,0,14731,0,0,YP NewEpitaphID=694
139489,趙宗,Zhao Zong,600,600,666,0,趙,宗,6,0,16699,0,0,YP NewEpitaphID=699
139490,來僧,Lai Seng,600,600,666,0,來,僧,6,0,14492,0,0,YP NewEpitaphID=700
139491,支郎子,Zhi Langzi,593,593,637,0,支,郎子,6,0,14692,0,0,YP NewEpitaphID=701
139492,某士端,Mou Shiduan,577,577,651,0,,士端,6,0,14692,0,0,YP NewEpitaphID=702
139495,梁氏(梁隆女),Liang Shi (Daughter of Liang Long),590,590,666,1,梁,氏(梁隆女),6,0,14693,0,0,YP NewEpitaphID=705
139496,張某,Zhang Mou,588,588,666,0,張,某,6,0,14531,0,0,YP NewEpitaphID=706
139499,陳才,Chen Cai,598,598,666,0,陳,才,6,0,14819,0,0,YP NewEpitaphID=709
139501,王道智,Wang Daozhi,593,593,658,0,王,道智,6,0,15053,0,0,YP NewEpitaphID=711
139503,董葵,Dong Kui,584,584,665,0,董,葵,6,0,14697,0,0,YP NewEpitaphID=713
139504,張爽,Zhang Shuang,584,584,667,0,張,爽,6,0,400539,0,0,YP NewEpitaphID=714
139505,楊元,Yang Yuan,581,581,667,0,楊,元,6,0,14693,0,0,YP NewEpitaphID=715
139511,張海,Zhang Hai,599,599,667,0,張,海,6,0,15237,0,0,YP NewEpitaphID=721
139513,董榮,Dong Rong,572,572,620,0,董,榮,6,0,16737,0,0,YP NewEpitaphID=723
139515,王端,Wang Duan,589,589,667,0,王,端,6,0,14693,0,0,YP NewEpitaphID=725
139516,張鬼,Zhang Gui,594,594,667,0,張,鬼,6,0,15237,0,0,YP NewEpitaphID=726
139518,王纂,Wang Zuan,598,598,650,0,王,纂,6,0,15054,0,0,YP NewEpitaphID=728
139519,王和,Wang He,589,589,667,0,王,和,6,0,15054,0,0,YP NewEpitaphID=729
139520,張仁,Zhang Ren,592,592,660,0,張,仁,6,0,15237,0,0,YP NewEpitaphID=730
139521,張善,Zhang Shan,575,,638,0,張,善,6,0,14693,0,0,YP NewEpitaphID=731
139522,靖千年,Jing Qiannian,570,570,636,0,靖,千年,6,0,15134,0,0,YP NewEpitaphID=732
139525,張某,Zhang Mou,578,,641,0,張,某,6,0,14693,0,0,YP NewEpitaphID=735
139527,許國,Xu Guo,598,598,667,0,許,國,6,0,14693,0,0,YP NewEpitaphID=737
139528,李弘,Li Hong,593,593,658,0,李,弘,6,0,16699,0,0,YP NewEpitaphID=738
139533,張朗,Zhang Lang,586,586,635,0,張,朗,6,0,15170,0,0,YP NewEpitaphID=743
139535,張彥,Zhang Yan,583,583,623,0,張,彥,6,0,15170,0,0,YP NewEpitaphID=745
139537,靖徹,Jing Che,580,580,642,0,靖,徹,6,0,15157,0,0,YP NewEpitaphID=747
139538,張曜,Zhang Yao,593,593,668,1,張,曜,6,0,,0,0,YP NewEpitaphID=748
139544,李文,Li Wen,598,598,668,0,李,文,6,0,16737,0,0,YP NewEpitaphID=754
139545,張願,Zhang Yuan,591,591,668,0,張,願,6,0,15513,0,0,YP NewEpitaphID=755
139547,王贊,Wang Zan,589,,652,0,王,贊,6,0,15054,0,0,YP NewEpitaphID=757
139548,牛氏(牛善女),Niu Shi (Daughter of Niu Shan),598,598,668,1,牛,氏(牛善女),6,0,14693,0,0,YP NewEpitaphID=758
139549,李政,Li Zheng,594,594,668,0,李,政,6,0,16699,0,0,YP NewEpitaphID=759
139552,李泰,Li Tai,594,594,665,0,李,泰,6,0,16699,0,0,YP NewEpitaphID=762
139555,孫君,Sun Jun,597,597,668,0,孫,君,6,0,400538,0,0,YP NewEpitaphID=765
139557,李爽,Li Shuang,593,593,668,0,李,爽,6,0,16699,0,0,YP NewEpitaphID=767
139562,范彥,Fan Yan,598,598,669,0,范,彥,6,0,14692,0,0,YP NewEpitaphID=772
139563,王氏(楊義妻),Wang Shi (Wife of Yang Yi),596,596,669,1,王,氏(楊義妻),6,0,14499,0,0,YP NewEpitaphID=773
139564,李氏(李某(李氏夫)妻),Li Shi (Wife of Li Mou ( Li Shi Fu ) ),595,595,669,1,李,氏(李某(李氏夫)妻),6,0,15054,0,0,YP NewEpitaphID=774
139565,趙氏,Zhao Shi,587,587,669,1,趙,氏,6,0,14693,0,0,YP NewEpitaphID=775
139571,曹德,Cao De,575,575,649,0,曹,德,6,0,14766,0,0,YP NewEpitaphID=781
139572,趙義,Zhao Yi,591,591,667,0,趙,義,6,0,400539,0,0,YP NewEpitaphID=782
139575,上官義,Shangguan Yi,597,597,667,0,上官,義,6,0,16699,0,0,YP NewEpitaphID=785
139580,張文母,Zhang Wenmu,587,587,670,1,張,文母,6,0,15384,0,0,YP NewEpitaphID=790
139582,劉德閏,Liu Derun,598,598,670,0,劉,德閏,6,0,14816,0,0,YP NewEpitaphID=792
139584,劉德師,Liu Deshi,587,587,669,0,劉,德師,6,0,14816,0,0,YP NewEpitaphID=794
139585,劉朗,Liu Lang,599,599,670,0,劉,朗,6,0,400537,0,0,YP NewEpitaphID=795
139588,楊湯,Yang Tang,585,585,659,0,楊,湯,6,0,14693,0,0,YP NewEpitaphID=798
139589,樂達,Yue Da,590,590,670,0,樂,達,6,0,15513,0,0,YP NewEpitaphID=799
139591,索行,Suo Xing,598,598,670,0,索,行,6,0,14693,0,0,YP NewEpitaphID=801
139592,庫狄通,Kudi Tong,588,588,670,0,庫狄,通,6,0,400612,0,0,YP NewEpitaphID=802
139593,趙氏(趙業女),Zhao Shi (Daughter of Zhao Ye),595,595,670,1,趙,氏(趙業女),6,0,14693,0,0,YP NewEpitaphID=803
139595,蓋蕃,Gai Fan,589,589,669,0,蓋,蕃,6,0,14902,0,0,YP NewEpitaphID=805
139597,某碩,Mou Shuo,596,596,670,0,,碩,6,0,400038,0,0,YP NewEpitaphID=807
139598,王君德,Wang Junde,592,592,670,0,王,君德,6,0,15053,0,0,YP NewEpitaphID=808
139599,趙德令,Zhao Deling,591,591,656,0,趙,德令,6,0,400612,0,0,YP NewEpitaphID=809
139600,呂道,Lü Dao,598,598,670,0,呂,道,6,0,14697,0,0,YP NewEpitaphID=810
139602,朱通,Zhu Tong,598,598,649,0,朱,通,6,0,400405,0,0,YP NewEpitaphID=812
139603,樂玄,Yue Xuan,586,586,652,0,樂,玄,6,0,15513,0,0,YP NewEpitaphID=813
139605,段瑋,Duan Wei,599,599,670,0,段,瑋,6,0,16740,0,0,YP NewEpitaphID=815
139607,王婉,Wang Wan,591,591,670,1,王,婉,6,0,15054,0,0,YP NewEpitaphID=817
139608,張曉,Zhang Xiao,569,569,618,0,張,曉,6,0,,0,0,YP NewEpitaphID=818
139618,王智,Wang Zhi,596,596,671,1,王,智,6,0,15054,0,0,YP NewEpitaphID=828
139622,劉盛,Liu Sheng,598,598,669,0,劉,盛,6,0,14731,0,0,YP NewEpitaphID=832
139629,張祖,Zhang Zu,578,578,671,0,張,祖,6,0,14531,0,0,YP NewEpitaphID=839
139630,康武通,Kang Wutong,585,585,649,0,康,武通,6,0,15054,0,0,YP NewEpitaphID=840
139632,王逸,Wang Yi,549,549,618,0,王,逸,5,0,15054,0,0,YP NewEpitaphID=842
139636,尹達,Yin Da,590,590,648,0,尹,達,6,0,15286,0,0,YP NewEpitaphID=846
139637,封泰,Feng Tai,596,596,671,0,封,泰,6,0,15311,0,0,YP NewEpitaphID=847
139639,嚴朗,Yan Lang,578,,641,0,嚴,朗,6,0,400612,0,0,YP NewEpitaphID=850
139642,陳恭,Chen Gong,590,590,672,1,陳,恭,6,0,400539,0,0,YP NewEpitaphID=853
139646,郭遷,Guo Qian,574,574,672,0,郭,遷,6,0,15054,0,0,YP NewEpitaphID=857
139647,李子如,Li Ziru,594,594,672,0,李,子如,6,0,16737,0,0,YP NewEpitaphID=858
139648,費胤斌,Fei Yinbin,590,590,672,0,費,胤斌,6,0,15852,0,0,YP NewEpitaphID=859
139651,畢粹,Bi Cui,590,590,672,0,畢,粹,6,0,14880,0,0,YP NewEpitaphID=862
139652,慕容三藏,Murong Sanzang,546,546,613,0,慕容,三藏,5,0,400538,0,0,YP NewEpitaphID=863
139655,朱遠,Zhu Yuan,598,598,672,0,朱,遠,6,0,14504,0,0,YP NewEpitaphID=866
139656,某廉,Mou Lian,585,585,672,0,,廉,6,0,15119,0,0,YP NewEpitaphID=867
139658,侯氏(侯華女),Hou Shi (Daughter of Hou Hua),596,596,672,1,侯,氏(侯華女),6,0,400611,0,0,YP NewEpitaphID=869
139659,王氏(王珍女),Wang Shi (Daughter of Wang Zhen),593,593,673,1,王,氏(王珍女),6,0,15054,0,0,YP NewEpitaphID=870
139666,曹澄,Cao Cheng,594,594,673,0,曹,澄,6,0,14766,0,0,YP NewEpitaphID=877
139669,楊晟,Yang Sheng,576,576,659,0,楊,晟,6,0,400537,0,0,YP NewEpitaphID=880
139670,王儉,Wang Jian,599,599,637,0,王,儉,6,0,15054,0,0,YP NewEpitaphID=881
139671,張傑,Zhang Jie,581,581,647,0,張,傑,6,0,14693,0,0,YP NewEpitaphID=882
139673,董仁,Dong Ren,600,600,673,0,董,仁,6,0,16737,0,0,YP NewEpitaphID=884
139675,任某,Ren Mou,594,594,673,0,任,某,6,0,14693,0,0,YP NewEpitaphID=886
139676,侯彪,Hou Biao,589,589,644,0,侯,彪,6,0,400611,0,0,YP NewEpitaphID=887
139677,王則,Wang Ze,589,589,641,0,王,則,6,0,15054,0,0,YP NewEpitaphID=888
139693,孟運,Meng Yun,591,591,676,0,孟,運,6,0,14693,0,0,YP NewEpitaphID=904
139695,蔡君長,Cai Junchang,582,582,677,0,蔡,君長,6,0,14750,0,0,YP NewEpitaphID=906
139696,杜行寶,Du Xingbao,485,485,566,0,杜,行寶,4,0,,0,0,YP NewEpitaphID=907
139698,賈整,Jia Zheng,590,590,644,0,賈,整,6,0,15993,0,0,YP NewEpitaphID=909
139701,曹氏(曹毗沙女),Cao Shi (Daughter of Cao Pi Sha),593,593,677,1,曹,氏(曹毗沙女),6,0,14766,0,0,YP NewEpitaphID=912
139702,某元,Mou Yuan,577,577,631,0,,元,6,0,15119,0,0,YP NewEpitaphID=913
139703,王氏(王宣女),Wang Shi (Daughter of Wang Xuan),594,594,677,1,王,氏(王宣女),6,0,14955,0,0,YP NewEpitaphID=914
139705,周廣,Zhou Guang,589,589,661,0,周,廣,6,0,14852,0,0,YP NewEpitaphID=916
139710,某氏,Mou Shi,597,597,678,1,某,氏,6,0,400538,0,0,YP NewEpitaphID=921
139711,王式,Wang Shi,580,580,648,0,王,式,6,0,14955,0,0,YP NewEpitaphID=922
139715,王強,Wang Qiang,594,594,678,0,王,強,6,0,15054,0,0,YP NewEpitaphID=926
139717,楊神威,Yang Shenwei,596,596,678,0,楊,神威,6,0,14693,0,0,YP NewEpitaphID=928
139718,王文曉,Wang Wenxiao,596,596,678,0,王,文曉,6,0,15054,0,0,YP NewEpitaphID=929
139726,王留生,Wang Liusheng,600,600,674,0,王,留生,6,0,15054,0,0,YP NewEpitaphID=937
139733,樂玉,Yue Yu,588,588,648,0,樂,玉,6,0,14693,0,0,YP NewEpitaphID=944
139737,元仁師,Yuan Renshi,597,597,646,0,元,仁師,6,0,14693,0,0,YP NewEpitaphID=948
139738,張曄,Zhang Ye,576,576,661,0,張,曄,6,0,14531,0,0,YP NewEpitaphID=949
139740,某宮,Mou Gong,593,593,675,0,,宮,6,0,,0,0,YP NewEpitaphID=951
139741,朱憲,Zhu Xian,597,597,663,0,朱,憲,6,0,14693,0,0,YP NewEpitaphID=952
139742,管深,Guan Shen,598,598,666,0,管,深,6,0,400553,0,0,YP NewEpitaphID=953
139747,羅甑生,Luo Zengsheng,596,596,659,0,羅,甑生,6,0,400537,0,0,YP NewEpitaphID=958
139749,杜秀,Du Xiu,577,577,636,0,杜,秀,6,0,15252,0,0,YP NewEpitaphID=960
139751,馬珍,Ma Zhen,572,572,657,0,馬,珍,6,0,400527,0,0,YP NewEpitaphID=962
139767,蕭氏(蕭瑀女),Xiao Shi (Daughter of Xiao Yu),599,599,672,1,蕭,氏(蕭瑀女),6,0,400510,0,0,YP NewEpitaphID=978
139772,王某,Wang Mou,598,598,681,0,王,某,6,0,14693,0,0,YP NewEpitaphID=983
139774,康杴,Kang Xian,592,592,656,0,康,杴,6,0,14692,0,0,YP NewEpitaphID=985
139777,張某,Zhang Mou,598,598,681,0,張,某,6,0,14531,0,0,YP NewEpitaphID=988
139785,李聞禮,Li Wenli,600,600,682,0,李,聞禮,6,0,16699,0,0,YP NewEpitaphID=996
139805,張懿,Zhang Yi,599,599,678,0,張,懿,6,0,15237,0,0,YP NewEpitaphID=1016
139811,孫義普,Sun Yipu,583,583,675,0,孫,義普,6,0,14508,0,0,YP NewEpitaphID=1022
139818,王岐,Wang Qi,590,590,644,0,王,岐,6,0,14692,0,0,YP NewEpitaphID=1029
139826,某某,Mou Mou,600,600,684,0,,,6,0,,0,0,YP NewEpitaphID=1037
139869,申屠寶,Shentu Bao,594,594,664,0,申屠,寶,6,0,14621,0,0,YP NewEpitaphID=1166
139885,梁玄敏,Liang Xuanmin,586,586,644,0,梁,玄敏,6,0,400443,0,0,YP NewEpitaphID=1182
139894,陳察,Chen Cha,576,576,620,0,陳,察,6,0,400419,0,0,YP NewEpitaphID=1191
139962,蕭遇,Xiao Yu,597,597,692,0,蕭,遇,6,0,,0,0,YP NewEpitaphID=1217
139967,齊朗,Qi Lang,594,594,671,0,齊,朗,6,0,15391,0,0,YP NewEpitaphID=1222
139989,王定,Wang Ding,581,581,669,0,王,定,6,0,14955,0,0,YP NewEpitaphID=1244
140090,王氏(王子忠女),Wang Shi (Daughter of Wang Zi Zhong),591,591,682,1,王,氏(王子忠女),6,0,14955,0,0,YP NewEpitaphID=1346
140208,陸某,Lu Mou,599,599,683,0,陸,某,6,23,14693,0,0,YP NewEpitaphID=1466
140385,孟晟,Meng Sheng,588,,,0,孟,晟,6,0,400607,0,0,YP NewEpitaphID=1687
140413,孫安,Sun An,599,599,671,0,孫,安,6,0,14693,0,0,YP NewEpitaphID=1715
140609,朱信,Zhu Xin,595,595,654,0,朱,信,6,0,14819,0,0,YP NewEpitaphID=1818
142214,某某,Mou Mou,584,584,617,1,,,5,0,14492,0,0,YP NewEpitaphID=3539
142216,趙意,Zhao Yi,566,566,626,0,趙,意,6,0,15501,0,0,YP NewEpitaphID=3541
142217,高氏(高世達女),Gao Shi (Daughter of Gao Shi Da),597,597,626,1,高,氏(高世達女),6,0,15311,0,0,YP NewEpitaphID=3542
142218,張武嵩,Zhang Wusong,557,,620,0,張,武嵩,6,0,,0,0,YP NewEpitaphID=3543
142219,氾法濟,Fan Faji,557,,620,0,氾,法濟,6,0,,0,0,YP NewEpitaphID=3544
142220,張鼻兒,Zhang Bier,557,,620,0,張,鼻兒,6,0,16753,0,0,YP NewEpitaphID=3545
142221,張阿貭兒,Zhang Azhier,557,,620,0,張,阿貭兒,6,0,16753,0,0,YP NewEpitaphID=3546
142222,嚴道高,Yan Daogao,557,,620,0,嚴,道高,6,0,,0,0,YP NewEpitaphID=3547
142223,張仲慶,Zhang Zhongqing,558,558,620,0,張,仲慶,5,0,,0,0,YP NewEpitaphID=3548
142224,張弘震,Zhang Hongzhen,546,546,621,0,張,弘震,5,0,,0,0,YP NewEpitaphID=3549
142225,傅僧邴,Fu Sengbing,558,,621,0,傅,僧邴,6,0,,0,0,YP NewEpitaphID=3550
142226,張娥子,Zhang Ezi,574,,630,1,張,娥子,6,0,14692,0,0,YP NewEpitaphID=3551
142227,囗諒,Mou Liang,576,576,631,0,,諒,6,0,15395,0,0,YP NewEpitaphID=3552
142228,丁氏,Ding Shi,562,562,631,1,丁,氏,6,0,15691,0,0,YP NewEpitaphID=3553
142229,李立言,Li Liyan,582,582,631,0,李,立言,6,0,15311,0,0,YP NewEpitaphID=3554
142231,趙路,Zhao Lu,546,546,617,0,趙,路,5,0,,0,0,YP NewEpitaphID=3556
142232,孟公行,Meng Gongxing,558,558,632,0,孟,公行,5,0,400607,0,0,YP NewEpitaphID=3557
142233,耿士隆,Geng Shilong,567,,630,0,耿,士隆,6,0,15053,0,0,YP NewEpitaphID=3558
142234,楊業洛,Yang Yeluo,574,574,633,0,楊,業洛,6,0,14525,0,0,YP NewEpitaphID=3559
142235,徐彪,Xu Biao,542,542,599,0,徐,彪,5,0,15134,0,0,YP NewEpitaphID=3560
142236,張秀,Zhang Xiu,588,588,635,0,張,秀,6,0,15419,0,0,YP NewEpitaphID=3561
142237,彭師德,Peng Shide,580,580,635,0,彭,師德,6,0,14693,0,0,YP NewEpitaphID=3562
142239,蔣合,Jiang He,571,,634,0,蔣,合,6,0,14693,0,0,YP NewEpitaphID=3564
142240,宋行,Song Xing,597,597,635,0,宋,行,6,0,400038,0,0,YP NewEpitaphID=3565
142242,竇娘子,Dou Niangzi,553,553,632,1,竇,娘子,5,0,400514,0,0,YP NewEpitaphID=3567
142243,徐謩,Xu Mo,565,565,636,0,徐,謩,6,0,15134,0,0,YP NewEpitaphID=3568
142244,趙隆,Zhao Long,585,585,638,0,趙,隆,6,0,400402,0,0,YP NewEpitaphID=3569
142245,蔡氏(蕭琮妻),Cai Shi (Wife of Xiao Cong),583,,639,1,蔡,氏(蕭琮妻),6,0,,0,0,YP NewEpitaphID=3570
142246,楊溫,Yang Wen,568,568,639,0,楊,溫,6,0,14525,0,0,YP NewEpitaphID=3571
142247,賈永究,Jia Yongjiu,564,564,640,0,賈,永究,6,0,,0,0,YP NewEpitaphID=3572
142248,張子慶,Zhang Ziqing,566,566,640,0,張,子慶,6,0,,0,0,YP NewEpitaphID=3573
142249,陳感意,Chen Ganyi,577,,640,0,陳,感意,6,0,15068,0,0,YP NewEpitaphID=3574
142250,王靈仙,Wang Lingxian,591,591,641,0,王,靈仙,6,0,15053,0,0,YP NewEpitaphID=3575
142251,夏白兒,Xia Baier,565,565,642,0,夏,白兒,6,0,,0,0,YP NewEpitaphID=3576
142252,麴氏,Qu Shi,586,,642,1,麴,氏,6,0,,487,0,YP NewEpitaphID=3577
142253,張難陀,Zhang Nantuo,568,568,642,0,張,難陀,6,0,,0,0,YP NewEpitaphID=3578
142254,左氏(嚴懷保妻),Zuo Shi (Wife of Yan Huai Bao),598,598,642,1,左,氏(嚴懷保妻),6,0,,0,0,YP NewEpitaphID=3579
142255,釋智某,Shi Zhimou,579,,642,0,釋,智某,6,0,,0,0,YP NewEpitaphID=3580
142257,曹氏,Cao Shi,586,,642,1,曹,氏,6,0,,0,0,YP NewEpitaphID=3582
142258,李紹,Li Shao,586,586,642,0,李,紹,6,0,16699,0,0,YP NewEpitaphID=3583
142259,麴法臺,Qu Fatai,577,577,642,1,麴,法臺,6,0,,487,0,YP NewEpitaphID=3584
142260,綦母氏(綦母賾女),QiMu Shi (Daughter of Qi Mu Ze),587,,643,1,綦母,氏(綦母賾女),6,0,16749,0,0,YP NewEpitaphID=3585
142262,劉氏(張才信妻),Liu Shi (Wife of Zhang Cai Xin),587,,643,1,劉,氏(張才信妻),6,0,,0,0,YP NewEpitaphID=3587
142263,某德備,Mou Debei,581,581,618,0,,德備,6,0,16655,0,0,YP NewEpitaphID=3588
142264,劉氏,Liu Shi,570,570,643,1,劉,氏,6,0,14504,0,0,YP NewEpitaphID=3589
142265,楊十戒,Yang Shijie,587,587,644,1,楊,十戒,6,0,14525,0,0,YP NewEpitaphID=3590
142266,王愕,Wang E,595,595,645,0,王,愕,6,0,,0,0,YP NewEpitaphID=3591
142267,張海伯,Zhang Haibo,579,579,645,0,張,海伯,6,0,400605,0,0,YP NewEpitaphID=3592
142268,王凝華,Wang Ninghua,569,569,646,1,王,凝華,6,0,15054,0,0,YP NewEpitaphID=3593
142269,劉相,Liu Xiang,566,566,646,0,劉,相,6,0,14490,0,0,YP NewEpitaphID=3594
142271,釋明歆,Shi Minxin,572,572,646,0,釋,明歆,6,0,,0,0,YP NewEpitaphID=3596
142272,張延衡,Zhang Yanheng,565,565,646,0,張,延衡,6,0,,0,0,YP NewEpitaphID=3597
142273,薛賾,Xue Ze,583,,646,0,薛,賾,6,0,15872,0,0,YP NewEpitaphID=3598
142274,樂某,Yue Mou,548,548,646,0,樂,某,5,0,15393,0,0,YP NewEpitaphID=3599
142275,李思摩,Li Simo,581,581,645,0,李,思摩,6,0,,0,0,YP NewEpitaphID=3600
142278,延陁氏(延陁區利支達官女),YanTuo Shi (Daughter of Yan Tuo Qu Li Zhi Da Guan),592,592,647,1,延陁,氏(延陁區利支達官女),6,0,,0,0,YP NewEpitaphID=3603
142279,武悅,Wu Yue,580,580,647,0,武,悅,6,0,,0,0,YP NewEpitaphID=3604
142283,王歡岳,Wang Huanyue,582,582,648,0,王,歡岳,6,0,,0,0,YP NewEpitaphID=3608
142284,某氏(張子慶妻),Mou Shi (Wife of Zhang Ziqing),570,570,648,1,某,氏(張子慶妻),6,0,,0,0,YP NewEpitaphID=3609
142307,劉媚,Liu Mei,592,592,630,1,劉,媚,6,0,,0,0,YP NewEpitaphID=4072
142308,柳行滿,Liu Xingman,581,581,659,0,柳,行滿,6,0,,0,0,YP NewEpitaphID=4073
142351,李某,Li Mou,576,576,669,0,李,某,6,0,,0,0,YP NewEpitaphID=4116
142375,王某,Wang Mou,587,587,649,0,王,某,6,0,,0,0,YP NewEpitaphID=4142
142382,崔震,Cui Zhen,558,,621,0,崔,震,6,0,15285,0,0,YP NewEpitaphID=3612
142383,馬叡,Ma Rui,584,584,649,0,馬,叡,6,0,15170,0,0,YP NewEpitaphID=3613
142384,楊敏,Yang Min,595,595,643,0,楊,敏,6,0,14731,0,0,YP NewEpitaphID=3614
142387,劉文,Liu Wen,567,567,649,0,劉,文,6,0,14816,0,0,YP NewEpitaphID=3617
142388,燕明,Yan Ming,584,584,648,0,燕,明,6,0,14692,0,0,YP NewEpitaphID=3618
142391,蔡氏(蕭倧妻),Cai Shi (Wife of Xiao Zong),584,,640,1,蔡,氏(蕭倧妻),6,0,,0,0,YP NewEpitaphID=3621
142392,釋明歆,Shi Minxin,566,566,640,0,釋,明歆,6,0,,0,0,YP NewEpitaphID=3622
142393,唐氏,Tang Shi,569,,625,1,唐,氏,6,0,,0,0,YP NewEpitaphID=3623
142394,范宗某,Fan Zongmou,529,529,626,0,范,宗某,5,0,,0,0,YP NewEpitaphID=3624
142395,某某,Mou Mou,563,563,626,0,,,6,0,,0,0,YP NewEpitaphID=3625
142396,王保謙,Wang Baoqian,566,566,628,0,王,保謙,6,0,,0,0,YP NewEpitaphID=3626
142397,王伯瑜,Wang Boyu,557,557,628,0,王,伯瑜,5,0,,0,0,YP NewEpitaphID=3627
142398,賈容兒,Jia Ronger,570,,633,0,賈,容兒,6,0,,0,0,YP NewEpitaphID=3628
142399,氾延憙,Fan Yanxi,595,595,634,0,氾,延憙,6,0,16765,0,0,YP NewEpitaphID=3629
142400,張善哲,Zhang Shanzhe,562,562,635,0,張,善哲,6,0,,0,0,YP NewEpitaphID=3630
142402,夏相兒,Xia Xianger,561,561,638,0,夏,相兒,6,0,,0,0,YP NewEpitaphID=3632
142404,高臺暈,Gao Taiyun,589,589,638,1,高,臺暈,6,0,,0,0,YP NewEpitaphID=3634
142405,張臺女,Zhang Tainü,595,595,639,1,張,臺女,6,0,,0,0,YP NewEpitaphID=3635
142408,牛通,Niu Tong,581,581,651,0,牛,通,6,0,16699,0,0,YP NewEpitaphID=3638
142409,杜某,Du Mou,581,581,651,0,杜,某,6,0,,0,0,YP NewEpitaphID=3639
142410,蘇師,Su Shi,583,583,651,0,蘇,師,6,0,,0,0,YP NewEpitaphID=3640
142411,王道仁,Wang Daoren,590,590,651,0,王,道仁,6,0,14693,0,0,YP NewEpitaphID=3641
142412,牛秀,Niu Xiu,595,595,651,0,牛,秀,6,0,14940,0,0,YP NewEpitaphID=3642
142414,賈貞,Jia Zhen,584,584,649,0,賈,貞,6,0,15254,0,0,YP NewEpitaphID=3644
142416,宋舉,Song Ju,581,581,651,0,宋,舉,6,0,14532,0,0,YP NewEpitaphID=3646
142418,張氏(郭某(張氏夫)妻),Zhang Shi (Wife of Guo Mou ( Zhang Shi Fu ) ),575,575,652,1,張,氏(郭某(張氏夫)妻),6,0,14531,0,0,YP NewEpitaphID=3648
142419,楊氏(楊威女),Yang Shi (Daughter of Yang Wei),580,580,652,1,楊,氏(楊威女),6,0,14525,0,0,YP NewEpitaphID=3649
142420,王歡悅,Wang Huanyue,579,579,652,0,王,歡悅,6,0,,0,0,YP NewEpitaphID=3650
142422,董僧利,Dong Sengli,556,556,608,0,董,僧利,5,0,400001,0,0,YP NewEpitaphID=3652
142423,趙寵,Zhao Chong,547,547,652,0,趙,寵,5,0,400607,0,0,YP NewEpitaphID=3653
142424,孔弘,Kong Hong,558,558,622,0,孔,弘,5,0,,0,0,YP NewEpitaphID=3654
142425,韓素,Han Su,587,587,653,0,韓,素,6,0,14693,0,0,YP NewEpitaphID=3655
142426,趙松柏,Zhao Songbai,595,595,653,0,趙,松柏,6,0,,0,0,YP NewEpitaphID=3656
142427,張團兒,Zhang Tuaner,599,599,653,0,張,團兒,6,0,400605,0,0,YP NewEpitaphID=3657
142430,王恭,Wang Gong,536,536,617,0,王,恭,5,0,15054,0,0,YP NewEpitaphID=3660
142433,令狐氏,LingHu Shi,571,571,654,1,令狐,氏,6,0,16766,0,0,YP NewEpitaphID=3663
142434,王淨,Wang Jing,595,595,655,1,王,淨,6,0,15054,0,0,YP NewEpitaphID=3664
142435,馬敏,Ma Min,598,598,654,0,馬,敏,6,0,14692,0,0,YP NewEpitaphID=3665
142439,高冏,Gao Jiong,593,593,653,0,高,冏,6,0,15311,0,0,YP NewEpitaphID=3669
142440,龍潤,Long Run,561,561,653,0,龍,潤,6,0,15053,0,0,YP NewEpitaphID=3670
142441,索仁,Suo Ren,582,582,655,0,索,仁,6,0,14693,0,0,YP NewEpitaphID=3671
142445,某某,Mou Mou,597,597,641,0,,,6,0,15054,0,0,YP NewEpitaphID=3675
142447,皇甫滔,Huangfu Tao,584,584,653,0,皇甫,滔,6,0,400443,0,0,YP NewEpitaphID=3677
142448,夏侯絢,Xiahou Xuan,595,595,654,0,夏侯,絢,6,0,14766,0,0,YP NewEpitaphID=3678
142449,某玉,Mou Yu,586,586,655,0,,玉,6,0,15129,0,0,YP NewEpitaphID=3679
142452,宋懷熹,Song Huaixi,578,578,655,0,宋,懷熹,6,0,400605,0,0,YP NewEpitaphID=3682
142455,高善安,Gao Shanan,595,595,656,0,高,善安,6,0,,0,0,YP NewEpitaphID=3685
142456,田玉,Tian Yu,583,583,656,1,田,玉,6,0,14693,0,0,YP NewEpitaphID=3686
142459,唐儉,Tang Jian,589,589,656,0,唐,儉,6,0,15053,0,0,YP NewEpitaphID=3689
142460,呂氏(張方妻),Lü Shi (Wife of Zhang Fang),575,575,656,1,呂,氏(張方妻),6,0,14693,0,0,YP NewEpitaphID=3690
142464,楊操,Yang Cao,590,590,657,0,楊,操,6,0,15054,0,0,YP NewEpitaphID=3694
142465,范阿伯,Fan Abo,585,585,657,0,范,阿伯,6,0,16762,0,0,YP NewEpitaphID=3695
142468,支隆,Zhi Long,585,585,658,0,支,隆,6,0,14490,0,0,YP NewEpitaphID=3698
142473,封深,Feng Shen,581,581,658,0,封,深,6,0,15311,0,0,YP NewEpitaphID=3703
142474,庾氏,Yu Shi,596,596,658,1,庾,氏,6,0,400344,0,0,YP NewEpitaphID=3704
142477,姚才,Yao Cai,600,600,650,0,姚,才,6,0,15003,0,0,YP NewEpitaphID=3707
142478,張言+歲,Zhang Yan+Sui,587,587,658,0,張,言+歲,6,0,15237,0,0,YP NewEpitaphID=3708
142480,段文政,Duan Wenzheng,572,572,658,0,段,文政,6,0,14911,0,0,YP NewEpitaphID=3710
142481,孫弄珪,Sun Nonggui,593,593,636,1,孫,弄珪,6,0,14693,0,0,YP NewEpitaphID=3711
142482,魏倫,Wei Lun,580,580,648,0,魏,倫,6,0,15335,0,0,YP NewEpitaphID=3712
142487,劉寬,Liu Kuan,596,596,659,0,劉,寬,6,0,14693,0,0,YP NewEpitaphID=3717
142488,李政,Li Zheng,589,589,659,0,李,政,6,0,15181,0,0,YP NewEpitaphID=3718
142492,陶後興,Tao Houxing,587,587,659,0,陶,後興,6,0,14506,0,0,YP NewEpitaphID=3721
142493,王行,Wang Xing,594,594,658,0,王,行,6,0,14693,0,0,YP NewEpitaphID=3722
142498,張亮,Zhang Liang,585,585,659,0,張,亮,6,0,,0,0,YP NewEpitaphID=3727
142499,李棨,Li Qi,600,600,660,0,李,棨,6,0,15293,0,0,YP NewEpitaphID=3728
142500,范澄,Fan Cheng,583,583,645,0,范,澄,6,0,15053,0,0,YP NewEpitaphID=3729
142503,陽昕,Yang Xin,488,,551,0,陽,昕,6,0,15325,0,0,YP NewEpitaphID=3732
142504,董氏(董恭女),Dong Shi (Daughter of Dong Gong),575,575,661,1,董,氏(董恭女),6,0,16753,0,0,YP NewEpitaphID=3733
142505,高文,Gao Wen,515,515,608,0,高,文,4,0,15513,0,0,YP NewEpitaphID=3734
142506,郭敬善,Guo Jingshan,561,,624,0,郭,敬善,6,0,15054,0,0,YP NewEpitaphID=3735
142510,龍澄,Long Cheng,596,596,661,0,龍,澄,6,0,,0,0,YP NewEpitaphID=3739
142511,周氏,Zhou Shi,585,585,661,1,周,氏,6,0,,0,0,YP NewEpitaphID=3740
142514,何光,He Guang,590,590,661,0,何,光,6,0,15731,0,0,YP NewEpitaphID=3743
142519,某某,Mou Mou,593,593,662,1,,,6,0,,0,0,YP NewEpitaphID=3748
142521,張楚賢,Zhang Chuxian,585,585,661,0,張,楚賢,6,0,15003,0,0,YP NewEpitaphID=3750
142522,趙順,Zhao Shun,593,593,662,0,趙,順,6,0,14492,0,0,YP NewEpitaphID=3751
142526,王氏(王靜女),Wang Shi (Daughter of Wang Jing),596,596,662,1,王,氏(王靜女),6,0,15054,0,0,YP NewEpitaphID=3755
142530,龍義,Long Yi,597,597,657,0,龍,義,6,0,15053,0,0,YP NewEpitaphID=3759
142537,杜博乂,Du Boyi,562,562,634,0,杜,博乂,6,0,400609,0,0,YP NewEpitaphID=3766
142539,某貞,Mou Zhen,584,584,663,0,,貞,6,0,15003,0,0,YP NewEpitaphID=3768
142541,宋懷仁,Song Huairen,593,593,663,0,宋,懷仁,6,0,400605,0,0,YP NewEpitaphID=3770
142543,張某,Zhang Mou,578,578,662,0,張,某,6,0,,0,0,YP NewEpitaphID=3772
142545,何剛,He Gang,589,589,664,0,何,剛,6,0,14492,0,0,YP NewEpitaphID=3774
142549,釋氏(七品亡尼),Shi Shi (Qipinwangni),570,570,664,1,釋,氏(七品亡尼),6,0,,0,0,YP NewEpitaphID=3778
142551,梁延懷,Liang Yanhuai,600,600,664,0,梁,延懷,6,0,400605,0,0,YP NewEpitaphID=3780
142553,王氏(王鼒女),Wang Shi (Daughter of Wang Zi),583,583,664,1,王,氏(王鼒女),6,0,,0,0,YP NewEpitaphID=3782
142554,張哲,Zhang Zhe,577,577,641,0,張,哲,6,0,15231,0,0,YP NewEpitaphID=3783
142555,柳鼓,Liu Gu,560,560,626,0,柳,鼓,6,0,,0,0,YP NewEpitaphID=3784
142557,呂道,Lü Dao,585,585,664,0,呂,道,6,0,14780,0,0,YP NewEpitaphID=3786
142558,鄭善,Zheng Shan,553,,616,0,鄭,善,6,0,15391,0,0,YP NewEpitaphID=3787
142559,趙仁表,Zhao Renbiao,595,595,665,0,趙,仁表,6,0,14693,0,0,YP NewEpitaphID=3788
142562,程知節,Cheng Zhijie,589,589,665,0,程,知節,6,0,14880,0,0,YP NewEpitaphID=3791
142565,徐氏(徐稱女),Xu Shi (Daughter of Xu Cheng),586,586,665,1,徐,氏(徐稱女),6,0,15119,0,0,YP NewEpitaphID=3794
142566,溫濬,Wen Xun,598,598,665,0,溫,濬,6,0,15054,0,0,YP NewEpitaphID=3795
142567,宋文矩,Song Wenju,589,589,648,0,宋,文矩,6,0,14693,0,0,YP NewEpitaphID=3796
142569,釋某,Shi Mou,586,586,666,1,釋,某,6,0,,0,0,YP NewEpitaphID=3798
142571,史某,Shi Mou,576,576,666,0,史,某,6,0,15229,0,0,YP NewEpitaphID=3800
142572,某朗,Mou Lang,585,585,665,0,,朗,6,0,14703,0,0,YP NewEpitaphID=3801
142575,聿珪,Yu Gui,597,597,665,1,聿,珪,6,0,400609,0,0,YP NewEpitaphID=3804
142579,焦達,Jiao Da,594,594,623,0,焦,達,6,0,14766,0,0,YP NewEpitaphID=3808
142580,張珪,Zhang Gui,596,596,637,0,張,珪,6,0,15237,0,0,YP NewEpitaphID=3809
142581,曹欽,Cao Qin,594,594,667,0,曹,欽,6,0,14490,0,0,YP NewEpitaphID=3810
142584,張師,Zhang Shi,585,585,634,0,張,師,6,0,400031,0,0,YP NewEpitaphID=3813
142587,崔穆,Cui Mu,598,598,653,0,崔,穆,6,0,15235,0,0,YP NewEpitaphID=3816
142589,王雅,Wang Ya,566,566,668,0,王,雅,6,0,16762,0,0,YP NewEpitaphID=3818
142590,張臣合,Zhang Chenhe,593,593,664,0,張,臣合,6,0,,0,0,YP NewEpitaphID=3819
142591,楊某,Yang Mou,574,574,668,0,楊,某,6,0,15311,0,0,YP NewEpitaphID=3820
142592,張威,Zhang Wei,596,596,664,0,張,威,6,0,15513,0,0,YP NewEpitaphID=3821
142597,孟樞,Meng Shu,592,592,667,0,孟,樞,6,0,15301,0,0,YP NewEpitaphID=3827
142598,李某基,Li mouJi,576,576,653,0,李,某基,6,0,16699,0,0,YP NewEpitaphID=3828
142600,李貴,Li Gui,533,533,607,0,李,貴,5,0,15277,0,0,YP NewEpitaphID=3830
142601,郭益,Guo Yi,592,592,670,0,郭,益,6,0,15119,0,0,YP NewEpitaphID=3831
142602,斛斯政則,Husi Zhengze,590,590,670,0,斛斯,政則,6,0,14490,0,0,YP NewEpitaphID=3832
142603,李釋,Li Shi,565,,,0,李,釋,6,0,15294,0,0,YP NewEpitaphID=3833
142605,孫建,Sun Jian,571,,634,0,孫,建,6,0,,0,0,YP NewEpitaphID=3835
142613,董滿,Dong Man,584,584,671,0,董,滿,6,0,15146,0,0,YP NewEpitaphID=3843
142616,史住,Shi Zhu,597,597,673,0,史,住,6,0,400605,0,0,YP NewEpitaphID=3846
142618,某氏(九品亡宮),Mou Shi (Jiupinwanggong),595,595,673,1,某,氏(九品亡宮),6,0,,0,0,YP NewEpitaphID=3848
142621,王韋,Wang Wei,584,584,645,0,王,韋,6,0,15054,0,0,YP NewEpitaphID=3851
142623,左才,Zuo Cai,569,569,615,0,左,才,5,0,14911,0,0,YP NewEpitaphID=3853
142624,孫信,Sun Xin,525,,588,0,孫,信,6,0,400405,0,0,YP NewEpitaphID=3854
142625,劉文,Liu Wen,555,,618,0,劉,文,6,0,15391,0,0,YP NewEpitaphID=3855
142626,某氏(九品亡宮),Mou Shi (Jiupinwanggong),596,596,673,1,某,氏(九品亡宮),6,0,,0,0,YP NewEpitaphID=3856
142629,某某,Mou Mou,583,583,674,1,,,6,0,,0,0,YP NewEpitaphID=3859
142631,某氏(六品亡宮),Mou Shi (Liupinwanggong),599,599,674,1,某,氏(六品亡宮),6,0,,0,0,YP NewEpitaphID=3861
142632,李三娘,Li Sanniang,596,596,674,1,李,三娘,6,0,16699,0,0,YP NewEpitaphID=3862
142633,楊偘,Yang Kan,586,586,654,0,楊,偘,6,0,14731,0,0,YP NewEpitaphID=3863
142638,某翟,Mou Zhai,587,587,675,1,,翟,6,0,,0,0,YP NewEpitaphID=3868
142646,任君,Ren Jun,583,583,652,0,任,君,6,0,14693,0,0,YP NewEpitaphID=3876
142647,成庫,Cheng Ku,590,590,660,0,成,庫,6,0,15003,0,0,YP NewEpitaphID=3877
142648,李法滿,Li Faman,599,599,676,0,李,法滿,6,0,,0,0,YP NewEpitaphID=3878
142649,某氏(九品亡宮),Mou Shi (Jiupinwanggong),600,600,676,1,某,氏(九品亡宮),6,0,,0,0,YP NewEpitaphID=3879
142651,某氏(九品亡宮),Mou Shi (Jiupinwanggong),588,588,676,1,某,氏(九品亡宮),6,0,,0,0,YP NewEpitaphID=3881
142652,范褒,Fan Bao,598,598,669,0,范,褒,6,0,14692,0,0,YP NewEpitaphID=3882
142653,馬惲,Ma Yun,599,599,675,0,馬,惲,6,0,14540,0,0,YP NewEpitaphID=3883
142656,宋善至,Song Shanzhi,578,578,676,1,宋,善至,6,0,15316,0,0,YP NewEpitaphID=3886
142659,張琮,Zhang Cong,595,595,664,0,張,琮,6,0,15513,0,0,YP NewEpitaphID=3889
142660,某某,Mou Mou,591,591,677,0,,,6,0,400605,0,0,YP NewEpitaphID=3890
142661,俎威,Zu Wei,592,592,662,0,俎,威,6,0,14703,0,0,YP NewEpitaphID=3891
142668,陳劼,Chen Jie,600,600,678,0,陳,劼,6,0,14796,0,0,YP NewEpitaphID=3898
142674,索某,Suo Mou,589,589,657,0,索,某,6,0,,0,0,YP NewEpitaphID=3904
142676,元令仲,Yuan Lingzhong,594,594,671,1,元,令仲,6,0,,0,0,YP NewEpitaphID=3906
142677,趙欣,Zhao Xin,586,586,645,0,趙,欣,6,0,,0,0,YP NewEpitaphID=3907
142678,能延褒,Neng Yanbao,599,599,679,0,能,延褒,6,0,,0,0,YP NewEpitaphID=3908
142682,張氏(方府君妻),Zhang Shi (Wife of Fang Fu Jun),590,590,680,1,張,氏(方府君妻),6,0,,0,0,YP NewEpitaphID=3912
142692,馮瓊,Feng Qiong,595,595,656,0,馮,瓊,6,0,,0,0,YP NewEpitaphID=3923
142693,某海,Mou Hai,569,569,650,0,,海,6,0,,0,0,YP NewEpitaphID=3924
142695,李相,Li Xiang,587,587,656,0,李,相,6,0,,0,0,YP NewEpitaphID=3926
142699,麴連,Qu Lian,597,597,683,1,麴,連,6,0,,0,0,YP NewEpitaphID=3930
142705,朱寶,Zhu Bao,591,591,663,0,朱,寶,6,0,,0,0,YP NewEpitaphID=3936
142706,苗裕,Miao Yu,599,599,684,0,苗,裕,6,0,,0,0,YP NewEpitaphID=3937
142712,張舉,Zhang Ju,595,595,678,0,張,舉,6,0,,0,0,YP NewEpitaphID=3943
142713,格處仁,Ge Churen,577,577,632,0,格,處仁,6,0,,0,0,YP NewEpitaphID=3944
142719,楊上,Yang Shang,589,589,681,0,楊,上,6,0,,0,0,YP NewEpitaphID=3950
142720,王敬,Wang Jing,599,599,638,0,王,敬,6,0,,0,0,YP NewEpitaphID=3951
142721,郭海,Guo Hai,598,598,664,0,郭,海,6,0,,0,0,YP NewEpitaphID=3952
142722,周寶,Zhou Bao,591,591,679,0,周,寶,6,0,,0,0,YP NewEpitaphID=3953
142728,劉珍,Liu Zhen,585,585,666,0,劉,珍,6,0,,0,0,YP NewEpitaphID=3959
142731,呂眾,Lü Zhong,548,548,617,0,呂,眾,5,0,,0,0,YP NewEpitaphID=3962
142732,王林,Wang Lin,594,594,657,0,王,林,6,0,,0,0,YP NewEpitaphID=3963
142733,郭祥,Guo Xiang,596,596,684,0,郭,祥,6,0,,0,0,YP NewEpitaphID=3964
142734,董師(董欽子),Dong Shi ( Son of Dong Qin),598,598,672,0,董,師(董欽子),6,0,,0,0,YP NewEpitaphID=3965
142742,崔拏,Cui Na,592,592,667,0,崔,拏,6,0,,0,0,YP NewEpitaphID=3973
142749,任智才,Ren Zhicai,599,599,660,0,任,智才,6,0,,0,0,YP NewEpitaphID=3980
142758,孔業,Kong Ye,582,,645,0,孔,業,6,0,,0,0,YP NewEpitaphID=3989
142778,薛君繡,Xue Junxiu,580,580,643,0,薛,君繡,6,0,,0,0,YP NewEpitaphID=4009
142785,衛規,Wei Gui,592,592,638,0,衛,規,6,0,,0,0,YP NewEpitaphID=4017
142879,萬願,Wan Yuan,591,591,673,0,萬,願,6,0,,0,0,YP NewEpitaphID=4211
145761,李希禮,Li Xili,511,511,556,0,李,希禮,4,0,15790,0,0,cf. 新河北 下:11-12
145762,李難勝,Li Nansheng,549,549,570,1,李,難勝,5,0,15207,0,0,cf. 新河北 下:18
145763,李稚廉,Li Zhilian,508,508,574,0,李,稚廉,4,0,15790,0,0,cf. 新河北 下:20-21
145764,李祖牧,Li Zumu,511,511,569,0,李,祖牧,4,0,15790,0,0,cf. 新河北 下:22-23
145765,宋靈媛,Song Lingyuan,513,513,561,1,宋,靈媛,4,0,15790,0,0,cf. 新河北 下:23-24
145766,李君穎,Li Junying,540,540,573,0,李,君穎,4,0,15790,0,0,cf. 新河北 下:24-25
145767,崔幼妃,Cui Youfei,502,502,575,1,崔,幼妃,4,0,15790,0,0,cf. 新河北 下:27-28
145768,李敬族,Li Jingzu,495,495,547,0,李,敬族,4,0,15284,0,0,cf. 新河北 下:30-31
145913,李義璋,Li Yizhang,596,596,679,0,李,義璋,6,0,14692,0,0,cf. 補遺 千唐:103-104
145916,崔忠,Cui Zhong,582,582,641,0,崔,忠,6,0,14694,0,0,cf. 補遺 千唐:4
145923,崔昂,Cui Ang,508,508,565,0,崔,昂,4,0,15252,0,0,cf. 漢魏南北朝墓誌彙編 433-434; 新河北 下:14-15
145948,崔幹,Cui Gan,587,,650,0,崔,幹,6,0,14492,0,0,cf. 中國國家圖書館數字資源(碑帖菁華)
145949,崔大善,Cui Dashan,571,571,587,0,崔,大善,4,0,15252,0,0,cf. 考古 2001.2:64
145957,蕭沈,Xiao Shen,587,587,615,0,蕭,沈,5,0,14691,0,0,cf. 中國國家圖書館數字資源(碑帖菁華)
145958,蕭球,Xiao Qiu,573,573,612,0,蕭,球,5,0,14691,0,0,cf. 中國國家圖書館數字資源(碑帖菁華)
145960,蕭濱,Xiao Bin,594,594,615,0,蕭,濱,5,0,14692,0,0,cf. 中國國家圖書館數字資源(碑帖菁華)
145961,蕭瑒,Xiao Yang,573,573,611,0,蕭,瑒,5,0,14692,0,0,cf. 中國國家圖書館數字資源(碑帖菁華)
145962,蕭瑾,Xiao Jin,564,564,613,0,蕭,瑾,5,0,14692,0,0,cf. 中國國家圖書館數字資源(碑帖菁華)
146041,裴璣,Pei Ji,502,,565,0,裴,璣,4,0,15020,0,0,cf. 文物世界 2006.4:24-25
146042,裴休義,Pei Xiuyi,553,553,565,0,裴,休義,4,0,15020,0,0,cf. 文物世界 2006.4:25
146061,路詮,Lu Quan,599,599,661,0,路,詮,6,0,14492,0,0,cf. 唐墓志 333-334
146063,蕭汾,Xiao Fen,593,593,646,0,蕭,汾,6,0,14693,0,0,cf. 補遺 8:259-260
146073,蕭玄撤,Xiao Xuanche,573,,636,0,蕭,玄撤,6,0,14492,0,0,cf. 長安新出墓誌 37
146086,崔仲方,Cui Zhongfang,539,539,614,0,崔,仲方,5,0,15257,0,0,cf. 補遺 8:257-259
146092,韋孝忠,Wei Xiaozhong,600,600,667,0,韋,孝忠,6,0,14492,0,0,cf. 補遺 7:282-283; 長安新出墓誌 95
146111,李蕤,Li Rui,464,464,505,0,李,蕤,4,0,14691,0,0,cf. 漢魏南北朝墓誌彙編 48; 洛陽出土北魏墓誌選編 14
146112,李憲,Li Xian,480,480,537,0,李,憲,4,0,15790,0,0,cf. 漢魏南北朝墓誌彙編 328-332
146120,李弼,Li Bi,479,479,526,0,李,弼,4,0,15790,0,0,
146121,薛元嘏,Xue Yuangu,595,595,665,0,薛,元嘏,6,0,14490,0,0,cf. 商品與質量 2010.10:95
146168,李希宗,Li Xizong,501,501,540,0,李,希宗,4,0,15790,0,0,cf. 新河北 下:7-8; 漢魏南北朝墓誌彙編 363-365
146217,盧承基,Lu Chengji,600,600,659,0,盧,承基,6,0,14691,0,0,cf. 補遺 千唐:18-19
146387,庫狄洛,Kudi Luo,535,,,0,庫狄,洛,4,0,400539,0,0,YP NewEpitaphID=3
146394,某產之(某月相父),Mou Chanzhi (Mouyuexiangfu),498,,,0,某,產之(某月相父),4,0,16737,0,0,YP NewEpitaphID=4
146398,某期(某長先父),Mou Qi (Mouchangxianfu),534,,,0,某,期(某長先父),4,0,15285,0,0,YP NewEpitaphID=5
146403,元乂,Yuan Yi,524,,,0,元,乂,4,0,14894,0,0,YP NewEpitaphID=7
146405,麹仁,Qu Ren,559,,,0,麹,仁,6,0,400539,0,0,YP NewEpitaphID=8
146408,舒懿總,Shu Yizong,553,,,0,舒,懿總,4,0,400609,0,0,YP NewEpitaphID=9
146409,虞某(舒懿匡伯弟),Yu Mou (Shuyikuangbodi),585,,,0,虞,某(舒懿匡伯弟),6,0,,0,0,YP NewEpitaphID=9
146410,虞氏(舒懿匡伯妹),Yu Shi (Shuyikuangbomei),585,,,1,虞,氏(舒懿匡伯妹),5,0,,0,0,YP NewEpitaphID=9
146412,淳于氏(王仲妻),Chunyu Shi (Wife of Wangzhong),558,,,1,淳于,氏(王仲妻),4,0,,0,0,YP NewEpitaphID=10
146413,王某(王仲父),Wang Mou (Wangzhongfu),525,,,0,王,某(王仲父),4,0,400539,0,0,YP NewEpitaphID=10
146414,王基,Wang Ji,585,,,0,王,基,6,0,,0,0,YP NewEpitaphID=10
146416,關海,Guan Hai,531,,,0,關,海,4,0,400539,0,0,YP NewEpitaphID=11
146417,管氏(關道愛妻),Guan Shi (Wife of Guandaoai),564,,,1,管,氏(關道愛妻),6,0,,0,0,YP NewEpitaphID=11
146419,崔會仁,Cui Huiren,497,,,0,崔,會仁,4,0,400538,0,0,YP NewEpitaphID=12
146420,刀氏氏(崔志妻),Daoshi Shi (Wife of Cuizhi),530,,,1,刀氏,氏(崔志妻),4,0,,0,0,YP NewEpitaphID=12
146421,趙氏(崔志妻),Zhao Shi (Wife of Cuizhi),530,,,1,趙,氏(崔志妻),4,0,,0,0,YP NewEpitaphID=12
146422,崔義深,Cui Yishen,557,,,0,崔,義深,4,0,400538,0,0,YP NewEpitaphID=12
146424,劉伽,Liu Ga,525,,,0,劉,伽,4,0,400539,0,0,YP NewEpitaphID=13
146425,何環,He Huan,528,,,0,何,環,4,0,,0,0,YP NewEpitaphID=13
146426,何氏(劉粲妻),He Shi (Wife of Liucan),558,,,1,何,氏(劉粲妻),4,0,,0,0,YP NewEpitaphID=13
146427,劉德操,Liu Decao,585,,,0,劉,德操,6,0,400539,0,0,YP NewEpitaphID=13
146429,程鑒,Cheng Jian,531,,,0,程,鑒,4,0,400539,0,0,YP NewEpitaphID=14
146430,劉氏(程锺妻),Liu Shi (Wife of Chengzhong),564,,,1,劉,氏(程锺妻),6,0,,0,0,YP NewEpitaphID=14
146432,楊盛,Yang Sheng,538,,,0,楊,盛,4,0,400538,0,0,YP NewEpitaphID=15
146433,張賓,Zhang Bin,520,,,0,張,賓,4,0,400539,0,0,YP NewEpitaphID=16
146440,屈突長卿,Qu Tuzhangqing,527,,,0,屈,突長卿,4,0,400538,0,0,YP NewEpitaphID=17
146441,屈突壽,Qu Tushou,587,,,0,屈,突壽,6,0,400538,0,0,YP NewEpitaphID=17
146443,胡邕,Hu Yong,492,,,0,胡,邕,4,0,14693,0,0,YP NewEpitaphID=18
146444,張勢,Zhang Shi,495,,,0,張,勢,4,0,,0,0,YP NewEpitaphID=18
146445,胡長粲,Hu Changcan,520,,,0,胡,長粲,4,0,,0,0,YP NewEpitaphID=18
146446,張氏(胡永妻),Zhang Shi (Wife of Huyong),525,,,1,張,氏(胡永妻),4,0,,0,0,YP NewEpitaphID=18
146450,郭略,Guo Lüe,516,,,0,郭,略,4,0,400538,0,0,YP NewEpitaphID=19
146451,王氏(郭通妻),Wang Shi (Wife of Guotong),549,,,1,王,氏(郭通妻),4,0,,0,0,YP NewEpitaphID=19
146452,郭倫,Guo Lun,576,,,0,郭,倫,6,0,400538,0,0,YP NewEpitaphID=19
146454,譚亮,Tan Liang,532,,,0,譚,亮,4,0,400602,0,0,YP NewEpitaphID=21
146459,李鸞,Li Luan,550,,,0,李,鸞,4,0,400538,0,0,YP NewEpitaphID=24
146461,毛寶成,Mao Baocheng,519,,,0,毛,寶成,4,0,16740,0,0,YP NewEpitaphID=25
146462,張氏(毛祐妻),Zhang Shi (Wife of Maoyou),552,,,1,張,氏(毛祐妻),4,0,,0,0,YP NewEpitaphID=25
146464,李和,Li He,537,,,0,李,和,6,0,400538,0,0,YP NewEpitaphID=26
146467,張氏(某禕妻),Zhang Shi (Wife of Mouyi),554,,,1,張,氏(某禕妻),4,0,,0,0,YP NewEpitaphID=29
146470,某彥式(某守仁父),Mou Yanshi (Moushourenfu),548,,,0,某,彥式(某守仁父),4,0,15237,0,0,YP NewEpitaphID=31
146473,郭振武,Guo Zhenwu,543,,,0,郭,振武,4,0,14492,0,0,YP NewEpitaphID=33
146474,仲翔,Zhong Xiang,546,,,0,仲,翔,4,0,,0,0,YP NewEpitaphID=33
146475,唐氏(郭雲妻),Tang Shi (Wife of Guoyun),576,,,1,唐,氏(郭雲妻),6,0,,0,0,YP NewEpitaphID=33
146480,楊達,Yang Da,563,,,0,楊,達,6,0,400537,0,0,YP NewEpitaphID=35
146488,某景(某謩父),Mou Jing (Moumofu),528,,,0,某,景(某謩父),4,0,16690,0,0,YP NewEpitaphID=38
146489,趙懿,Zhao Yi,531,,,0,趙,懿,4,0,,0,0,YP NewEpitaphID=38
146490,趙氏(某謩妻),Zhao Shi (Wife of Moumo),561,,,1,趙,氏(某謩妻),6,0,,0,0,YP NewEpitaphID=38
146492,張義,Zhang Yi,532,,,0,張,義,4,0,15513,0,0,YP NewEpitaphID=39
146494,張亢,Zhang Kang,531,,,0,張,亢,4,0,400538,0,0,YP NewEpitaphID=40
146495,楊氏(張濬妻),Yang Shi (Wife of Zhangxun),564,,,1,楊,氏(張濬妻),6,0,,0,0,YP NewEpitaphID=40
146499,張務,Zhang Wu,510,,,0,張,務,4,0,400539,0,0,YP NewEpitaphID=41
146500,王氏(張伯妻),Wang Shi (Wife of Zhangbo),543,,,1,王,氏(張伯妻),4,0,14955,0,0,YP NewEpitaphID=41
146501,張文朗,Zhang Wenlang,570,,,0,張,文朗,6,0,400539,0,0,YP NewEpitaphID=41
146507,賈寶,Jia Bao,566,,,0,賈,寶,5,0,400539,0,0,YP NewEpitaphID=44
146510,郭馗,Guo Kui,513,,,0,郭,馗,4,0,400539,0,0,YP NewEpitaphID=47
146512,解孫,Jie Sun,525,,,0,解,孫,4,0,400539,0,0,YP NewEpitaphID=48
146513,解公逸,Jie Gongyi,585,,,0,解,公逸,6,0,400539,0,0,YP NewEpitaphID=48
146515,張貳郎,Zhang Erlang,568,,,0,張,貳郎,6,0,400539,0,0,YP NewEpitaphID=49
146520,李顯,Li Xian,544,,,0,李,顯,4,0,400539,0,0,YP NewEpitaphID=52
146523,田暉,Tian Hui,543,,,0,田,暉,4,0,400539,0,0,YP NewEpitaphID=53
146527,某豹(某孝敏父),Mou Bao (Mouxiaominfu),549,,,0,某,豹(某孝敏父),4,0,400607,0,0,YP NewEpitaphID=54
146528,劉氏(某孝敏妻),Liu Shi (Wife of Mouxiaomin),582,,,1,劉,氏(某孝敏妻),6,0,,0,0,YP NewEpitaphID=54
146530,張魏,Zhang Wei,518,,,0,張,魏,4,0,14693,0,0,YP NewEpitaphID=55
146531,慕容(王之女),Murong (Wangzhinü),543,,,1,慕容,(王之女),4,0,,0,0,YP NewEpitaphID=56
146533,耿深,Geng Shen,542,,,0,耿,深,6,0,14788,0,0,YP NewEpitaphID=58
146538,蔣子虞,Jiang Ziyu,541,,,0,蔣,子虞,6,0,400537,0,0,YP NewEpitaphID=61
146541,王仁則,Wang Renze,548,,,0,王,仁則,4,0,15054,0,0,YP NewEpitaphID=63
146546,徐瑜,Xu Yu,526,,,0,徐,瑜,4,0,400537,0,0,YP NewEpitaphID=65
146547,廣之,Guang Zhi,529,,,0,廣,之,4,0,,0,0,YP NewEpitaphID=65
146548,王氏(徐純妻),Wang Shi (Wife of Xuchun),559,,,1,王,氏(徐純妻),6,0,,0,0,YP NewEpitaphID=65
146550,王珍業,Wang Zhenye,521,,,0,王,珍業,4,0,400539,0,0,YP NewEpitaphID=66
146551,路氏(王護妻),Lu Shi (Wife of Wanghu),554,,,1,路,氏(王護妻),4,0,,0,0,YP NewEpitaphID=66
146553,劉神,Liu Shen,571,,,0,劉,神,6,0,14816,0,0,YP NewEpitaphID=67
146557,羅曠,Luo Kuang,566,,,0,羅,曠,6,0,400539,0,0,YP NewEpitaphID=68
146561,長孫熾,Zhangsun Chi,541,,,0,長孫,熾,4,0,14693,0,0,YP NewEpitaphID=69
146562,安澤公,An Zegong,544,,,0,安,澤公,4,0,,0,0,YP NewEpitaphID=69
146563,陸氏(長孫仁妻),Lu Shi (Wife of Zhangsunren),574,,,1,陸,氏(長孫仁妻),6,0,,0,0,YP NewEpitaphID=69
146565,張纂,Zhang Zuan,529,,,0,張,纂,4,0,15237,0,0,YP NewEpitaphID=70
146566,張興,Zhang Xing,589,,,0,張,興,6,0,15237,0,0,YP NewEpitaphID=70
146567,柳仲禮,Liu Zhongli,500,,,0,柳,仲禮,4,0,14871,0,0,YP NewEpitaphID=71
146568,柳自然,Liu Ziran,577,,,0,柳,自然,6,0,400538,0,0,YP NewEpitaphID=71
146569,柳彧,Liu Yu,577,,,0,柳,彧,5,0,14871,0,0,YP NewEpitaphID=71
146571,潘國,Pan Guo,539,,,0,潘,國,4,0,400539,0,0,YP NewEpitaphID=73
146573,蕭巖,Xiao Yan,545,,,0,蕭,巖,6,0,14950,0,0,YP NewEpitaphID=74
146578,段榮,Duan Rong,548,,,0,段,榮,4,0,400544,0,0,YP NewEpitaphID=76
146585,秦亮,Qin Liang,531,,,0,秦,亮,4,0,15169,0,0,YP NewEpitaphID=78
146590,楊俊,Yang Jun,545,,,0,楊,俊,4,0,400539,0,0,YP NewEpitaphID=79
146593,雷俊,Lei Jun,517,,,0,雷,俊,4,0,400539,0,0,YP NewEpitaphID=80
146597,孟智略,Meng Zhilüe,509,,,0,孟,智略,4,0,400607,0,0,YP NewEpitaphID=81
146598,郝氏(孟保同妻),Hao Shi (Wife of Mengbaotong),542,,,1,郝,氏(孟保同妻),4,0,,0,0,YP NewEpitaphID=81
146599,孟光慶,Meng Guangqing,569,,,0,孟,光慶,6,0,400607,0,0,YP NewEpitaphID=81
146609,某珍國(某孝基父),Mou Zhenguo (Mouxiaojifu),539,,,0,某,珍國(某孝基父),4,0,400539,0,0,YP NewEpitaphID=83
146610,范通,Fan Tong,542,,,0,范,通,4,0,,0,0,YP NewEpitaphID=83
146616,薄元禮,Bao Yuanli,550,,,0,薄,元禮,4,0,400344,0,0,YP NewEpitaphID=87
146620,梁喜,Liang Xi,520,,,0,梁,喜,4,0,400538,0,0,YP NewEpitaphID=88
146621,梁孝基,Liang Xiaoji,580,,,0,梁,孝基,6,0,400538,0,0,YP NewEpitaphID=88
146622,劉岡,Liu Gang,534,,,0,劉,岡,4,0,400538,0,0,YP NewEpitaphID=89
146628,杜各華,Du Gehua,548,,,0,杜,各華,6,0,400609,0,0,YP NewEpitaphID=91
146631,劉神,Liu Shen,549,,,0,劉,神,4,0,400539,0,0,YP NewEpitaphID=93
146634,楊彪,Yang Biao,551,,,0,楊,彪,4,0,400538,0,0,YP NewEpitaphID=94
146637,張素德,Zhang Sude,576,,,0,張,素德,6,0,16699,0,0,YP NewEpitaphID=95
146641,張則,Zhang Ze,544,,,0,張,則,4,0,400538,0,0,YP NewEpitaphID=96
146643,劉誕,Liu Dan,531,,,0,劉,誕,4,0,400538,0,0,YP NewEpitaphID=98
146644,董氏(劉政妻),Dong Shi (Wife of Liuzheng),564,,,1,董,氏(劉政妻),6,0,,0,0,YP NewEpitaphID=98
146649,馮怦,Feng Peng,584,,,0,馮,怦,6,0,15272,0,0,YP NewEpitaphID=99
146655,李遵,Li Zun,516,,,0,李,遵,4,0,400539,0,0,YP NewEpitaphID=100
146656,劉氏(李仲賓妻),Liu Shi (Wife of Lizhongbin),549,,,1,劉,氏(李仲賓妻),4,0,,0,0,YP NewEpitaphID=100
146657,李世權,Li Shiquan,576,,,0,李,世權,6,0,400539,0,0,YP NewEpitaphID=100
146659,某客(某賓父),Mou Ke (Moubinfu),531,,,0,某,客(某賓父),4,0,400538,0,0,YP NewEpitaphID=102
146661,馬廉,Ma Lian,541,,,0,馬,廉,4,0,400539,0,0,YP NewEpitaphID=103
146662,常氏(馬志道妻),Chang Shi (Wife of Mazhidao),574,,,1,常,氏(馬志道妻),6,0,,0,0,YP NewEpitaphID=103
146666,王思武,Wang Siwu,557,,,0,王,思武,4,0,400537,0,0,YP NewEpitaphID=104
146668,某熾(某懷文父),Mou Chi (Mouhuaiwenfu),529,,,0,某,熾(某懷文父),6,0,400539,0,0,YP NewEpitaphID=105
146669,能氏(某懷文妻),Neng Shi (Wife of Mouhuaiwen),562,,,1,能,氏(某懷文妻),5,0,,0,0,YP NewEpitaphID=105
146670,某德積(某懷文嗣子),Mou Deji (Mouhuaiwensizi),589,,,0,某,德積(某懷文嗣子),6,0,,0,0,YP NewEpitaphID=105
146675,霍孝騫,Huo Xiaojian,560,,,0,霍,孝騫,6,0,400539,0,0,YP NewEpitaphID=110
146679,姚賓,Yao Bin,528,,,0,姚,賓,4,0,400539,0,0,YP NewEpitaphID=111
146680,陳毅,Chen Yi,531,,,0,陳,毅,4,0,,0,0,YP NewEpitaphID=111
146681,陳氏(姚暢妻),Chen Shi (Wife of Yaochang),561,,,1,陳,氏(姚暢妻),6,0,,0,0,YP NewEpitaphID=111
146683,某茂(父),Mou Mao (Fu),528,,,0,某,茂(父),6,0,400537,0,0,YP NewEpitaphID=112
146684,鄭氏(妻),Zheng Shi (Qi),561,,,1,鄭,氏(妻),5,0,,0,0,YP NewEpitaphID=112
146685,某信(子),Mou Xin (Zi),588,,,0,某,信(子),6,0,400537,0,0,YP NewEpitaphID=112
146686,某方(子),Mou Fang (Zi),588,,,0,某,方(子),6,0,400537,0,0,YP NewEpitaphID=112
146687,某海(子),Mou Hai (Zi),588,,,0,某,海(子),6,0,400537,0,0,YP NewEpitaphID=112
146691,趙祖連,Zhao Zulian,546,,,0,趙,祖連,4,0,,0,0,YP NewEpitaphID=113
146692,趙氏(王通妻),Zhao Shi (Wife of Wangtong),576,,,1,趙,氏(王通妻),6,0,,0,0,YP NewEpitaphID=113
146694,楊貴,Yang Gui,554,,,0,楊,貴,4,0,400539,0,0,YP NewEpitaphID=117
146697,孟氏(明雅妻),Meng Shi (Wife of Mingya),556,,,1,孟,氏(明雅妻),4,0,,0,0,YP NewEpitaphID=118
146698,明士敖,Ming Shiao,583,,,0,明,士敖,6,0,400539,0,0,YP NewEpitaphID=118
146699,明晞,Ming Xi,523,,,0,明,晞,4,0,400539,0,0,YP NewEpitaphID=118
146701,霍勝,Huo Sheng,546,,,0,霍,勝,4,0,15288,0,0,YP NewEpitaphID=119
146702,任玄,Ren Xuan,564,,,0,任,玄,6,0,400539,0,0,YP NewEpitaphID=120
146706,何孝緒,He Xiaoxu,557,,,0,何,孝緒,4,0,400539,0,0,YP NewEpitaphID=121
146708,梁氏(某綱妻),Liang Shi (Wife of Mougang),563,,,1,梁,氏(某綱妻),6,0,,0,0,YP NewEpitaphID=122
146714,劉仁哲,Liu Renzhe,520,,,0,劉,仁哲,4,0,400537,0,0,YP NewEpitaphID=124
146715,班謙,Ban Qian,568,,,0,班,謙,6,0,400539,0,0,YP NewEpitaphID=125
146721,楊華,Yang Hua,569,,,0,楊,華,6,0,400539,0,0,YP NewEpitaphID=129
146724,齊某陁(齊氏父),Qi Moutuo (Qishifu),531,,,0,齊,某陁(齊氏父),4,0,400539,0,0,YP NewEpitaphID=130
146727,李寶,Li Bao,561,,,0,李,寶,6,0,400537,0,0,YP NewEpitaphID=132
146731,楊頗,Yang Po,551,,,0,楊,頗,4,0,400539,0,0,YP NewEpitaphID=134
146733,某顯(某忠父),Mou Xian (Mouzhongfu),556,,,0,某,顯(某忠父),4,0,400611,0,0,YP NewEpitaphID=136
146736,傅仁弘,Fu Renhong,529,,,0,傅,仁弘,4,0,400537,0,0,YP NewEpitaphID=137
146737,梁氏(傅叔妻),Liang Shi (Wife of Fushu),562,,,1,梁,氏(傅叔妻),6,0,,0,0,YP NewEpitaphID=137
146738,傅無為,Fu Wuwei,589,,,0,傅,無為,6,0,400537,0,0,YP NewEpitaphID=137
146739,孫智覺,Sun Zhijiao,577,,,1,孫,智覺,6,0,,0,0,YP NewEpitaphID=138
146741,段嚴,Duan Yan,511,,,0,段,嚴,4,0,400537,0,0,YP NewEpitaphID=141
146742,段達,Duan Da,541,,,0,段,達,4,0,400537,0,0,YP NewEpitaphID=141
146743,和氏(段師妻),He Shi (Wife of Duanshi),574,,,1,和,氏(段師妻),6,0,,0,0,YP NewEpitaphID=141
146747,王開,Wang Kai,552,,,0,王,開,4,0,400537,0,0,YP NewEpitaphID=142
146748,張氏(王才妻),Zhang Shi (Wife of Wangcai),585,,,1,張,氏(王才妻),6,0,,0,0,YP NewEpitaphID=142
146751,李貴,Li Gui,556,,,0,李,貴,4,0,400539,0,0,YP NewEpitaphID=143
146752,楊祚,Yang Zuo,559,,,0,楊,祚,4,0,,0,0,YP NewEpitaphID=143
146753,楊氏(李桀妻),Yang Shi (Wife of Lijie),589,,,1,楊,氏(李桀妻),6,0,,0,0,YP NewEpitaphID=143
146757,某稱(某舉父),Mou Cheng (Moujufu),555,,,0,某,稱(某舉父),4,0,400539,0,0,YP NewEpitaphID=145
146760,元崇略,Yuan Chonglüe,547,,,0,元,崇略,4,0,400539,0,0,YP NewEpitaphID=146
146762,萬周,Wan Zhou,547,,,0,萬,周,4,0,400539,0,0,YP NewEpitaphID=147
146764,康和,Kang He,548,,,0,康,和,4,0,400539,0,0,YP NewEpitaphID=148
146765,孔香,Kong Xiang,548,,,0,孔,香,4,0,400539,0,0,YP NewEpitaphID=148
146766,孝通,Xiao Tong,551,,,0,孝,通,4,0,,0,0,YP NewEpitaphID=148
146767,翟氏(孔長寧妻),Zhai Shi (Wife of Kong Changning),581,,,1,翟,氏(孔長寧妻),6,0,,0,0,YP NewEpitaphID=148
146769,樂貞,Yue Zhen,551,,,0,樂,貞,4,0,15513,0,0,YP NewEpitaphID=149
146773,向榮,Xiang Rong,555,,,0,向,榮,4,0,400538,0,0,YP NewEpitaphID=151
146774,楊氏(向英妻),Yang Shi (Wife of Xiangying),588,,,1,楊,氏(向英妻),6,0,,0,0,YP NewEpitaphID=151
146776,某貞(某達父),Mou Zhen (Moudafu),556,,,0,某,貞(某達父),4,0,400539,0,0,YP NewEpitaphID=152
146780,張達,Zhang Da,522,,,0,張,達,6,0,400538,0,0,YP NewEpitaphID=154
146781,趙慶,Zhao Qing,525,,,0,趙,慶,4,0,,0,0,YP NewEpitaphID=154
146782,趙氏(張育妻),Zhao Shi (Wife of Zhangyu),555,,,1,趙,氏(張育妻),4,0,,0,0,YP NewEpitaphID=154
146785,趙拏,Zhao Na,519,,,0,趙,拏,4,0,400539,0,0,YP NewEpitaphID=155
146793,張猷,Zhang You,557,,,0,張,猷,4,0,400537,0,0,YP NewEpitaphID=157
146796,丘沙,Qiu Sha,552,,,0,丘,沙,4,0,400539,0,0,YP NewEpitaphID=158
146797,廬氏(丘蘊妻),Lu Shi (Wife of Qiuyun),585,,,1,廬,氏(丘蘊妻),6,0,,0,0,YP NewEpitaphID=158
146799,某開(父),Mou Kai (Fu),557,,,0,某,開(父),4,0,400539,0,0,YP NewEpitaphID=159
146800,超越,Chao Yue,560,,,0,超,越,5,0,,0,0,YP NewEpitaphID=159
146803,張定,Zhang Ding,547,,,0,張,定,4,0,400539,0,0,YP NewEpitaphID=160
146804,薄氏(張通妻),Bao Shi (Wife of Zhangtong),580,,,1,薄,氏(張通妻),6,0,,0,0,YP NewEpitaphID=160
146807,梁達,Liang Da,573,,,0,梁,達,6,0,400539,0,0,YP NewEpitaphID=162
146809,翟休,Zhai Xiu,540,,,0,翟,休,4,0,,0,0,YP NewEpitaphID=164
146810,翟氏(某昉妻),Zhai Shi (Wife of Moufang),570,,,1,翟,氏(某昉妻),6,0,,0,0,YP NewEpitaphID=164
146812,某某(某昉父),Mou Mou (Moufangfu),537,,,0,某,某(某昉父),4,0,400539,0,0,YP NewEpitaphID=164
146814,霍寶,Huo Bao,553,,,0,霍,寶,4,0,400539,0,0,YP NewEpitaphID=165
146815,魏氏(霍寬妻),Wei Shi (Wife of Huokuan),586,,,1,魏,氏(霍寬妻),6,0,,0,0,YP NewEpitaphID=165
146817,辛琛,Xin Chen,562,,,0,辛,琛,5,0,400539,0,0,YP NewEpitaphID=166
146818,辛術,Xin Shu,526,,,0,辛,術,4,0,400539,0,0,YP NewEpitaphID=166
146819,盧氏(辛衡卿妻),Lu Shi (Wife of Xinhengqing),559,,,1,盧,氏(辛衡卿妻),6,0,,0,0,YP NewEpitaphID=166
146820,辛郁,Xin Yu,586,,,0,辛,郁,6,0,400539,0,0,YP NewEpitaphID=166
146827,任爽,Ren Shuang,555,,,0,任,爽,4,0,400539,0,0,YP NewEpitaphID=168
146830,宋知禮,Song Zhili,551,,,0,宋,知禮,4,0,400539,0,0,YP NewEpitaphID=169
146832,賈達,Jia Da,547,,,0,賈,達,4,0,400539,0,0,YP NewEpitaphID=170
146835,趙詵,Zhao Shen,564,,,0,趙,詵,6,0,400539,0,0,YP NewEpitaphID=171
146838,麴某(麴氏父),Qu Mou (Qushifu),536,,,0,麴,某(麴氏父),4,0,400539,0,0,YP NewEpitaphID=172
146840,關生,Guan Sheng,564,,,0,關,生,6,0,400539,0,0,YP NewEpitaphID=173
146842,楊林,Yang Lin,548,,,0,楊,林,4,0,400537,0,0,YP NewEpitaphID=174
146847,薛通,Xue Tong,563,,,0,薛,通,6,0,400539,0,0,YP NewEpitaphID=175
146850,張恭,Zhang Gong,558,,,0,張,恭,4,0,400539,0,0,YP NewEpitaphID=176
146852,禹康,Yu Kang,564,,,0,禹,康,6,0,400539,0,0,YP NewEpitaphID=177
146854,楊裕,Yang Yu,536,,,0,楊,裕,4,0,400539,0,0,YP NewEpitaphID=178
146857,李節,Li Jie,567,,,0,李,節,6,0,400539,0,0,YP NewEpitaphID=179
146859,楊士貴,Yang Shigui,577,,,0,楊,士貴,6,0,400537,0,0,YP NewEpitaphID=180
146861,張琛,Zhang Chen,544,,,0,張,琛,4,0,400539,0,0,YP NewEpitaphID=181
146867,某暉(某秀父),Mou Hui (Mouxiufu),567,,,0,某,暉(某秀父),6,0,400539,0,0,YP NewEpitaphID=183
146871,呂氏(周仲隱妻),Lü Shi (Wife of Zhouzhongyin),559,,,1,呂,氏(周仲隱妻),4,0,,0,0,YP NewEpitaphID=184
146874,周彥,Zhou Yan,586,,,0,周,彥,6,0,,0,0,YP NewEpitaphID=184
146877,侯通,Hou Tong,561,,,0,侯,通,6,0,400539,0,0,YP NewEpitaphID=185
146878,國某,Guo Mou,564,,,0,國,某,5,0,,0,0,YP NewEpitaphID=185
146879,董訶通,Dong Hetong,566,,,0,董,訶通,6,0,16737,0,0,YP NewEpitaphID=186
146882,斛斯士操,Hu Sishicao,528,,,0,斛,斯士操,4,0,16765,0,0,YP NewEpitaphID=187
146891,武雅,Wu Ya,584,,,0,武,雅,6,0,400344,0,0,YP NewEpitaphID=214
146892,楚先,Chu Xian,555,,,0,楚,先,4,0,,0,0,YP NewEpitaphID=215
146893,郭氏(金行舉妻),Guo Shi (Wife of Jinxingju),585,,,1,郭,氏(金行舉妻),6,0,,0,0,YP NewEpitaphID=215
146894,金達,Jin Da,552,,,0,金,達,4,0,400539,0,0,YP NewEpitaphID=215
146896,祁信,Qi Xin,554,,,0,祁,信,4,0,400539,0,0,YP NewEpitaphID=216
146899,樂孫,Yue Sun,558,,,0,樂,孫,4,0,400539,0,0,YP NewEpitaphID=217
146902,段龍,Duan Long,548,,,0,段,龍,4,0,400537,0,0,YP NewEpitaphID=218
146905,張建,Zhang Jian,553,,,0,張,建,4,0,400537,0,0,YP NewEpitaphID=220
146907,安氏(安諒妻),An Shi (Wife of Anliang),554,,,1,安,氏(安諒妻),4,0,,0,0,YP NewEpitaphID=221
146909,安林,An Lin,521,,,0,安,林,6,0,400539,0,0,YP NewEpitaphID=221
146910,安承洛,An Chengluo,581,,,0,安,承洛,6,0,400539,0,0,YP NewEpitaphID=221
146912,張高,Zhang Gao,569,,,0,張,高,6,0,400539,0,0,YP NewEpitaphID=222
146915,呂俊,Lü Jun,553,,,0,呂,俊,4,0,400539,0,0,YP NewEpitaphID=223
146916,李氏(某藥妻),Li Shi (Wife of Mouyao),589,,,1,李,氏(某藥妻),6,0,,0,0,YP NewEpitaphID=225
146918,某藥子(某藥父),Mou Yaozi (Mouyaofu),556,,,0,某,藥子(某藥父),4,0,400539,0,0,YP NewEpitaphID=225
146919,某寇(劉初妻),Mou Kou (Liuchuqi),563,,,1,某,寇(劉初妻),6,0,,0,0,YP NewEpitaphID=227
146921,傷薄俱,Shang Baoju,540,,,0,傷,薄俱,4,0,400001,0,0,YP NewEpitaphID=228
146922,康氏(支茂妻),Kang Shi (Wife of Zhimao),579,,,1,康,氏(支茂妻),6,0,,0,0,YP NewEpitaphID=229
146923,王氏(支茂妻),Wang Shi (Wife of Zhimao),579,,,1,王,氏(支茂妻),6,0,,0,0,YP NewEpitaphID=229
146925,支元集,Zhi Yuanji,546,,,0,支,元集,4,0,14691,0,0,YP NewEpitaphID=229
146926,姚氏(潘卿妻),Yao Shi (Wife of Panqing),578,,,1,姚,氏(潘卿妻),6,0,,0,0,YP NewEpitaphID=230
146927,張氏(潘卿妻),Zhang Shi (Wife of Panqing),578,,,1,張,氏(潘卿妻),6,0,,0,0,YP NewEpitaphID=230
146928,潘富,Pan Fu,545,,,0,潘,富,4,0,400539,0,0,YP NewEpitaphID=230
146932,王璇,Wang Xuan,565,,,0,王,璇,6,0,400537,0,0,YP NewEpitaphID=231
146933,翟氏(支彥妻),Zhai Shi (Wife of Zhiyan),586,,,1,翟,氏(支彥妻),6,0,,0,0,YP NewEpitaphID=233
146936,支義,Zhi Yi,553,,,0,支,義,4,0,400539,0,0,YP NewEpitaphID=233
146937,侯伯和,Hou Bohe,545,,,0,侯,伯和,4,0,,0,0,YP NewEpitaphID=234
146938,侯氏(某才妻),Hou Shi (Wife of Moucai),575,,,1,侯,氏(某才妻),6,0,,0,0,YP NewEpitaphID=234
146940,某恭(某才父),Mou Gong (Moucaifu),542,,,0,某,恭(某才父),4,0,400539,0,0,YP NewEpitaphID=234
146941,袁氏(仇道妻),Yuan Shi (Wife of Choudao),562,,,1,袁,氏(仇道妻),6,0,,0,0,YP NewEpitaphID=236
146943,仇識,Chou Shi,529,,,0,仇,識,4,0,400537,0,0,YP NewEpitaphID=236
146944,仇孝成,Chou Xiaocheng,589,,,0,仇,孝成,6,0,400537,0,0,YP NewEpitaphID=236
146945,李洛,Li Luo,569,,,0,李,洛,6,0,400539,0,0,YP NewEpitaphID=238
146950,單瑜,Dan Yu,559,,,0,單,瑜,6,0,400539,0,0,YP NewEpitaphID=239
146953,張昂,Zhang Ang,566,,,0,張,昂,6,0,400537,0,0,YP NewEpitaphID=240
146959,孫建,Sun Jian,558,,,0,孫,建,4,0,400539,0,0,YP NewEpitaphID=242
146960,張氏(楊藝妻),Zhang Shi (Wife of Yangyi),585,,,1,張,氏(楊藝妻),6,0,,0,0,YP NewEpitaphID=243
146963,楊寶,Yang Bao,552,,,0,楊,寶,4,0,400538,0,0,YP NewEpitaphID=243
146965,和道,He Dao,532,,,0,和,道,4,0,400538,0,0,YP NewEpitaphID=244
146967,楊琛,Yang Chen,514,,,0,楊,琛,4,0,15010,0,0,YP NewEpitaphID=245
146971,某汪(某基父),Mou Wang (Moujifu),569,,,0,某,汪(某基父),6,0,400537,0,0,YP NewEpitaphID=246
146974,唐達,Tang Da,567,,,0,唐,達,6,0,400539,0,0,YP NewEpitaphID=247
146977,姚政,Yao Zheng,549,,,0,姚,政,4,0,400539,0,0,YP NewEpitaphID=248
146980,張氏(馬忠妻),Zhang Shi (Wife of Mazhong),573,,,1,張,氏(馬忠妻),5,0,,0,0,YP NewEpitaphID=251
146982,馬義,Ma Yi,540,,,0,馬,義,6,0,400539,0,0,YP NewEpitaphID=251
146984,趙弘略,Zhao Honglüe,556,,,0,趙,弘略,4,0,14693,0,0,YP NewEpitaphID=252
146988,申儉,Shen Jian,559,,,0,申,儉,6,0,400539,0,0,YP NewEpitaphID=254
146989,賈氏(吳孝妻),Jia Shi (Wife of Wuxiao),585,,,1,賈,氏(吳孝妻),6,0,,0,0,YP NewEpitaphID=256
146991,吳弘,Wu Hong,552,,,0,吳,弘,4,0,400537,0,0,YP NewEpitaphID=256
146994,楊威,Yang Wei,550,,,0,楊,威,4,0,400539,0,0,YP NewEpitaphID=257
146997,李貴,Li Gui,555,,,0,李,貴,4,0,400539,0,0,YP NewEpitaphID=258
147000,鄭達,Zheng Da,551,,,0,鄭,達,4,0,400539,0,0,YP NewEpitaphID=259
147005,皇甫道,Huangfu Dao,549,,,0,皇甫,道,4,0,400537,0,0,YP NewEpitaphID=260
147007,王敞,Wang Chang,557,,,0,王,敞,4,0,15243,0,0,YP NewEpitaphID=261
147009,秦景,Qin Jing,563,,,0,秦,景,6,0,400537,0,0,YP NewEpitaphID=262
147015,蓋倫,Gai Lun,573,,,0,蓋,倫,6,0,400539,0,0,YP NewEpitaphID=265
147016,張氏(王則妻),Zhang Shi (Wife of Wangze),558,,,1,張,氏(王則妻),4,0,,0,0,YP NewEpitaphID=266
147018,王伯仁,Wang Boren,525,,,0,王,伯仁,4,0,400539,0,0,YP NewEpitaphID=266
147019,石氏(鄭滿妻),Shi Shi (Wife of Zhengman),588,,,1,石,氏(鄭滿妻),6,0,,0,0,YP NewEpitaphID=267
147021,鄭元守,Zheng Yuanshou,555,,,0,鄭,元守,4,0,400539,0,0,YP NewEpitaphID=267
147023,王貴,Wang Gui,554,,,0,王,貴,4,0,,0,0,YP NewEpitaphID=268
147024,王氏(趙安妻),Wang Shi (Wife of Zhaoan),584,,,1,王,氏(趙安妻),6,0,,0,0,YP NewEpitaphID=268
147027,趙伯,Zhao Bo,551,,,0,趙,伯,4,0,15513,0,0,YP NewEpitaphID=268
147030,顏伽,Yan Ga,554,,,0,顏,伽,4,0,400516,0,0,YP NewEpitaphID=269
147033,張氏(揚清妻),Zhang Shi (Wife of Yangqing),587,,,1,張,氏(揚清妻),6,0,,0,0,YP NewEpitaphID=270
147038,魏榮,Wei Rong,554,,,0,魏,榮,4,0,400539,0,0,YP NewEpitaphID=271
147041,孫叉,Sun Cha,566,,,0,孫,叉,6,0,400537,0,0,YP NewEpitaphID=272
147043,段偃師,Duan Yanshi,564,,,0,段,偃師,6,0,400539,0,0,YP NewEpitaphID=274
147044,馬氏(劉建妻),Ma Shi (Wife of Liujian),556,,,1,馬,氏(劉建妻),4,0,,0,0,YP NewEpitaphID=275
147046,劉三娘,Liu Sanniang,583,,,1,劉,三娘,6,0,,0,0,YP NewEpitaphID=275
147050,索天洛,Suo Tianluo,530,,,0,索,天洛,4,0,400537,0,0,YP NewEpitaphID=276
147056,閻深,Yan Shen,559,,,0,閻,深,6,0,400612,0,0,YP NewEpitaphID=278
147060,張士隆,Zhang Shilong,558,,,0,張,士隆,4,0,400539,0,0,YP NewEpitaphID=280
147061,乙安氏(劉普曜妻),Yi Anshi (Wife of Liupuyao),564,,,1,乙,安氏(劉普曜妻),6,0,,0,0,YP NewEpitaphID=281
147063,劉猛,Liu Meng,531,,,0,劉,猛,4,0,400538,0,0,YP NewEpitaphID=281
147068,梁巘,Liang Yan,557,,,0,梁,巘,4,0,400343,0,0,YP NewEpitaphID=283
147070,王某(王協父),Wang Mou (Wangxiefu),566,,,0,王,某(王協父),6,0,400539,0,0,YP NewEpitaphID=284
147073,顏徹,Yan Che,521,,,0,顏,徹,4,0,400539,0,0,YP NewEpitaphID=285
147075,韓達,Han Da,583,,,0,韓,達,6,0,400537,0,0,YP NewEpitaphID=287
147078,趙弘仁,Zhao Hongren,579,,,0,趙,弘仁,6,0,14990,0,0,YP NewEpitaphID=288
147079,劉氏(安延妻),Liu Shi (Wife of Anyan),563,,,1,劉,氏(安延妻),6,0,,0,0,YP NewEpitaphID=289
147081,安比失,An Bishi,530,,,0,安,比失,4,0,400537,0,0,YP NewEpitaphID=289
147084,李暉,Li Hui,554,,,0,李,暉,4,0,400539,0,0,YP NewEpitaphID=290
147087,邢紹,Xing Shao,566,,,0,邢,紹,6,0,400539,0,0,YP NewEpitaphID=291
147091,甘顯,Gan Xian,556,,,0,甘,顯,4,0,400539,0,0,YP NewEpitaphID=293
147093,楊俊,Yang Jun,551,,,0,楊,俊,4,0,400539,0,0,YP NewEpitaphID=294
147096,朱達,Zhu Da,575,,,0,朱,達,6,0,400537,0,0,YP NewEpitaphID=295
147098,孫文,Sun Wen,572,,,0,孫,文,6,0,400539,0,0,YP NewEpitaphID=296
147102,劉提,Liu Ti,541,,,0,劉,提,4,0,400539,0,0,YP NewEpitaphID=298
147104,田伯,Tian Bo,541,,,0,田,伯,4,0,400539,0,0,YP NewEpitaphID=299
147105,曹剛,Cao Gang,564,,,0,曹,剛,6,0,400538,0,0,YP NewEpitaphID=300
147107,何那,He Na,544,,,0,何,那,4,0,400539,0,0,YP NewEpitaphID=301
147108,楊樂,Yang Le,566,,,0,楊,樂,6,0,400539,0,0,YP NewEpitaphID=302
147111,姜伯,Jiang Bo,551,,,0,姜,伯,4,0,400539,0,0,YP NewEpitaphID=303
147113,張文,Zhang Wen,543,,,0,張,文,4,0,400539,0,0,YP NewEpitaphID=304
147114,張氏(楊吳生妻),Zhang Shi (Wife of Yangwusheng),579,,,1,張,氏(楊吳生妻),6,0,,0,0,YP NewEpitaphID=305
147116,楊通,Yang Tong,546,,,0,楊,通,4,0,400537,0,0,YP NewEpitaphID=305
147119,張貞,Zhang Zhen,534,,,0,張,貞,4,0,400539,0,0,YP NewEpitaphID=306
147122,段師,Duan Shi,564,,,0,段,師,6,0,400539,0,0,YP NewEpitaphID=307
147126,韓護,Han Hu,563,,,0,韓,護,6,0,400537,0,0,YP NewEpitaphID=309
147127,郭祥,Guo Xiang,563,,,0,郭,祥,5,0,,0,0,YP NewEpitaphID=310
147131,郭合,Guo He,560,,,0,郭,合,6,0,400539,0,0,YP NewEpitaphID=310
147134,王宗,Wang Zong,569,,,0,王,宗,6,0,400539,0,0,YP NewEpitaphID=313
147138,趙達,Zhao Da,550,,,0,趙,達,4,0,400539,0,0,YP NewEpitaphID=314
147142,李貴,Li Gui,548,,,0,李,貴,4,0,400539,0,0,YP NewEpitaphID=316
147145,顏和,Yan He,564,,,0,顏,和,6,0,400537,0,0,YP NewEpitaphID=318
147149,某宜生(某隴父),Mou Yisheng (Moulongfu),544,,,0,某,宜生(某隴父),4,0,400537,0,0,YP NewEpitaphID=319
147156,孫興,Sun Xing,561,,,0,孫,興,6,0,400539,0,0,YP NewEpitaphID=321
147159,苻達,Fu Da,557,,,0,苻,達,4,0,14692,0,0,YP NewEpitaphID=322
147162,成貴,Cheng Gui,559,,,0,成,貴,6,0,400537,0,0,YP NewEpitaphID=323
147166,席鄆,Xi Yun,560,,,0,席,鄆,6,0,400539,0,0,YP NewEpitaphID=324
147171,姬讓,Ji Rang,567,,,0,姬,讓,6,0,400539,0,0,YP NewEpitaphID=325
147174,武氏(楊貴妻),Wu Shi (Wife of Yanggui),569,,,1,武,氏(楊貴妻),6,0,,0,0,YP NewEpitaphID=327
147176,楊弘,Yang Hong,536,,,0,楊,弘,4,0,400539,0,0,YP NewEpitaphID=327
147177,樊氏(韓懷妻),Fan Shi (Wife of Hanhuai),578,,,1,樊,氏(韓懷妻),6,0,,0,0,YP NewEpitaphID=328
147179,韓恭,Han Gong,545,,,0,韓,恭,4,0,400539,0,0,YP NewEpitaphID=328
147181,彭百,Peng Bai,539,,,0,彭,百,4,0,,0,0,YP NewEpitaphID=329
147182,彭氏(韓通妻),Peng Shi (Wife of Hantong),569,,,1,彭,氏(韓通妻),6,0,,0,0,YP NewEpitaphID=329
147184,韓欽,Han Qin,536,,,0,韓,欽,4,0,400539,0,0,YP NewEpitaphID=329
147185,王氏(金魏妻),Wang Shi (Wife of Jinwei),588,,,1,王,氏(金魏妻),6,0,,0,0,YP NewEpitaphID=330
147186,金文,Jin Wen,555,,,0,金,文,4,0,400539,0,0,YP NewEpitaphID=330
147190,李文雅,Li Wenya,569,,,0,李,文雅,6,0,400539,0,0,YP NewEpitaphID=332
147193,效君恪,Xiao Junke,534,,,0,效,君恪,4,0,400539,0,0,YP NewEpitaphID=333
147194,常夫人,Chang Furen,585,,,1,常,夫人,6,0,,0,0,YP NewEpitaphID=334
147196,王恭,Wang Gong,552,,,0,王,恭,4,0,15054,0,0,YP NewEpitaphID=334
147198,沈弘,Shen Hong,558,,,0,沈,弘,4,0,400539,0,0,YP NewEpitaphID=335
147203,房崱,Fang Ze,564,,,0,房,崱,6,0,15237,0,0,YP NewEpitaphID=336
147205,元華,Yuan Hua,559,,,0,元,華,6,0,400539,0,0,YP NewEpitaphID=337
147206,子治,Zi Zhi,546,,,0,子,治,4,0,,0,0,YP NewEpitaphID=338
147207,崔氏(盧萬春妻),Cui Shi (Wife of Luwanchun),576,,,1,崔,氏(盧萬春妻),6,0,,0,0,YP NewEpitaphID=338
147209,盧士昂,Lu Shiang,488,,,0,盧,士昂,4,0,400539,0,0,YP NewEpitaphID=338
147211,盧義幹,Lu Yigan,543,,,0,盧,義幹,4,0,400539,0,0,YP NewEpitaphID=338
147213,趙伯比,Zhao Bobi,545,,,0,趙,伯比,4,0,400539,0,0,YP NewEpitaphID=339
147216,孫弘,Sun Hong,555,,,0,孫,弘,4,0,,0,0,YP NewEpitaphID=341
147218,王義,Wang Yi,552,,,0,王,義,4,0,400539,0,0,YP NewEpitaphID=341
147225,王伯,Wang Bo,572,,,0,王,伯,6,0,400538,0,0,YP NewEpitaphID=343
147230,李通,Li Tong,577,,,0,李,通,6,0,400539,0,0,YP NewEpitaphID=345
147232,權弘,Quan Hong,550,,,0,權,弘,4,0,400537,0,0,YP NewEpitaphID=346
147233,王氏(趙勣妻),Wang Shi (Wife of Zhaoji),580,,,1,王,氏(趙勣妻),6,0,,0,0,YP NewEpitaphID=347
147235,趙璨,Zhao Can,547,,,0,趙,璨,4,0,400537,0,0,YP NewEpitaphID=347
147243,姚藻,Yao Zao,572,,,0,姚,藻,6,0,400539,0,0,YP NewEpitaphID=350
147244,韓氏(王瑗達妻),Han Shi (Wife of Wangyuanda),582,,,1,韓,氏(王瑗達妻),6,0,,0,0,YP NewEpitaphID=351
147246,王盛,Wang Sheng,549,,,0,王,盛,4,0,400539,0,0,YP NewEpitaphID=351
147248,李氏(崔泰妻),Li Shi (Wife of Cuitai),579,,,1,李,氏(崔泰妻),6,0,,0,0,YP NewEpitaphID=352
147250,崔仲哲,Cui Zhongzhe,486,,,0,崔,仲哲,4,0,15285,0,0,YP NewEpitaphID=352
147251,崔長瑜,Cui Changyu,505,,,0,崔,長瑜,4,0,400539,0,0,YP NewEpitaphID=352
147252,崔子博,Cui Zibo,546,,,0,崔,子博,4,0,400539,0,0,YP NewEpitaphID=352
147253,張明,Zhang Ming,573,,,0,張,明,5,0,,0,0,YP NewEpitaphID=353
147256,王表,Wang Biao,570,,,0,王,表,5,0,400539,0,0,YP NewEpitaphID=353
147257,王弘道,Wang Hongdao,551,,,0,王,弘道,4,0,400539,0,0,YP NewEpitaphID=353
147259,吳氏(韓遷妻),Wu Shi (Wife of Hanqian),556,,,1,吳,氏(韓遷妻),4,0,,0,0,YP NewEpitaphID=354
147260,韓和高,Han Hegao,523,,,0,韓,和高,6,0,400537,0,0,YP NewEpitaphID=354
147261,韓拜臨,Han Bailin,583,,,0,韓,拜臨,6,0,,0,0,YP NewEpitaphID=354
147262,鄭氏(王惠妻),Zheng Shi (Wife of Wanghui),556,,,1,鄭,氏(王惠妻),4,0,,0,0,YP NewEpitaphID=355
147264,王理,Wang Li,523,,,0,王,理,4,0,400537,0,0,YP NewEpitaphID=355
147265,王文合,Wang Wenhe,583,,,0,王,文合,6,0,400537,0,0,YP NewEpitaphID=355
147273,徐淳,Xu Chun,557,,,0,徐,淳,4,0,400539,0,0,YP NewEpitaphID=359
147276,徐約,Xu Yue,564,,,0,徐,約,6,0,400537,0,0,YP NewEpitaphID=360
147280,高孝德,Gao Xiaode,559,,,0,高,孝德,6,0,400539,0,0,YP NewEpitaphID=361
147289,陰伯,Yin Bo,546,,,0,陰,伯,4,0,16595,0,0,YP NewEpitaphID=364
147295,張巖,Zhang Yan,558,,,0,張,巖,4,0,400537,0,0,YP NewEpitaphID=368
147300,韓節,Han Jie,575,,,0,韓,節,6,0,400539,0,0,YP NewEpitaphID=370
147302,賈憲,Jia Xian,560,,,0,賈,憲,5,0,400538,0,0,YP NewEpitaphID=371
147306,張光,Zhang Guang,555,,,0,張,光,4,0,400539,0,0,YP NewEpitaphID=373
147308,韓禮,Han Li,558,,,0,韓,禮,4,0,15423,0,0,YP NewEpitaphID=374
147311,呂方賢,Lü Fangxian,540,,,0,呂,方賢,4,0,400539,0,0,YP NewEpitaphID=375
147314,車竦,Che Song,555,,,0,車,竦,4,0,400539,0,0,YP NewEpitaphID=376
147318,張震,Zhang Zhen,544,,,0,張,震,4,0,400537,0,0,YP NewEpitaphID=378
147321,趙相,Zhao Xiang,564,,,0,趙,相,6,0,400539,0,0,YP NewEpitaphID=379
147326,長孫某,Zhangsun Mou,572,,,0,長孫,某,5,0,,0,0,YP NewEpitaphID=381
147330,程叉,Cheng Cha,569,,,0,程,叉,6,0,14692,0,0,YP NewEpitaphID=381
147333,王安,Wang An,569,,,0,王,安,6,0,14696,0,0,YP NewEpitaphID=382
147335,張穆,Zhang Mu,530,,,0,張,穆,4,0,400539,0,0,YP NewEpitaphID=383
147336,王某(樂文義岳父),Wang Mou (Lewenyiyuefu),558,,,0,王,某(樂文義岳父),4,0,,0,0,YP NewEpitaphID=384
147338,樂雄,Yue Xiong,555,,,0,樂,雄,4,0,400539,0,0,YP NewEpitaphID=384
147340,張秦師,Zhang Qinshi,572,,,0,張,秦師,6,0,400539,0,0,YP NewEpitaphID=385
147342,程念,Cheng Nian,562,,,0,程,念,6,0,400539,0,0,YP NewEpitaphID=386
147343,任氏(王卿妻),Ren Shi (Wife of Wangqing),562,,,1,任,氏(王卿妻),6,0,,0,0,YP NewEpitaphID=387
147345,王叔孫,Wang Shusun,589,,,0,王,叔孫,6,0,400537,0,0,YP NewEpitaphID=387
147349,張意,Zhang Yi,551,,,0,張,意,4,0,400539,0,0,YP NewEpitaphID=390
147353,王氏(杜文貢妻),Wang Shi (Wife of Duwengong),575,,,1,王,氏(杜文貢妻),6,0,,0,0,YP NewEpitaphID=393
147356,杜原始,Du Yuanshi,542,,,0,杜,原始,4,0,400609,0,0,YP NewEpitaphID=393
147360,張琮,Zhang Cong,571,,,0,張,琮,6,0,400539,0,0,YP NewEpitaphID=394
147362,元大通,Yuan Datong,571,,,0,元,大通,6,0,400537,0,0,YP NewEpitaphID=395
147364,董某(段秀岳父),Dong Mou (Duanxiuyuefu),552,,,0,董,某(段秀岳父),4,0,,0,0,YP NewEpitaphID=396
147367,吳子徹,Wu Ziche,559,,,0,吳,子徹,6,0,400539,0,0,YP NewEpitaphID=397
147371,張顒,Zhang Yu,553,,,0,張,顒,4,0,400539,0,0,YP NewEpitaphID=398
147373,成寧,Cheng Ning,562,,,0,成,寧,5,0,,0,0,YP NewEpitaphID=400
147380,緱定,Gou Ding,567,,,0,緱,定,6,0,400539,0,0,YP NewEpitaphID=403
147385,張定景,Zhang Dingjing,567,,,0,張,定景,6,0,14697,0,0,YP NewEpitaphID=406
147388,霍遵,Huo Zun,556,,,0,霍,遵,4,0,400539,0,0,YP NewEpitaphID=407
147393,常達摩,Chang Damo,564,,,0,常,達摩,6,0,400537,0,0,YP NewEpitaphID=408
147394,柳唐,Liu Tang,567,,,0,柳,唐,5,0,,0,0,YP NewEpitaphID=408
147401,某揆(某玄父),Mou Kui (Mouxuanfu),571,,,0,某,揆(某玄父),6,0,14955,0,0,YP NewEpitaphID=410
147405,王氏(張伽妻),Wang Shi (Wife of Zhangga),572,,,1,王,氏(張伽妻),6,0,,0,0,YP NewEpitaphID=412
147407,張和,Zhang He,539,,,0,張,和,4,0,400538,0,0,YP NewEpitaphID=412
147409,張諤,Zhang E,557,,,0,張,諤,4,0,,0,0,YP NewEpitaphID=413
147410,張氏(韓政妻),Zhang Shi (Wife of Hanzheng),587,,,1,張,氏(韓政妻),6,0,,0,0,YP NewEpitaphID=413
147412,韓通,Han Tong,554,,,0,韓,通,4,0,400537,0,0,YP NewEpitaphID=413
147415,李曹仁,Li Caoren,572,,,0,李,曹仁,6,0,400539,0,0,YP NewEpitaphID=414
147416,劉氏(姚妻),Liu Shi (Wife of Yao),588,,,1,劉,氏(姚妻),6,0,,0,0,YP NewEpitaphID=415
147419,姚榮,Yao Rong,555,,,0,姚,榮,4,0,400539,0,0,YP NewEpitaphID=415
147421,李蓋,Li Gai,557,,,0,李,蓋,4,0,14933,0,0,YP NewEpitaphID=416
147422,李康,Li Kang,561,,,0,李,康,6,0,400538,0,0,YP NewEpitaphID=416
147425,張國,Zhang Guo,556,,,0,張,國,4,0,14731,0,0,YP NewEpitaphID=417
147428,李氏(某登寶妻),Li Shi (Wife of Moudengbao),579,,,1,李,氏(某登寶妻),6,0,,0,0,YP NewEpitaphID=418
147430,某吉(某登寶父),Mou Ji (Moudengbaofu),546,,,0,某,吉(某登寶父),4,0,15237,0,0,YP NewEpitaphID=418
147432,支仁,Zhi Ren,551,,,0,支,仁,4,0,14693,0,0,YP NewEpitaphID=419
147434,安遠,An Yuan,566,,,0,安,遠,6,0,400537,0,0,YP NewEpitaphID=420
147438,王如,Wang Ru,559,,,0,王,如,6,0,400539,0,0,YP NewEpitaphID=423
147441,高元稱,Gao Yuancheng,566,,,0,高,元稱,6,0,400539,0,0,YP NewEpitaphID=424
147448,趙玄,Zhao Xuan,587,,,0,趙,玄,5,0,,0,0,YP NewEpitaphID=431
147452,某法尚(某紹業父),Mou Fashang (Moushaoyefu),584,,,0,某,法尚(某紹業父),6,0,400539,0,0,YP NewEpitaphID=431
147454,徐升,Xu Sheng,564,,,0,徐,升,6,0,400539,0,0,YP NewEpitaphID=432
147458,王伯仁,Wang Boren,561,,,0,王,伯仁,6,0,400537,0,0,YP NewEpitaphID=434
147461,王榮,Wang Rong,586,,,0,王,榮,6,0,400539,0,0,YP NewEpitaphID=435
147463,韓節,Han Jie,586,,,0,韓,節,6,0,400537,0,0,YP NewEpitaphID=436
147468,某嵩仁(某恆貴父),Mou Songren (Mouhengguifu),555,,,0,某,嵩仁(某恆貴父),4,0,400537,0,0,YP NewEpitaphID=438
147473,張珍,Zhang Zhen,565,,,0,張,珍,6,0,400538,0,0,YP NewEpitaphID=441
147477,王儜,Wang Ning,569,,,0,王,儜,6,0,400539,0,0,YP NewEpitaphID=444
147482,宋師,Song Shi,562,,,0,宋,師,6,0,400539,0,0,YP NewEpitaphID=446
147486,張矩,Zhang Ju,563,,,0,張,矩,6,0,14693,0,0,YP NewEpitaphID=447
147489,薛胄,Xue Zhou,547,,,0,薛,胄,4,0,16332,0,0,YP NewEpitaphID=448
147490,薛獻,Xue Xian,565,,,0,薛,獻,5,0,16332,0,0,YP NewEpitaphID=448
147492,霍漢胡,Huo Hanhu,560,,,0,霍,漢胡,6,0,400539,0,0,YP NewEpitaphID=451
147496,李通,Li Tong,551,,,0,李,通,4,0,400537,0,0,YP NewEpitaphID=452
147498,成壽,Cheng Shou,566,,,0,成,壽,6,0,14880,0,0,YP NewEpitaphID=453
147499,申氏(楊士妻),Shen Shi (Wife of Yangshi),584,,,1,申,氏(楊士妻),6,0,,0,0,YP NewEpitaphID=454
147500,楊郎,Yang Lang,551,,,0,楊,郎,4,0,400537,0,0,YP NewEpitaphID=454
147502,李氏(成願壽妻),Li Shi (Wife of Chengyuanshou),559,,,1,李,氏(成願壽妻),4,0,,0,0,YP NewEpitaphID=455
147504,成高,Cheng Gao,526,,,0,成,高,6,0,,0,0,YP NewEpitaphID=455
147507,張嘉,Zhang Jia,566,,,0,張,嘉,6,0,400539,0,0,YP NewEpitaphID=456
147512,蘇謙,Su Qian,559,,,0,蘇,謙,6,0,400343,0,0,YP NewEpitaphID=457
147515,鄒氏(李妻),Zou Shi (Wife of Li),586,,,1,鄒,氏(李妻),6,0,,0,0,YP NewEpitaphID=458
147522,張朗,Zhang Lang,562,,,0,張,朗,6,0,400539,0,0,YP NewEpitaphID=462
147525,王鑒,Wang Jian,565,,,0,王,鑒,6,0,400539,0,0,YP NewEpitaphID=463
147527,支賢,Zhi Xian,569,,,0,支,賢,6,0,14693,0,0,YP NewEpitaphID=464
147528,韓氏(田通妻),Han Shi (Wife of Tiantong),575,,,1,韓,氏(田通妻),6,0,,0,0,YP NewEpitaphID=465
147530,田運,Tian Yun,542,,,0,田,運,4,0,400537,0,0,YP NewEpitaphID=465
147534,萇某(萇氏父),Chang Mou (Changshifu),551,,,0,萇,某(萇氏父),4,0,14692,0,0,YP NewEpitaphID=466
147536,張寶,Zhang Bao,556,,,0,張,寶,4,0,16595,0,0,YP NewEpitaphID=467
147540,楊寶德,Yang Baode,573,,,0,楊,寶德,6,0,14693,0,0,YP NewEpitaphID=468
147550,楊某(楊媛父),Yang Mou (Yangyuanfu),566,,,0,楊,某(楊媛父),6,0,400539,0,0,YP NewEpitaphID=471
147553,王興,Wang Xing,573,,,0,王,興,6,0,400539,0,0,YP NewEpitaphID=472
147554,郗氏(董明妻),Xi Shi (Wife of Dongming),576,,,1,郗,氏(董明妻),6,0,,0,0,YP NewEpitaphID=473
147556,董由,Dong You,543,,,0,董,由,4,0,400539,0,0,YP NewEpitaphID=473
147558,范休,Fan Xiu,560,,,0,范,休,6,0,400539,0,0,YP NewEpitaphID=474
147561,皇甫良,Huangfu Liang,575,,,0,皇甫,良,6,0,400609,0,0,YP NewEpitaphID=475
147564,安定,An Ding,552,,,0,安,定,4,0,400538,0,0,YP NewEpitaphID=477
147567,李願,Li Yuan,547,,,0,李,願,4,0,,0,0,YP NewEpitaphID=478
147568,李考達,Li Kaoda,577,,,0,李,考達,6,0,400537,0,0,YP NewEpitaphID=478
147575,段達,Duan Da,550,,,0,段,達,4,0,400539,0,0,YP NewEpitaphID=480
147579,孟仲康,Meng Zhongkang,528,,,0,孟,仲康,4,0,400607,0,0,YP NewEpitaphID=481
147583,張會,Zhang Hui,569,,,0,張,會,6,0,400537,0,0,YP NewEpitaphID=482
147585,翟道生干,Zhai Daoshenggan,566,,,0,翟,道生干,6,0,400539,0,0,YP NewEpitaphID=483
147589,柳惔,Liu Tan,489,,,0,柳,惔,4,0,15501,0,0,YP NewEpitaphID=486
147590,柳暉,Liu Hui,519,,,0,柳,暉,4,0,15501,0,0,YP NewEpitaphID=486
147592,柳遜,Liu Xun,578,,,0,柳,遜,5,0,400538,0,0,YP NewEpitaphID=486
147596,袁梵,Yuan Fan,515,,,0,袁,梵,4,0,,0,0,YP NewEpitaphID=487
147597,袁弘略,Yuan Honglüe,547,,,0,袁,弘略,4,0,14809,0,0,YP NewEpitaphID=487
147605,崔文康,Cui Wenkang,585,,,0,崔,文康,6,0,400539,0,0,YP NewEpitaphID=489
147608,樊匡,Fan Kuang,562,,,0,樊,匡,6,0,15003,0,0,YP NewEpitaphID=490
147611,張之信,Zhang Zhixin,567,,,0,張,之信,6,0,400539,0,0,YP NewEpitaphID=492
147615,王機,Wang Ji,589,,,0,王,機,6,0,400539,0,0,YP NewEpitaphID=495
147616,馮科,Feng Ke,559,,,0,馮,科,4,0,,0,0,YP NewEpitaphID=496
147617,馮氏(苗明妻),Feng Shi (Wife of Miaoming),589,,,1,馮,氏(苗明妻),6,0,,0,0,YP NewEpitaphID=496
147620,苗先,Miao Xian,556,,,0,苗,先,4,0,14797,0,0,YP NewEpitaphID=496
147622,趙虎,Zhao Hu,570,,,0,趙,虎,6,0,400539,0,0,YP NewEpitaphID=497
147624,逯氏(王力士妻),Lu Shi (Wife of Wanglishi),577,,,1,逯,氏(王力士妻),6,0,,0,0,YP NewEpitaphID=499
147627,王褘,Wang Yi,544,,,0,王,褘,4,0,400538,0,0,YP NewEpitaphID=499
147628,逯某,Lu Mou,547,,,0,逯,某,4,0,,0,0,YP NewEpitaphID=499
147629,王寧,Wang Ning,578,,,0,王,寧,5,0,,0,0,YP NewEpitaphID=500
147632,張令賓,Zhang Lingbin,575,,,0,張,令賓,6,0,400539,0,0,YP NewEpitaphID=500
147634,桓卿信,Huan Qingxin,567,,,0,桓,卿信,6,0,400539,0,0,YP NewEpitaphID=501
147637,解寶,Jie Bao,559,,,0,解,寶,6,0,400539,0,0,YP NewEpitaphID=502
147641,高氏(張懷文妻),Gao Shi (Wife of Zhanghuaiwen),584,,,1,高,氏(張懷文妻),6,0,,0,0,YP NewEpitaphID=506
147642,張嵩,Zhang Song,551,,,0,張,嵩,6,0,400539,0,0,YP NewEpitaphID=506
147645,韓軌,Han Gui,559,,,0,韓,軌,6,0,400539,0,0,YP NewEpitaphID=507
147650,茹代,Ru Dai,560,,,0,茹,代,6,0,400537,0,0,YP NewEpitaphID=510
147651,黎氏(高德妻),Li Shi (Wife of Gaode),583,,,1,黎,氏(高德妻),6,0,,0,0,YP NewEpitaphID=512
147654,高洛,Gao Luo,550,,,0,高,洛,4,0,15311,0,0,YP NewEpitaphID=512
147659,耿相,Geng Xiang,560,,,0,耿,相,6,0,400539,0,0,YP NewEpitaphID=516
147662,某緒(某行師父),Mou Xu (Mouxingshifu),573,,,0,某,緒(某行師父),6,0,16595,0,0,YP NewEpitaphID=517
147666,姚元,Yao Yuan,574,,,0,姚,元,6,0,400443,0,0,YP NewEpitaphID=518
147671,祖承,Zu Cheng,561,,,0,祖,承,6,0,400537,0,0,YP NewEpitaphID=519
147673,許康,Xu Kang,568,,,0,許,康,6,0,400538,0,0,YP NewEpitaphID=520
147679,賈興,Jia Xing,556,,,0,賈,興,4,0,14693,0,0,YP NewEpitaphID=522
147685,某袞(某詮父),Mou Gun (Mouquanfu),568,,,0,某,袞(某詮父),6,0,15470,0,0,YP NewEpitaphID=527
147688,侯孝孫,Hou Xiaosun,571,,,0,侯,孝孫,6,0,400611,0,0,YP NewEpitaphID=528
147689,元氏(王敏妻),Yuan Shi (Wife of Wangmin),576,,,1,元,氏(王敏妻),5,0,,0,0,YP NewEpitaphID=529
147691,王穆,Wang Mu,543,,,0,王,穆,6,0,400537,0,0,YP NewEpitaphID=529
147699,奇績,Qi Ji,566,,,0,奇,績,6,0,400611,0,0,YP NewEpitaphID=535
147701,魏彥,Wei Yan,566,,,0,魏,彥,5,0,,0,0,YP NewEpitaphID=536
147703,王粲,Wang Can,563,,,0,王,粲,6,0,400539,0,0,YP NewEpitaphID=536
147709,譚約,Tan Yue,553,,,0,譚,約,4,0,400539,0,0,YP NewEpitaphID=540
147714,竹懷威,Zhu Huaiwei,569,,,0,竹,懷威,6,0,400539,0,0,YP NewEpitaphID=543
147718,靖綜,Jing Zong,557,,,0,靖,綜,4,0,400538,0,0,YP NewEpitaphID=544
147721,張遵,Zhang Zun,560,,,0,張,遵,6,0,400538,0,0,YP NewEpitaphID=546
147726,某宗(父),Mou Zong (Fu),570,,,0,某,宗(父),6,0,400539,0,0,YP NewEpitaphID=547
147728,袁約,Yuan Yue,577,,,0,袁,約,6,0,400539,0,0,YP NewEpitaphID=548
147731,房叔,Fang Shu,566,,,0,房,叔,6,0,14693,0,0,YP NewEpitaphID=549
147734,郭貴,Guo Gui,567,,,0,郭,貴,6,0,15054,0,0,YP NewEpitaphID=550
147738,徐文整,Xu Wenzheng,500,,,0,徐,文整,4,0,400537,0,0,YP NewEpitaphID=552
147739,徐恪,Xu Ke,560,,,0,徐,恪,6,0,400537,0,0,YP NewEpitaphID=552
147740,徐明敬,Xu Mingjing,560,,,0,徐,明敬,6,0,400537,0,0,YP NewEpitaphID=552
147741,趙徽,Zhao Hui,560,,,0,趙,徽,5,0,,0,0,YP NewEpitaphID=553
147744,張才,Zhang Cai,557,,,0,張,才,4,0,15513,0,0,YP NewEpitaphID=553
147746,魏氏(張寶妻),Wei Shi (Wife of Zhangbao),577,,,1,魏,氏(張寶妻),6,0,,0,0,YP NewEpitaphID=554
147747,張義,Zhang Yi,544,,,0,張,義,4,0,400539,0,0,YP NewEpitaphID=554
147754,喬雲,Qiao Yun,576,,,0,喬,雲,6,0,400538,0,0,YP NewEpitaphID=556
147758,李才,Li Cai,564,,,0,李,才,6,0,16737,0,0,YP NewEpitaphID=557
147760,梁寵,Liang Chong,551,,,0,梁,寵,4,0,,0,0,YP NewEpitaphID=558
147761,梁氏(某汪妻),Liang Shi (Wife of Mouwang),581,,,1,梁,氏(某汪妻),6,0,,0,0,YP NewEpitaphID=558
147764,某樂淵(某汪父),Mou Leyuan (Mouwangfu),548,,,0,某,樂淵(某汪父),4,0,16737,0,0,YP NewEpitaphID=558
147766,王相,Wang Xiang,566,,,0,王,相,6,0,400539,0,0,YP NewEpitaphID=559
147767,吳某(吳志父),Wu Mou (Wuzhifu),548,,,0,吳,某(吳志父),4,0,400539,0,0,YP NewEpitaphID=560
147772,王猛略,Wang Menglüe,576,,,0,王,猛略,6,0,400539,0,0,YP NewEpitaphID=562
147776,賈宜,Jia Yi,571,,,0,賈,宜,6,0,400539,0,0,YP NewEpitaphID=563
147778,張超,Zhang Chao,548,,,0,張,超,4,0,400539,0,0,YP NewEpitaphID=564
147782,某爽(父),Mou Shuang (Fu),559,,,0,某,爽(父),6,0,400537,0,0,YP NewEpitaphID=565
147788,尹氏(張禮妻),Yin Shi (Wife of Zhangli),584,,,1,尹,氏(張禮妻),6,0,,0,0,YP NewEpitaphID=570
147792,索沙,Suo Sha,559,,,0,索,沙,6,0,400539,0,0,YP NewEpitaphID=571
147801,李素,Li Su,578,,,0,李,素,6,0,400538,0,0,YP NewEpitaphID=574
147810,韓阿金,Han Ajin,559,,,0,韓,阿金,6,0,400539,0,0,YP NewEpitaphID=576
147812,皇甫順,Huangfu Shun,569,,,0,皇甫,順,6,0,400539,0,0,YP NewEpitaphID=577
147819,袁摩,Yuan Mo,555,,,0,袁,摩,4,0,400539,0,0,YP NewEpitaphID=581
147823,辛正臣,Xin Zhengchen,572,,,0,辛,正臣,6,0,400539,0,0,YP NewEpitaphID=582
147826,高侯,Gao Hou,575,,,0,高,侯,6,0,400539,0,0,YP NewEpitaphID=583
147827,張才,Zhang Cai,558,,,0,張,才,4,0,,0,0,YP NewEpitaphID=584
147828,張光,Zhang Guang,588,,,1,張,光,6,0,,0,0,YP NewEpitaphID=584
147831,秦朗,Qin Lang,555,,,0,秦,朗,4,0,400539,0,0,YP NewEpitaphID=584
147832,張氏(周師妻),Zhang Shi (Wife of Zhoushi),589,,,1,張,氏(周師妻),6,0,,0,0,YP NewEpitaphID=585
147834,周賓,Zhou Bin,556,,,0,周,賓,4,0,400539,0,0,YP NewEpitaphID=585
147839,王達,Wang Da,568,,,0,王,達,6,0,400539,0,0,YP NewEpitaphID=588
147842,路買,Lu Mai,576,,,0,路,買,6,0,400537,0,0,YP NewEpitaphID=589
147851,魏巖,Wei Yan,566,,,0,魏,巖,6,0,400539,0,0,YP NewEpitaphID=593
147857,楊氏(唐沙妻),Yang Shi (Wife of Tangsha),584,,,1,楊,氏(唐沙妻),6,0,,0,0,YP NewEpitaphID=596
147858,唐護,Tang Hu,551,,,0,唐,護,4,0,400539,0,0,YP NewEpitaphID=596
147862,宗太,Zong Tai,561,,,0,宗,太,6,0,400539,0,0,YP NewEpitaphID=597
147867,獨孤達,Dugu Da,578,,,0,獨孤,達,6,0,400539,0,0,YP NewEpitaphID=599
147868,陰才,Yin Cai,563,,,0,陰,才,5,0,,0,0,YP NewEpitaphID=600
147871,蘭祖,Lan Zu,560,,,0,蘭,祖,6,0,400539,0,0,YP NewEpitaphID=600
147875,常某(常開父),Chang Mou (Changkaifu),564,,,0,常,某(常開父),6,0,400537,0,0,YP NewEpitaphID=601
147879,王煥,Wang Huan,560,,,0,王,煥,6,0,400537,0,0,YP NewEpitaphID=602
147880,竇明,Dou Ming,549,,,0,竇,明,4,0,,0,0,YP NewEpitaphID=603
147881,竇氏(皇甫妻),Dou Shi (Wife of Huangfu),579,,,1,竇,氏(皇甫妻),6,0,,0,0,YP NewEpitaphID=603
147883,皇甫則,Huangfu Ze,546,,,0,皇甫,則,4,0,400539,0,0,YP NewEpitaphID=603
147887,楊氏(樊秀妻),Yang Shi (Wife of Fanxiu),586,,,1,楊,氏(樊秀妻),6,0,,0,0,YP NewEpitaphID=604
147891,程嵩朗,Cheng Songlang,558,,,0,程,嵩朗,4,0,400539,0,0,YP NewEpitaphID=605
147892,康府君(安師岳父),Kang Fujun (Anshiyuefu),574,,,0,康,府君(安師岳父),5,0,,0,0,YP NewEpitaphID=606
147896,安豹,An Bao,571,,,0,安,豹,6,0,14693,0,0,YP NewEpitaphID=606
147898,樊榮,Fan Rong,579,,,0,樊,榮,6,0,400539,0,0,YP NewEpitaphID=607
147903,張金,Zhang Jin,571,,,0,張,金,6,0,400537,0,0,YP NewEpitaphID=609
147905,古合,Gu He,580,,,0,古,合,6,0,400539,0,0,YP NewEpitaphID=610
147908,封仲,Feng Zhong,559,,,0,封,仲,6,0,400538,0,0,YP NewEpitaphID=611
147911,仵德,Wu De,566,,,0,仵,德,6,0,400538,0,0,YP NewEpitaphID=612
147913,趙士政,Zhao Shizheng,564,,,0,趙,士政,6,0,400612,0,0,YP NewEpitaphID=613
147918,某瑜(某敬父),Mou Yu (Moujingfu),584,,,0,某,瑜(某敬父),6,0,400539,0,0,YP NewEpitaphID=614
147921,李弘,Li Hong,559,,,0,李,弘,6,0,400537,0,0,YP NewEpitaphID=615
147924,劉仁崱,Liu Renze,557,,,0,劉,仁崱,4,0,400539,0,0,YP NewEpitaphID=616
147929,施道,Shi Dao,553,,,0,施,道,4,0,,0,0,YP NewEpitaphID=619
147930,施氏(鄧威妻),Shi Shi (Wife of Dengwei),583,,,1,施,氏(鄧威妻),6,0,,0,0,YP NewEpitaphID=619
147933,鄧方,Deng Fang,550,,,0,鄧,方,4,0,400537,0,0,YP NewEpitaphID=619
147937,李某(李辯父),Li Mou (Libianfu),567,,,0,李,某(李辯父),6,0,400538,0,0,YP NewEpitaphID=621
147941,焦買,Jiao Mai,563,,,0,焦,買,6,0,400539,0,0,YP NewEpitaphID=622
147943,陳和,Chen He,557,,,0,陳,和,6,0,,0,0,YP NewEpitaphID=623
147944,陳氏(呂德妻),Chen Shi (Wife of Lüde),587,,,1,陳,氏(呂德妻),6,0,,0,0,YP NewEpitaphID=623
147947,呂買,Lü Mai,554,,,0,呂,買,4,0,400537,0,0,YP NewEpitaphID=623
147948,劉氏(李文妻),Liu Shi (Wife of Liwen),584,,,1,劉,氏(李文妻),6,0,,0,0,YP NewEpitaphID=625
147952,邊伯,Bian Bo,570,,,0,邊,伯,6,0,400539,0,0,YP NewEpitaphID=626
147956,王言,Wang Yan,564,,,0,王,言,6,0,15325,0,0,YP NewEpitaphID=627
147962,樂希有,Yue Xiyou,580,,,0,樂,希有,6,0,400539,0,0,YP NewEpitaphID=629
147965,某良(某仁父),Mou Liang (Mourenfu),566,,,0,某,良(某仁父),6,0,15513,0,0,YP NewEpitaphID=631
147968,某和(父),Mou He (Fu),562,,,0,某,和(父),6,0,400537,0,0,YP NewEpitaphID=632
147969,楊氏(宋璋妻),Yang Shi (Wife of Songzhang),585,,,1,楊,氏(宋璋妻),6,0,,0,0,YP NewEpitaphID=633
147971,欽寂,Qin Ji,565,,,0,欽,寂,5,0,,0,0,YP NewEpitaphID=635
147978,鄭德通,Zheng Detong,571,,,0,鄭,德通,6,0,14748,0,0,YP NewEpitaphID=637
147981,孟暉,Meng Hui,565,,,0,孟,暉,6,0,400539,0,0,YP NewEpitaphID=638
147982,曹氏(梁秀妻),Cao Shi (Wife of Liangxiu),571,,,1,曹,氏(梁秀妻),6,0,,0,0,YP NewEpitaphID=639
147984,梁達,Liang Da,538,,,0,梁,達,4,0,400539,0,0,YP NewEpitaphID=639
147988,段光,Duan Guang,569,,,0,段,光,6,0,400539,0,0,YP NewEpitaphID=640
147990,楊氏(羅端妻),Yang Shi (Wife of Luoduan),589,,,1,楊,氏(羅端妻),6,0,,0,0,YP NewEpitaphID=641
147992,羅穆,Luo Mu,556,,,0,羅,穆,4,0,400539,0,0,YP NewEpitaphID=641
147997,喪梵,Sang Fan,558,,,0,喪,梵,4,0,400538,0,0,YP NewEpitaphID=642
148000,王寵,Wang Chong,576,,,0,王,寵,6,0,400537,0,0,YP NewEpitaphID=643
148003,霍寶,Huo Bao,558,,,0,霍,寶,4,0,400539,0,0,YP NewEpitaphID=644
148005,辛昌,Xin Chang,581,,,0,辛,昌,5,0,,0,0,YP NewEpitaphID=645
148010,強寶質,Qiang Baozhi,578,,,0,強,寶質,6,0,15777,0,0,YP NewEpitaphID=645
148014,杜氏(王君妻),Du Shi (Wife of Wangjun),582,,,1,杜,氏(王君妻),6,0,,0,0,YP NewEpitaphID=646
148016,王光,Wang Guang,549,,,0,王,光,4,0,400537,0,0,YP NewEpitaphID=646
148022,邢泰,Xing Tai,559,,,0,邢,泰,6,0,400538,0,0,YP NewEpitaphID=649
148030,劉海,Liu Hai,570,,,0,劉,海,6,0,14816,0,0,YP NewEpitaphID=651
148032,李慧,Li Hui,558,,,0,李,慧,4,0,400539,0,0,YP NewEpitaphID=652
148035,趙信,Zhao Xin,566,,,0,趙,信,6,0,400539,0,0,YP NewEpitaphID=653
148042,杜素,Du Su,565,,,0,杜,素,6,0,400537,0,0,YP NewEpitaphID=656
148047,劉氏(楊康妻),Liu Shi (Wife of Yangkang),519,,,1,劉,氏(楊康妻),4,0,,0,0,YP NewEpitaphID=658
148050,楊臨,Yang Lin,486,,,0,楊,臨,4,0,14525,0,0,YP NewEpitaphID=658
148051,王遜,Wang Xun,579,,,0,王,遜,6,0,400539,0,0,YP NewEpitaphID=659
148056,王某(王師父),Wang Mou (Wangshifu),574,,,0,王,某(王師父),6,0,15054,0,0,YP NewEpitaphID=662
148061,郭貴,Guo Gui,579,,,0,郭,貴,6,0,400538,0,0,YP NewEpitaphID=665
148064,史嵩,Shi Song,570,,,0,史,嵩,6,0,400539,0,0,YP NewEpitaphID=666
148069,張弘,Zhang Hong,578,,,0,張,弘,6,0,400539,0,0,YP NewEpitaphID=667
148078,索才,Suo Cai,572,,,0,索,才,6,0,400539,0,0,YP NewEpitaphID=673
148080,張幹,Zhang Gan,572,,,0,張,幹,6,0,400538,0,0,YP NewEpitaphID=674
148091,楊柱,Yang Zhu,566,,,0,楊,柱,6,0,400539,0,0,YP NewEpitaphID=678
148093,趙陁,Zhao Tuo,555,,,0,趙,陁,4,0,400537,0,0,YP NewEpitaphID=680
148097,王穆,Wang Mu,557,,,0,王,穆,4,0,400539,0,0,YP NewEpitaphID=683
148103,周弘,Zhou Hong,553,,,0,周,弘,4,0,400538,0,0,YP NewEpitaphID=684
148106,劉氏(某君妻),Liu Shi (Wife of Moujun),578,,,1,劉,氏(某君妻),5,0,,0,0,YP NewEpitaphID=686
148108,馮運,Feng Yun,563,,,0,馮,運,6,0,400537,0,0,YP NewEpitaphID=687
148111,張宗,Zhang Zong,555,,,0,張,宗,4,0,400539,0,0,YP NewEpitaphID=688
148115,董則,Dong Ze,560,,,0,董,則,6,0,400539,0,0,YP NewEpitaphID=690
148120,王則,Wang Ze,571,,,0,王,則,6,0,400539,0,0,YP NewEpitaphID=691
148125,田進,Tian Jin,578,,,0,田,進,6,0,400539,0,0,YP NewEpitaphID=693
148127,張氏(楊達妻),Zhang Shi (Wife of Yangda),587,,,1,張,氏(楊達妻),6,0,,0,0,YP NewEpitaphID=694
148140,趙雅,Zhao Ya,570,,,0,趙,雅,6,0,400539,0,0,YP NewEpitaphID=699
148146,來威,Lai Wei,570,,,0,來,威,6,0,15963,0,0,YP NewEpitaphID=700
148148,杜氏(某士端妻),Du Shi (Wife of Moushiduan),580,,,1,杜,氏(某士端妻),6,0,,0,0,YP NewEpitaphID=702
148150,某雙(某士端父),Mou Shuang (Moushiduanfu),547,,,0,某,雙(某士端父),4,0,14693,0,0,YP NewEpitaphID=702
148152,崔逸元,Cui Yiyuan,583,,,0,崔,逸元,6,0,15285,0,0,YP NewEpitaphID=703
148157,梁隆,Liang Long,560,,,0,梁,隆,6,0,14693,0,0,YP NewEpitaphID=705
148160,張世海,Zhang Shihai,558,,,0,張,世海,4,0,14531,0,0,YP NewEpitaphID=706
148162,張洪獻,Zhang Hongxian,573,,,0,張,洪獻,6,0,,0,0,YP NewEpitaphID=707
148166,陳則,Chen Ze,568,,,0,陳,則,6,0,400537,0,0,YP NewEpitaphID=709
148169,裴灌頂,Pei Guanding,574,,,0,裴,灌頂,6,0,15020,0,0,YP NewEpitaphID=710
148173,王君素,Wang Junsu,563,,,0,王,君素,6,0,400538,0,0,YP NewEpitaphID=711
148178,梁某,Liang Mou,572,,,0,梁,某,6,0,400443,0,0,YP NewEpitaphID=712
148180,田氏(董葵妻),Tian Shi (Wife of Dongkui),587,,,1,田,氏(董葵妻),6,0,,0,0,YP NewEpitaphID=713
148183,張貴,Zhang Gui,554,,,0,張,貴,4,0,400539,0,0,YP NewEpitaphID=714
148186,楊通,Yang Tong,551,,,0,楊,通,4,0,16595,0,0,YP NewEpitaphID=715
148192,周捨,Zhou She,574,,,0,周,捨,6,0,14692,0,0,YP NewEpitaphID=717
148200,陳珤(寶),Chen Bao (Bao),574,,,0,陳,珤(寶),6,0,14819,0,0,YP NewEpitaphID=719
148204,張達,Zhang Da,569,,,0,張,達,6,0,400539,0,0,YP NewEpitaphID=721
148209,楊神通,Yang Shentong,582,,,0,楊,神通,6,0,14528,0,0,YP NewEpitaphID=722
148210,衛氏(董榮妻),Wei Shi (Wife of Dongrong),575,,,1,衛,氏(董榮妻),6,0,,0,0,YP NewEpitaphID=723
148211,董璨,Dong Can,542,,,0,董,璨,4,0,400539,0,0,YP NewEpitaphID=723
148214,張榮,Zhang Rong,574,,,0,張,榮,6,0,400537,0,0,YP NewEpitaphID=724
148218,王叔卿,Wang Shuqing,559,,,0,王,叔卿,6,0,400538,0,0,YP NewEpitaphID=725
148221,張達,Zhang Da,564,,,0,張,達,6,0,400539,0,0,YP NewEpitaphID=726
148224,袁摩,Yuan Mo,572,,,0,袁,摩,6,0,400539,0,0,YP NewEpitaphID=727
148230,李宗,Li Zong,562,,,0,李,宗,5,0,,0,0,YP NewEpitaphID=729
148234,王護,Wang Hu,559,,,0,王,護,6,0,400539,0,0,YP NewEpitaphID=729
148236,宋倫,Song Lun,565,,,0,宋,倫,5,0,,0,0,YP NewEpitaphID=730
148239,張長,Zhang Chang,562,,,0,張,長,6,0,400537,0,0,YP NewEpitaphID=730
148242,上官氏(張善妻),Shangguan Shi (Wife of Zhangshan),578,,,1,上官,氏(張善妻),5,0,,0,0,YP NewEpitaphID=731
148245,張陁,Zhang Tuo,545,,,0,張,陁,6,0,16595,0,0,YP NewEpitaphID=731
148246,李氏(靖千年妻),Li Shi (Wife of Jingqiannian),573,,,1,李,氏(靖千年妻),6,0,,0,0,YP NewEpitaphID=732
148248,靖鄭,Jing Zheng,540,,,0,靖,鄭,4,0,400539,0,0,YP NewEpitaphID=732
148255,燕氏(張妻),Yan Shi (Wife of Zhang),581,,,1,燕,氏(張妻),5,0,,0,0,YP NewEpitaphID=735
148257,張彪,Zhang Biao,548,,,0,張,彪,6,0,14693,0,0,YP NewEpitaphID=735
148260,許護,Xu Hu,568,,,0,許,護,6,0,400537,0,0,YP NewEpitaphID=737
148263,李郝,Li Hao,563,,,0,李,郝,6,0,400538,0,0,YP NewEpitaphID=738
148267,孫信,Sun Xin,588,,,0,孫,信,6,0,400537,0,0,YP NewEpitaphID=739
148269,婁榮,Lou Rong,585,,,0,婁,榮,6,0,400539,0,0,YP NewEpitaphID=740
148277,樊氏(張朗妻),Fan Shi (Wife of Zhanglang),589,,,1,樊,氏(張朗妻),6,0,,0,0,YP NewEpitaphID=743
148279,張通,Zhang Tong,556,,,0,張,通,4,0,400539,0,0,YP NewEpitaphID=743
148284,郭氏(張彥妻),Guo Shi (Wife of Zhangyan),586,,,1,郭,氏(張彥妻),6,0,,0,0,YP NewEpitaphID=745
148286,張莊,Zhang Zhuang,553,,,0,張,莊,4,0,400539,0,0,YP NewEpitaphID=745
148291,王氏(靖徹妻),Wang Shi (Wife of Jingche),583,,,1,王,氏(靖徹妻),6,0,,0,0,YP NewEpitaphID=747
148294,靖褘,Jing Yi,550,,,0,靖,褘,4,0,15157,0,0,YP NewEpitaphID=747
148296,張祥,Zhang Xiang,563,,,0,張,祥,6,0,15237,0,0,YP NewEpitaphID=748
148308,高士逸,Gao Shiyi,588,,,0,高,士逸,6,0,16595,0,0,YP NewEpitaphID=751
148317,李岸高,Li Angao,568,,,0,李,岸高,6,0,400539,0,0,YP NewEpitaphID=754
148321,張貴,Zhang Gui,561,,,0,張,貴,6,0,400539,0,0,YP NewEpitaphID=755
148326,牛善,Niu Shan,568,,,0,牛,善,6,0,400537,0,0,YP NewEpitaphID=758
148328,李暉宗,Li Huizong,564,,,0,李,暉宗,6,0,400537,0,0,YP NewEpitaphID=759
148333,王淵,Wang Yuan,577,,,0,王,淵,6,0,400539,0,0,YP NewEpitaphID=761
148338,李亮,Li Liang,564,,,0,李,亮,6,0,16699,0,0,YP NewEpitaphID=762
148343,梁粲,Liang Can,577,,,0,梁,粲,6,0,400539,0,0,YP NewEpitaphID=763
148346,孫感,Sun Gan,567,,,0,孫,感,6,0,400538,0,0,YP NewEpitaphID=765
148348,伯愛,Bo Ai,566,,,0,伯,愛,5,0,,0,0,YP NewEpitaphID=767
148353,鄭景山,Zheng Jingshan,522,,,0,鄭,景山,4,0,16571,0,0,YP NewEpitaphID=767
148354,李偉節,Li Weijie,563,,,0,李,偉節,6,0,400613,0,0,YP NewEpitaphID=767
148358,朱達,Zhu Da,571,,,0,朱,達,6,0,400538,0,0,YP NewEpitaphID=768
148364,劉亮,Liu Liang,575,,,0,劉,亮,5,0,,0,0,YP NewEpitaphID=771
148368,王某(王德父),Wang Mou (Wangdefu),572,,,0,王,某(王德父),6,0,400539,0,0,YP NewEpitaphID=771
148370,范懷,Fan Huai,568,,,0,范,懷,6,0,400539,0,0,YP NewEpitaphID=772
148380,斛斯誕,Hu Sidan,583,,,0,斛,斯誕,6,0,,0,0,YP NewEpitaphID=776
148383,楊及,Yang Ji,575,,,0,楊,及,6,0,400539,0,0,YP NewEpitaphID=780
148385,淳于氏(曹德妻),Chunyu Shi (Wife of Caode),578,,,1,淳于,氏(曹德妻),6,0,,0,0,YP NewEpitaphID=781
148386,淳于悤,Chunyu Cong,548,,,0,淳于,悤,4,0,,0,0,YP NewEpitaphID=781
148388,曹賓,Cao Bin,545,,,0,曹,賓,4,0,400539,0,0,YP NewEpitaphID=781
148396,惠達,Hui Da,581,,,0,惠,達,6,0,14693,0,0,YP NewEpitaphID=784
148397,郭衡,Guo Heng,570,,,0,郭,衡,5,0,,0,0,YP NewEpitaphID=785
148402,上官昌,Shangguan Chang,567,,,0,上官,昌,6,0,400539,0,0,YP NewEpitaphID=785
148410,程通,Cheng Tong,577,,,0,程,通,6,0,400539,0,0,YP NewEpitaphID=791
148412,鄭毗沙,Zheng Pisha,571,,,0,鄭,毗沙,5,0,,0,0,YP NewEpitaphID=792
148416,劉褐,Liu He,568,,,0,劉,褐,6,0,400539,0,0,YP NewEpitaphID=792
148421,劉貞,Liu Zhen,557,,,0,劉,貞,4,0,14816,0,0,YP NewEpitaphID=794
148424,劉明,Liu Ming,569,,,0,劉,明,6,0,400537,0,0,YP NewEpitaphID=795
148428,毛達,Mao Da,577,,,0,毛,達,6,0,400539,0,0,YP NewEpitaphID=796
148434,曹氏(楊湯妻),Cao Shi (Wife of Yangtang),588,,,1,曹,氏(楊湯妻),6,0,,0,0,YP NewEpitaphID=798
148436,楊某(楊湯父),Yang Mou (Yangtangfu),555,,,0,楊,某(楊湯父),4,0,400539,0,0,YP NewEpitaphID=798
148441,張仲,Zhang Zhong,539,,,0,張,仲,4,0,15237,0,0,YP NewEpitaphID=800
148444,索照,Suo Zhao,568,,,0,索,照,6,0,400539,0,0,YP NewEpitaphID=801
148450,趙業,Zhao Ye,565,,,0,趙,業,6,0,400538,0,0,YP NewEpitaphID=803
148455,樊頭,Fan Tou,582,,,0,樊,頭,6,0,15513,0,0,YP NewEpitaphID=804
148460,蓋洪,Gai Hong,559,,,0,蓋,洪,6,0,400539,0,0,YP NewEpitaphID=805
148461,蓋伯文,Gai Bowen,587,,,0,蓋,伯文,6,0,,0,0,YP NewEpitaphID=805
148464,車胡,Che Hu,569,,,0,車,胡,5,0,,0,0,YP NewEpitaphID=807
148468,某達(某碩父),Mou Da (Moushuofu),566,,,0,某,達(某碩父),6,0,400539,0,0,YP NewEpitaphID=807
148471,王約,Wang Yue,562,,,0,王,約,6,0,400539,0,0,YP NewEpitaphID=808
148475,德遇,De Yu,564,,,0,德,遇,5,0,,0,0,YP NewEpitaphID=809
148479,趙澄,Zhao Cheng,561,,,0,趙,澄,6,0,400612,0,0,YP NewEpitaphID=809
148483,王仁本,Wang Renben,571,,,0,王,仁本,5,0,,0,0,YP NewEpitaphID=810
148486,呂祥,Lü Xiang,568,,,0,呂,祥,6,0,400539,0,0,YP NewEpitaphID=810
148489,郭敬,Guo Jing,577,,,0,郭,敬,6,0,400539,0,0,YP NewEpitaphID=811
148492,趙氏(樂玄妻),Zhao Shi (Wife of Lexuan),589,,,1,趙,氏(樂玄妻),6,0,,0,0,YP NewEpitaphID=813
148495,樂昉,Yue Fang,556,,,0,樂,昉,4,0,400539,0,0,YP NewEpitaphID=813
148499,仵德,Wu De,572,,,0,仵,德,6,0,15371,0,0,YP NewEpitaphID=814
148503,段緣,Duan Yuan,481,,,0,段,緣,4,0,400537,0,0,YP NewEpitaphID=815
148515,康仁,Kang Ren,555,,,0,康,仁,4,0,15054,0,0,YP NewEpitaphID=819
148519,韓才,Han Cai,579,,,0,韓,才,6,0,400539,0,0,YP NewEpitaphID=820
148521,張通,Zhang Tong,580,,,0,張,通,6,0,400537,0,0,YP NewEpitaphID=821
148535,王音,Wang Yin,566,,,0,王,音,6,0,400537,0,0,YP NewEpitaphID=828
148542,宋文,Song Wen,585,,,0,宋,文,6,0,400038,0,0,YP NewEpitaphID=830
148546,鄧霞,Deng Xia,577,,,0,鄧,霞,6,0,15513,0,0,YP NewEpitaphID=831
148549,劉勝,Liu Sheng,568,,,0,劉,勝,6,0,400537,0,0,YP NewEpitaphID=832
148554,牛明,Niu Ming,572,,,0,牛,明,6,0,400001,0,0,YP NewEpitaphID=836
148557,李氏(張祖妻),Li Shi (Wife of Zhangzu),581,,,1,李,氏(張祖妻),6,0,,0,0,YP NewEpitaphID=839
148559,張長,Zhang Chang,548,,,0,張,長,4,0,15219,0,0,YP NewEpitaphID=839
148562,唐氏(康武通妻),Tang Shi (Wife of Kangwutong),588,,,1,唐,氏(康武通妻),6,0,,0,0,YP NewEpitaphID=840
148568,和氏(王逸妻),He Shi (Wife of Wangyi),552,,,1,和,氏(王逸妻),4,0,,0,0,YP NewEpitaphID=842
148572,楊藏,Yang Cang,582,,,0,楊,藏,5,0,,0,0,YP NewEpitaphID=843
148577,某逸(父),Mou Yi (Fu),579,,,0,某,逸(父),6,0,400538,0,0,YP NewEpitaphID=843
148586,尹貴,Yin Gui,560,,,0,尹,貴,6,0,15286,0,0,YP NewEpitaphID=846
148588,李規,Li Gui,569,,,0,李,規,5,0,,0,0,YP NewEpitaphID=847
148590,封回,Feng Hui,456,,,0,封,回,4,0,400539,0,0,YP NewEpitaphID=847
148591,封隆之,Feng Longzhi,481,,,0,封,隆之,4,0,400539,0,0,YP NewEpitaphID=847
148592,封子繡,Feng Zixiu,511,,,0,封,子繡,4,0,400539,0,0,YP NewEpitaphID=847
148593,封德輿,Feng Deyu,566,,,0,封,德輿,6,0,400539,0,0,YP NewEpitaphID=847
148599,盧道亮,Lu Daoliang,484,,,0,盧,道亮,4,0,15381,0,0,YP NewEpitaphID=848
148605,燕氏(嚴朗妻),Yan Shi (Wife of Yanlang),581,,,1,燕,氏(嚴朗妻),5,0,,0,0,YP NewEpitaphID=850
148610,張達,Zhang Da,584,,,0,張,達,6,0,400539,0,0,YP NewEpitaphID=851
148616,陳師敏,Chen Shimin,560,,,0,陳,師敏,6,0,400539,0,0,YP NewEpitaphID=853
148620,韓擒某(韓昭父),Han Qinmou (Hanzhaofu),572,,,0,韓,擒某(韓昭父),6,0,400539,0,0,YP NewEpitaphID=854
148623,王威,Wang Wei,583,,,0,王,威,6,0,400537,0,0,YP NewEpitaphID=855
148627,張子起,Zhang Ziqi,588,,,0,張,子起,6,0,400539,0,0,YP NewEpitaphID=856
148628,張見,Zhang Jian,588,,,0,張,見,6,0,400539,0,0,YP NewEpitaphID=856
148632,郭興,Guo Xing,544,,,0,郭,興,4,0,15054,0,0,YP NewEpitaphID=857
148635,李賢,Li Xian,564,,,0,李,賢,6,0,400539,0,0,YP NewEpitaphID=858
148639,費清,Fei Qing,560,,,0,費,清,6,0,15852,0,0,YP NewEpitaphID=859
148640,薛會,Xue Hui,576,,,0,薛,會,5,0,,0,0,YP NewEpitaphID=861
148644,李遷,Li Qian,573,,,0,李,遷,6,0,400539,0,0,YP NewEpitaphID=861
148648,畢仕政,Bi Shizheng,560,,,0,畢,仕政,6,0,14880,0,0,YP NewEpitaphID=862
148651,叱李氏(慕容三藏妻),Chili Shi (Wife of Murongsanzang),549,,,1,叱李,氏(慕容三藏妻),4,0,,0,0,YP NewEpitaphID=863
148652,虞氏(慕容三藏妻),Yu Shi (Wife of Murongsanzang),549,,,1,虞,氏(慕容三藏妻),4,0,,0,0,YP NewEpitaphID=863
148655,慕容紹宗,Murong Shaozong,516,,,0,慕容,紹宗,4,0,400538,0,0,YP NewEpitaphID=863
148659,慕容正言,Murong Zhengyan,576,,,0,慕容,正言,6,0,400539,0,0,YP NewEpitaphID=864
148665,朱寬,Zhu Kuan,568,,,0,朱,寬,6,0,14504,0,0,YP NewEpitaphID=866
148667,賈氏(某廉妻),Jia Shi (Wife of Moulian),588,,,1,賈,氏(某廉妻),6,0,,0,0,YP NewEpitaphID=867
148672,侯華,Hou Hua,566,,,0,侯,華,6,0,400611,0,0,YP NewEpitaphID=869
148675,王珍,Wang Zhen,563,,,0,王,珍,6,0,400537,0,0,YP NewEpitaphID=870
148679,張伽,Zhang Ga,580,,,0,張,伽,6,0,400538,0,0,YP NewEpitaphID=871
148681,康仵相,Kang Wuxiang,578,,,0,康,仵相,6,0,400537,0,0,YP NewEpitaphID=873
148701,李瓊,Li Qiong,549,,,0,李,瓊,4,0,,0,0,YP NewEpitaphID=880
148702,李氏(楊晟妻),Li Shi (Wife of Yangsheng),579,,,1,李,氏(楊晟妻),6,0,,0,0,YP NewEpitaphID=880
148704,楊正巒,Yang Zhengluan,546,,,0,楊,正巒,4,0,400537,0,0,YP NewEpitaphID=880
148707,王獎,Wang Jiang,569,,,0,王,獎,6,0,400538,0,0,YP NewEpitaphID=881
148710,王氏(張傑妻),Wang Shi (Wife of Zhangjie),584,,,1,王,氏(張傑妻),6,0,,0,0,YP NewEpitaphID=882
148712,張慶,Zhang Qing,551,,,0,張,慶,4,0,400537,0,0,YP NewEpitaphID=882
148714,戴通,Dai Tong,573,,,0,戴,通,5,0,,0,0,YP NewEpitaphID=884
148720,贾廉,Jia Lian,582,,,0,贾,廉,5,0,,0,0,YP NewEpitaphID=885
148722,張訓,Zhang Xun,579,,,0,張,訓,6,0,400617,0,0,YP NewEpitaphID=885
148725,孫仕,Sun Shi,567,,,0,孫,仕,5,0,,0,0,YP NewEpitaphID=886
148729,任德,Ren De,564,,,0,任,德,6,0,14693,0,0,YP NewEpitaphID=886
148731,楊雄,Yang Xiong,562,,,0,楊,雄,5,0,,0,0,YP NewEpitaphID=887
148732,侯敬,Hou Jing,559,,,0,侯,敬,6,0,400611,0,0,YP NewEpitaphID=887
148737,王寶德,Wang Baode,559,,,0,王,寶德,6,0,400539,0,0,YP NewEpitaphID=888
148741,王基,Wang Ji,588,,,0,王,基,6,0,16699,0,0,YP NewEpitaphID=889
148753,黃滿,Huang Man,581,,,0,黃,滿,6,0,400539,0,0,YP NewEpitaphID=893
148755,張興,Zhang Xing,570,,,0,張,興,5,0,,0,0,YP NewEpitaphID=894
148759,李同,Li Tong,567,,,0,李,同,6,0,400538,0,0,YP NewEpitaphID=894
148763,王賓,Wang Bin,575,,,0,王,賓,6,0,,0,0,YP NewEpitaphID=897
148772,某絢(某嶷父),Mou Xuan (Mouyifu),581,,,0,某,絢(某嶷父),6,0,400539,0,0,YP NewEpitaphID=899
148773,陳氏(某嶷母),Chen Shi (Mother of Mouyi),584,,,0,陳,氏(某嶷母),6,0,,0,0,YP NewEpitaphID=899
148775,王伽,Wang Ga,575,,,0,王,伽,6,0,400539,0,0,YP NewEpitaphID=900
148780,王秀,Wang Xiu,580,,,0,王,秀,6,0,15054,0,0,YP NewEpitaphID=902
148786,孟洪度,Meng Hongdu,561,,,0,孟,洪度,6,0,400537,0,0,YP NewEpitaphID=904
148794,蔡徹,Cai Che,552,,,0,蔡,徹,4,0,400539,0,0,YP NewEpitaphID=906
148796,馮氏(杜行寶妻),Feng Shi (Wife of Duxingbao),488,,,1,馮,氏(杜行寶妻),4,0,,0,0,YP NewEpitaphID=907
148797,杜六有,Du Liuyou,515,,,0,杜,六有,4,0,,0,0,YP NewEpitaphID=907
148798,杜洪貴,Du Honggui,515,,,0,杜,洪貴,4,0,,0,0,YP NewEpitaphID=907
148799,杜恆週,Du Hengzhou,545,,,0,杜,恆週,4,0,,0,0,YP NewEpitaphID=907
148801,王憲,Wang Xian,587,,,0,王,憲,5,0,14697,0,0,YP NewEpitaphID=908
148813,曹毗沙,Cao Pisha,563,,,0,曹,毗沙,6,0,400539,0,0,YP NewEpitaphID=912
148815,暴氏(某元妻),Bao Shi (Wife of Mouyuan),580,,,1,暴,氏(某元妻),6,0,,0,0,YP NewEpitaphID=913
148817,某洛(某元父),Mou Luo (Mouyuanfu),547,,,0,某,洛(某元父),4,0,15119,0,0,YP NewEpitaphID=913
148820,王宣,Wang Xuan,564,,,0,王,宣,6,0,400539,0,0,YP NewEpitaphID=914
148824,周雄,Zhou Xiong,559,,,0,周,雄,6,0,14852,0,0,YP NewEpitaphID=916
148839,董翼,Dong Yi,583,,,0,董,翼,6,0,400539,0,0,YP NewEpitaphID=920
148840,孟氏(王式妻),Meng Shi (Wife of Wangshi),583,,,1,孟,氏(王式妻),6,0,,0,0,YP NewEpitaphID=922
148849,楊慈,Yang Ci,566,,,0,楊,慈,6,0,400537,0,0,YP NewEpitaphID=928
148854,王勣,Wang Ji,566,,,0,王,勣,6,0,400539,0,0,YP NewEpitaphID=929
148882,李子徽,Li Zihui,554,,,0,李,子徽,4,0,400537,0,0,YP NewEpitaphID=943
148887,樂緒,Yue Xu,558,,,0,樂,緒,4,0,14693,0,0,YP NewEpitaphID=944
148889,王滿,Wang Man,578,,,0,王,滿,6,0,15054,0,0,YP NewEpitaphID=945
148892,某行莊(某旦父),Mou Xingzhuang (Moudanfu),586,,,0,某,行莊(某旦父),6,0,400538,0,0,YP NewEpitaphID=947
148895,元善積,Yuan Shanji,567,,,0,元,善積,6,0,14693,0,0,YP NewEpitaphID=948
148896,杜氏(張曄妻),Du Shi (Wife of Zhangye),579,,,1,杜,氏(張曄妻),6,0,,0,0,YP NewEpitaphID=949
148898,張讓,Zhang Rang,546,,,0,張,讓,4,0,15219,0,0,YP NewEpitaphID=949
148905,某處昂(某宮父),Mou Chuang (Mougongfu),563,,,0,某,處昂(某宮父),6,0,15231,0,0,YP NewEpitaphID=951
148908,朱詮,Zhu Quan,567,,,0,朱,詮,6,0,14693,0,0,YP NewEpitaphID=952
148912,王嵩,Wang Song,588,,,0,王,嵩,6,0,15054,0,0,YP NewEpitaphID=954
148921,羅季樂,Luo Jile,566,,,0,羅,季樂,6,0,400537,0,0,YP NewEpitaphID=958
148925,張寬,Zhang Kuan,586,,,0,張,寬,6,0,16086,0,0,YP NewEpitaphID=959
148926,馮氏(杜秀妻),Feng Shi (Wife of Duxiu),580,,,1,馮,氏(杜秀妻),6,0,,0,0,YP NewEpitaphID=960
148928,杜乞,Du Qi,547,,,0,杜,乞,4,0,400001,0,0,YP NewEpitaphID=960
148930,王伏,Wang Fu,576,,,0,王,伏,6,0,15054,0,0,YP NewEpitaphID=961
148931,吳氏(馬珍妻),Wu Shi (Wife of Mazhen),575,,,1,吳,氏(馬珍妻),6,0,,0,0,YP NewEpitaphID=962
148932,苗氏(馬珍妻),Miao Shi (Wife of Mazhen),575,,,1,苗,氏(馬珍妻),6,0,,0,0,YP NewEpitaphID=962
148933,吴某(馬珍岳父),Wu Mou (Mazhenyuefu),545,,,0,吴,某(馬珍岳父),4,0,,0,0,YP NewEpitaphID=962
148944,顏昶,Yan Chang,572,,,0,顏,昶,6,0,16655,0,0,YP NewEpitaphID=964
148976,蕭寵,Xiao Chong,548,,,0,蕭,寵,4,0,,0,0,YP NewEpitaphID=976
148977,杜氏(蕭瑤妻),Du Shi (Wife of Xiaoyao),578,,,1,杜,氏(蕭瑤妻),5,0,,0,0,YP NewEpitaphID=976
148978,蕭衍,Xiao Yan,471,,,0,蕭,衍,4,0,15371,0,0,YP NewEpitaphID=976
148982,蕭嚴,Xiao Yan,545,,,0,蕭,嚴,6,0,14950,0,0,YP NewEpitaphID=976
148999,王彥,Wang Yan,576,,,0,王,彥,6,0,15054,0,0,YP NewEpitaphID=981
149001,羅令祖,Luo Lingzu,576,,,0,羅,令祖,6,0,15300,0,0,YP NewEpitaphID=982
149003,王懷智,Wang Huaizhi,568,,,0,王,懷智,6,0,400538,0,0,YP NewEpitaphID=983
149012,康陁,Kang Tuo,562,,,0,康,陁,6,0,400539,0,0,YP NewEpitaphID=985
149025,張桃湯,Zhang Taotang,587,,,0,張,桃湯,6,0,14531,0,0,YP NewEpitaphID=990
149043,李壯,Li Zhuang,570,,,0,李,壯,6,0,16699,0,0,YP NewEpitaphID=996
149056,胡玉竭,Hu Yujie,589,,,0,胡,玉竭,6,0,14691,0,0,YP NewEpitaphID=1001
149059,康洛,Kang Luo,589,,,0,康,洛,6,0,16762,0,0,YP NewEpitaphID=1002
149081,崔璋,Cui Zhang,582,,,0,崔,璋,6,0,15121,0,0,YP NewEpitaphID=1009
149088,崔公華,Cui Gonghua,501,,,0,崔,公華,4,0,15237,0,0,YP NewEpitaphID=1011
149090,崔玄覽,Cui Xuanlan,584,,,0,崔,玄覽,6,0,400537,0,0,YP NewEpitaphID=1011
149095,某義慈(某隆父),Mou Yici (Moulongfu),581,,,0,某,義慈(某隆父),6,0,400537,0,0,YP NewEpitaphID=1013
149108,張緒,Zhang Xu,569,,,0,張,緒,6,0,400001,0,0,YP NewEpitaphID=1016
149124,李氏(孫義普妻),Li Shi (Wife of Sunyipu),586,,,1,李,氏(孫義普妻),6,0,,0,0,YP NewEpitaphID=1022
149127,孫乾,Sun Qian,553,,,0,孫,乾,4,0,14508,0,0,YP NewEpitaphID=1022
149141,王子紹,Wang Zishao,560,,,0,王,子紹,6,0,400538,0,0,YP NewEpitaphID=1029
149144,皇甫仲延,Huangfu Zhongyan,521,,,0,皇甫,仲延,4,0,14559,0,0,YP NewEpitaphID=1030
149159,王機,Wang Ji,578,,,0,王,機,6,0,15988,0,0,YP NewEpitaphID=1036
149167,李德倫,Li Delun,589,,,0,李,德倫,6,0,400539,0,0,YP NewEpitaphID=1038
149176,孟義,Meng Yi,579,,,0,孟,義,6,0,400539,0,0,YP NewEpitaphID=1042
149180,成寬,Cheng Kuan,577,,,0,成,寬,6,0,400539,0,0,YP NewEpitaphID=1043
149188,張濟,Zhang Ji,589,,,0,張,濟,6,0,400537,0,0,YP NewEpitaphID=1046
149195,柳慶,Liu Qing,480,,,0,柳,慶,4,0,15009,0,0,YP NewEpitaphID=1048
149196,柳機,Liu Ji,531,,,0,柳,機,4,0,400537,0,0,YP NewEpitaphID=1048
149197,柳逖,Liu Ti,589,,,0,柳,逖,6,0,400537,0,0,YP NewEpitaphID=1048
149215,獨孤宣,Dugu Xuan,581,,,0,獨孤,宣,6,0,14692,0,0,YP NewEpitaphID=1053
149219,張義,Zhang Yi,569,,,0,張,義,6,0,400539,0,0,YP NewEpitaphID=1054
149240,蔡悅,Cai Yue,581,,,0,蔡,悅,5,0,,0,0,YP NewEpitaphID=1060
149243,張載,Zhang Zai,557,,,0,張,載,4,0,15237,0,0,YP NewEpitaphID=1060
149246,張?,Zhang Hui,578,,,0,張,?,6,0,400539,0,0,YP NewEpitaphID=1060
149270,郭儉,Guo Jian,583,,,0,郭,儉,6,0,15053,0,0,YP NewEpitaphID=1070
149289,司馬晟,Sima Sheng,581,,,0,司馬,晟,6,0,400539,0,0,YP NewEpitaphID=1076
149292,李子雄,Li Zixiong,532,,,0,李,子雄,4,0,400538,0,0,YP NewEpitaphID=1077
149293,李公挺,Li Gongting,583,,,0,李,公挺,5,0,400538,0,0,YP NewEpitaphID=1077
149297,盧氏(高夔妻),Lu Shi (Wife of Gaokui),589,,,1,盧,氏(高夔妻),6,0,,0,0,YP NewEpitaphID=1079
149298,馬氏(高夔妻),Ma Shi (Wife of Gaokui),589,,,1,馬,氏(高夔妻),6,0,,0,0,YP NewEpitaphID=1079
149300,高業,Gao Ye,556,,,0,高,業,6,0,15311,0,0,YP NewEpitaphID=1079
149314,王暉,Wang Hui,572,,,0,王,暉,5,0,,0,0,YP NewEpitaphID=1084
149319,寵師,Chong Shi,569,,,0,寵,師,6,0,14766,0,0,YP NewEpitaphID=1084
149323,裴爽,Pei Shuang,588,,,0,裴,爽,6,0,15020,0,0,YP NewEpitaphID=1085
149333,蔡氏(陳護妻),Cai Shi (Wife of Chenhu),577,,,1,蔡,氏(陳護妻),6,0,,0,0,YP NewEpitaphID=1088
149335,劉運,Liu Yun,557,,,0,劉,運,4,0,,0,0,YP NewEpitaphID=1089
149336,劉氏(李善智妻),Liu Shi (Wife of Lishanzhi),587,,,1,劉,氏(李善智妻),6,0,,0,0,YP NewEpitaphID=1089
149348,某感(某威父),Mou Gan (Mouweifu),587,,,0,某,感(某威父),6,0,400537,0,0,YP NewEpitaphID=1092
149354,陸仁徵,Lu Renzheng,586,,,0,陸,仁徵,6,0,14693,0,0,YP NewEpitaphID=1094
149356,蕭造,Xiao Zao,533,,,0,蕭,造,4,0,16139,0,0,YP NewEpitaphID=1095
149384,楊興,Yang Xing,588,,,0,楊,興,6,0,400537,0,0,YP NewEpitaphID=1102
149424,麴明,Qu Ming,557,,,0,麴,明,4,0,,0,0,YP NewEpitaphID=1117
149425,麴氏(張雄妻),Qu Shi (Wife of Zhangxiong),587,,,1,麴,氏(張雄妻),6,0,,0,0,YP NewEpitaphID=1117
149428,張端,Zhang Duan,554,,,0,張,端,4,0,400605,0,0,YP NewEpitaphID=1117
149435,樂卿,Yue Qing,577,,,0,樂,卿,5,0,,0,0,YP NewEpitaphID=1119
149439,陳才,Chen Cai,574,,,0,陳,才,6,0,15124,0,0,YP NewEpitaphID=1119
149443,高進,Gao Jin,589,,,0,高,進,6,0,15311,0,0,YP NewEpitaphID=1120
149463,李儒,Li Ru,574,,,0,李,儒,6,0,400467,0,0,YP NewEpitaphID=1130
149469,董淳,Dong Chun,587,,,0,董,淳,5,0,,0,0,YP NewEpitaphID=1133
149479,行本,Xing Ben,577,,,0,行,本,5,0,,0,0,YP NewEpitaphID=1135
149485,楊德倫,Yang Delun,574,,,0,楊,德倫,6,0,400537,0,0,YP NewEpitaphID=1135
149488,斛斯叔,Hu Sishu,584,,,0,斛,斯叔,6,0,400538,0,0,YP NewEpitaphID=1136
149489,斛斯禮,Hu Sili,584,,,0,斛,斯禮,6,0,400538,0,0,YP NewEpitaphID=1136
149496,崔弈,Cui Yi,572,,,0,崔,弈,5,0,16595,0,0,YP NewEpitaphID=1138
149510,陳伯謀,Chen Bomou,528,,,0,陳,伯謀,4,0,14493,0,0,YP NewEpitaphID=1145
149511,陳酆,Chen Feng,587,,,0,陳,酆,5,0,14799,0,0,YP NewEpitaphID=1145
149537,爨仁,Cuan Ren,585,,,0,爨,仁,6,0,400538,0,0,YP NewEpitaphID=1151
149547,張念祖,Zhang Nianzu,584,,,0,張,念祖,5,0,,0,0,YP NewEpitaphID=1156
149551,王才,Wang Cai,581,,,0,王,才,6,0,400538,0,0,YP NewEpitaphID=1156
149558,張公,Zhang Gong,575,,,0,張,公,5,0,,0,0,YP NewEpitaphID=1158
149560,元叡,Yuan Rui,572,,,0,元,叡,6,0,400539,0,0,YP NewEpitaphID=1158
149573,某剛(某堯父),Mou Gang (Mouyaofu),571,,,0,某,剛(某堯父),6,0,15119,0,0,YP NewEpitaphID=1161
149582,申屠士,Shentu Shi,564,,,0,申屠,士,6,0,15122,0,0,YP NewEpitaphID=1166
149585,蘇相,Su Xiang,587,,,0,蘇,相,6,0,400537,0,0,YP NewEpitaphID=1167
149589,董淹,Dong Yan,589,,,0,董,淹,6,0,400539,0,0,YP NewEpitaphID=1168
149611,劉某(劉善寂祖),Liu Mou (Liushanjizu),571,,,0,劉,某(劉善寂祖),5,0,,0,0,YP NewEpitaphID=1174
149612,劉珪,Liu Gui,541,,,0,劉,珪,5,0,,0,0,YP NewEpitaphID=1174
149616,邢道,Xing Dao,588,,,0,邢,道,6,0,400539,0,0,YP NewEpitaphID=1175
149641,朱氏(梁玄敏妻),Zhu Shi (Wife of Liangxuanmin),589,,,1,朱,氏(梁玄敏妻),6,0,,0,0,YP NewEpitaphID=1182
149643,梁衍,Liang Yan,556,,,0,梁,衍,4,0,400443,0,0,YP NewEpitaphID=1182
149667,柳淮卿,Liu Huaiqing,549,,,0,柳,淮卿,4,0,,0,0,YP NewEpitaphID=1191
149668,柳氏(陳察妻),Liu Shi (Wife of Chencha),579,,,1,柳,氏(陳察妻),6,0,,0,0,YP NewEpitaphID=1191
149670,陳伯義,Chen Boyi,546,,,0,陳,伯義,4,0,400539,0,0,YP NewEpitaphID=1191
149696,張崇,Zhang Chong,576,,,0,張,崇,6,0,400539,0,0,YP NewEpitaphID=1196
149748,陸孝友,Lu Xiaoyou,585,,,0,陸,孝友,6,0,400539,0,0,YP NewEpitaphID=1211
149763,蕭卿,Xiao Qing,567,,,0,蕭,卿,6,0,15902,0,0,YP NewEpitaphID=1217
149789,齊隆,Qi Long,564,,,0,齊,隆,6,0,400538,0,0,YP NewEpitaphID=1222
149837,馮材,Feng Cai,586,,,0,馮,材,6,0,14528,0,0,YP NewEpitaphID=1237
149854,徐氏(王定妻),Xu Shi (Wife of Wangding),584,,,1,徐,氏(王定妻),6,0,,0,0,YP NewEpitaphID=1244
149879,仇詵,Chou Shen,589,,,0,仇,詵,6,0,400514,0,0,YP NewEpitaphID=1250
149897,常貴,Chang Gui,574,,,0,常,貴,6,0,15121,0,0,YP NewEpitaphID=1255
149986,馬恪,Ma Ke,583,,,0,馬,恪,5,0,,0,0,YP NewEpitaphID=1280
149991,呼延裕,Huyan Yu,580,,,0,呼延,裕,6,0,400614,0,0,YP NewEpitaphID=1280
150053,崔至仁,Cui Zhiren,574,,,0,崔,至仁,5,0,15003,0,0,YP NewEpitaphID=1298
150124,周瑋,Zhou Wei,589,,,0,周,瑋,6,0,,0,0,YP NewEpitaphID=1312
150140,鄭振,Zheng Zhen,541,,,0,鄭,振,4,0,14791,0,0,YP NewEpitaphID=1317
150172,蕭岑,Xiao Cen,549,,,0,蕭,岑,4,0,15330,0,0,YP NewEpitaphID=1326
150210,淳于道,Chunyu Dao,577,,,0,淳于,道,6,0,15300,0,0,YP NewEpitaphID=1335
150213,鄭才,Zheng Cai,587,,,0,鄭,才,6,0,400539,0,0,YP NewEpitaphID=1336
150221,麴降,Qu Jiang,588,,,0,麴,降,6,0,400538,0,0,YP NewEpitaphID=1339
150241,馮才,Feng Cai,580,,,0,馮,才,6,0,16738,0,0,YP NewEpitaphID=1345
150244,王子忠,Wang Zizhong,561,,,0,王,子忠,6,0,14955,0,0,YP NewEpitaphID=1346
150256,孟政,Meng Zheng,587,,,0,孟,政,5,0,,0,0,YP NewEpitaphID=1349
150259,孟陟,Meng Zhi,557,,,0,孟,陟,4,0,,0,0,YP NewEpitaphID=1349
150260,袁弘,Yuan Hong,584,,,0,袁,弘,6,0,16520,0,0,YP NewEpitaphID=1349
150265,崔彥穆,Cui Yanmu,519,,,0,崔,彥穆,4,0,15003,0,0,YP NewEpitaphID=1352
150266,崔君肅,Cui Junsu,561,,,0,崔,君肅,5,0,15003,0,0,YP NewEpitaphID=1352
150279,劉仵,Liu Wu,589,,,0,劉,仵,6,0,15119,0,0,YP NewEpitaphID=1355
150333,杜魚石,Du Yushi,585,,,0,杜,魚石,5,0,14493,0,0,YP NewEpitaphID=1374
150341,劉會,Liu Hui,536,,,0,劉,會,4,0,15206,0,0,YP NewEpitaphID=1377
150349,向舉,Xiang Ju,588,,,0,向,舉,6,0,,0,0,YP NewEpitaphID=1379
150360,楊纂,Yang Zuan,575,,,0,楊,纂,5,0,14493,0,0,YP NewEpitaphID=1382
150376,常亮,Chang Liang,589,,,0,常,亮,6,0,15254,0,0,YP NewEpitaphID=1385
150383,張殊,Zhang Shu,583,,,0,張,殊,6,0,14531,0,0,YP NewEpitaphID=1386
150443,高伯堅,Gao Bojian,510,,,0,高,伯堅,35,0,14692,0,0,YP NewEpitaphID=1405
150444,高王臣,Gao Wangchen,572,,,0,高,王臣,35,0,,0,0,YP NewEpitaphID=1405
150479,斛律義,Hulü Yi,577,,,0,斛律,義,5,0,,0,0,YP NewEpitaphID=1414
150484,陳敦,Chen Dun,574,,,0,陳,敦,6,0,14797,0,0,YP NewEpitaphID=1414
150496,王粲,Wang Can,575,,,0,王,粲,6,0,15054,0,0,YP NewEpitaphID=1418
150623,陸秀,Lu Xiu,569,,,0,陸,秀,6,0,14693,0,0,YP NewEpitaphID=1466
150639,李孝衡,Li Xiaoheng,541,,,0,李,孝衡,4,0,15790,0,0,YP NewEpitaphID=1471
150661,劉裕,Liu Yu,545,,,0,劉,裕,35,0,,0,0,YP NewEpitaphID=1475
150662,劉霸,Liu Ba,575,,,0,劉,霸,5,0,,0,0,YP NewEpitaphID=1475
150672,裴讓之,Pei Rangzhi,500,,,0,裴,讓之,4,0,15020,0,0,YP NewEpitaphID=1479
150674,裴掞,Pei Yan,537,,,0,裴,掞,4,0,15020,0,0,YP NewEpitaphID=1479
150692,李放之,Li Fangzhi,569,,,0,李,放之,5,0,15289,0,0,YP NewEpitaphID=1488
150721,溫大雅,Wen Daya,525,,,0,溫,大雅,4,0,15207,0,0,YP NewEpitaphID=1495
150762,崔德厚,Cui Dehou,571,,,0,崔,德厚,5,0,15285,0,0,YP NewEpitaphID=1502
150768,裴鴻智,Pei Hongzhi,486,,,0,裴,鴻智,4,0,15020,0,0,YP NewEpitaphID=1504
150769,裴師武,Pei Shiwu,537,,,0,裴,師武,4,0,15020,0,0,YP NewEpitaphID=1504
150785,和顯壽,He Xianshou,571,,,0,和,顯壽,6,0,16303,0,0,YP NewEpitaphID=1507
150802,王子景,Wang Zijing,551,,,0,王,子景,4,0,400617,0,0,YP NewEpitaphID=1512
150803,王元季,Wang Yuanji,566,,,0,王,元季,5,0,400617,0,0,YP NewEpitaphID=1512
150813,王敏,Wang Min,554,,,0,王,敏,4,0,15235,0,0,YP NewEpitaphID=1513
150881,李公源,Li Gongyuan,542,,,0,李,公源,4,0,15289,0,0,YP NewEpitaphID=1533
150882,李善願,Li Shanyuan,572,,,0,李,善願,5,0,15289,0,0,YP NewEpitaphID=1533
150923,張武,Zhang Wu,586,,,0,張,武,6,0,15237,0,0,YP NewEpitaphID=1543
150992,崔樞,Cui Shu,547,,,0,崔,樞,4,0,16224,0,0,YP NewEpitaphID=1563
151070,王君儒,Wang Junru,536,,,0,王,君儒,4,0,15053,0,0,YP NewEpitaphID=1583
151071,王孝遠,Wang Xiaoyuan,587,,,0,王,孝遠,5,0,15053,0,0,YP NewEpitaphID=1583
151100,封道弘,Feng Daohong,576,,,0,封,道弘,5,0,15311,0,0,YP NewEpitaphID=1592
151148,李素王,Li Suwang,571,,,0,李,素王,5,0,15790,0,0,YP NewEpitaphID=1603
151194,王隴,Wang Long,585,,,0,王,隴,6,0,15054,0,0,YP NewEpitaphID=1609
151271,張敏,Zhang Min,534,,,0,張,敏,4,0,400443,0,0,YP NewEpitaphID=1628
151291,元義全,Yuan Yiquan,540,,,0,元,義全,4,0,16737,0,0,YP NewEpitaphID=1632
151370,柳帶韋,Liu Daiwei,530,,,0,柳,帶韋,4,0,15009,0,0,YP NewEpitaphID=1649
151475,世倫,Shi Lun,575,,,0,世,倫,5,0,,0,0,YP NewEpitaphID=1679
151477,李希仁,Li Xiren,506,,,0,李,希仁,4,0,15294,0,0,YP NewEpitaphID=1679
151510,孟公平,Meng Gongping,558,,,0,孟,公平,0,0,400607,0,0,YP NewEpitaphID=1687
151538,王淹,Wang Yan,588,,,0,王,淹,6,0,16655,0,0,YP NewEpitaphID=1696
151586,裴尼,Pei Ni,489,,,0,裴,尼,4,0,15020,0,0,YP NewEpitaphID=1705
151636,孫曜,Sun Yao,569,,,0,孫,曜,6,0,14906,0,0,YP NewEpitaphID=1715
151688,李元卿,Li Yuanqing,553,,,0,李,元卿,4,0,15294,0,0,YP NewEpitaphID=1734
151720,孔業,Kong Ye,576,,,0,孔,業,6,0,14901,0,0,YP NewEpitaphID=1741
151746,李祖欽,Li Zuqin,531,,,0,李,祖欽,4,0,15790,0,0,YP NewEpitaphID=1748
151747,李德瑋,Li Dewei,550,,,0,李,德瑋,4,0,,0,0,YP NewEpitaphID=1748
151784,劉行之,Liu Xingzhi,582,,,0,劉,行之,5,0,15029,0,0,YP NewEpitaphID=1757
151811,盧義恭,Lu Yigong,582,,,0,盧,義恭,5,0,14691,0,0,YP NewEpitaphID=1764
151906,李蓐,Li Ru,538,,,0,李,蓐,35,0,400467,0,0,YP NewEpitaphID=1793
151913,敬舉,Jing Ju,588,,,0,敬,舉,6,0,14695,0,0,YP NewEpitaphID=1794
151969,崔公禮,Cui Gongli,571,,,0,崔,公禮,5,0,15003,0,0,YP NewEpitaphID=1812
151982,朱暠,Zhu Hao,565,,,0,朱,暠,5,0,14819,0,0,YP NewEpitaphID=1817
151983,蔡頊,Cai Xu,568,,,0,蔡,頊,5,0,,0,0,YP NewEpitaphID=1818
152187,王續,Wang Xu,519,,,0,王,續,4,0,16655,0,0,YP NewEpitaphID=1864
152188,王德儉,Wang Dejian,556,,,0,王,德儉,4,0,14836,0,0,YP NewEpitaphID=1864
152203,高岳,Gao Yue,492,,,0,高,岳,4,0,15908,0,0,YP NewEpitaphID=1867
152234,李允王,Li Yunwang,571,,,0,李,允王,5,0,15294,0,0,YP NewEpitaphID=1875
152253,許叔牙,Xu Shuya,579,,,0,許,叔牙,5,0,14819,0,0,YP NewEpitaphID=1878
152271,孟達,Meng Da,589,,,0,孟,達,6,0,,0,0,YP NewEpitaphID=1883
152356,宋大辯,Song Dabian,583,,,0,宋,大辯,5,0,400038,0,0,YP NewEpitaphID=1904
152423,薛景山,Xue Jingshan,569,,,0,薛,景山,5,0,15445,0,0,YP NewEpitaphID=1919
152492,鄭述祖,Zheng Shuzu,500,,,0,鄭,述祖,4,0,,0,0,YP NewEpitaphID=1933
152493,鄭武叔,Zheng Wushu,530,,,0,鄭,武叔,4,0,,0,0,YP NewEpitaphID=1933
152542,崔儀表,Cui Yibiao,577,,,0,崔,儀表,5,0,15285,0,0,YP NewEpitaphID=1943
152585,盧君胤,Lu Junyin,548,,,0,盧,君胤,4,0,15381,0,0,YP NewEpitaphID=1951
152597,張則,Zhang Ze,577,,,0,張,則,5,0,15534,0,0,YP NewEpitaphID=1953
152706,張偉度,Zhang Weidu,588,,,0,張,偉度,6,0,,0,0,YP NewEpitaphID=1982
152740,白君恕,Bai Junshu,552,,,0,白,君恕,4,0,15058,0,0,YP NewEpitaphID=1989
152868,崔君宙,Cui Junzhou,559,,,0,崔,君宙,4,0,15237,0,0,YP NewEpitaphID=2020
152897,蕭巋,Xiao Kui,543,,,0,蕭,巋,4,0,15371,0,0,YP NewEpitaphID=2030
152941,王弘訓,Wang Hongxun,532,,,0,王,弘訓,4,0,14955,0,0,YP NewEpitaphID=2042
153041,崔弘壽,Cui Hongshou,528,,,0,崔,弘壽,4,0,15285,0,0,YP NewEpitaphID=2066
153042,崔萬善,Cui Wanshan,579,,,0,崔,萬善,5,0,15285,0,0,YP NewEpitaphID=2066
153061,鄭孝通,Zheng Xiaotong,564,,,0,鄭,孝通,5,0,14748,0,0,YP NewEpitaphID=2071
153066,崔叔胤,Cui Shuyin,543,,,0,崔,叔胤,4,0,15285,0,0,YP NewEpitaphID=2072
153067,崔孝康,Cui Xiaokang,573,,,0,崔,孝康,5,0,15285,0,0,YP NewEpitaphID=2072
153140,鄭德秀,Zheng Dexiu,570,,,0,鄭,德秀,5,0,14791,0,0,YP NewEpitaphID=2087
153383,王德素,Wang Desu,570,,,0,王,德素,5,0,16655,0,0,YP NewEpitaphID=2148
153439,孔德紹,Kong Deshao,571,,,0,孔,德紹,5,0,15791,0,0,YP NewEpitaphID=2162
153613,李安,Li An,565,,,0,李,安,5,0,16695,0,0,YP NewEpitaphID=2193
153614,李孝恭,Li Xiaogong,586,,,0,李,孝恭,5,0,16695,0,0,YP NewEpitaphID=2193
153633,某敬(某永父),Mou Jing (Mouyongfu),587,,,0,某,敬(某永父),6,0,15059,0,0,YP NewEpitaphID=2196
153745,張立德,Zhang Lide,571,,,0,張,立德,5,0,400001,0,0,YP NewEpitaphID=2224
153784,李純,Li Chun,542,,,0,李,純,4,0,25058,0,0,YP NewEpitaphID=2229
153952,李昭貴,Li Zhaogui,565,,,0,李,昭貴,5,0,16695,0,0,YP NewEpitaphID=2265
154136,王弘讓,Wang Hongrang,583,,,0,王,弘讓,5,0,14955,0,0,YP NewEpitaphID=2302
154143,王鼒,Wang Zi,553,,,0,王,鼒,4,0,14955,0,0,YP NewEpitaphID=2302
154187,崔行功,Cui Xinggong,568,,,0,崔,行功,5,0,15285,0,0,YP NewEpitaphID=2311
154278,王道質,Wang Daozhi,573,,,0,王,道質,5,0,15054,0,0,YP NewEpitaphID=2330
154317,盧彥恭,Lu Yangong,583,,,0,盧,彥恭,5,0,15381,0,0,YP NewEpitaphID=2338
154429,盧陽烏,Lu Yangwu,461,,,0,盧,陽烏,4,0,15381,0,0,YP NewEpitaphID=2366
154450,盧道虔,Lu Daoqian,504,,,0,盧,道虔,4,0,15381,0,0,YP NewEpitaphID=2370
154507,崔曠,Cui Kuang,528,,,0,崔,曠,4,0,15285,0,0,YP NewEpitaphID=2383
154508,崔順,Cui Shun,558,,,0,崔,順,4,0,15285,0,0,YP NewEpitaphID=2383
154717,呂徽,Lü Hui,584,,,0,呂,徽,5,0,14880,0,0,YP NewEpitaphID=2430
154967,裴德超,Pei Dechao,534,,,0,裴,德超,4,0,15020,0,0,YP NewEpitaphID=2483
155021,獨孤永業,Dugu Yongye,474,,,0,獨孤,永業,4,0,14693,0,0,YP NewEpitaphID=2491
155090,王仁緒,Wang Renxu,556,,,0,王,仁緒,4,0,15053,0,0,YP NewEpitaphID=2500
155121,王寶倫,Wang Baolun,526,,,0,王,寶倫,4,0,15053,0,0,YP NewEpitaphID=2502
155127,王廣業,Wang Guangye,466,,,0,王,廣業,4,0,15053,0,0,YP NewEpitaphID=2502
155182,李稚川,Li Zhichuan,561,,,0,李,稚川,5,0,14789,0,0,YP NewEpitaphID=2511
155468,鮮于匡紹,Xianyu Kuangshao,572,,,0,鮮于,匡紹,5,0,15858,0,0,YP NewEpitaphID=2563
155561,李贖,Li Shu,566,,,0,李,贖,5,0,15852,0,0,YP NewEpitaphID=2576
155651,崔休,Cui Xiu,489,,,0,崔,休,30,0,15237,0,0,YP NewEpitaphID=2596
155666,于謹,Yu Jin,485,,,0,于,謹,4,0,14508,0,0,YP NewEpitaphID=2598
155671,于寔,Yu Shi,515,,,0,于,寔,4,0,14508,0,0,YP NewEpitaphID=2598
155856,魏乂,Wei Yi,587,,,0,魏,乂,5,0,,0,0,YP NewEpitaphID=2630
156042,柳敏,Liu Min,487,,,0,柳,敏,4,0,14935,0,0,YP NewEpitaphID=2659
156043,柳煥,Liu Huan,561,,,0,柳,煥,5,0,14935,0,0,YP NewEpitaphID=2659
156128,李乞豆,Li Qidou,511,,,0,李,乞豆,4,0,16695,0,0,YP NewEpitaphID=2672
156199,李虔,Li Qian,464,,,0,李,虔,4,0,14691,0,0,YP NewEpitaphID=2685
156236,盧處實,Lu Chushi,548,,,0,盧,處實,4,0,15381,0,0,YP NewEpitaphID=2689
156321,張元濟,Zhang Yuanji,589,,,0,張,元濟,6,0,15721,0,0,YP NewEpitaphID=2702
156741,李來王,Li Laiwang,571,,,0,李,來王,5,0,15294,0,0,YP NewEpitaphID=2772
156879,李希騫,Li Xijian,506,,,0,李,希騫,4,0,15294,0,0,YP NewEpitaphID=2792
156924,楊德立,Yang Deli,585,,,0,楊,德立,5,0,14493,0,0,YP NewEpitaphID=2798
156932,楊峻,Yang Jun,548,,,0,楊,峻,6,0,14493,0,0,YP NewEpitaphID=2798
157372,高覲王,Gao Jinwang,586,,,0,高,覲王,5,0,14693,0,0,YP NewEpitaphID=2868
157644,李瓚,Li Zan,504,,,0,李,瓚,4,0,14789,0,0,YP NewEpitaphID=2916
157670,盧敏,Lu Min,429,,,0,盧,敏,4,0,15381,0,0,YP NewEpitaphID=2920
157867,王裒,Wang Pou,505,,,0,王,裒,4,0,14955,0,0,YP NewEpitaphID=2953
158248,李韶,Li Shao,464,,,0,李,韶,4,0,14789,0,0,YP NewEpitaphID=3017
158254,崔世濟,Cui Shiji,586,,,0,崔,世濟,5,0,15237,0,0,YP NewEpitaphID=3018
158301,陳惠,Chen Hui,572,,,0,陳,惠,6,0,14695,0,0,YP NewEpitaphID=3026
159808,李虎,Li Hu,511,,,0,李,虎,4,0,16695,0,0,YP NewEpitaphID=3241
159827,李奉慈,Li Fengci,586,,,0,李,奉慈,5,0,16695,0,0,YP NewEpitaphID=3244
159874,鄭世斌,Zheng Shibin,589,,,0,鄭,世斌,6,0,14791,0,0,YP NewEpitaphID=3249
160106,李禕,Li Yi,528,,,0,李,禕,4,0,14493,0,0,YP NewEpitaphID=3277
160233,李琛,Li Chen,586,,,0,李,琛,5,0,16695,0,0,YP NewEpitaphID=3296
160860,曹治,Cao Zhi,516,,,0,曹,治,4,0,15290,0,0,YP NewEpitaphID=3367
160861,曹玉,Cao Yu,546,,,0,曹,玉,4,0,15290,0,0,YP NewEpitaphID=3367
160862,曹長,Cao Chang,576,,,0,曹,長,6,0,15290,0,0,YP NewEpitaphID=3367
161865,李寬,Li Kuan,552,,,0,李,寬,4,0,16699,0,0,YP NewEpitaphID=3538
161868,某世冲(父),Mou Shichong (Fu),554,,,0,某,世冲(父),4,0,400410,0,0,YP NewEpitaphID=3539
161872,高世達,Gao Shida,567,,,0,高,世達,6,0,15311,0,0,YP NewEpitaphID=3542
161875,張定國,Zhang Dingguo,544,,,0,張,定國,6,0,14692,0,0,YP NewEpitaphID=3551
161877,某讓(某諒父),Mou Rang (Mouliangfu),546,,,0,某,讓(某諒父),4,0,15395,0,0,YP NewEpitaphID=3552
161879,李綱,Li Gang,552,,,0,李,綱,4,0,15311,0,0,YP NewEpitaphID=3554
161884,孟玄鏡,Meng Xuanjing,588,,,0,孟,玄鏡,6,0,,0,0,YP NewEpitaphID=3557
161889,耿子相,Geng Zixiang,537,,,0,耿,子相,6,0,15053,0,0,YP NewEpitaphID=3558
161890,呂氏(楊業洛妻),Lü Shi (Wife of Yangyeluo),577,,,1,呂,氏(楊業洛妻),6,0,,0,0,YP NewEpitaphID=3559
161891,李氏(楊業洛妻),Li Shi (Wife of Yangyeluo),577,,,1,李,氏(楊業洛妻),6,0,,0,0,YP NewEpitaphID=3559
161893,楊買,Yang Mai,544,,,0,楊,買,4,0,14525,0,0,YP NewEpitaphID=3559
161894,善道,Shan Dao,515,,,0,善,道,4,0,,0,0,YP NewEpitaphID=3560
161895,爨氏(徐彪妻),Cuan Shi (Wife of Xu Biao),545,,,1,爨,氏(徐彪妻),4,0,,0,0,YP NewEpitaphID=3560
161897,徐慶,Xu Qing,512,,,0,徐,慶,4,0,15209,0,0,YP NewEpitaphID=3560
161900,張珍,Zhang Zhen,558,,,0,張,珍,4,0,15419,0,0,YP NewEpitaphID=3561
161902,彭信,Peng Xin,550,,,0,彭,信,4,0,14693,0,0,YP NewEpitaphID=3562
161913,宋干,Song Gan,567,,,0,宋,干,6,0,400038,0,0,YP NewEpitaphID=3565
161920,竇璨,Dou Can,523,,,0,竇,璨,4,0,400514,0,0,YP NewEpitaphID=3567
161923,徐林卿,Xu Linqing,535,,,0,徐,林卿,4,0,15134,0,0,YP NewEpitaphID=3568
161926,趙景,Zhao Jing,555,,,0,趙,景,4,0,400530,0,0,YP NewEpitaphID=3569
161932,王貴,Wang Gui,561,,,0,王,貴,6,0,400001,0,0,YP NewEpitaphID=3575
161937,李方元,Li Fangyuan,556,,,0,李,方元,4,0,16699,0,0,YP NewEpitaphID=3583
161941,綦母賾,Qi Muze,557,,,0,綦,母賾,6,0,16749,0,0,YP NewEpitaphID=3585
161950,某恩武(某德備父),Mou Enwu (Moudebeifu),551,,,0,某,恩武(某德備父),4,0,16655,0,0,YP NewEpitaphID=3588
161954,楊雄,Yang Xiong,557,,,0,楊,雄,4,0,400001,0,0,YP NewEpitaphID=3590
161961,劉藏,Liu Cang,536,,,0,劉,藏,4,0,14816,0,0,YP NewEpitaphID=3594
161965,薛寵,Xue Chong,553,,,0,薛,寵,6,0,15872,0,0,YP NewEpitaphID=3598
161968,阿史那咄陸設,Ashina Duolushe,551,,,0,阿史那,咄陸設,4,0,,0,0,YP NewEpitaphID=3600
161971,韋旭,Wei Xu,467,,,0,韋,旭,4,0,14493,0,0,YP NewEpitaphID=3601
161979,延陁區利支達官,Yan Tuoqulizhidaguan,562,,,0,延,陁區利支達官,6,0,14645,0,0,YP NewEpitaphID=3603
161982,竇善,Dou Shan,498,,,0,竇,善,4,0,16093,0,0,YP NewEpitaphID=3611
161986,崔吉甫,Cui Jifu,588,,,0,崔,吉甫,6,0,15285,0,0,YP NewEpitaphID=3612
161987,崔行甫,Cui Xingfu,588,,,0,崔,行甫,6,0,15285,0,0,YP NewEpitaphID=3612
161990,馬騰,Ma Teng,554,,,0,馬,騰,4,0,15170,0,0,YP NewEpitaphID=3613
161994,楊誼,Yang Yi,565,,,0,楊,誼,6,0,14731,0,0,YP NewEpitaphID=3614
161999,阿史那啜羅可汗,A Shinachuoluokehan,577,,,0,阿,史那啜羅可汗,6,0,,4,0,YP NewEpitaphID=3616
162001,劉淵,Liu Yuan,537,,,0,劉,淵,4,0,14816,0,0,YP NewEpitaphID=3617
162002,元氏(燕明妻),Yuan Shi (Wife of Yanming),587,,,1,元,氏(燕明妻),6,0,,0,0,YP NewEpitaphID=3618
162004,燕胡,Yan Hu,554,,,0,燕,胡,4,0,14692,0,0,YP NewEpitaphID=3618
162018,王實,Wang Shi,560,,,0,王,實,6,0,16655,0,0,YP NewEpitaphID=3641
162019,神安,Shen An,568,,,0,神,安,5,0,,0,0,YP NewEpitaphID=3642
162023,牛漢,Niu Han,565,,,0,牛,漢,6,0,16699,0,0,YP NewEpitaphID=3642
162035,段綸,Duan Lun,587,,,0,段,綸,6,0,400544,0,0,YP NewEpitaphID=3643
162037,王氏(賈貞妻),Wang Shi (Wife of Jiazhen),587,,,1,王,氏(賈貞妻),6,0,,0,0,YP NewEpitaphID=3644
162038,裴氏(宋舉妻),Pei Shi (Wife of Songju),584,,,1,裴,氏(宋舉妻),6,0,,0,0,YP NewEpitaphID=3646
162039,鍾氏(宋舉妻),Zhong Shi (Wife of Songju),584,,,1,鍾,氏(宋舉妻),6,0,,0,0,YP NewEpitaphID=3646
162041,宋悅,Song Yue,551,,,0,宋,悅,4,0,14532,0,0,YP NewEpitaphID=3646
162051,王氏(董僧利妻),Wang Shi (Wife of Dongsengli),559,,,1,王,氏(董僧利妻),6,0,,0,0,YP NewEpitaphID=3652
162053,董英,Dong Ying,526,,,0,董,英,4,0,400001,0,0,YP NewEpitaphID=3652
162054,董長興,Dong Changxing,586,,,0,董,長興,6,0,,0,0,YP NewEpitaphID=3652
162056,趙遵,Zhao Zun,517,,,0,趙,遵,4,0,400607,0,0,YP NewEpitaphID=3653
162058,韓仁,Han Ren,557,,,0,韓,仁,4,0,14693,0,0,YP NewEpitaphID=3655
162060,張貴,Zhang Gui,560,,,0,張,貴,6,0,15513,0,0,YP NewEpitaphID=3659
162061,劉氏(王恭妻),Liu Shi (Wife of Wanggong),539,,,1,劉,氏(王恭妻),4,0,,0,0,YP NewEpitaphID=3660
162062,陳氏(王恭妻),Chen Shi (Wife of Wanggong),539,,,1,陳,氏(王恭妻),4,0,,0,0,YP NewEpitaphID=3660
162063,王那仁,Wang Naren,506,,,0,王,那仁,4,0,15054,0,0,YP NewEpitaphID=3660
162064,王武保,Wang Wubao,566,,,0,王,武保,6,0,15054,0,0,YP NewEpitaphID=3660
162067,王通,Wang Tong,565,,,0,王,通,6,0,15054,0,0,YP NewEpitaphID=3664
162071,馬信,Ma Xin,568,,,0,馬,信,6,0,14692,0,0,YP NewEpitaphID=3665
162074,張珍,Zhang Zhen,572,,,0,張,珍,6,0,15513,0,0,YP NewEpitaphID=3668
162079,高瑗,Gao Yuan,563,,,0,高,瑗,6,0,15311,0,0,YP NewEpitaphID=3669
162082,何氏(龍潤妻),He Shi (Wife of Longrun),564,,,1,何,氏(龍潤妻),6,0,,0,0,YP NewEpitaphID=3670
162085,龍求真,Long Qiuzhen,531,,,0,龍,求真,4,0,15053,0,0,YP NewEpitaphID=3670
162088,索韓,Suo Han,580,,,0,索,韓,6,0,,0,0,YP NewEpitaphID=3673
162089,楊舍才,Yang Shecai,570,,,0,楊,舍才,5,0,,0,0,YP NewEpitaphID=3675
162092,某雲(父),Mou Yun (Fu),567,,,0,某,雲(父),6,0,15054,0,0,YP NewEpitaphID=3675
162096,皇甫該,Huangfu Gai,571,,,0,皇甫,該,6,0,400443,0,0,YP NewEpitaphID=3676
162097,李氏(皇甫滔妻),Li Shi (Wife of Huangfutao),587,,,1,李,氏(皇甫滔妻),6,0,,0,0,YP NewEpitaphID=3677
162100,皇甫澯,Huangfu Can,554,,,0,皇甫,澯,4,0,400443,0,0,YP NewEpitaphID=3677
162102,夏侯誠,Xiahou Cheng,565,,,0,夏侯,誠,6,0,15782,0,0,YP NewEpitaphID=3678
162104,某珍(某玉父),Mou Zhen (Mouyufu),556,,,0,某,珍(某玉父),4,0,15129,0,0,YP NewEpitaphID=3679
162108,李道通,Li Daotong,567,,,0,李,道通,6,0,14492,0,0,YP NewEpitaphID=3683
162113,高孝弁,Gao Xiaobian,565,,,0,高,孝弁,6,0,,0,0,YP NewEpitaphID=3685
162115,田蘭,Tian Lan,553,,,0,田,蘭,4,0,14693,0,0,YP NewEpitaphID=3686
162117,霍裕,Huo Yu,572,,,0,霍,裕,6,0,15290,0,0,YP NewEpitaphID=3687
162122,唐靈芝,Tang Lingzhi,457,,,0,唐,靈芝,4,0,16756,0,0,YP NewEpitaphID=3689
162124,唐鑒,Tang Jian,559,,,0,唐,鑒,6,0,15053,0,0,YP NewEpitaphID=3689
162128,楊達,Yang Da,560,,,0,楊,達,6,0,15054,0,0,YP NewEpitaphID=3694
162131,胡讓,Hu Rang,579,,,0,胡,讓,6,0,400443,0,0,YP NewEpitaphID=3697
162132,高氏(支隆妻),Gao Shi (Wife of Zhilong),588,,,1,高,氏(支隆妻),6,0,,0,0,YP NewEpitaphID=3698
162134,支佰,Zhi Bai,555,,,0,支,佰,4,0,14490,0,0,YP NewEpitaphID=3698
162140,元務整,Yuan Wuzheng,587,,,0,元,務整,6,0,14693,0,0,YP NewEpitaphID=3699
162144,陳統,Chen Tong,565,,,0,陳,統,6,0,14819,0,0,YP NewEpitaphID=3701
162146,封璨,Feng Can,551,,,0,封,璨,4,0,15311,0,0,YP NewEpitaphID=3703
162150,許嵩,Xu Song,578,,,0,許,嵩,6,0,400342,0,0,YP NewEpitaphID=3706
162153,姚正,Yao Zheng,570,,,0,姚,正,6,0,15003,0,0,YP NewEpitaphID=3707
162156,法言,Fa Yan,560,,,0,法,言,5,0,,0,0,YP NewEpitaphID=3708
162162,蕭順之,Xiao Shunzhi,422,,,0,蕭,順之,4,0,16139,0,0,YP NewEpitaphID=3709
162167,蕭澤,Xiao Ze,575,,,0,蕭,澤,6,0,400510,0,0,YP NewEpitaphID=3709
162169,邊集,Bian Ji,545,,,0,邊,集,4,0,,0,0,YP NewEpitaphID=3710
162170,邊氏(段文政妻),Bian Shi (Wife of Duanwenzheng),575,,,1,邊,氏(段文政妻),6,0,,0,0,YP NewEpitaphID=3710
162173,段順,Duan Shun,542,,,0,段,順,4,0,14911,0,0,YP NewEpitaphID=3710
162179,孫穎,Sun Ying,563,,,0,孫,穎,6,0,14693,0,0,YP NewEpitaphID=3711
162182,魏元凱,Wei Yuankai,550,,,0,魏,元凱,4,0,15335,0,0,YP NewEpitaphID=3712
162189,劉讓,Liu Rang,566,,,0,劉,讓,6,0,14693,0,0,YP NewEpitaphID=3717
162200,陶模,Tao Mo,557,,,0,陶,模,4,0,14506,0,0,YP NewEpitaphID=3721
162204,王某(王行父),Wang Mou (Wangxingfu),564,,,0,王,某(王行父),6,0,16655,0,0,YP NewEpitaphID=3722
162206,宇文士及,Yuwen Shiji,574,,,0,宇文,士及,6,0,14850,0,0,YP NewEpitaphID=3725
162209,劉軫,Liu Zhen,480,,,0,劉,軫,4,0,14816,0,0,YP NewEpitaphID=3726
162212,李氏(張亮妻),Li Shi (Wife of Zhangliang),588,,,1,李,氏(張亮妻),6,0,,0,0,YP NewEpitaphID=3727
162221,李郎,Li Lang,570,,,0,李,郎,6,0,15293,0,0,YP NewEpitaphID=3728
162223,韓氏(范澄妻),Han Shi (Wife of Fancheng),586,,,1,韓,氏(范澄妻),6,0,,0,0,YP NewEpitaphID=3729
162225,范昌,Fan Chang,553,,,0,范,昌,4,0,15053,0,0,YP NewEpitaphID=3729
162227,元氏(陽昕妻),Yuan Shi (Wife of Yangxin),491,,,1,元,氏(陽昕妻),4,0,,0,0,YP NewEpitaphID=3732
162231,陽榮,Yang Rong,458,,,0,陽,榮,4,0,15392,0,0,YP NewEpitaphID=3732
162233,董恭,Dong Gong,545,,,0,董,恭,4,0,16753,0,0,YP NewEpitaphID=3733
162235,吳氏(高文妻),Wu Shi (Wife of Gaowen),518,,,1,吳,氏(高文妻),4,0,,0,0,YP NewEpitaphID=3734
162236,高涘往,Gao Siwang,485,,,0,高,涘往,4,0,15513,0,0,YP NewEpitaphID=3734
162237,郭智,Guo Zhi,474,,,0,郭,智,4,0,15054,0,0,YP NewEpitaphID=3735
162238,郭徽,Guo Hui,511,,,0,郭,徽,4,0,15054,0,0,YP NewEpitaphID=3735
162239,郭榮,Guo Rong,531,,,0,郭,榮,4,0,15054,0,0,YP NewEpitaphID=3735
162253,何嗣,He Si,560,,,0,何,嗣,6,0,15731,0,0,YP NewEpitaphID=3743
162265,張淵,Zhang Yuan,555,,,0,張,淵,4,0,15003,0,0,YP NewEpitaphID=3750
162273,王興,Wang Xing,573,,,0,王,興,6,0,15791,0,0,YP NewEpitaphID=3753
162276,王靜,Wang Jing,566,,,0,王,靜,6,0,400001,0,0,YP NewEpitaphID=3755
162279,薛粲,Xue Can,570,,,0,薛,粲,6,0,15023,0,0,YP NewEpitaphID=3756
162280,范歡伯,Fan Huanbo,570,,,0,范,歡伯,6,0,400605,0,0,YP NewEpitaphID=3757
162290,明深,Ming Shen,577,,,0,明,深,6,0,,0,0,YP NewEpitaphID=3762
162294,王子唐,Wang Zitang,585,,,0,王,子唐,6,0,16655,0,0,YP NewEpitaphID=3763
162299,裴懷節,Pei Huaijie,578,,,0,裴,懷節,6,0,400001,0,0,YP NewEpitaphID=3764
162301,皇甫氏(杜博乂妻),Huangfu Shi (Wife of Du Boyi),565,,,1,皇甫,氏(杜博乂妻),6,0,,0,0,YP NewEpitaphID=3766
162304,杜考普,Du Kaopu,532,,,0,杜,考普,4,0,400609,0,0,YP NewEpitaphID=3766
162309,某某(某貞父),Mou Mou (Mouzhenfu),554,,,0,某,某(某貞父),4,0,15003,0,0,YP NewEpitaphID=3768
162314,張裕,Zhang Yu,548,,,0,張,裕,4,0,14693,0,0,YP NewEpitaphID=3772
162325,梁祐,Liang You,570,,,0,梁,祐,6,0,400605,0,0,YP NewEpitaphID=3780
162333,裴氏(柳鼓妻),Pei Shi (Wife of Liugu),563,,,1,裴,氏(柳鼓妻),6,0,,0,0,YP NewEpitaphID=3784
162334,柳津,Liu Jin,489,,,0,柳,津,4,0,14871,0,0,YP NewEpitaphID=3784
162336,柳玄,Liu Xuan,530,,,0,柳,玄,4,0,14871,0,0,YP NewEpitaphID=3784
162338,趙氏(呂道妻),Zhao Shi (Wife of Lüdao),588,,,1,趙,氏(呂道妻),6,0,,0,0,YP NewEpitaphID=3786
162340,呂珍,Lü Zhen,555,,,0,呂,珍,4,0,14780,0,0,YP NewEpitaphID=3786
162343,鄭公,Zheng Gong,556,,,1,鄭,公,4,0,,0,0,YP NewEpitaphID=3787
162344,鄭當,Zheng Dang,523,,,0,鄭,當,6,0,15391,0,0,YP NewEpitaphID=3787
162345,楊氏(鄭善母),Yang Shi (Mother of Zhengshan),526,,,0,楊,氏(鄭善母),6,0,,0,0,YP NewEpitaphID=3787
162346,鄭君信,Zheng Junxin,583,,,0,鄭,君信,6,0,,0,0,YP NewEpitaphID=3787
162348,趙良,Zhao Liang,565,,,0,趙,良,6,0,14693,0,0,YP NewEpitaphID=3788
162352,張仲容,Zhang Zhongrong,572,,,0,張,仲容,6,0,400351,0,0,YP NewEpitaphID=3789
162358,崔信,Cui Xin,562,,,0,崔,信,5,0,,0,0,YP NewEpitaphID=3791
162359,陸兒,Lu Er,562,,,0,陸,兒,5,0,,0,0,YP NewEpitaphID=3791
162365,程婁,Cheng Lou,559,,,0,程,婁,6,0,14880,0,0,YP NewEpitaphID=3791
162369,李今,Li Jin,587,,,0,李,今,6,0,16265,0,0,YP NewEpitaphID=3792
162372,徐稱,Xu Cheng,556,,,0,徐,稱,4,0,15119,0,0,YP NewEpitaphID=3794
162373,溫椿某(溫濬父),Wen Chunmou (Wenxunfu),568,,,0,溫,椿某(溫濬父),6,0,15054,0,0,YP NewEpitaphID=3795
162376,宋士元,Song Shiyuan,559,,,0,宋,士元,6,0,400038,0,0,YP NewEpitaphID=3796
162380,馬仲良,Ma Zhongliang,576,,,0,馬,仲良,6,0,,0,0,YP NewEpitaphID=3799
162381,趙氏(馬駿母),Zhao Shi (Mother of Majun),579,,,0,趙,氏(馬駿母),6,0,,0,0,YP NewEpitaphID=3799
162393,張氏(史妻),Zhang Shi (Wife of Shi),579,,,1,張,氏(史妻),6,0,,0,0,YP NewEpitaphID=3800
162397,史乂,Shi Yi,546,,,0,史,乂,4,0,15229,0,0,YP NewEpitaphID=3800
162401,田植,Tian Zhi,572,,,0,田,植,6,0,15325,0,0,YP NewEpitaphID=3802
162410,聿玄成,Yu Xuancheng,567,,,0,聿,玄成,6,0,400609,0,0,YP NewEpitaphID=3804
162417,強榮,Qiang Rong,574,,,0,強,榮,6,0,15513,0,0,YP NewEpitaphID=3807
162425,張游,Zhang You,566,,,0,張,游,6,0,15237,0,0,YP NewEpitaphID=3809
162429,曹整,Cao Zheng,564,,,0,曹,整,6,0,400550,0,0,YP NewEpitaphID=3810
162433,曾氏(張師妻),Zeng Shi (Wife of Zhangshi),588,,,1,曾,氏(張師妻),6,0,,0,0,YP NewEpitaphID=3813
162441,韋師,Wei Shi,587,,,0,韋,師,6,0,14691,0,0,YP NewEpitaphID=3814
162447,崔樹,Cui Shu,568,,,0,崔,樹,6,0,15235,0,0,YP NewEpitaphID=3816
162450,張明達,Zhang Mingda,563,,,0,張,明達,6,0,15691,0,0,YP NewEpitaphID=3819
162455,張岳,Zhang Yue,566,,,0,張,岳,6,0,15513,0,0,YP NewEpitaphID=3821
162459,李子護,Li Zihu,583,,,0,李,子護,6,0,16699,0,0,YP NewEpitaphID=3823
162462,李植,Li Zhi,585,,,0,李,植,6,0,15391,0,0,YP NewEpitaphID=3824
162469,大惠,Da Hui,549,,,0,大,惠,4,0,,0,0,YP NewEpitaphID=3828
162470,崔氏(李某基妻),Cui Shi (Wife of LimouJi),579,,,1,崔,氏(李某基妻),6,0,,0,0,YP NewEpitaphID=3828
162475,李嗣祜,Li Sihu,546,,,0,李,嗣祜,4,0,16699,0,0,YP NewEpitaphID=3828
162476,太宗,Tai Zong,586,,,0,太,宗,5,0,,0,0,YP NewEpitaphID=3829
162480,王朗,Wang Lang,583,,,0,王,朗,6,0,15963,0,0,YP NewEpitaphID=3829
162482,李長,Li Chang,563,,,0,李,長,6,0,15277,0,0,YP NewEpitaphID=3830
162485,姚儉,Yao Jian,563,,,0,姚,儉,5,0,,0,0,YP NewEpitaphID=3832
162490,斛斯倫,Hu Silun,560,,,0,斛,斯倫,6,0,14490,0,0,YP NewEpitaphID=3832
162492,崔年,Cui Nian,538,,,0,崔,年,0,0,,0,0,YP NewEpitaphID=3833
162495,李道宗,Li Daozong,505,,,0,李,道宗,4,0,15790,0,0,YP NewEpitaphID=3833
162497,李全壽,Li Quanshou,535,,,0,李,全壽,0,0,15528,0,0,YP NewEpitaphID=3833
162499,孫建,Sun Jian,586,,,0,孫,建,6,0,15841,0,0,YP NewEpitaphID=3834
162502,孫遷,Sun Qian,541,,,0,孫,遷,6,0,15841,0,0,YP NewEpitaphID=3835
162508,燕實壽,Yan Shishou,579,,,0,燕,實壽,6,0,15301,0,0,YP NewEpitaphID=3839
162518,董義,Dong Yi,554,,,0,董,義,4,0,15146,0,0,YP NewEpitaphID=3843
162526,李仁政,Li Renzheng,577,,,0,李,仁政,6,0,16699,0,0,YP NewEpitaphID=3847
162532,彥徵,Yan Zheng,557,,,0,彥,徵,4,0,,0,0,YP NewEpitaphID=3851
162533,狄氏(王韋妻),Di Shi (Wife of Wangwei),587,,,1,狄,氏(王韋妻),6,0,,0,0,YP NewEpitaphID=3851
162542,劉龍,Liu Long,580,,,0,劉,龍,6,0,15098,0,0,YP NewEpitaphID=3852
162543,左琛,Zuo Chen,539,,,0,左,琛,4,0,14911,0,0,YP NewEpitaphID=3853
162544,馬氏(孫信妻),Ma Shi (Wife of Sunxin),528,,,1,馬,氏(孫信妻),4,0,,0,0,YP NewEpitaphID=3854
162546,孫亮,Sun Liang,495,,,0,孫,亮,6,0,400405,0,0,YP NewEpitaphID=3854
162547,孫相,Sun Xiang,555,,,1,孫,相,6,0,,0,0,YP NewEpitaphID=3854
162548,劉君度,Liu Jundu,585,,,0,劉,君度,6,0,15391,0,0,YP NewEpitaphID=3855
162549,劉敬道,Liu Jingdao,585,,,0,劉,敬道,6,0,15391,0,0,YP NewEpitaphID=3855
162552,王湛,Wang Zhan,575,,,0,王,湛,6,0,15128,0,0,YP NewEpitaphID=3857
162553,長仁,Chang Ren,578,,,0,長,仁,5,0,,0,0,YP NewEpitaphID=3858
162557,嚴達,Yan Da,575,,,0,嚴,達,6,0,15731,0,0,YP NewEpitaphID=3858
162563,元懷式,Yuan Huaishi,564,,,0,元,懷式,6,0,14693,0,0,YP NewEpitaphID=3860
162564,張備(李三娘夫),Zhang Bei (Lisanniangfu),590,590,650,0,張,備(李三娘夫),6,0,,0,0,YP NewEpitaphID=3862
162565,李恭,Li Gong,566,,,0,李,恭,5,0,16699,0,0,YP NewEpitaphID=3862
162567,李氏(楊偘妻),Li Shi (Wife of Yangkan),589,,,1,李,氏(楊偘妻),6,0,,0,0,YP NewEpitaphID=3863
162568,楊亮,Yang Liang,556,,,0,楊,亮,4,0,14731,0,0,YP NewEpitaphID=3863
162573,某卿(某藻父),Mou Qing (Mouzaofu),580,,,0,某,卿(某藻父),6,0,15153,0,0,YP NewEpitaphID=3864
162600,寶璡,Bao Jin,574,,,0,寶,璡,5,0,,0,0,YP NewEpitaphID=3874
162601,姬權,Ji Quan,571,,,0,姬,權,6,0,14693,0,0,YP NewEpitaphID=3874
162607,鄧義,Deng Yi,573,,,0,鄧,義,6,0,15393,0,0,YP NewEpitaphID=3875
162617,抑行,Yi Xing,571,,,0,抑,行,5,0,,0,0,YP NewEpitaphID=3882
162624,馬暉,Ma Hui,569,,,0,馬,暉,6,0,14540,0,0,YP NewEpitaphID=3883
162631,韓尚,Han Shang,573,,,0,韓,尚,6,0,15426,0,0,YP NewEpitaphID=3885
162634,宋濤,Song Tao,548,,,0,宋,濤,4,0,15316,0,0,YP NewEpitaphID=3886
162643,岐善才,Qi Shancai,573,,,0,岐,善才,6,0,400001,0,0,YP NewEpitaphID=3888
162645,張文,Zhang Wen,565,,,0,張,文,6,0,15513,0,0,YP NewEpitaphID=3889
162646,解氏(張琮母),Jie Shi (Mother of Zhangcong),568,,,0,解,氏(張琮母),6,0,,0,0,YP NewEpitaphID=3889
162661,張琮,Zhang Cong,573,,,0,張,琮,5,0,,0,0,YP NewEpitaphID=3898
162673,王道,Wang Dao,538,,,0,王,道,4,0,400539,0,0,YP NewEpitaphID=60
162676,張剛,Zhang Gang,534,,,0,張,剛,4,0,400538,0,0,YP NewEpitaphID=89
162682,阮奏,Ruan Zou,570,,,0,阮,奏,5,0,,0,0,YP NewEpitaphID=183_1
162684,皇甫通,Huangfu Tong,562,,,0,皇甫,通,6,0,400539,0,0,YP NewEpitaphID=635_1
162694,杜暉,Du Hui,578,,,0,杜,暉,6,0,,0,0,YP NewEpitaphID=3901
162698,馬粲,Ma Can,581,,,0,馬,粲,6,0,,0,0,YP NewEpitaphID=3902
162708,趙逸,Zhao Yi,556,,,0,趙,逸,4,0,,0,0,YP NewEpitaphID=3907
162712,能守素,Neng Shousu,569,,,0,能,守素,6,0,,0,0,YP NewEpitaphID=3908
162718,高某,Gao Mou,583,,,0,高,某,6,0,,0,0,YP NewEpitaphID=3911
162724,竇恭,Dou Gong,530,,,0,竇,恭,4,0,,0,0,YP NewEpitaphID=3914
162725,竇熾,Dou Chi,493,,,0,竇,熾,4,0,,0,0,YP NewEpitaphID=3914
162726,竇琮,Dou Cong,567,,,0,竇,琮,5,0,,0,0,YP NewEpitaphID=3914
162731,劉矜,Liu Jin,491,,,0,劉,矜,4,0,15206,0,0,YP NewEpitaphID=3916
162733,劉林某,Liu Linmou,566,,,0,劉,林某,6,0,15206,0,0,YP NewEpitaphID=3916
162734,崔氏(劉應道母),Cui Shi ( Mother of Liu Ying Dao),569,,,1,崔,氏(劉應道母),6,0,,0,0,YP NewEpitaphID=3916
162748,李操,Li Cao,572,,,0,李,操,6,0,,0,0,YP NewEpitaphID=3918
162759,王韶,Wang Shao,574,,,0,王,韶,6,0,,0,0,YP NewEpitaphID=3921
162772,馮菁,Feng Jing,565,,,0,馮,菁,6,0,,0,0,YP NewEpitaphID=3923
162773,元為,Yuan Wei,568,,,0,元,為,5,0,,0,0,YP NewEpitaphID=3923
162777,某乞,Mou Qi,539,,,0,某,乞,4,0,,0,0,YP NewEpitaphID=3924
162778,杜氏(某海妻),Du Shi (Wife of Mou Hai),572,,,1,杜,氏(某海妻),6,0,,0,0,YP NewEpitaphID=3924
162783,李阿相,Li Axiang,557,,,0,李,阿相,4,0,,0,0,YP NewEpitaphID=3926
162810,郭儉,Guo Jian,581,,,0,郭,儉,6,0,,0,0,YP NewEpitaphID=3935
162812,張延師,Zhang Yanshi,584,,,0,張,延師,5,0,,0,0,YP NewEpitaphID=3935
162814,朱某,Zhu Mou,561,,,0,朱,某,6,0,,0,0,YP NewEpitaphID=3936
162819,鄭璋,Zheng Zhang,572,,,0,鄭,璋,5,0,,0,0,YP NewEpitaphID=3937
162821,馮振,Feng Zhen,576,,,0,馮,振,6,0,,0,0,YP NewEpitaphID=3939
162825,安興貴,An Xinggui,577,,,0,安,興貴,6,0,,0,0,YP NewEpitaphID=3940
162836,張宗,Zhang Zong,575,,,0,張,宗,6,0,,0,0,YP NewEpitaphID=3942
162838,張遮,Zhang Zhe,565,,,0,張,遮,6,0,,0,0,YP NewEpitaphID=3943
162843,格瓘,Ge Guan,547,,,0,格,瓘,4,0,,0,0,YP NewEpitaphID=3944
162845,李氏(格處仁妻),Li Shi (Wife of Ge Chu Ren),580,,,1,李,氏(格處仁妻),6,0,,0,0,YP NewEpitaphID=3944
162851,譚才,Tan Cai,585,,,0,譚,才,6,0,,0,0,YP NewEpitaphID=3945
162854,薛聰,Xue Cong,464,,,0,薛,聰,4,0,15008,0,0,YP NewEpitaphID=3946
162855,薛孝通,Xue Xiaotong,515,,,0,薛,孝通,4,0,15008,0,0,YP NewEpitaphID=3946
162856,薛道衡,Xue Daoheng,562,,,0,薛,道衡,5,0,15008,0,0,YP NewEpitaphID=3946
162872,楊暉,Yang Hui,559,,,0,楊,暉,6,0,,0,0,YP NewEpitaphID=3950
162876,王貴,Wang Gui,569,,,0,王,貴,6,0,,0,0,YP NewEpitaphID=3951
162891,某遐,Mou Xia,578,,,0,某,遐,6,0,,0,0,YP NewEpitaphID=3954
162899,掌仙,Zhang Xian,570,,,0,掌,仙,6,0,400539,0,0,YP NewEpitaphID=3956
162903,申屠郎,Shentu Lang,581,,,0,申屠,郎,6,0,,0,0,YP NewEpitaphID=3958
162907,劉彪,Liu Biao,555,,,0,劉,彪,4,0,,0,0,YP NewEpitaphID=3959
162908,蘇氏(劉珍妻),Su Shi (Wife of Liu Zhen),588,,,1,蘇,氏(劉珍妻),6,0,,0,0,YP NewEpitaphID=3959
162918,呂安,Lü An,518,,,0,呂,安,4,0,,0,0,YP NewEpitaphID=3962
162919,曹氏(呂眾妻),Cao Shi (Wife of Lü Zhong),551,,,1,曹,氏(呂眾妻),4,0,,0,0,YP NewEpitaphID=3962
162927,王嵩,Wang Song,564,,,0,王,嵩,6,0,,0,0,YP NewEpitaphID=3963
162930,宋順,Song Shun,567,,,0,宋,順,5,0,,0,0,YP NewEpitaphID=3963
162941,董欽,Dong Qin,568,,,0,董,欽,6,0,,0,0,YP NewEpitaphID=3965
162954,韋瓘,Wei Guan,541,,,0,韋,瓘,4,0,15751,0,0,YP NewEpitaphID=3971
162955,韋萬頃,Wei Wanqing,572,,,0,韋,萬頃,5,0,15751,0,0,YP NewEpitaphID=3971
162963,崔琳,Cui Lin,562,,,0,崔,琳,6,0,,0,0,YP NewEpitaphID=3973
162966,申嗣,Shen Si,565,,,0,申,嗣,5,0,,0,0,YP NewEpitaphID=3973
162986,任大通,Ren Datong,569,,,0,任,大通,6,0,,0,0,YP NewEpitaphID=3980
162990,孫政,Sun Zheng,577,,,0,孫,政,6,0,,0,0,YP NewEpitaphID=3981
163015,孔延,Kong Yan,552,,,0,孔,延,6,0,,0,0,YP NewEpitaphID=3989
163016,王氏(孔業母),Wang Shi ( Mother of Kong Ye),555,,,1,王,氏(孔業母),6,0,,0,0,YP NewEpitaphID=3989
163017,王高,Wang Gao,555,,,0,王,高,6,0,,0,0,YP NewEpitaphID=3989
163018,郭氏(孔業妻),Guo Shi (Wife of Kong Ye),585,,,1,郭,氏(孔業妻),5,0,,0,0,YP NewEpitaphID=3989
163019,郭琳,Guo Lin,555,,,0,郭,琳,4,0,,0,0,YP NewEpitaphID=3989
163047,王秀,Wang Xiu,579,,,0,王,秀,6,0,,0,0,YP NewEpitaphID=4000
163062,王孝政,Wang Xiaozheng,587,,,0,王,孝政,6,0,,0,0,YP NewEpitaphID=4003
163067,劉壽,Liu Shou,571,,,0,劉,壽,6,0,,0,0,YP NewEpitaphID=4004
163082,薛毅,Xue Yi,550,,,0,薛,毅,4,0,,0,0,YP NewEpitaphID=4009
163083,裴氏(薛君繡妻),Pei Shi (Wife of Xue Jun Xiu),583,,,1,裴,氏(薛君繡妻),6,0,,0,0,YP NewEpitaphID=4009
163124,衛孝則,Wei Xiaoze,562,,,0,衛,孝則,6,0,,0,0,YP NewEpitaphID=4017
163133,李貞,Li Zhen,541,,,0,李,貞,4,0,16695,0,0,YP NewEpitaphID=4019
163135,李世文,Li Shiwen,579,,,0,李,世文,6,0,,0,0,YP NewEpitaphID=4019
163149,袁奉某,Yuan Fengmou,583,,,0,袁,奉某,6,0,,0,0,YP NewEpitaphID=4027
163152,朱延載,Zhu Yanzai,586,,,0,朱,延載,5,0,,0,0,YP NewEpitaphID=4027
163177,王緝,Wang Ji,514,,,0,王,緝,4,0,,0,0,YP NewEpitaphID=4035
163178,王令思,Wang Lingsi,544,,,0,王,令思,4,0,,0,0,YP NewEpitaphID=4035
163179,王元慎,Wang Yuanshen,574,,,0,王,元慎,6,0,,0,0,YP NewEpitaphID=4035
163210,曹倫,Cao Lun,589,,,0,曹,倫,6,0,,0,0,YP NewEpitaphID=4043
163261,司空穆,Sikong Mu,583,,,0,司空,穆,6,0,,0,0,YP NewEpitaphID=4055
163283,裴德秀,Pei Dexiu,587,,,0,裴,德秀,6,0,,0,0,YP NewEpitaphID=4060
163286,李椿,Li Chun,536,,,0,李,椿,4,0,16699,0,0,YP NewEpitaphID=4062
163319,何盤池,He Panchi,586,,,0,何,盤池,6,0,,0,0,YP NewEpitaphID=4069
163330,劉佺,Liu Quan,562,,,0,劉,佺,6,0,,0,0,YP NewEpitaphID=4072
163334,柳㺹,Liu Bian,551,,,0,柳,㺹,4,0,,0,0,YP NewEpitaphID=4073
163335,劉氏(柳行滿妻),Liu Shi (Wife of Liu Xing Man),584,,,1,劉,氏(柳行滿妻),6,0,,0,0,YP NewEpitaphID=4073
163336,劉佺,Liu Quan[?],554,,,0,劉,佺,4,0,,0,0,YP NewEpitaphID=4073
163337,乙弗氏(柳行滿妻),Yifu Shi (Wife of Liu Xing Man),584,,,1,乙弗,氏(柳行滿妻),6,0,,0,0,YP NewEpitaphID=4073
163338,乙弗武,Yifu Wu,554,,,0,乙弗,武,4,0,,0,0,YP NewEpitaphID=4073
163346,乙弗遺恩,Yifu Yien,579,,,0,乙弗,遺恩,6,0,,0,0,YP NewEpitaphID=4074
163350,郭康,Guo Kang,578,,,0,郭,康,6,0,,0,0,YP NewEpitaphID=4075
163370,岑善方,Cen Shanfang,535,,,0,岑,善方,4,0,15772,0,0,YP NewEpitaphID=4080
163388,李蒨之,Li Qianzhi,487,,,0,李,蒨之,4,0,14789,0,0,YP NewEpitaphID=4083
163390,李玄成,Li Xuancheng,566,,,0,李,玄成,6,0,14692,0,0,YP NewEpitaphID=4083
163393,魏孝液,Wei Xiaoye,578,,,0,魏,孝液,5,0,,0,0,YP NewEpitaphID=4083
163406,李舉,Li Ju,586,,,0,李,舉,6,0,,0,0,YP NewEpitaphID=4090
163412,崔觖,Cui Jue,503,,,0,崔,觖,4,0,15322,0,0,YP NewEpitaphID=4092
163413,崔世立,Cui Shili,554,,,0,崔,世立,4,0,15322,0,0,YP NewEpitaphID=4092
163435,崔悌,Cui Ti,574,,,0,崔,悌,6,0,,0,0,YP NewEpitaphID=4096
163477,董宮,Dong Gong,587,,,0,董,宮,6,0,,0,0,YP NewEpitaphID=4108
163511,李某,Li Mou,546,,,0,李,某,4,0,,0,0,YP NewEpitaphID=4116
163604,李宗默,Li Zongmo,577,,,0,李,宗默,5,0,,0,0,YP NewEpitaphID=4148
163613,盧之信,Lu Zhixin,580,,,0,盧,之信,5,0,,0,0,YP NewEpitaphID=4149
163681,于保寧,Yu Baoning,583,,,0,于,保寧,6,0,14508,0,0,YP NewEpitaphID=4163
163771,陳叔武,Chen Shuwu,561,,,0,陳,叔武,6,0,16114,0,0,YP NewEpitaphID=4186
163864,萬伯,Wan Bo,561,,,0,萬,伯,6,0,,0,0,YP NewEpitaphID=4211
163926,閻毗,Yan Pi,562,,,0,閻,毗,5,0,,0,0,YP NewEpitaphID=4225
163942,霍倫,Huo Lun,577,,,0,霍,倫,6,0,,0,0,YP NewEpitaphID=4229
163945,段志合,Duan Zhihe,580,,,0,段,志合,5,0,,0,0,YP NewEpitaphID=4229
163981,韋知止,Wei Zhizhi,569,,,0,韋,知止,5,0,15501,0,0,YP NewEpitaphID=4237
164026,韋福嗣,Wei Fusi,562,,,0,韋,福嗣,5,0,14493,0,0,YP NewEpitaphID=4249
164060,李順,Li Shun,395,,,0,李,順,4,0,15790,0,0,YP NewEpitaphID=4256
164061,李野王,Li Yewang,571,,,0,李,野王,5,0,15294,0,0,YP NewEpitaphID=4256
164177,唐永,Tang Yong,468,,,0,唐,永,4,0,14964,0,0,YP NewEpitaphID=6014
164178,唐安,Tang An,498,,,0,唐,安,4,0,14964,0,0,YP NewEpitaphID=6014
164354,李義玄,Li Yixuan,585,,,0,李,義玄,5,0,,0,0,YP NewEpitaphID=6048
164581,王僧辯,Wang Sengbian,486,,,0,王,僧辯,4,20,15742,0,0,YP NewEpitaphID=4304
164582,王珌,Wang Bi,574,,,0,王,珌,5,0,15742,0,0,YP NewEpitaphID=4304
164623,蔡衍,Cai Yan,587,,,0,蔡,衍,5,0,15744,0,0,YP NewEpitaphID=4314
164675,陳叔豎,Chen Shushu,561,,,0,陳,叔豎,5,0,16114,0,0,YP NewEpitaphID=4327
164923,鄭乾政,Zheng Qianzheng,587,,,0,鄭,乾政,5,0,,0,0,YP NewEpitaphID=4376
164927,崔公牧,Cui Gongmu,578,,,0,崔,公牧,5,0,15285,0,0,YP NewEpitaphID=4376
165500,馬喬卿,Ma Qiaoqing,568,,,0,馬,喬卿,5,0,14540,0,0,YP NewEpitaphID=4501
165637,崔燾,Cui Tao,569,,,0,崔,燾,5,0,15257,0,0,YP NewEpitaphID=4526
165721,盧愷,Lu Kai,503,,,0,盧,愷,4,0,14691,0,0,YP NewEpitaphID=4542
165894,李承,Li Cheng,434,,,0,李,承,4,0,14691,0,0,YP NewEpitaphID=4572
166399,李元鳳,Li Yuanfeng,586,,,0,李,元鳳,5,0,16695,0,0,YP NewEpitaphID=4663
166528,獨孤楷,Dugu Kai,562,,,0,獨孤,楷,5,0,,0,0,YP NewEpitaphID=4679
169081,薛寶積,Xue Baoji,566,,629,0,薛,寶積,6,0,15008,0,0,Death year estimated by Tackett (cc629)
169751,論尊,Lun Zun,586,,649,0,論,尊,6,0,14490,0,0,Death year estimated by Tackett (cc649)
170229,郭澄,Guo Cheng,576,,639,0,郭,澄,6,0,16129,0,0,Death year estimated by Tackett (cc639)
170235,論賛,Lun Zan,549,,612,0,論,賛,4,0,14490,0,0,Death year estimated by Tackett (cc612)
170237,顏之推,Yan Zhitui,516,,579,0,顏,之推,4,0,14492,0,0,Death year estimated by Tackett (cc579)
170276,契苾葛,Qibie Ge,572,,635,0,契苾,葛,6,0,16740,0,0,Death year estimated by Tackett (cc635)
170490,郭昶,Guo Chang,539,,602,0,郭,昶,4,0,16129,0,0,Death year estimated by Tackett (cc602)
170500,薛某,Xue Mou,577,,640,0,薛,某,6,0,14691,0,0,Death year estimated by Tackett (cc640)
170521,楊燾運,Yang Taoyun,562,,625,0,楊,燾運,6,0,14787,0,0,Death year estimated by Tackett (cc625)
170530,黎瑠{王解},Li Liu{Wangjie},564,,627,0,黎,瑠{王解},6,0,16399,0,0,Death year estimated by Tackett (cc627)
170531,楊尚希,Yang Shangxi,525,,588,0,楊,尚希,4,0,14787,0,0,Death year estimated by Tackett (cc588)
170533,蔡慈,Cai Ci,557,,620,0,蔡,慈,6,0,15744,0,0,Death year estimated by Tackett (cc620)
170534,楊異,Yang Yi,518,,581,0,楊,異,4,0,14493,0,0,Death year estimated by Tackett (cc581)
170535,沈客卿,Shen Keqing,566,,629,0,沈,客卿,6,0,400548,0,0,Death year estimated by Tackett (cc629)
170537,令狐虬,Linghu Qiu,451,,514,0,令狐,虬,4,0,16753,0,0,Death year estimated by Tackett (cc514)
170538,令狐整,Linghu Zheng,488,,551,0,令狐,整,4,0,16753,0,0,Death year estimated by Tackett (cc551)
170555,裴景惠,Pei Jinghui,433,,496,0,裴,景惠,4,0,15020,0,0,Death year estimated by Tackett (cc496)
170556,裴會,Pei Hui,470,,533,0,裴,會,4,0,15020,0,0,Death year estimated by Tackett (cc533)
170557,裴韜,Pei Tao,455,,518,0,裴,韜,4,0,15020,0,0,Death year estimated by Tackett (cc518)
170558,裴融,Pei Rong,492,,555,0,裴,融,4,0,15020,0,0,Death year estimated by Tackett (cc555)
170560,裴該,Pei Gai,566,,629,0,裴,該,6,0,15020,0,0,Death year estimated by Tackett (cc629)
170565,裴褘,Pei Yi,566,,629,0,裴,褘,6,0,15020,0,0,Death year estimated by Tackett (cc629)
170566,裴爽,Pei Shuang,566,,629,0,裴,爽,6,0,15020,0,0,Death year estimated by Tackett (cc629)
170573,裴他,Pei Ta,470,,533,0,裴,他,4,0,15020,0,0,Death year estimated by Tackett (cc533)
170575,裴某,Pei Mou,544,,607,0,裴,某,4,0,15020,0,0,Death year estimated by Tackett (cc607)
170576,裴淨,Pei Jing,581,,644,0,裴,淨,6,0,15020,0,0,Death year estimated by Tackett (cc644)
170577,裴綸,Pei Lun,581,,644,0,裴,綸,6,0,15020,0,0,Death year estimated by Tackett (cc644)
170581,裴訥之,Pei Nezhi,507,,570,0,裴,訥之,4,0,15020,0,0,Death year estimated by Tackett (cc570)
170583,裴某,Pei Mou,544,,607,0,裴,某,4,0,15020,0,0,Death year estimated by Tackett (cc607)
170584,裴某,Pei Mou,581,,644,0,裴,某,6,0,15020,0,0,Death year estimated by Tackett (cc644)
170587,裴矩,Pei Ju,547,547,627,0,裴,矩,4,0,15020,0,0,
170588,裴宣機,Pei Xuanji,581,,644,0,裴,宣機,6,0,15020,0,0,Death year estimated by Tackett (cc644)
170589,裴奉高,Pei Fenggao,581,,644,0,裴,奉高,6,0,15020,0,0,Death year estimated by Tackett (cc644)
170591,裴善昌,Pei Shanchang,581,,644,0,裴,善昌,6,0,15020,0,0,Death year estimated by Tackett (cc644)
170592,裴謁之,Pei Yezhi,507,,570,0,裴,謁之,4,0,15020,0,0,Death year estimated by Tackett (cc570)
170593,裴通,Pei Tong,544,,607,0,裴,通,4,0,15020,0,0,Death year estimated by Tackett (cc607)
170594,裴某,Pei Mou,581,,644,0,裴,某,6,0,15020,0,0,Death year estimated by Tackett (cc644)
170596,裴天恩,Pei Tianen,436,,499,0,裴,天恩,4,0,15020,0,0,Death year estimated by Tackett (cc499)
170597,裴安祖,Pei Anzu,473,,536,0,裴,安祖,4,0,15020,0,0,Death year estimated by Tackett (cc536)
170598,裴思濟,Pei Siji,510,,573,0,裴,思濟,4,0,15020,0,0,Death year estimated by Tackett (cc573)
170599,裴宗賢,Pei Zongxian,547,,610,0,裴,宗賢,4,0,15020,0,0,Death year estimated by Tackett (cc610)
170600,裴錯,Pei Cuo,584,,647,0,裴,錯,6,0,15020,0,0,Death year estimated by Tackett (cc647)
170616,裴幼雋,Pei Youjun,510,,573,0,裴,幼雋,4,0,15020,0,0,Death year estimated by Tackett (cc573)
170617,裴某,Pei Mou,547,,610,0,裴,某,4,0,15020,0,0,Death year estimated by Tackett (cc610)
170618,裴處晞,Pei Chuxi,584,,647,0,裴,處晞,6,0,15020,0,0,Death year estimated by Tackett (cc647)
170619,裴慶升,Pei Qingsheng,510,,573,0,裴,慶升,4,0,15020,0,0,Death year estimated by Tackett (cc573)
170620,裴某,Pei Mou,547,,610,0,裴,某,4,0,15020,0,0,Death year estimated by Tackett (cc610)
170621,裴某,Pei Mou,584,,647,0,裴,某,6,0,15020,0,0,Death year estimated by Tackett (cc647)
170624,裴祖思,Pei Zusi,473,,536,0,裴,祖思,4,0,15020,0,0,Death year estimated by Tackett (cc536)
170625,裴仲初,Pei Zhongchu,510,,573,0,裴,仲初,4,0,15020,0,0,Death year estimated by Tackett (cc573)
170626,裴昶,Pei Chang,547,,610,0,裴,昶,4,0,15020,0,0,Death year estimated by Tackett (cc610)
170627,裴某,Pei Mou,584,,647,0,裴,某,6,0,15020,0,0,Death year estimated by Tackett (cc647)
170632,裴祖愛,Pei Zuai,473,,536,0,裴,祖愛,4,0,15020,0,0,Death year estimated by Tackett (cc536)
170633,裴義同,Pei Yitong,510,,573,0,裴,義同,4,0,15020,0,0,Death year estimated by Tackett (cc573)
170634,裴倫,Pei Lun,547,,610,0,裴,倫,4,0,15020,0,0,Death year estimated by Tackett (cc610)
170641,裴翼,Pei Yi,547,,610,0,裴,翼,4,0,15020,0,0,Death year estimated by Tackett (cc610)
170642,裴某,Pei Mou,584,,647,0,裴,某,6,0,15020,0,0,Death year estimated by Tackett (cc647)
170646,裴道玄,Pei Daoxuan,547,,610,0,裴,道玄,4,0,15020,0,0,Death year estimated by Tackett (cc610)
170647,裴某,Pei Mou,584,,647,0,裴,某,6,0,15020,0,0,Death year estimated by Tackett (cc647)
170652,裴天壽,Pei Tianshou,404,,467,0,裴,天壽,4,0,15020,0,0,Death year estimated by Tackett (cc467)
170653,裴智深,Pei Zhishen,441,,504,0,裴,智深,4,0,15020,0,0,Death year estimated by Tackett (cc504)
170654,裴襲,Pei Xi,478,,541,0,裴,襲,4,0,15020,0,0,Death year estimated by Tackett (cc541)
170655,裴叔騰,Pei Shuteng,497,,560,0,裴,叔騰,4,0,15020,0,0,Death year estimated by Tackett (cc560)
170656,裴某,Pei Mou,534,,597,0,裴,某,4,0,15976,0,0,Death year estimated by Tackett (cc597)
170657,裴善政,Pei Shanzheng,571,,634,0,裴,善政,6,0,15976,0,0,Death year estimated by Tackett (cc634)
170673,裴述,Pei Shu,478,,541,0,裴,述,4,0,15020,0,0,Death year estimated by Tackett (cc541)
170674,裴某,Pei Mou,515,,578,0,裴,某,4,0,15020,0,0,Death year estimated by Tackett (cc578)
170675,裴士衡,Pei Shiheng,552,,615,0,裴,士衡,4,0,15020,0,0,Death year estimated by Tackett (cc615)
170676,裴某,Pei Mou,589,,652,0,裴,某,6,0,15020,0,0,Death year estimated by Tackett (cc652)
170680,裴士勣,Pei Shiji,552,,615,0,裴,士勣,4,0,15020,0,0,Death year estimated by Tackett (cc615)
170681,裴某,Pei Mou,589,,652,0,裴,某,6,0,15020,0,0,Death year estimated by Tackett (cc652)
170684,裴英,Pei Ying,478,,541,0,裴,英,4,0,15020,0,0,Death year estimated by Tackett (cc541)
170685,裴元,Pei Yuan,515,,578,0,裴,元,4,0,15020,0,0,Death year estimated by Tackett (cc578)
170686,裴彥,Pei Yan,515,,578,0,裴,彥,4,0,15020,0,0,Death year estimated by Tackett (cc578)
170687,裴通,Pei Tong,552,,615,0,裴,通,4,0,15020,0,0,Death year estimated by Tackett (cc615)
170688,裴弘策,Pei Hongce,589,,652,0,裴,弘策,6,0,15020,0,0,Death year estimated by Tackett (cc652)
170706,裴善文,Pei Shanwen,589,,652,0,裴,善文,6,0,15020,0,0,Death year estimated by Tackett (cc652)
170721,裴大猷,Pei Dayou,589,,652,0,裴,大猷,6,0,15020,0,0,cf. 考古與文物 2007.4:84. Death year estimated by Tackett (cc652)
170723,裴大方,Pei Dafang,589,,652,0,裴,大方,6,0,15020,0,0,Death year estimated by Tackett (cc652)
170725,裴蒨之,Pei Qianzhi,456,,519,0,裴,蒨之,4,0,15022,0,0,Death year estimated by Tackett (cc519)
170726,裴譚,Pei Tan,493,,556,0,裴,譚,4,0,15022,0,0,Death year estimated by Tackett (cc556)
170727,裴測,Pei Ce,530,,593,0,裴,測,4,0,15022,0,0,Death year estimated by Tackett (cc593)
170728,裴某,Pei Mou,530,,593,0,裴,某,4,0,15022,0,0,Death year estimated by Tackett (cc593)
170729,裴某,Pei Mou,567,,630,0,裴,某,6,0,15022,0,0,Death year estimated by Tackett (cc630)
170734,裴簡之,Pei Jianzhi,456,,519,0,裴,簡之,4,0,15022,0,0,Death year estimated by Tackett (cc519)
170735,裴某,Pei Mou,493,,556,0,裴,某,4,0,15022,0,0,Death year estimated by Tackett (cc556)
170736,裴景,Pei Jing,530,,593,0,裴,景,4,0,15022,0,0,Death year estimated by Tackett (cc593)
170823,裴義山,Pei Yishan,561,,624,0,裴,義山,6,0,15020,0,0,Death year estimated by Tackett (cc624)
170899,裴允,Pei Yun,562,,625,0,裴,允,6,0,,0,0,Death year estimated by Tackett (cc625)
170902,裴眺,Pei Tiao,562,,625,0,裴,眺,6,0,,0,0,Death year estimated by Tackett (cc625)
170907,裴保歡,Pei Baohuan,317,,380,0,裴,保歡,0,0,,0,0,Death year estimated by Tackett (cc380)
170908,裴良,Pei Liang,354,,417,0,裴,良,0,0,,0,0,Death year estimated by Tackett (cc417)
170909,裴子通,Pei Zitong,391,,454,0,裴,子通,4,0,,0,0,Death year estimated by Tackett (cc454)
170910,裴某,Pei Mou,428,,491,0,裴,某,4,0,,0,0,Death year estimated by Tackett (cc491)
170911,裴某,Pei Mou,465,,528,0,裴,某,4,0,,0,0,Death year estimated by Tackett (cc528)
170912,裴敬彝,Pei Jingyi,502,,565,0,裴,敬彝,4,0,,0,0,Death year estimated by Tackett (cc565)
170913,裴錫,Pei Xi,539,,602,0,裴,錫,4,0,,0,0,Death year estimated by Tackett (cc602)
170914,裴叔祉,Pei Shuzhi,391,,454,0,裴,叔祉,4,0,,0,0,Death year estimated by Tackett (cc454)
170915,裴子闡,Pei Zichan,428,,491,0,裴,子闡,4,0,,0,0,Death year estimated by Tackett (cc491)
170916,裴某,Pei Mou,465,,528,0,裴,某,4,0,,0,0,Death year estimated by Tackett (cc528)
170917,裴某,Pei Mou,502,,565,0,裴,某,4,0,,0,0,Death year estimated by Tackett (cc565)
170918,裴元質,Pei Yuanzhi,539,,602,0,裴,元質,6,0,,0,0,Death year estimated by Tackett (cc602)
170919,裴某,Pei Mou,576,,639,0,裴,某,6,0,,0,0,Death year estimated by Tackett (cc639)
170921,裴大醜,Pei Dachou,317,,380,0,裴,大醜,0,0,,0,0,Death year estimated by Tackett (cc380)
170922,裴某,Pei Mou,354,,417,0,裴,某,0,0,,0,0,Death year estimated by Tackett (cc417)
170923,裴慶孫,Pei Qingsun,391,,454,0,裴,慶孫,4,0,,0,0,Death year estimated by Tackett (cc454)
170924,裴子瑩,Pei Ziying,428,,491,0,裴,子瑩,4,0,,0,0,Death year estimated by Tackett (cc491)
170925,裴受,Pei Shou,465,,528,0,裴,受,4,0,,0,0,Death year estimated by Tackett (cc528)
170926,裴宣明,Pei Xuanming,502,,565,0,裴,宣明,4,0,,0,0,Death year estimated by Tackett (cc565)
170927,裴景鸞,Pei Jingluan,539,,602,0,裴,景鸞,4,0,,0,0,Death year estimated by Tackett (cc602)
170928,裴文端,Pei Wenduan,576,,639,0,裴,文端,6,0,,0,0,Death year estimated by Tackett (cc639)
170933,裴景鴻,Pei Jinghong,539,,602,0,裴,景鴻,4,0,,0,0,Death year estimated by Tackett (cc602)
170934,裴叔卿,Pei Shuqing,576,,639,0,裴,叔卿,6,0,,0,0,Death year estimated by Tackett (cc639)
170948,裴雙虎,Pei Shuanghu,391,,454,0,裴,雙虎,4,0,15020,0,0,Death year estimated by Tackett (cc454)
170949,裴秀業,Pei Xiuye,428,,491,0,裴,秀業,4,0,15020,0,0,Death year estimated by Tackett (cc491)
170950,裴邃,Pei Sui,465,,528,0,裴,邃,4,0,15020,0,0,Death year estimated by Tackett (cc528)
170951,裴文舉,Pei Wenju,512,,575,0,裴,文舉,4,0,15020,0,0,Death year estimated by Tackett (cc575)
170952,裴冑,Pei Zhou,549,,612,0,裴,冑,4,0,15020,0,0,Death year estimated by Tackett (cc612)
170953,裴神,Pei Shen,586,,649,0,裴,神,6,0,15020,0,0,Death year estimated by Tackett (cc649)
170959,裴某,Pei Mou,539,,602,0,裴,某,4,0,15020,0,0,Death year estimated by Tackett (cc602)
170960,裴某,Pei Mou,576,,639,0,裴,某,6,0,15020,0,0,Death year estimated by Tackett (cc639)
170966,裴惠秀,Pei Huixiu,428,,491,0,裴,惠秀,4,0,15020,0,0,Death year estimated by Tackett (cc491)
170967,裴嵩壽,Pei Songshou,467,,530,0,裴,嵩壽,4,0,15020,0,0,Death year estimated by Tackett (cc530)
170968,裴伯鳳,Pei Bofeng,504,,567,0,裴,伯鳳,4,0,15020,0,0,Death year estimated by Tackett (cc567)
170969,裴定高,Pei Dinggao,541,,604,0,裴,定高,4,0,15020,0,0,Death year estimated by Tackett (cc604)
171004,裴三虎,Pei Sanhu,365,,428,0,裴,三虎,0,0,15054,0,0,Death year estimated by Tackett (cc428)
171005,裴文德,Pei Wende,402,,465,0,裴,文德,4,0,15054,0,0,Death year estimated by Tackett (cc465)
171006,裴軌,Pei Gui,439,,502,0,裴,軌,4,0,15054,0,0,Death year estimated by Tackett (cc502)
171007,裴瑾,Pei Jin,476,,539,0,裴,瑾,4,0,15054,0,0,Death year estimated by Tackett (cc539)
171008,裴某,Pei Mou,513,,576,0,裴,某,4,0,15054,0,0,Death year estimated by Tackett (cc576)
171009,裴某,Pei Mou,550,,613,0,裴,某,4,0,15054,0,0,Death year estimated by Tackett (cc613)
171010,裴某,Pei Mou,587,,650,0,裴,某,6,0,15054,0,0,Death year estimated by Tackett (cc650)
171012,裴子瑜,Pei Ziyu,476,,539,0,裴,子瑜,4,0,15054,0,0,Death year estimated by Tackett (cc539)
171013,裴某,Pei Mou,513,,576,0,裴,某,4,0,15054,0,0,Death year estimated by Tackett (cc576)
171014,裴某,Pei Mou,550,,613,0,裴,某,4,0,15054,0,0,Death year estimated by Tackett (cc613)
171015,裴某,Pei Mou,587,,650,0,裴,某,6,0,15054,0,0,Death year estimated by Tackett (cc650)
171017,裴景深,Pei Jingshen,476,,539,0,裴,景深,4,0,15054,0,0,Death year estimated by Tackett (cc539)
171018,裴著,Pei Zhu,513,,576,0,裴,著,4,0,15054,0,0,Death year estimated by Tackett (cc576)
171019,裴世清,Pei Shiqing,550,,613,0,裴,世清,4,0,15054,0,0,Death year estimated by Tackett (cc613)
171020,裴嘉陵,Pei Jialing,587,,650,0,裴,嘉陵,6,0,15054,0,0,Death year estimated by Tackett (cc650)
171021,裴某,Pei Mou,587,,650,0,裴,某,6,0,15054,0,0,Death year estimated by Tackett (cc650)
171029,裴嵩仁,Pei Songren,402,,465,0,裴,嵩仁,4,0,15054,0,0,Death year estimated by Tackett (cc465)
171030,裴某,Pei Mou,439,,502,0,裴,某,4,0,15054,0,0,Death year estimated by Tackett (cc502)
171031,裴某,Pei Mou,476,,539,0,裴,某,4,0,15054,0,0,Death year estimated by Tackett (cc539)
171032,裴耀之,Pei Yaozhi,513,,576,0,裴,耀之,4,0,15054,0,0,Death year estimated by Tackett (cc576)
171033,裴安石,Pei Anshi,550,,613,0,裴,安石,4,0,15054,0,0,Death year estimated by Tackett (cc613)
171044,裴桃弓,Pei Taogong,402,,465,0,裴,桃弓,4,0,400538,0,0,Death year estimated by Tackett (cc465)
171045,裴夙,Pei Su,439,,502,0,裴,夙,4,0,400538,0,0,Death year estimated by Tackett (cc502)
171046,裴鑒,Pei Jian,476,,539,0,裴,鑒,4,0,400538,0,0,Death year estimated by Tackett (cc539)
171047,裴澤,Pei Ze,513,,576,0,裴,澤,4,0,400538,0,0,Death year estimated by Tackett (cc576)
171048,裴祥,Pei Xiang,550,,613,0,裴,祥,4,0,400538,0,0,Death year estimated by Tackett (cc613)
171049,裴某,Pei Mou,587,,650,0,裴,某,6,0,400538,0,0,Death year estimated by Tackett (cc650)
171053,裴訢,Pei Xin,499,,562,0,裴,訢,4,0,15020,0,0,Death year estimated by Tackett (cc562)
171054,裴揔,Pei Zong,536,,599,0,裴,揔,4,0,15020,0,0,Death year estimated by Tackett (cc599)
171055,裴某,Pei Mou,536,,599,0,裴,某,4,0,15020,0,0,Death year estimated by Tackett (cc599)
171056,裴世節,Pei Shijie,573,,636,0,裴,世節,6,0,15020,0,0,Death year estimated by Tackett (cc636)
171095,裴澄,Pei Cheng,459,,522,0,裴,澄,4,0,15020,0,0,Death year estimated by Tackett (cc522)
171096,裴景漢,Pei Jinghan,496,,559,0,裴,景漢,4,0,15020,0,0,cf. 全唐文 143:1451-1453; 運城地區碑刻資料匯編 (1980) 31-33. Death year estimated by Tackett (cc559)
171105,裴熙勣,Pei Xiji,570,,633,0,裴,熙勣,6,0,15020,0,0,Death year estimated by Tackett (cc633)
171157,裴正覺,Pei Zhengjiao,570,,633,0,裴,正覺,6,0,15020,0,0,Death year estimated by Tackett (cc633)
171160,裴師民,Pei Shimin,533,,596,0,裴,師民,4,0,15020,0,0,Death year estimated by Tackett (cc596)
171161,裴之爽,Pei Zhishuang,533,,596,0,裴,之爽,4,0,15020,0,0,Death year estimated by Tackett (cc596)
171204,裴巨源,Pei Juyuan,570,,633,0,裴,巨源,6,0,15020,0,0,Death year estimated by Tackett (cc633)
171206,裴稚珪,Pei Zhigui,570,,633,0,裴,稚珪,6,0,15020,0,0,Death year estimated by Tackett (cc633)
171279,裴懷肅,Pei Huaisu,567,,630,0,裴,懷肅,6,0,15020,0,0,Death year estimated by Tackett (cc630)
171282,裴懷煚,Pei Huaijiong,567,,630,0,裴,懷煚,6,0,15020,0,0,Death year estimated by Tackett (cc630)
171321,裴欣敬,Pei Xinjing,465,,528,0,裴,欣敬,4,0,15020,0,0,Death year estimated by Tackett (cc528)
171322,裴某,Pei Mou,502,,565,0,裴,某,4,0,15020,0,0,Death year estimated by Tackett (cc565)
171323,裴某,Pei Mou,539,,602,0,裴,某,4,0,15020,0,0,Death year estimated by Tackett (cc602)
171347,劉敏,Liu Min,386,,449,0,劉,敏,0,0,14816,0,0,Death year estimated by Tackett (cc449)
171348,劉慶,Liu Qing,450,,513,0,劉,慶,4,0,14816,0,0,Death year estimated by Tackett (cc513)
171350,劉通,Liu Tong,524,,587,0,劉,通,5,17,14816,0,0,Death year estimated by Tackett (cc587)
171379,劉德智,Liu Dezhi,561,,624,0,劉,德智,6,0,14816,0,0,Death year estimated by Tackett (cc624)
171387,劉軌,Liu Gui,423,,486,0,劉,軌,4,0,14816,0,0,Death year estimated by Tackett (cc486)
171388,劉某,Liu Mou,460,,523,0,劉,某,4,0,14816,0,0,Death year estimated by Tackett (cc523)
171389,劉權,Liu Quan,497,,560,0,劉,權,4,0,14816,0,0,Death year estimated by Tackett (cc560)
171390,劉澈,Liu Che,534,,597,0,劉,澈,4,0,14816,0,0,Death year estimated by Tackett (cc597)
171391,劉僧利,Liu Sengli,423,,486,0,劉,僧利,4,0,14816,0,0,Death year estimated by Tackett (cc486)
171392,劉世明,Liu Shiming,460,,523,0,劉,世明,4,0,14816,0,0,Death year estimated by Tackett (cc523)
171393,劉偉,Liu Wei,497,,560,0,劉,偉,4,0,14816,0,0,Death year estimated by Tackett (cc560)
171394,劉瑗,Liu Yuan,552,,615,0,劉,瑗,4,0,15029,0,0,Death year estimated by Tackett (cc615)
171395,劉胤之,Liu Yinzhi,589,,652,0,劉,胤之,6,0,15029,0,0,Death year estimated by Tackett (cc652)
171409,劉珉,Liu Min,534,,597,0,劉,珉,4,0,14816,0,0,Death year estimated by Tackett (cc597)
171444,劉懿,Liu Yi,532,,595,0,劉,懿,4,0,14518,0,0,Death year estimated by Tackett (cc595)
171450,劉通,Liu Tong,460,,523,0,劉,通,4,0,16374,0,0,Death year estimated by Tackett (cc523)
171451,劉能,Liu Neng,497,,560,0,劉,能,4,0,16374,0,0,Death year estimated by Tackett (cc560)
171452,劉熾,Liu Chi,534,,597,0,劉,熾,4,0,16374,0,0,Death year estimated by Tackett (cc597)
171453,劉子威,Liu Ziwei,571,,634,0,劉,子威,6,0,16374,0,0,Death year estimated by Tackett (cc634)
171468,劉虬,Liu Qiu,433,,496,0,劉,虬,4,0,15948,0,0,Death year estimated by Tackett (cc496)
171469,劉之遴,Liu Zhilin,470,,533,0,劉,之遴,4,0,15948,0,0,Death year estimated by Tackett (cc533)
171470,劉某,Liu Mou,507,,570,0,劉,某,4,0,15948,0,0,Death year estimated by Tackett (cc570)
171471,劉某,Liu Mou,544,,607,0,劉,某,4,0,15948,0,0,Death year estimated by Tackett (cc607)
171472,劉洎,Liu Ji,581,,644,0,劉,洎,6,0,15948,0,0,Death year estimated by Tackett (cc644)
171478,劉藻,Liu Zao,461,,524,0,劉,藻,4,0,15206,0,0,Death year estimated by Tackett (cc524)
171634,劉仕雋,Liu Shijun,497,,560,0,劉,仕雋,4,0,14693,0,0,Death year estimated by Tackett (cc560)
171660,蕭介,Xiao Jie,502,,565,0,蕭,介,4,0,15742,0,0,Death year estimated by Tackett (cc565)
171661,蕭引,Xiao Yin,532,,595,0,蕭,引,4,0,15742,0,0,Death year estimated by Tackett (cc595)
171671,蕭歡,Xiao Huan,486,,549,0,蕭,歡,4,0,15371,0,0,Death year estimated by Tackett (cc549)
171672,蕭某,Xiao Mou,523,,586,0,蕭,某,4,0,15371,0,0,Death year estimated by Tackett (cc586)
171673,蕭某,Xiao Mou,560,,623,0,蕭,某,6,0,15371,0,0,Death year estimated by Tackett (cc623)
171679,蕭琮,Xiao Cong,569,,632,0,蕭,琮,6,0,15371,0,0,Death year estimated by Tackett (cc632)
171681,蕭璟,Xiao Jing,569,,632,0,蕭,璟,6,0,15371,0,0,Death year estimated by Tackett (cc632)
171682,蕭琢,Xiao Zhuo,569,,632,0,蕭,琢,6,0,15371,0,0,Death year estimated by Tackett (cc632)
171746,蕭岌,Xiao Ji,523,,586,0,蕭,岌,4,0,15371,0,0,Death year estimated by Tackett (cc586)
171747,蕭瑊,Xiao Jian,574,,637,0,蕭,瑊,6,0,14790,0,0,Death year estimated by Tackett (cc637)
171751,蕭瓚,Xiao Zan,560,,623,0,蕭,瓚,6,0,15330,0,0,Death year estimated by Tackett (cc623)
171753,蕭琩,Xiao Chang,560,,623,0,蕭,琩,6,0,15330,0,0,Death year estimated by Tackett (cc623)
171756,竇甝,Dou Han,487,,550,0,竇,甝,4,0,400343,0,0,Death year estimated by Tackett (cc550)
171757,竇洪景,Dou Hongjing,524,,587,0,竇,洪景,4,0,400343,0,0,Death year estimated by Tackett (cc587)
171758,竇儼,Dou Yan,561,,624,0,竇,儼,6,0,400343,0,0,Death year estimated by Tackett (cc624)
171761,竇毅,Dou Yi,487,,550,0,竇,毅,4,0,400343,0,0,Death year estimated by Tackett (cc550)
171762,竇照,Dou Zhao,524,,587,0,竇,照,4,0,400343,0,0,Death year estimated by Tackett (cc587)
171763,竇彥,Dou Yan,549,,612,0,竇,彥,4,0,400343,0,0,Death year estimated by Tackett (cc612)
171764,竇德明,Dou Deming,586,,649,0,竇,德明,6,0,400343,0,0,Death year estimated by Tackett (cc649)
171767,竇德素,Dou Desu,586,,649,0,竇,德素,6,0,400343,0,0,Death year estimated by Tackett (cc649)
171826,竇德冲,Dou Dechong,586,,649,0,竇,德冲,6,0,14691,0,0,Death year estimated by Tackett (cc649)
171896,竇德玄,Dou Dexuan,586,,649,0,竇,德玄,6,0,400343,0,0,Death year estimated by Tackett (cc649)
171960,竇德遠,Dou Deyuan,586,,649,0,竇,德遠,6,0,400343,0,0,Death year estimated by Tackett (cc649)
171972,竇德洽,Dou Deqia,586,,649,0,竇,德洽,6,0,400343,0,0,Death year estimated by Tackett (cc649)
172014,竇文殊,Dou Wenshu,524,,587,0,竇,文殊,4,0,400343,0,0,Death year estimated by Tackett (cc587)
172015,竇招賢,Dou Zhaoxian,524,,587,0,竇,招賢,4,0,400343,0,0,Death year estimated by Tackett (cc587)
172016,竇孝宣,Dou Xiaoxuan,561,,624,0,竇,孝宣,6,0,400343,0,0,Death year estimated by Tackett (cc624)
172017,竇紹宣,Dou Shaoxuan,561,,624,0,竇,紹宣,6,0,400343,0,0,cf. 補遺 8:273-274. Death year estimated by Tackett (cc624)
172089,竇鳳宣,Dou Fengxuan,561,,624,0,竇,鳳宣,6,0,400343,0,0,Death year estimated by Tackett (cc624)
172111,竇衍,Dou Yan,576,,639,0,竇,衍,6,0,14693,0,0,Death year estimated by Tackett (cc639)
172175,竇幹,Dou Gan,576,,639,0,竇,幹,6,0,14693,0,0,Death year estimated by Tackett (cc639)
172183,竇師武,Dou Shiwu,576,,639,0,竇,師武,6,0,14693,0,0,Death year estimated by Tackett (cc639)
172192,竇師仁,Dou Shiren,576,,639,0,竇,師仁,6,0,14693,0,0,Death year estimated by Tackett (cc639)
172193,竇慶,Dou Qing,539,,602,0,竇,慶,4,0,16093,0,0,Death year estimated by Tackett (cc602)
172194,竇智純,Dou Zhichun,576,,639,0,竇,智純,6,0,16093,0,0,Death year estimated by Tackett (cc639)
172195,竇智弘,Dou Zhihong,576,,639,0,竇,智弘,6,0,16093,0,0,Death year estimated by Tackett (cc639)
172203,竇智圓,Dou Zhiyuan,576,,639,0,竇,智圓,6,0,16093,0,0,Death year estimated by Tackett (cc639)
172204,竇璡,Dou Jin,539,,602,0,竇,璡,4,0,16093,0,0,Death year estimated by Tackett (cc602)
172205,竇普行,Dou Puxing,583,,646,0,竇,普行,6,0,16093,0,0,Death year estimated by Tackett (cc646)
172209,竇軌,Dou Gui,560,,623,0,竇,軌,6,0,,0,0,Death year estimated by Tackett (cc623)
172216,竇覽,Dou Lan,523,,586,0,竇,覽,4,0,,0,0,Death year estimated by Tackett (cc586)
172217,竇某,Dou Mou,560,,623,0,竇,某,6,0,,0,0,Death year estimated by Tackett (cc623)
172220,竇深,Dou Shen,523,,586,0,竇,深,4,0,,0,0,Death year estimated by Tackett (cc586)
172221,竇襲,Dou Xi,560,,623,0,竇,襲,6,0,,0,0,Death year estimated by Tackett (cc623)
172228,竇嶷,Dou Yi,523,,586,0,竇,嶷,4,0,,0,0,Death year estimated by Tackett (cc586)
172229,竇某,Dou Mou,560,,623,0,竇,某,6,0,,0,0,Death year estimated by Tackett (cc623)
172231,竇誼,Dou Yi,523,,586,0,竇,誼,4,0,,0,0,Death year estimated by Tackett (cc586)
172232,竇某,Dou Mou,560,,623,0,竇,某,6,0,,0,0,Death year estimated by Tackett (cc623)
172235,竇威,Dou Wei,523,,586,0,竇,威,4,0,,0,0,Death year estimated by Tackett (cc586)
172236,竇惲,Dou Yun,560,,623,0,竇,惲,6,0,,0,0,Death year estimated by Tackett (cc623)
172240,竇善衡,Dou Shanheng,585,,648,0,竇,善衡,6,0,14694,0,0,Death year estimated by Tackett (cc648)
172264,陳談先,Chen Tanxian,517,,580,0,陳,談先,4,0,14691,0,0,Death year estimated by Tackett (cc580)
172265,陳曇倩,Chen Tanqian,498,,561,0,陳,曇倩,4,0,14493,0,0,Death year estimated by Tackett (cc561)
172266,陳伯山,Chen Boshan,535,,598,0,陳,伯山,4,0,14493,0,0,Death year estimated by Tackett (cc598)
172267,陳君範,Chen Junfan,572,,635,0,陳,君範,6,0,14493,0,0,Death year estimated by Tackett (cc635)
172268,陳君通,Chen Juntong,572,,635,0,陳,君通,6,0,14493,0,0,Death year estimated by Tackett (cc635)
172270,陳君賓,Chen Junbin,572,,635,0,陳,君賓,6,0,14493,0,0,Death year estimated by Tackett (cc635)
172271,陳伯固,Chen Bogu,535,,598,0,陳,伯固,4,0,14493,0,0,Death year estimated by Tackett (cc598)
172272,陳願,Chen Yuan,572,,635,0,陳,願,6,0,14493,0,0,Death year estimated by Tackett (cc635)
172273,陳伯仁,Chen Boren,535,,598,0,陳,伯仁,4,0,14493,0,0,Death year estimated by Tackett (cc598)
172274,陳蕃,Chen Fan,572,,635,0,陳,蕃,6,0,14493,0,0,Death year estimated by Tackett (cc635)
172275,陳某,Chen Mou,572,,635,0,陳,某,6,0,14493,0,0,Death year estimated by Tackett (cc635)
172278,陳元基,Chen Yuanji,572,,635,0,陳,元基,6,0,400539,0,0,Death year estimated by Tackett (cc635)
172279,陳憲,Chen Xian,572,,635,0,陳,憲,6,0,400539,0,0,Death year estimated by Tackett (cc635)
172354,封子繪,Feng Zihui,511,511,563,0,封,子繪,4,0,400539,0,0,
172355,封寶蓋,Feng Baogai,555,,618,0,封,寶蓋,6,0,400539,0,0,Death year estimated by Tackett (cc618)
172356,封某,Feng Mou,555,,618,0,封,某,6,0,400539,0,0,Death year estimated by Tackett (cc618)
172359,封德潤,Feng Derun,555,,618,0,封,德潤,6,0,400539,0,0,Death year estimated by Tackett (cc618)
172365,封德如,Feng Deru,555,,618,0,封,德如,6,0,400539,0,0,Death year estimated by Tackett (cc618)
172367,封倫,Feng Lun,555,,618,0,封,倫,6,0,400539,0,0,Death year estimated by Tackett (cc618)
172373,封興之,Feng Xingzhi,481,,544,0,封,興之,4,0,400539,0,0,Death year estimated by Tackett (cc544)
172374,封孝琬,Feng Xiaowan,518,,581,0,封,孝琬,4,0,400539,0,0,Death year estimated by Tackett (cc581)
172375,封孝琰,Feng Xiaoyan,518,,581,0,封,孝琰,4,0,400539,0,0,Death year estimated by Tackett (cc581)
172376,封君確,Feng Junque,555,,618,0,封,君確,6,0,400539,0,0,Death year estimated by Tackett (cc618)
172377,封君靜,Feng Junjing,555,,618,0,封,君靜,6,0,400539,0,0,Death year estimated by Tackett (cc618)
172378,封君嚴,Feng Junyan,555,,618,0,封,君嚴,6,0,400539,0,0,Death year estimated by Tackett (cc618)
172379,封君贊,Feng Junzan,555,,618,0,封,君贊,6,0,400539,0,0,Death year estimated by Tackett (cc618)
172380,封孝璋,Feng Xiaozhang,509,,572,0,封,孝璋,4,0,15311,0,0,Death year estimated by Tackett (cc572)
172381,封君誕,Feng Jundan,546,,609,0,封,君誕,4,0,15311,0,0,Death year estimated by Tackett (cc609)
172382,封某,Feng Mou,583,,646,0,封,某,6,0,15311,0,0,Death year estimated by Tackett (cc646)
172386,封君夷,Feng Junyi,546,,609,0,封,君夷,4,0,15311,0,0,Death year estimated by Tackett (cc609)
172413,楊惠嘏,Yang Huigu,351,,414,0,楊,惠嘏,0,0,14693,0,0,Death year estimated by Tackett (cc414)
172414,楊謇,Yang Jian,388,,451,0,楊,謇,0,0,14693,0,0,Death year estimated by Tackett (cc451)
172415,楊鍾馗,Yang Zhongkui,425,,488,0,楊,鍾馗,4,0,14693,0,0,Death year estimated by Tackett (cc488)
172416,楊處綱,Yang Chugang,462,,525,0,楊,處綱,4,0,14693,0,0,Death year estimated by Tackett (cc525)
172417,楊元景,Yang Yuanjing,499,,562,0,楊,元景,4,0,14693,0,0,Death year estimated by Tackett (cc562)
172418,楊元珙,Yang Yuangong,499,,562,0,楊,元珙,4,0,14693,0,0,Death year estimated by Tackett (cc562)
172419,楊君操,Yang Juncao,536,,599,0,楊,君操,4,0,14693,0,0,Death year estimated by Tackett (cc599)
172420,楊元約,Yang Yuanyue,499,,562,0,楊,元約,4,0,14693,0,0,Death year estimated by Tackett (cc562)
172421,楊諲,Yang Yin,536,,599,0,楊,諲,4,0,14693,0,0,Death year estimated by Tackett (cc599)
172422,楊孚,Yang Fu,573,,636,0,楊,孚,6,0,14693,0,0,Death year estimated by Tackett (cc636)
172425,楊處樂,Yang Chule,462,,525,0,楊,處樂,4,0,14693,0,0,Death year estimated by Tackett (cc525)
172426,楊烈,Yang Lie,388,,451,0,楊,烈,0,0,14693,0,0,Death year estimated by Tackett (cc451)
172427,楊禎,Yang Zhen,425,,488,0,楊,禎,4,0,14693,0,0,Death year estimated by Tackett (cc488)
172428,楊忠,Yang Zhong,462,,525,0,楊,忠,4,0,14693,0,0,Death year estimated by Tackett (cc525)
172429,楊堅,Yang Jian,499,,562,0,楊,堅,4,0,14693,0,0,Death year estimated by Tackett (cc562)
172430,楊廣,Yang Guang,536,,599,0,楊,廣,4,0,14693,0,0,Death year estimated by Tackett (cc599)
172451,楊國,Yang Guo,439,,502,0,楊,國,4,0,14525,0,0,Death year estimated by Tackett (cc502)
172452,楊定,Yang Ding,476,,539,0,楊,定,4,0,14525,0,0,Death year estimated by Tackett (cc539)
172453,楊紹,Yang Shao,513,,576,0,楊,紹,4,0,14525,0,0,Death year estimated by Tackett (cc576)
172516,楊恭道,Yang Gongdao,584,,647,0,楊,恭道,6,0,14525,0,0,Death year estimated by Tackett (cc647)
172528,楊福,Yang Fu,575,,638,0,楊,福,6,0,14525,0,0,Death year estimated by Tackett (cc638)
172542,楊達,Yang Da,550,,613,0,楊,達,4,0,14525,0,0,Death year estimated by Tackett (cc613)
172561,楊白澤,Yang Baize,550,,613,0,楊,白澤,4,0,14525,0,0,Death year estimated by Tackett (cc613)
172562,楊孝義,Yang Xiaoyi,587,,650,0,楊,孝義,6,0,14525,0,0,Death year estimated by Tackett (cc650)
172566,楊知敬,Yang Zhijing,587,,650,0,楊,知敬,6,0,14525,0,0,Death year estimated by Tackett (cc650)
172567,楊孝仁,Yang Xiaoren,587,,650,0,楊,孝仁,6,0,14525,0,0,Death year estimated by Tackett (cc650)
172571,楊珍,Yang Zhen,373,,436,0,楊,珍,0,0,15316,0,0,Death year estimated by Tackett (cc436)
172572,楊真,Yang Zhen,410,,473,0,楊,真,4,0,15316,0,0,Death year estimated by Tackett (cc473)
172573,楊懿,Yang Yi,447,,510,0,楊,懿,4,0,15316,0,0,Death year estimated by Tackett (cc510)
172574,楊順,Yang Shun,484,,547,0,楊,順,4,0,15010,0,0,Death year estimated by Tackett (cc547)
172593,楊津,Yang Jin,484,,547,0,楊,津,4,0,15316,0,0,Death year estimated by Tackett (cc547)
172594,楊愔,Yang Yin,521,,584,0,楊,愔,4,0,15316,0,0,Death year estimated by Tackett (cc584)
172595,楊某,Yang Mou,558,,621,0,楊,某,6,0,15316,0,0,Death year estimated by Tackett (cc621)
172598,楊暐,Yang Wei,521,,584,0,楊,暐,4,0,15316,0,0,Death year estimated by Tackett (cc584)
172599,楊岐,Yang Qi,521,,584,0,楊,岐,4,0,15316,0,0,Death year estimated by Tackett (cc584)
172623,楊鈞,Yang Jun,457,,520,0,楊,鈞,4,0,14493,0,0,Death year estimated by Tackett (cc520)
172624,楊暄,Yang Xuan,494,,557,0,楊,暄,4,0,14493,0,0,Death year estimated by Tackett (cc557)
172625,楊敷,Yang Fu,531,,594,0,楊,敷,4,0,14493,0,0,Death year estimated by Tackett (cc594)
172626,楊素,Yang Su,556,,619,0,楊,素,6,0,14493,0,0,Death year estimated by Tackett (cc619)
172648,楊慎,Yang Shen,568,,631,0,楊,慎,6,0,14493,0,0,Death year estimated by Tackett (cc631)
172649,楊岳,Yang Yue,568,,631,0,楊,岳,6,0,14493,0,0,Death year estimated by Tackett (cc631)
172658,楊儉,Yang Jian,494,,557,0,楊,儉,4,0,14493,0,0,Death year estimated by Tackett (cc557)
172660,楊某,Yang Mou,568,,631,0,楊,某,6,0,14493,0,0,Death year estimated by Tackett (cc631)
172675,楊文异,Yang Wenyi,531,,594,0,楊,文异,4,0,14493,0,0,Death year estimated by Tackett (cc594)
172676,楊安仁,Yang Anren,555,,618,0,楊,安仁,6,0,14493,0,0,Death year estimated by Tackett (cc618)
172747,楊虔遜,Yang Qianxun,568,,631,0,楊,虔遜,6,0,14493,0,0,Death year estimated by Tackett (cc631)
172769,楊士積,Yang Shiji,568,,631,0,楊,士積,6,0,14493,0,0,Death year estimated by Tackett (cc631)
172773,楊安,Yang An,568,,631,0,楊,安,6,0,14493,0,0,Death year estimated by Tackett (cc631)
172789,楊寬,Yang Kuan,494,,557,0,楊,寬,4,0,14493,0,0,Death year estimated by Tackett (cc557)
172790,楊文紀,Yang Wenji,527,,590,0,楊,文紀,4,0,14791,0,0,Death year estimated by Tackett (cc590)
172791,楊孝湛,Yang Xiaozhan,564,,627,0,楊,孝湛,6,0,14791,0,0,Death year estimated by Tackett (cc627)
172793,楊孝儼,Yang Xiaoyan,564,,627,0,楊,孝儼,6,0,14791,0,0,Death year estimated by Tackett (cc627)
172820,楊孝怡,Yang Xiaoyi,564,,627,0,楊,孝怡,6,0,14791,0,0,Death year estimated by Tackett (cc627)
172822,高和璧,Gao Hebi,406,,469,0,高,和璧,4,0,14692,0,0,Death year estimated by Tackett (cc469)
172823,高顥,Gao Hao,443,,506,0,高,顥,4,0,14692,0,0,Death year estimated by Tackett (cc506)
172824,高德政,Gao Dezheng,480,,543,0,高,德政,35,0,14692,0,0,Death year estimated by Tackett (cc543)
172839,高振,Gao Zhen,406,,469,0,高,振,4,0,14692,0,0,Death year estimated by Tackett (cc469)
172840,高石安,Gao Shian,443,,506,0,高,石安,4,0,14692,0,0,Death year estimated by Tackett (cc506)
172841,高志廉,Gao Zhilian,480,,543,0,高,志廉,4,0,14692,0,0,Death year estimated by Tackett (cc543)
172842,高正臣,Gao Zhengchen,517,,580,0,高,正臣,4,0,14692,0,0,Death year estimated by Tackett (cc580)
172843,高表,Gao Biao,443,,506,0,高,表,4,0,14692,0,0,Death year estimated by Tackett (cc506)
172844,高衡,Gao Heng,480,,543,0,高,衡,4,0,14692,0,0,Death year estimated by Tackett (cc543)
172845,高元道,Gao Yuandao,517,,580,0,高,元道,4,0,14692,0,0,Death year estimated by Tackett (cc580)
172846,高仲仁,Gao Zhongren,517,,580,0,高,仲仁,4,0,14692,0,0,Death year estimated by Tackett (cc580)
172847,高某,Gao Mou,554,,617,0,高,某,4,0,14692,0,0,Death year estimated by Tackett (cc617)
172849,高季通,Gao Jitong,517,,580,0,高,季通,4,0,14692,0,0,Death year estimated by Tackett (cc580)
172850,高馮,Gao Feng,517,,580,0,高,馮,4,0,14692,0,0,Death year estimated by Tackett (cc580)
172851,高正業,Gao Zhengye,554,,617,0,高,正業,4,0,14692,0,0,Death year estimated by Tackett (cc617)
172852,高湖,Gao Hu,388,,451,0,高,湖,0,0,15908,0,0,Death year estimated by Tackett (cc451)
172853,高謐,Gao Mi,425,,488,0,高,謐,4,0,15908,0,0,Death year estimated by Tackett (cc488)
172854,高樹生,Gao Shusheng,462,,525,0,高,樹生,4,0,15908,0,0,Death year estimated by Tackett (cc525)
172855,高歡,Gao Huan,499,,562,0,高,歡,4,0,15908,0,0,Death year estimated by Tackett (cc562)
172856,高廓,Gao Kuo,536,,599,0,高,廓,4,0,15908,0,0,Death year estimated by Tackett (cc599)
172857,高某,Gao Mou,573,,636,0,高,某,6,0,15908,0,0,Death year estimated by Tackett (cc636)
172861,高琛,Gao Chen,499,,562,0,高,琛,4,0,15908,0,0,Death year estimated by Tackett (cc562)
172862,高叡,Gao Rui,536,,599,0,高,叡,4,0,15908,0,0,Death year estimated by Tackett (cc599)
172863,高正初,Gao Zhengchu,573,,636,0,高,正初,6,0,15908,0,0,Death year estimated by Tackett (cc636)
172868,高飜,Gao Fan,462,,525,0,高,飜,4,0,15908,0,0,Death year estimated by Tackett (cc525)
172870,高勱,Gao Mai,536,,599,0,高,勱,4,0,15908,0,0,Death year estimated by Tackett (cc599)
172871,高士寧,Gao Shining,573,,636,0,高,士寧,6,0,15908,0,0,Death year estimated by Tackett (cc636)
172876,高宗儉,Gao Zongjian,576,576,647,0,高,宗儉,6,0,15908,0,0,
172954,房倫,Fang Lun,453,,516,0,房,倫,4,0,14694,0,0,Death year estimated by Tackett (cc516)
172955,房某,Fang Mou,490,,553,0,房,某,4,0,14694,0,0,Death year estimated by Tackett (cc553)
172956,房謨,Fang Mo,527,,590,0,房,謨,4,0,14694,0,0,Death year estimated by Tackett (cc590)
172957,房廣深,Fang Guangshen,564,,627,0,房,廣深,6,0,14694,0,0,Death year estimated by Tackett (cc627)
173007,杜乾祚,Du Qianzuo,568,,631,0,杜,乾祚,6,0,14493,0,0,Death year estimated by Tackett (cc631)
173057,杜景恭,Du Jinggong,548,,611,0,杜,景恭,4,0,14493,0,0,Death year estimated by Tackett (cc611)
173058,杜德裕,Du Deyu,585,,648,0,杜,德裕,6,0,14493,0,0,Death year estimated by Tackett (cc648)
173091,房巖,Fang Yan,527,,590,0,房,巖,4,0,14694,0,0,Death year estimated by Tackett (cc590)
173092,房某,Fang Mou,564,,627,0,房,某,6,0,14694,0,0,Death year estimated by Tackett (cc627)
173094,宇文洛,Yuwen Luo,574,,637,0,宇文,洛,6,0,400001,0,0,Death year estimated by Tackett (cc637)
173103,宇文賢,Yuwen Xian,502,,565,0,宇文,賢,4,0,,0,0,Death year estimated by Tackett (cc565)
173104,宇文瑋,Yuwen Wei,532,,595,0,宇文,瑋,4,0,,0,0,Death year estimated by Tackett (cc595)
173105,宇文弼,Yuwen Bi,562,,625,0,宇文,弼,6,0,,0,0,Death year estimated by Tackett (cc625)
173117,宇文盛,Yuwen Sheng,505,,568,0,宇文,盛,4,0,,0,0,Death year estimated by Tackett (cc568)
173118,宇文歸,Yuwen Gui,542,,605,0,宇文,歸,4,0,,0,0,Death year estimated by Tackett (cc605)
173119,宇文定及,Yuwen Dingji,579,,642,0,宇文,定及,6,0,,0,0,Death year estimated by Tackett (cc642)
173124,宇文述,Yuwen Shu,542,,605,0,宇文,述,4,0,,0,0,Death year estimated by Tackett (cc605)
173125,宇文智及,Yuwen Zhiji,579,,642,0,宇文,智及,6,0,,0,0,Death year estimated by Tackett (cc642)
173126,宇文化及,Yuwen Huaji,579,,642,0,宇文,化及,6,0,,0,0,Death year estimated by Tackett (cc642)
173127,宇文士及,Yuwen Shiji,579,,642,0,宇文,士及,6,0,,0,0,
173129,宇文靜,Yuwen Jing,542,,605,0,宇文,靜,4,0,,0,0,Death year estimated by Tackett (cc605)
173130,宇文福及,Yuwen Fuji,579,,642,0,宇文,福及,6,0,,0,0,Death year estimated by Tackett (cc642)
173138,長孫紹遠,Zhangsun Shaoyuan,511,,574,0,長孫,紹遠,4,0,14693,0,0,Death year estimated by Tackett (cc574)
173140,長孫洪,Zhangsun Hong,585,,648,0,長孫,洪,6,0,14693,0,0,Death year estimated by Tackett (cc648)
173141,長孫寬,Zhangsun Kuan,585,,648,0,長孫,寬,6,0,14693,0,0,Death year estimated by Tackett (cc648)
173148,長孫龕,Zhangsun Kan,585,,648,0,長孫,龕,6,0,14693,0,0,Death year estimated by Tackett (cc648)
173161,長孫兕,Zhangsun Si,522,,585,0,長孫,兕,4,0,14693,0,0,Death year estimated by Tackett (cc585)
173162,長孫敞,Zhangsun Chang,559,,622,0,長孫,敞,6,0,14693,0,0,Death year estimated by Tackett (cc622)
173231,長孫義莊,Zhangsun Yizhuang,559,,622,0,長孫,義莊,6,0,14693,0,0,Death year estimated by Tackett (cc622)
173236,杜楚客,Du Chuke,581,,644,0,杜,楚客,6,0,14493,0,0,Death year estimated by Tackett (cc644)
173238,杜敬愛,Du Jingai,581,,644,0,杜,敬愛,6,0,16438,0,0,Death year estimated by Tackett (cc644)
173263,杜愛同,Du Aitong,581,,644,0,杜,愛同,6,0,16438,0,0,Death year estimated by Tackett (cc644)
173277,杜顒,Du Yu,511,,574,0,杜,顒,4,0,14493,0,0,Death year estimated by Tackett (cc574)
173278,杜景仲,Du Jingzhong,548,,611,0,杜,景仲,4,0,14493,0,0,Death year estimated by Tackett (cc611)
173279,杜整,Du Zheng,585,,648,0,杜,整,6,0,14493,0,0,Death year estimated by Tackett (cc648)
173287,杜景秀,Du Jingxiu,509,,572,0,杜,景秀,4,0,14493,0,0,Death year estimated by Tackett (cc572)
173289,杜乾播,Du Qianbo,568,,631,0,杜,乾播,6,0,14493,0,0,Death year estimated by Tackett (cc631)
173306,杜子裕,Du Ziyu,524,,587,0,杜,子裕,4,0,15214,0,0,Death year estimated by Tackett (cc587)
173307,杜正玄,Du Zhengxuan,561,,624,0,杜,正玄,6,0,15214,0,0,Death year estimated by Tackett (cc624)
173308,杜正藏,Du Zhengcang,561,,624,0,杜,正藏,6,0,15214,0,0,Death year estimated by Tackett (cc624)
173327,杜正儀,Du Zhengyi,561,,624,0,杜,正儀,6,0,15214,0,0,cf. 補遺 8:142; 洛陽新獲續 466 . Death year estimated by Tackett (cc624)
173328,杜正德,Du Zhengde,561,,624,0,杜,正德,6,0,15214,0,0,Death year estimated by Tackett (cc624)
173329,杜亮,Du Liang,483,,546,0,杜,亮,4,0,14940,0,0,Death year estimated by Tackett (cc546)
173330,杜伽,Du Ga,520,,583,0,杜,伽,4,0,14940,0,0,Death year estimated by Tackett (cc583)
173364,李豫,Li Yu,397,,460,0,李,豫,4,0,16737,0,0,Death year estimated by Tackett (cc460)
173365,李某,Li Mou,434,,497,0,李,某,4,0,16737,0,0,Death year estimated by Tackett (cc497)
173366,李琰之,Li Yanzhi,471,,534,0,李,琰之,4,0,16737,0,0,Death year estimated by Tackett (cc534)
173367,李剛,Li Gang,508,,571,0,李,剛,4,0,16737,0,0,Death year estimated by Tackett (cc571)
173371,李大辯,Li Dabian,582,,645,0,李,大辯,6,0,16737,0,0,Death year estimated by Tackett (cc645)
173378,李某,Li Mou,582,,645,0,李,某,6,0,14510,0,0,Death year estimated by Tackett (cc645)
173388,李思本,Li Siben,582,,645,0,李,思本,6,0,16737,0,0,Death year estimated by Tackett (cc645)
173390,李慧,Li Hui,508,,571,0,李,慧,4,0,16737,0,0,Death year estimated by Tackett (cc571)
173391,李充弼,Li Chongbi,545,,608,0,李,充弼,4,0,16737,0,0,Death year estimated by Tackett (cc608)
173392,李嘉,Li Jia,582,,645,0,李,嘉,6,0,16737,0,0,Death year estimated by Tackett (cc645)
173395,李文楷,Li Wenkai,582,,645,0,李,文楷,6,0,16737,0,0,Death year estimated by Tackett (cc645)
173398,李璵,Li Yu,497,,560,0,李,璵,4,0,14789,0,0,Death year estimated by Tackett (cc560)
173399,李某,Li Mou,534,,597,0,李,某,4,0,14789,0,0,Death year estimated by Tackett (cc597)
173400,李某,Li Mou,571,,634,0,李,某,6,0,14789,0,0,Death year estimated by Tackett (cc634)
173411,李瑾,Li Jin,457,,520,0,李,瑾,4,0,14789,0,0,Death year estimated by Tackett (cc520)
173413,李元儉,Li Yuanjian,518,,581,0,李,元儉,4,0,14692,0,0,Death year estimated by Tackett (cc581)
173437,李武卿,Li Wuqing,531,,594,0,李,武卿,4,0,14789,0,0,Death year estimated by Tackett (cc594)
173438,李玄德,Li Xuande,568,,631,0,李,玄德,6,0,14691,0,0,Death year estimated by Tackett (cc631)
173457,李夷道,Li Yidao,531,,594,0,李,夷道,4,0,14789,0,0,Death year estimated by Tackett (cc594)
173533,李疑之,Li Yizhi,494,,557,0,李,疑之,4,0,14789,0,0,Death year estimated by Tackett (cc557)
173534,李君志,Li Junzhi,531,,594,0,李,君志,4,0,14789,0,0,Death year estimated by Tackett (cc594)
173535,李君範,Li Junfan,531,,594,0,李,君範,4,0,14789,0,0,Death year estimated by Tackett (cc594)
173536,李孝深,Li Xiaoshen,568,,631,0,李,孝深,6,0,14789,0,0,Death year estimated by Tackett (cc631)
173542,李君徹,Li Junche,531,,594,0,李,君徹,4,0,14789,0,0,Death year estimated by Tackett (cc594)
173543,李某,Li Mou,568,,631,0,李,某,6,0,14789,0,0,Death year estimated by Tackett (cc631)
173546,李君可,Li Junke,531,,594,0,李,君可,4,0,14789,0,0,Death year estimated by Tackett (cc594)
173547,李君异,Li Junyi,531,,594,0,李,君异,4,0,14789,0,0,Death year estimated by Tackett (cc594)
173555,李君德,Li Junde,531,,594,0,李,君德,4,0,14789,0,0,Death year estimated by Tackett (cc594)
173556,李君平,Li Junping,531,,594,0,李,君平,4,0,14789,0,0,Death year estimated by Tackett (cc594)
173557,李某,Li Mou,568,,631,0,李,某,6,0,14789,0,0,Death year estimated by Tackett (cc631)
173564,李脩年,Li Younian,534,,597,0,李,脩年,4,0,14789,0,0,Death year estimated by Tackett (cc597)
173565,李某,Li Mou,571,,634,0,李,某,6,0,14789,0,0,Death year estimated by Tackett (cc634)
173578,李彥,Li Yan,460,,523,0,李,彥,4,0,14691,0,0,Death year estimated by Tackett (cc523)
173579,李燮,Li Xie,497,,560,0,李,燮,4,0,14691,0,0,Death year estimated by Tackett (cc560)
173580,李士萬,Li Shiwan,534,,597,0,李,士萬,4,0,14691,0,0,Death year estimated by Tackett (cc597)
173581,李某,Li Mou,571,,634,0,李,某,6,0,14691,0,0,Death year estimated by Tackett (cc634)
173587,李爽,Li Shuang,497,,560,0,李,爽,4,0,14691,0,0,Death year estimated by Tackett (cc560)
173588,李元相,Li Yuanxiang,534,,597,0,李,元相,4,0,14691,0,0,Death year estimated by Tackett (cc597)
173589,李某,Li Mou,571,,634,0,李,某,6,0,14691,0,0,Death year estimated by Tackett (cc634)
173600,李伏陁,Li Futuo,534,,597,0,李,伏陁,4,0,14691,0,0,Death year estimated by Tackett (cc597)
173601,李某,Li Mou,571,,634,0,李,某,6,0,14691,0,0,Death year estimated by Tackett (cc634)
173609,李焕,Li Huan,497,,560,0,李,焕,4,0,14691,0,0,Death year estimated by Tackett (cc560)
173610,李裒,Li Pou,534,,597,0,李,裒,4,0,14691,0,0,Death year estimated by Tackett (cc597)
173611,李某,Li Mou,571,,634,0,李,某,6,0,14691,0,0,Death year estimated by Tackett (cc634)
173628,李晧,Li Hao,480,,543,0,李,晧,4,0,16765,0,0,Death year estimated by Tackett (cc543)
173629,李士操,Li Shicao,517,,580,0,李,士操,4,0,16765,0,0,Death year estimated by Tackett (cc580)
173630,李某,Li Mou,554,,617,0,李,某,4,0,16765,0,0,Death year estimated by Tackett (cc617)
173636,李曉,Li Xiao,497,,560,0,李,曉,4,0,14691,0,0,Death year estimated by Tackett (cc560)
173637,李超,Li Chao,534,,597,0,李,超,4,0,14691,0,0,Death year estimated by Tackett (cc597)
173638,李大師,Li Dashi,587,,650,0,李,大師,6,0,14708,0,0,Death year estimated by Tackett (cc650)
173652,李行師,Li Xingshi,568,,631,0,李,行師,6,0,14979,0,0,Death year estimated by Tackett (cc631)
173680,李季遠,Li Jiyuan,534,,597,0,李,季遠,4,0,14691,0,0,Death year estimated by Tackett (cc597)
173681,李某,Li Mou,497,,560,0,李,某,4,0,14691,0,0,Death year estimated by Tackett (cc560)
173682,李某,Li Mou,534,,597,0,李,某,4,0,14691,0,0,Death year estimated by Tackett (cc597)
173683,李某,Li Mou,571,,634,0,李,某,6,0,14691,0,0,Death year estimated by Tackett (cc634)
173685,李文度,Li Wendu,441,,504,0,李,文度,4,0,400613,0,0,Death year estimated by Tackett (cc504)
173686,李權,Li Quan,478,,541,0,李,權,4,0,400613,0,0,Death year estimated by Tackett (cc541)
173687,李崇義,Li Chongyi,515,,578,0,李,崇義,4,0,400613,0,0,Death year estimated by Tackett (cc578)
173688,李詮,Li Quan,552,,615,0,李,詮,4,0,14498,0,0,Death year estimated by Tackett (cc615)
173689,李藥王,Li Yaowang,589,,652,0,李,藥王,6,0,14498,0,0,Death year estimated by Tackett (cc652)
173760,李真,Li Zhen,430,,493,0,李,真,4,0,15790,0,0,Death year estimated by Tackett (cc493)
173761,李紹,Li Shao,467,,530,0,李,紹,4,0,15790,0,0,Death year estimated by Tackett (cc530)
173762,李義深,Li Yishen,504,,567,0,李,義深,4,0,15790,0,0,Death year estimated by Tackett (cc567)
173763,李陶駼,Li Taotu,541,,604,0,李,陶駼,4,0,15790,0,0,Death year estimated by Tackett (cc604)
173764,李政藻,Li Zhengzao,578,,641,0,李,政藻,6,0,15790,0,0,Death year estimated by Tackett (cc641)
173772,李政起,Li Zhengqi,578,,641,0,李,政起,6,0,15790,0,0,Death year estimated by Tackett (cc641)
173782,李政期,Li Zhengqi,578,,641,0,李,政期,6,0,15293,0,0,Death year estimated by Tackett (cc641)
173816,李融,Li Rong,430,,493,0,李,融,4,0,15790,0,0,Death year estimated by Tackett (cc493)
173817,李某,Li Mou,467,,530,0,李,某,4,0,15790,0,0,Death year estimated by Tackett (cc530)
173818,李蘭集,Li Lanji,504,,567,0,李,蘭集,4,0,15790,0,0,Death year estimated by Tackett (cc567)
173819,李某,Li Mou,541,,604,0,李,某,4,0,15790,0,0,Death year estimated by Tackett (cc604)
173820,李某,Li Mou,578,,641,0,李,某,6,0,15790,0,0,Death year estimated by Tackett (cc641)
173824,李萬安,Li Wanan,582,,645,0,李,萬安,6,0,14501,0,0,Death year estimated by Tackett (cc645)
173835,李續,Li Xu,468,,531,0,李,續,4,0,14766,0,0,Death year estimated by Tackett (cc531)
173836,李顯達,Li Xianda,505,,568,0,李,顯達,4,0,14766,0,0,Death year estimated by Tackett (cc568)
173837,李遷,Li Qian,542,,605,0,李,遷,4,0,14766,0,0,Death year estimated by Tackett (cc605)
173838,李孝卿,Li Xiaoqing,579,,642,0,李,孝卿,6,0,14766,0,0,Death year estimated by Tackett (cc642)
173865,李勰,Li Xie,327,,390,0,李,勰,0,0,15790,0,0,Death year estimated by Tackett (cc390)
173866,李靈,Li Ling,364,,427,0,李,靈,0,0,15294,0,0,Death year estimated by Tackett (cc427)
173867,李恢,Li Hui,401,,464,0,李,恢,4,0,15294,0,0,Death year estimated by Tackett (cc464)
173868,李悅祖,Li Yuezu,438,,501,0,李,悅祖,4,0,15294,0,0,Death year estimated by Tackett (cc501)
173869,李瑾,Li Jin,475,,538,0,李,瑾,4,0,15294,0,0,Death year estimated by Tackett (cc538)
173870,李子服,Li Zifu,512,,575,0,李,子服,4,0,15294,0,0,Death year estimated by Tackett (cc575)
173871,李伏惠,Li Fuhui,549,,612,0,李,伏惠,4,0,15294,0,0,Death year estimated by Tackett (cc612)
173872,李世起,Li Shiqi,586,,649,0,李,世起,6,0,15294,0,0,Death year estimated by Tackett (cc649)
173875,李敬叔,Li Jingshu,512,,575,0,李,敬叔,4,0,15294,0,0,Death year estimated by Tackett (cc575)
173876,李君昂,Li Junang,549,,612,0,李,君昂,4,0,15294,0,0,Death year estimated by Tackett (cc612)
173877,李仁方,Li Renfang,586,,649,0,李,仁方,6,0,15294,0,0,Death year estimated by Tackett (cc649)
173880,李仁則,Li Renze,586,,649,0,李,仁則,6,0,15294,0,0,Death year estimated by Tackett (cc649)
173881,李仁表,Li Renbiao,586,,649,0,李,仁表,6,0,15294,0,0,Death year estimated by Tackett (cc649)
173882,李君素,Li Junsu,549,,612,0,李,君素,4,0,15294,0,0,Death year estimated by Tackett (cc612)
173883,李君節,Li Junjie,549,,612,0,李,君節,4,0,15294,0,0,Death year estimated by Tackett (cc612)
173884,李子智,Li Zizhi,512,,575,0,李,子智,4,0,15294,0,0,Death year estimated by Tackett (cc575)
173885,李孝儼,Li Xiaoyan,549,,612,0,李,孝儼,4,0,15294,0,0,Death year estimated by Tackett (cc612)
173886,李文幹,Li Wengan,586,,649,0,李,文幹,6,0,15294,0,0,Death year estimated by Tackett (cc649)
173889,李華,Li Hua,438,,501,0,李,華,4,0,15294,0,0,Death year estimated by Tackett (cc501)
173890,李敬義,Li Jingyi,475,,538,0,李,敬義,4,0,15294,0,0,Death year estimated by Tackett (cc538)
173948,李知隱,Li Zhiyin,586,,649,0,李,知隱,6,0,15294,0,0,Death year estimated by Tackett (cc649)
173972,李孝徹,Li Xiaoche,549,,612,0,李,孝徹,4,0,15294,0,0,Death year estimated by Tackett (cc612)
173973,李知約,Li Zhiyue,586,,649,0,李,知約,6,0,15294,0,0,Death year estimated by Tackett (cc649)
173979,李延世,Li Yanshi,512,,575,0,李,延世,4,0,15294,0,0,Death year estimated by Tackett (cc575)
173980,李子真,Li Zizhen,549,,612,0,李,子真,4,0,15294,0,0,Death year estimated by Tackett (cc612)
173981,李長卿,Li Changqing,586,,649,0,李,長卿,6,0,15294,0,0,Death year estimated by Tackett (cc649)
173984,李喬卿,Li Qiaoqing,586,,649,0,李,喬卿,6,0,15294,0,0,Death year estimated by Tackett (cc649)
173985,李子遠,Li Ziyuan,549,,612,0,李,子遠,4,0,15294,0,0,Death year estimated by Tackett (cc612)
173986,李君信,Li Junxin,586,,649,0,李,君信,6,0,15294,0,0,Death year estimated by Tackett (cc649)
173988,李君壽,Li Junshou,586,,649,0,李,君壽,6,0,15294,0,0,Death year estimated by Tackett (cc649)
173990,李君武,Li Junwu,586,,649,0,李,君武,6,0,15294,0,0,Death year estimated by Tackett (cc649)
173996,李綜,Li Zong,401,,464,0,李,綜,4,0,15294,0,0,Death year estimated by Tackett (cc464)
173997,李遵,Li Zun,438,,501,0,李,遵,4,0,15294,0,0,Death year estimated by Tackett (cc501)
173998,李渾,Li Hun,475,,538,0,李,渾,4,0,15294,0,0,Death year estimated by Tackett (cc538)
173999,李汪,Li Wang,512,,575,0,李,汪,4,0,15294,0,0,Death year estimated by Tackett (cc575)
174000,李國寶,Li Guobao,549,,612,0,李,國寶,4,0,15294,0,0,Death year estimated by Tackett (cc612)
174001,李世寶,Li Shibao,549,,612,0,李,世寶,4,0,15294,0,0,Death year estimated by Tackett (cc612)
174002,李友益,Li Youyi,586,,649,0,李,友益,6,0,15294,0,0,Death year estimated by Tackett (cc649)
174008,李智積,Li Zhiji,586,,649,0,李,智積,6,0,15294,0,0,Death year estimated by Tackett (cc649)
174011,李人寶,Li Renbao,549,,612,0,李,人寶,4,0,15294,0,0,Death year estimated by Tackett (cc612)
174012,李損之,Li Sunzhi,586,,649,0,李,損之,6,0,15294,0,0,Death year estimated by Tackett (cc649)
174016,李繪,Li Hui,475,,538,0,李,繪,4,0,15294,0,0,Death year estimated by Tackett (cc538)
174017,李君章,Li Junzhang,512,,575,0,李,君章,4,0,15294,0,0,Death year estimated by Tackett (cc575)
174018,李師表,Li Shibiao,549,,612,0,李,師表,4,0,15294,0,0,Death year estimated by Tackett (cc612)
174019,李挺立,Li Tingli,586,,649,0,李,挺立,6,0,15294,0,0,Death year estimated by Tackett (cc649)
174022,李緯,Li Wei,475,,538,0,李,緯,4,0,15294,0,0,Death year estimated by Tackett (cc538)
174023,李立言,Li Liyan,512,,575,0,李,立言,4,0,15294,0,0,Death year estimated by Tackett (cc575)
174024,李納義,Li Nayi,549,,612,0,李,納義,4,0,15294,0,0,Death year estimated by Tackett (cc612)
174025,李常,Li Chang,586,,649,0,李,常,6,0,15294,0,0,Death year estimated by Tackett (cc649)
174026,李均,Li Jun,364,,427,0,李,均,0,0,15790,0,0,Death year estimated by Tackett (cc427)
174027,李璨,Li Can,401,,464,0,李,璨,4,0,15790,0,0,Death year estimated by Tackett (cc464)
174028,李元茂,Li Yuanmao,438,,501,0,李,元茂,4,0,15790,0,0,Death year estimated by Tackett (cc501)
174029,李子雲,Li Ziyun,475,,538,0,李,子雲,4,0,15790,0,0,Death year estimated by Tackett (cc538)
174031,李山壽,Li Shanshou,549,,612,0,李,山壽,4,0,15790,0,0,Death year estimated by Tackett (cc612)
174032,李仁則,Li Renze,586,,649,0,李,仁則,6,0,15790,0,0,Death year estimated by Tackett (cc649)
174033,李文尚,Li Wenshang,586,,649,0,李,文尚,6,0,15790,0,0,Death year estimated by Tackett (cc649)
174036,李仁贍,Li Renshan,586,,649,0,李,仁贍,6,0,15790,0,0,Death year estimated by Tackett (cc649)
174042,李全壽,Li Quanshou,586,,649,0,李,全壽,6,0,15790,0,0,Death year estimated by Tackett (cc649)
174047,李宣茂,Li Xuanmao,438,,501,0,李,宣茂,4,0,15790,0,0,Death year estimated by Tackett (cc501)
174048,李籍之,Li Jizhi,475,,538,0,李,籍之,4,0,15790,0,0,Death year estimated by Tackett (cc538)
174049,李徹,Li Che,512,,575,0,李,徹,4,0,25058,0,0,Death year estimated by Tackett (cc575)
174051,李德饒,Li Derao,568,,631,0,李,德饒,6,0,25058,0,0,Death year estimated by Tackett (cc631)
174072,李德範,Li Defan,568,,631,0,李,德範,6,0,25058,0,0,Death year estimated by Tackett (cc631)
174080,李德紹,Li Deshao,568,,631,0,李,德紹,6,0,25058,0,0,Death year estimated by Tackett (cc631)
174083,李德矩,Li Deju,568,,631,0,李,德矩,6,0,25058,0,0,Death year estimated by Tackett (cc631)
174087,李德旻,Li Demin,568,,631,0,李,德旻,6,0,25058,0,0,Death year estimated by Tackett (cc631)
174114,李公緒,Li Gongxu,549,,612,0,李,公緒,4,0,25058,0,0,Death year estimated by Tackett (cc612)
174115,李少連,Li Shaolian,586,,649,0,李,少連,6,0,25058,0,0,Death year estimated by Tackett (cc649)
174128,李逖,Li Ti,512,,575,0,李,逖,4,0,15790,0,0,Death year estimated by Tackett (cc575)
174129,李賢,Li Xian,549,,612,0,李,賢,4,0,15790,0,0,Death year estimated by Tackett (cc612)
174130,李莊生,Li Zhuangsheng,549,,612,0,李,莊生,4,0,15790,0,0,Death year estimated by Tackett (cc612)
174131,李㮣,Li Gai,512,,575,0,李,㮣,4,0,15790,0,0,Death year estimated by Tackett (cc575)
174132,李山圖,Li Shantu,549,,612,0,李,山圖,4,0,15790,0,0,cf. 補遺 3:209-210 . Death year estimated by Tackett (cc612)
174133,李志之,Li Zhizhi,475,,538,0,李,志之,4,0,15790,0,0,Death year estimated by Tackett (cc538)
174134,李璡,Li Jin,512,,575,0,李,璡,4,0,15790,0,0,Death year estimated by Tackett (cc575)
174135,李公節,Li Gongjie,549,,612,0,李,公節,4,0,15790,0,0,Death year estimated by Tackett (cc612)
174136,李行詡,Li Xingxu,586,,649,0,李,行詡,6,0,15790,0,0,Death year estimated by Tackett (cc649)
174138,李行禮,Li Xingli,586,,649,0,李,行禮,6,0,15790,0,0,Death year estimated by Tackett (cc649)
174139,李行純,Li Xingchun,586,,649,0,李,行純,6,0,15790,0,0,Death year estimated by Tackett (cc649)
174140,李行指,Li Xingzhi,586,,649,0,李,行指,6,0,15790,0,0,Death year estimated by Tackett (cc649)
174141,李季璵,Li Jiyu,512,,575,0,李,季璵,4,0,15790,0,0,Death year estimated by Tackett (cc575)
174142,李季略,Li Jilüe,512,,575,0,李,季略,4,0,15790,0,0,Death year estimated by Tackett (cc575)
174143,李粹之,Li Cuizhi,475,,538,0,李,粹之,4,0,15790,0,0,Death year estimated by Tackett (cc538)
174144,李士高,Li Shigao,512,,575,0,李,士高,4,0,15790,0,0,Death year estimated by Tackett (cc575)
174145,李公俊,Li Gongjun,549,,612,0,李,公俊,4,0,15790,0,0,Death year estimated by Tackett (cc612)
174146,李輔仁,Li Furen,586,,649,0,李,輔仁,6,0,15790,0,0,Death year estimated by Tackett (cc649)
174147,李公嗣,Li Gongsi,549,,612,0,李,公嗣,4,0,15790,0,0,Death year estimated by Tackett (cc612)
174148,李輔義,Li Fuyi,586,,649,0,李,輔義,6,0,15790,0,0,Death year estimated by Tackett (cc649)
174149,李輔智,Li Fuzhi,586,,649,0,李,輔智,6,0,15790,0,0,Death year estimated by Tackett (cc649)
174150,李士儀,Li Shiyi,512,,575,0,李,士儀,4,0,15790,0,0,Death year estimated by Tackett (cc575)
174151,李士章,Li Shizhang,512,,575,0,李,士章,4,0,15790,0,0,Death year estimated by Tackett (cc575)
174152,李士政,Li Shizheng,512,,575,0,李,士政,4,0,15790,0,0,Death year estimated by Tackett (cc575)
174153,李士達,Li Shida,512,,575,0,李,士達,4,0,15790,0,0,Death year estimated by Tackett (cc575)
174154,李叔胤,Li Shuyin,438,,501,0,李,叔胤,4,0,15790,0,0,0. Death year estimated by Tackett (cc501)
174155,李士瑜,Li Shiyu,512,,575,0,李,士瑜,4,0,15790,0,0,Death year estimated by Tackett (cc575)
174156,李孝慈,Li Xiaoci,549,,612,0,李,孝慈,4,0,15790,0,0,Death year estimated by Tackett (cc612)
174157,李德源,Li Deyuan,586,,649,0,李,德源,6,0,15790,0,0,Death year estimated by Tackett (cc649)
174160,李德逸,Li Deyi,586,,649,0,李,德逸,6,0,15790,0,0,Death year estimated by Tackett (cc649)
174161,李士璜,Li Shihuang,512,,575,0,李,士璜,4,0,15790,0,0,0. Death year estimated by Tackett (cc575)
174162,李士瓘,Li Shiguan,512,,575,0,李,士瓘,4,0,15790,0,0,Death year estimated by Tackett (cc575)
174163,李祖忽,Li Zuhu,549,,612,0,李,祖忽,4,0,15790,0,0,Death year estimated by Tackett (cc612)
174164,李仲忽,Li Zhonghu,549,,612,0,李,仲忽,4,0,15790,0,0,Death year estimated by Tackett (cc612)
174165,李師信,Li Shixin,586,,649,0,李,師信,6,0,15790,0,0,Death year estimated by Tackett (cc649)
174174,李翼,Li Yi,475,,538,0,李,翼,4,0,15790,0,0,Death year estimated by Tackett (cc538)
174175,李幼達,Li Youda,512,,575,0,李,幼達,4,0,15790,0,0,Death year estimated by Tackett (cc575)
174176,李積善,Li Jishan,549,,612,0,李,積善,4,0,15790,0,0,Death year estimated by Tackett (cc612)
174177,李玄恭,Li Xuangong,586,,649,0,李,玄恭,6,0,15790,0,0,Death year estimated by Tackett (cc649)
174178,李昭善,Li Zhaoshan,549,,612,0,李,昭善,4,0,15790,0,0,Death year estimated by Tackett (cc612)
174179,李萬善,Li Wanshan,549,,612,0,李,萬善,4,0,15790,0,0,Death year estimated by Tackett (cc612)
174180,李仲胤,Li Zhongyin,438,,501,0,李,仲胤,4,0,15790,0,0,Death year estimated by Tackett (cc501)
174181,李敦,Li Dun,475,,538,0,李,敦,4,0,15790,0,0,Death year estimated by Tackett (cc538)
174182,李述,Li Shu,512,,575,0,李,述,4,0,15790,0,0,Death year estimated by Tackett (cc575)
174183,李善慶,Li Shanqing,549,,612,0,李,善慶,4,0,15790,0,0,Death year estimated by Tackett (cc612)
174184,李行充,Li Xingchong,586,,649,0,李,行充,6,0,15790,0,0,Death year estimated by Tackett (cc649)
174185,李全節,Li Quanjie,586,,649,0,李,全節,6,0,15790,0,0,Death year estimated by Tackett (cc649)
174187,李仁元,Li Renyuan,549,,612,0,李,仁元,4,0,15790,0,0,Death year estimated by Tackett (cc612)
174188,李善昌,Li Shanchang,549,,612,0,李,善昌,4,0,15790,0,0,Death year estimated by Tackett (cc612)
174189,李玄紀,Li Xuanji,586,,649,0,李,玄紀,6,0,15790,0,0,Death year estimated by Tackett (cc649)
174190,李玄明,Li Xuanming,586,,649,0,李,玄明,6,0,15790,0,0,Death year estimated by Tackett (cc649)
174191,李固,Li Gu,512,,575,0,李,固,4,0,15790,0,0,Death year estimated by Tackett (cc575)
174192,李多能,Li Duoneng,549,,612,0,李,多能,4,0,15790,0,0,Death year estimated by Tackett (cc612)
174193,李客師,Li Keshi,586,,649,0,李,客師,6,0,15790,0,0,Death year estimated by Tackett (cc649)
174194,李某,Li Mou,586,,649,0,李,某,6,0,15790,0,0,Death year estimated by Tackett (cc649)
174196,李系,Li Xi,365,,428,0,李,系,0,0,15790,0,0,Death year estimated by Tackett (cc428)
174198,李式,Li Shi,439,,502,0,李,式,4,0,15790,0,0,cf. 漢魏南北朝墓誌彙編 328-332. Death year estimated by Tackett (cc502)
174199,李希遠,Li Xiyuan,513,,576,0,李,希遠,4,0,15790,0,0,cf. 新河北 下:22-23. Death year estimated by Tackett (cc576)
174200,李君榮,Li Junrong,544,,607,0,李,君榮,4,0,15790,0,0,Death year estimated by Tackett (cc607)
174201,李胤卿,Li Yinqing,581,,644,0,李,胤卿,6,0,15790,0,0,Death year estimated by Tackett (cc644)
174202,李君明,Li Junming,544,,607,0,李,君明,4,0,15790,0,0,cf. 新河北 下:22-23. Death year estimated by Tackett (cc607)
174203,李君弘,Li Junhong,544,,607,0,李,君弘,4,0,15790,0,0,Death year estimated by Tackett (cc607)
174204,李師大,Li Shida,581,,644,0,李,師大,6,0,15790,0,0,Death year estimated by Tackett (cc644)
174206,李師稚,Li Shizhi,581,,644,0,李,師稚,6,0,15790,0,0,Death year estimated by Tackett (cc644)
174210,李師仲,Li Shizhong,581,,644,0,李,師仲,6,0,15790,0,0,Death year estimated by Tackett (cc644)
174211,李閑善,Li Xianshan,581,,644,0,李,閑善,6,0,15790,0,0,Death year estimated by Tackett (cc644)
174212,李收善,Li Shoushan,581,,644,0,李,收善,6,0,15790,0,0,Death year estimated by Tackett (cc644)
174213,李惠善,Li Huishan,581,,644,0,李,惠善,6,0,15790,0,0,Death year estimated by Tackett (cc644)
174214,李君亮,Li Junliang,544,,607,0,李,君亮,4,0,15790,0,0,cf. 新河北 下:22-23. Death year estimated by Tackett (cc607)
174215,李君華,Li Junhua,544,,607,0,李,君華,4,0,15790,0,0,Death year estimated by Tackett (cc607)
174216,李玄度,Li Xuandu,581,,644,0,李,玄度,6,0,15790,0,0,Death year estimated by Tackett (cc644)
174217,李光悅,Li Guangyue,581,,644,0,李,光悅,6,0,15790,0,0,Death year estimated by Tackett (cc644)
174221,李嘉璧,Li Jiabi,581,,644,0,李,嘉璧,6,0,15790,0,0,Death year estimated by Tackett (cc644)
174224,李玄惲,Li Xuanyun,581,,644,0,李,玄惲,6,0,15790,0,0,Death year estimated by Tackett (cc644)
174225,李稚昌,Li Zhichang,544,,607,0,李,稚昌,4,0,15790,0,0,cf. 新河北 下:22-23. Death year estimated by Tackett (cc607)
174226,李君盛,Li Junsheng,544,,607,0,李,君盛,4,0,15790,0,0,cf. 新河北 下:22-23. Death year estimated by Tackett (cc607)
174227,李君褒,Li Junbao,544,,607,0,李,君褒,4,0,15790,0,0,cf. 新河北 下:22-23. Death year estimated by Tackett (cc607)
174228,李祖昇,Li Zusheng,534,,597,0,李,祖昇,4,0,15790,0,0,Death year estimated by Tackett (cc597)
174229,李德璉,Li Delian,571,,634,0,李,德璉,6,0,15790,0,0,Death year estimated by Tackett (cc634)
174260,李祖勳,Li Zuxun,534,,597,0,李,祖勳,4,0,15790,0,0,Death year estimated by Tackett (cc597)
174261,李德璋,Li Dezhang,571,,634,0,李,德璋,6,0,15790,0,0,Death year estimated by Tackett (cc634)
174264,李祖訥,Li Zune,534,,597,0,李,祖訥,4,0,15790,0,0,Death year estimated by Tackett (cc597)
174265,李德瑞,Li Derui,571,,634,0,李,德瑞,6,0,15790,0,0,Death year estimated by Tackett (cc634)
174271,李德?,Li De??,571,,634,0,李,德?,6,0,15790,0,0,Death year estimated by Tackett (cc634)
174272,李德珽,Li Deting,571,,634,0,李,德珽,6,0,15790,0,0,Death year estimated by Tackett (cc634)
174276,李祖揖,Li Zuyi,534,,597,0,李,祖揖,4,0,15790,0,0,Death year estimated by Tackett (cc597)
174277,李德珪,Li Degui,571,,634,0,李,德珪,6,0,15790,0,0,Death year estimated by Tackett (cc634)
174298,李德琰,Li Deyan,571,,634,0,李,德琰,6,0,15790,0,0,Death year estimated by Tackett (cc634)
174315,李德瑋,Li Dewei,571,,634,0,李,德瑋,6,0,15790,0,0,Death year estimated by Tackett (cc634)
174324,李德瑛,Li Deying,571,,634,0,李,德瑛,6,0,15790,0,0,Death year estimated by Tackett (cc634)
174328,李弈,Li Yi,439,,502,0,李,弈,4,0,15790,0,0,Death year estimated by Tackett (cc502)
174329,李慶業,Li Qingye,476,,539,0,李,慶業,4,0,15294,0,0,Death year estimated by Tackett (cc539)
174330,李祖稱,Li Zucheng,513,,576,0,李,祖稱,4,0,15294,0,0,Death year estimated by Tackett (cc576)
174331,李孝深,Li Xiaoshen,550,,613,0,李,孝深,4,0,15294,0,0,Death year estimated by Tackett (cc613)
174338,李大倫,Li Dalun,583,,646,0,李,大倫,6,0,15294,0,0,Death year estimated by Tackett (cc646)
174369,李大儼,Li Dayan,583,,646,0,李,大儼,6,0,15294,0,0,Death year estimated by Tackett (cc646)
174370,李大衍,Li Dayan,583,,646,0,李,大衍,6,0,400467,0,0,Death year estimated by Tackett (cc646)
174378,李處惠,Li Chuhui,583,,646,0,李,處惠,6,0,15294,0,0,Death year estimated by Tackett (cc646)
174380,李文琬,Li Wenwan,583,,646,0,李,文琬,6,0,15294,0,0,cf. 補遺 3:209-210 . Death year estimated by Tackett (cc646)
174381,李文立,Li Wenli,583,,646,0,李,文立,6,0,15294,0,0,Death year estimated by Tackett (cc646)
174383,李文正,Li Wenzheng,583,,646,0,李,文正,6,0,15294,0,0,Death year estimated by Tackett (cc646)
174481,李文乂,Li Wenyi,583,,646,0,李,文乂,6,0,15294,0,0,Death year estimated by Tackett (cc646)
174482,李文友,Li Wenyou,583,,646,0,李,文友,6,0,15294,0,0,Death year estimated by Tackett (cc646)
174498,李賓王,Li Binwang,581,,644,0,李,賓王,6,0,15294,0,0,Death year estimated by Tackett (cc644)
174499,李遵王,Li Zunwang,581,,644,0,李,遵王,6,0,15294,0,0,Death year estimated by Tackett (cc644)
174500,李讓王,Li Rangwang,581,,644,0,李,讓王,6,0,15294,0,0,Death year estimated by Tackett (cc644)
174501,李師王,Li Shiwang,581,,644,0,李,師王,6,0,15294,0,0,Death year estimated by Tackett (cc644)
174667,李東王,Li Dongwang,581,,644,0,李,東王,6,0,15294,0,0,Death year estimated by Tackett (cc644)
174677,李孝俊,Li Xiaojun,544,,607,0,李,孝俊,4,0,15790,0,0,Death year estimated by Tackett (cc607)
174678,李壽王,Li Shouwang,581,,644,0,李,壽王,6,0,15790,0,0,Death year estimated by Tackett (cc644)
174682,李勤王,Li Qinwang,581,,644,0,李,勤王,6,0,15790,0,0,Death year estimated by Tackett (cc644)
174700,李覲王,Li Jinwang,581,,644,0,李,覲王,6,0,15790,0,0,Death year estimated by Tackett (cc644)
174709,李贊王,Li Zanwang,581,,644,0,李,贊王,6,0,15790,0,0,Death year estimated by Tackett (cc644)
174743,李大真,Li Dazhen,581,,644,0,李,大真,6,0,15294,0,0,Death year estimated by Tackett (cc644)
174775,李太初,Li Taichu,581,,644,0,李,太初,6,0,15294,0,0,Death year estimated by Tackett (cc644)
174991,李脩基,Li Youji,402,,465,0,李,脩基,4,0,15790,0,0,Death year estimated by Tackett (cc465)
174992,李羨策,Li Yance,439,,502,0,李,羨策,4,0,15790,0,0,Death year estimated by Tackett (cc502)
174993,李鴻鸞,Li Hongluan,476,,539,0,李,鴻鸞,4,0,15790,0,0,Death year estimated by Tackett (cc539)
174994,李士永,Li Shiyong,513,,576,0,李,士永,4,0,15790,0,0,Death year estimated by Tackett (cc576)
174995,李希寔,Li Xishi,550,,613,0,李,希寔,4,0,15790,0,0,Death year estimated by Tackett (cc613)
174996,李孝通,Li Xiaotong,587,,650,0,李,孝通,6,0,15790,0,0,Death year estimated by Tackett (cc650)
175007,李希傑,Li Xijie,550,,613,0,李,希傑,4,0,15790,0,0,Death year estimated by Tackett (cc613)
175008,李仲德,Li Zhongde,587,,650,0,李,仲德,6,0,15790,0,0,Death year estimated by Tackett (cc650)
175009,李希彥,Li Xiyan,550,,613,0,李,希彥,4,0,15790,0,0,Death year estimated by Tackett (cc613)
175010,李道常,Li Daochang,587,,650,0,李,道常,6,0,15790,0,0,Death year estimated by Tackett (cc650)
175014,李德珪,Li Degui,587,,650,0,李,德珪,6,0,15790,0,0,Death year estimated by Tackett (cc650)
175015,李義珪,Li Yigui,587,,650,0,李,義珪,6,0,15790,0,0,Death year estimated by Tackett (cc650)
175016,李信璋,Li Xinzhang,587,,650,0,李,信璋,6,0,15790,0,0,Death year estimated by Tackett (cc650)
175017,李希猷,Li Xiyou,550,,613,0,李,希猷,4,0,15790,0,0,Death year estimated by Tackett (cc613)
175018,李元素,Li Yuansu,587,,650,0,李,元素,6,0,15790,0,0,Death year estimated by Tackett (cc650)
175020,李士安,Li Shian,513,,576,0,李,士安,4,0,15790,0,0,Death year estimated by Tackett (cc576)
175021,李士儁,Li Shijun,513,,576,0,李,士儁,4,0,15790,0,0,Death year estimated by Tackett (cc576)
175022,李叔綦,Li Shuqi,513,,576,0,李,叔綦,4,0,15790,0,0,Death year estimated by Tackett (cc576)
175023,李希文,Li Xiwen,550,,613,0,李,希文,4,0,15790,0,0,Death year estimated by Tackett (cc613)
175030,李研,Li Yan,439,,502,0,李,研,4,0,15790,0,0,Death year estimated by Tackett (cc502)
175031,李元則,Li Yuanze,476,,539,0,李,元則,4,0,15790,0,0,Death year estimated by Tackett (cc539)
175032,李文殊,Li Wenshu,513,,576,0,李,文殊,4,0,15790,0,0,Death year estimated by Tackett (cc576)
175033,李德潤,Li Derun,550,,613,0,李,德潤,4,0,15790,0,0,Death year estimated by Tackett (cc613)
175034,李彥雲,Li Yanyun,587,,650,0,李,彥雲,6,0,15790,0,0,Death year estimated by Tackett (cc650)
175037,李孝叡,Li Xiaorui,513,,576,0,李,孝叡,4,0,15790,0,0,Death year estimated by Tackett (cc576)
175038,李德延,Li Deyan,550,,613,0,李,德延,4,0,15790,0,0,Death year estimated by Tackett (cc613)
175039,李治端,Li Zhiduan,587,,650,0,李,治端,6,0,15790,0,0,Death year estimated by Tackett (cc650)
175044,李治高,Li Zhigao,587,,650,0,李,治高,6,0,15790,0,0,Death year estimated by Tackett (cc650)
175045,李德義,Li Deyi,550,,613,0,李,德義,4,0,15790,0,0,Death year estimated by Tackett (cc613)
175046,李鏡,Li Jing,587,,650,0,李,鏡,6,0,15790,0,0,Death year estimated by Tackett (cc650)
175047,李素民,Li Sumin,587,,650,0,李,素民,6,0,15790,0,0,Death year estimated by Tackett (cc650)
175048,李曾,Li Ceng,365,,428,0,李,曾,0,0,15790,0,0,Death year estimated by Tackett (cc428)
175049,李祥,Li Xiang,402,,465,0,李,祥,4,0,15790,0,0,Death year estimated by Tackett (cc465)
175050,李安世,Li Anshi,439,,502,0,李,安世,4,0,15790,0,0,Death year estimated by Tackett (cc502)
175051,李瑒,Li Yang,476,,539,0,李,瑒,4,0,15790,0,0,Death year estimated by Tackett (cc539)
175052,李撝,Li Wei,513,,576,0,李,撝,4,0,15790,0,0,Death year estimated by Tackett (cc576)
175053,李君正,Li Junzheng,550,,613,0,李,君正,4,0,15790,0,0,Death year estimated by Tackett (cc613)
175054,李志道,Li Zhidao,587,,650,0,李,志道,6,0,15790,0,0,Death year estimated by Tackett (cc650)
175056,李君偉,Li Junwei,550,,613,0,李,君偉,4,0,15790,0,0,Death year estimated by Tackett (cc613)
175057,李陳師,Li Chenshi,587,,650,0,李,陳師,6,0,15790,0,0,Death year estimated by Tackett (cc650)
175059,李君游,Li Junyou,550,,613,0,李,君游,4,0,15790,0,0,Death year estimated by Tackett (cc613)
175060,李孝伯,Li Xiaobo,402,,465,0,李,孝伯,4,0,15790,0,0,Death year estimated by Tackett (cc465)
175061,李豹子,Li Baozi,439,,502,0,李,豹子,4,0,15790,0,0,Death year estimated by Tackett (cc502)
175062,李叔讓,Li Shurang,476,,539,0,李,叔讓,4,0,15288,0,0,cf. 長安新出墓誌 315 . Death year estimated by Tackett (cc539)
175063,李孝緒,Li Xiaoxu,513,,576,0,李,孝緒,4,0,15288,0,0,Death year estimated by Tackett (cc576)
175064,李延壽,Li Yanshou,550,,613,0,李,延壽,4,0,15288,0,0,Death year estimated by Tackett (cc613)
175065,李璣衡,Li Jiheng,587,,650,0,李,璣衡,6,0,15288,0,0,Death year estimated by Tackett (cc650)
175115,李孝約,Li Xiaoyue,513,,576,0,李,孝約,4,0,15288,0,0,Death year estimated by Tackett (cc576)
175116,李子行,Li Zixing,550,,613,0,李,子行,4,0,15288,0,0,Death year estimated by Tackett (cc613)
175117,李玫,Li Mei,587,,650,0,李,玫,6,0,15288,0,0,Death year estimated by Tackett (cc650)
175119,李孝純,Li Xiaochun,513,,576,0,李,孝純,4,0,15288,0,0,Death year estimated by Tackett (cc576)
175120,李子廉,Li Zilian,550,,613,0,李,子廉,4,0,15288,0,0,Death year estimated by Tackett (cc613)
175121,李瓌,Li Gui,587,,650,0,李,瓌,6,0,15288,0,0,Death year estimated by Tackett (cc650)
175133,李盛,Li Sheng,397,,460,0,李,盛,4,0,15289,0,0,Death year estimated by Tackett (cc460)
175134,李纘,Li Zuan,434,,497,0,李,纘,4,0,15289,0,0,Death year estimated by Tackett (cc497)
175135,李延,Li Yan,391,,454,0,李,延,4,0,15289,0,0,Death year estimated by Tackett (cc454)
175136,李建,Li Jian,428,,491,0,李,建,4,0,15289,0,0,Death year estimated by Tackett (cc491)
175137,李某,Li Mou,465,,528,0,李,某,4,0,15289,0,0,Death year estimated by Tackett (cc528)
175138,李某,Li Mou,502,,565,0,李,某,4,0,15289,0,0,Death year estimated by Tackett (cc565)
175139,李某,Li Mou,539,,602,0,李,某,4,0,15289,0,0,Death year estimated by Tackett (cc602)
175147,李連,Li Lian,428,,491,0,李,連,4,0,15289,0,0,Death year estimated by Tackett (cc491)
175148,李搏,Li Bo,539,,602,0,李,搏,4,0,15289,0,0,Death year estimated by Tackett (cc602)
175159,李龜,Li Gui,428,,491,0,李,龜,4,0,400538,0,0,Death year estimated by Tackett (cc491)
175160,李鳳林,Li Fenglin,465,,528,0,李,鳳林,4,0,400538,0,0,Death year estimated by Tackett (cc528)
175161,李裔,Li Yi,502,,565,0,李,裔,4,0,400538,0,0,Death year estimated by Tackett (cc565)
175163,李公宏,Li Gonghong,576,,639,0,李,公宏,6,0,400538,0,0,Death year estimated by Tackett (cc639)
175167,李秀林,Li Xiulin,465,,528,0,李,秀林,4,0,400538,0,0,Death year estimated by Tackett (cc528)
175168,李伯茂,Li Bomao,502,,565,0,李,伯茂,4,0,400538,0,0,Death year estimated by Tackett (cc565)
175169,李某,Li Mou,539,,602,0,李,某,4,0,400538,0,0,Death year estimated by Tackett (cc602)
175170,李某,Li Mou,576,,639,0,李,某,6,0,400538,0,0,Death year estimated by Tackett (cc639)
175177,李休,Li Xiu,471,,534,0,李,休,4,0,15289,0,0,Death year estimated by Tackett (cc534)
175178,李詵,Li Shen,508,,571,0,李,詵,4,0,15289,0,0,Death year estimated by Tackett (cc571)
175179,李某,Li Mou,545,,608,0,李,某,4,0,15289,0,0,Death year estimated by Tackett (cc608)
175180,李某,Li Mou,582,,645,0,李,某,6,0,15289,0,0,Death year estimated by Tackett (cc645)
175183,李襲,Li Xi,434,,497,0,李,襲,4,0,14787,0,0,Death year estimated by Tackett (cc497)
175184,李閣,Li Ge,471,,534,0,李,閣,4,0,14787,0,0,cf. 唐墓誌 1923; 補遺 6:120 . Death year estimated by Tackett (cc534)
175185,李傑,Li Jie,508,,571,0,李,傑,4,0,14787,0,0,cf. 長安新出墓誌 315 . Death year estimated by Tackett (cc571)
175186,李某,Li Mou,545,,608,0,李,某,4,0,14787,0,0,Death year estimated by Tackett (cc608)
175187,李某,Li Mou,582,,645,0,李,某,6,0,14787,0,0,Death year estimated by Tackett (cc645)
175198,李侔,Li Mou,508,,571,0,李,侔,4,0,14787,0,0,Death year estimated by Tackett (cc571)
175199,李某,Li Mou,545,,608,0,李,某,4,0,14787,0,0,Death year estimated by Tackett (cc608)
175200,李恃顯,Li Shixian,582,,645,0,李,恃顯,6,0,14787,0,0,Death year estimated by Tackett (cc645)
175201,李恃和,Li Shihe,582,,645,0,李,恃和,6,0,14787,0,0,Death year estimated by Tackett (cc645)
175206,李隆,Li Long,397,,460,0,李,隆,4,0,400467,0,0,Death year estimated by Tackett (cc460)
175207,李謀,Li Mou,434,,497,0,李,謀,4,0,400467,0,0,Death year estimated by Tackett (cc497)
175208,李昞,Li Bing,471,,534,0,李,昞,4,0,400467,0,0,Death year estimated by Tackett (cc534)
175209,李伯膺,Li Boying,508,,571,0,李,伯膺,4,0,400467,0,0,Death year estimated by Tackett (cc571)
175230,李某,Li Mou,471,,534,0,李,某,4,0,400467,0,0,Death year estimated by Tackett (cc534)
175231,李元稱,Li Yuancheng,508,,571,0,李,元稱,4,0,400467,0,0,Death year estimated by Tackett (cc571)
175232,李某,Li Mou,545,,608,0,李,某,4,0,15289,0,0,Death year estimated by Tackett (cc608)
175233,李孝恭,Li Xiaogong,524,,587,0,李,孝恭,4,0,15289,0,0,Death year estimated by Tackett (cc587)
175234,李懷柔,Li Huairou,561,,624,0,李,懷柔,6,0,15289,0,0,Death year estimated by Tackett (cc624)
175238,李懷宗,Li Huaizong,561,,624,0,李,懷宗,6,0,15289,0,0,Death year estimated by Tackett (cc624)
175259,李根,Li Gen,358,,421,0,李,根,0,0,16699,0,0,Death year estimated by Tackett (cc421)
175260,李宣,Li Xuan,395,,458,0,李,宣,4,0,16699,0,0,Death year estimated by Tackett (cc458)
175261,李貴,Li Gui,432,,495,0,李,貴,4,0,16699,0,0,Death year estimated by Tackett (cc495)
175262,李永,Li Yong,469,,532,0,李,永,4,0,16699,0,0,Death year estimated by Tackett (cc532)
175263,李弼,Li Bi,506,,569,0,李,弼,4,0,16699,0,0,Death year estimated by Tackett (cc569)
175264,李耀,Li Yao,543,,606,0,李,耀,4,0,16699,0,0,Death year estimated by Tackett (cc606)
175269,李偉,Li Wei,580,,643,0,李,偉,6,0,16699,0,0,Death year estimated by Tackett (cc643)
175276,李暉,Li Hui,543,,606,0,李,暉,4,0,16699,0,0,Death year estimated by Tackett (cc606)
175277,李安,Li An,543,,606,0,李,安,4,0,16699,0,0,Death year estimated by Tackett (cc606)
175278,李衍,Li Yan,570,,633,0,李,衍,6,0,14494,0,0,Death year estimated by Tackett (cc633)
175295,李綸,Li Lun,543,,606,0,李,綸,4,0,16699,0,0,Death year estimated by Tackett (cc606)
175296,李長,Li Chang,580,,643,0,李,長,6,0,16699,0,0,Death year estimated by Tackett (cc643)
175297,李稚,Li Zhi,580,,643,0,李,稚,6,0,16699,0,0,Death year estimated by Tackett (cc643)
175298,李某,Li Mou,580,,643,0,李,某,6,0,16699,0,0,Death year estimated by Tackett (cc643)
175303,李晏,Li Yan,543,,606,0,李,晏,4,0,16699,0,0,Death year estimated by Tackett (cc606)
175305,李某,Li Mou,580,,643,0,李,某,6,0,16699,0,0,Death year estimated by Tackett (cc643)
175331,李德林,Li Delin,528,,591,0,李,德林,4,0,15285,0,0,Death year estimated by Tackett (cc591)
175393,王弘直,Wang Hongzhi,572,,635,0,王,弘直,6,0,14955,0,0,Death year estimated by Tackett (cc635)
175642,王弘度,Wang Hongdu,532,,595,0,王,弘度,4,0,,0,0,Death year estimated by Tackett (cc595)
175643,王弘仁,Wang Hongren,532,,595,0,王,弘仁,4,0,,0,0,Death year estimated by Tackett (cc595)
175644,王方誕,Wang Fangdan,562,,625,0,王,方誕,6,0,,0,0,Death year estimated by Tackett (cc625)
175645,王方寔,Wang Fangshi,562,,625,0,王,方寔,6,0,,0,0,Death year estimated by Tackett (cc625)
175646,王弘義,Wang Hongyi,532,,595,0,王,弘義,4,0,,0,0,Death year estimated by Tackett (cc595)
175647,王方諝,Wang Fangxu,562,,625,0,王,方諝,6,0,,0,0,Death year estimated by Tackett (cc625)
175650,王方茂,Wang Fangmao,562,,625,0,王,方茂,6,0,14955,0,0,Death year estimated by Tackett (cc625)
175659,王弘道,Wang Hongdao,532,,595,0,王,弘道,4,0,,0,0,Death year estimated by Tackett (cc595)
175660,王弘藝,Wang Hongyi,532,,595,0,王,弘藝,4,0,,0,0,Death year estimated by Tackett (cc595)
175661,王方壽,Wang Fangshou,562,,625,0,王,方壽,6,0,,0,0,cf. 新江蘇(1) 下:7-8 . Death year estimated by Tackett (cc625)
175662,王猛,Wang Meng,489,,552,0,王,猛,4,0,16655,0,0,cf. 全唐文 795:8339-8340; 新編 14:9656-9657; 孫樵 8.2a-4a . Death year estimated by Tackett (cc552)
175663,王繕,Wang Shan,526,,589,0,王,繕,4,0,16655,0,0,Death year estimated by Tackett (cc589)
175664,王纊,Wang Kuang,526,,589,0,王,纊,4,0,14836,0,0,Death year estimated by Tackett (cc589)
175680,王德本,Wang Deben,563,,626,0,王,德本,6,0,16655,0,0,Death year estimated by Tackett (cc626)
175698,王遵業,Wang Zunye,447,,510,0,王,遵業,4,0,400538,0,0,Death year estimated by Tackett (cc510)
175699,王長明,Wang Changming,484,,547,0,王,長明,4,0,400538,0,0,Death year estimated by Tackett (cc547)
175700,王松年,Wang Songnian,484,,547,0,王,松年,4,0,400538,0,0,Death year estimated by Tackett (cc547)
175701,王邵,Wang Shao,521,,584,0,王,邵,4,0,400538,0,0,Death year estimated by Tackett (cc584)
175702,王孝京,Wang Xiaojing,558,,621,0,王,孝京,6,0,400538,0,0,Death year estimated by Tackett (cc621)
175744,王孝柔,Wang Xiaorou,558,,621,0,王,孝柔,6,0,400538,0,0,Death year estimated by Tackett (cc621)
175745,王規,Wang Gui,532,,595,0,王,規,4,0,400538,0,0,Death year estimated by Tackett (cc595)
175746,王大觀,Wang Daguan,569,,632,0,王,大觀,6,0,14692,0,0,Death year estimated by Tackett (cc632)
175757,王元方,Wang Yuanfang,569,,632,0,王,元方,6,0,400538,0,0,Death year estimated by Tackett (cc632)
175761,王柬,Wang Jian,521,,584,0,王,柬,4,0,400538,0,0,Death year estimated by Tackett (cc584)
175763,王野父,Wang Yefu,506,,569,0,王,野父,4,0,15053,0,0,Death year estimated by Tackett (cc569)
175765,王孝幹,Wang Xiaogan,580,,643,0,王,孝幹,6,0,15053,0,0,Death year estimated by Tackett (cc643)
175778,王友札,Wang Youzha,578,,641,0,王,友札,6,0,15742,0,0,Death year estimated by Tackett (cc641)
175801,王師丘,Wang Shiqiu,543,,606,0,王,師丘,4,0,15054,0,0,Death year estimated by Tackett (cc606)
175811,王季貞,Wang Jizhen,496,,559,0,王,季貞,4,0,15053,0,0,Death year estimated by Tackett (cc559)
175838,王神念,Wang Shennian,456,,519,0,王,神念,4,0,15742,0,0,Death year estimated by Tackett (cc519)
175862,王頍,Wang Kui,530,,593,0,王,頍,4,0,15742,0,0,Death year estimated by Tackett (cc593)
175863,王遵,Wang Zun,567,,630,0,王,遵,6,0,15742,0,0,Death year estimated by Tackett (cc630)
175866,王僧修,Wang Sengxiu,493,,556,0,王,僧修,4,0,15742,0,0,Death year estimated by Tackett (cc556)
175867,王景孝,Wang Jingxiao,530,,593,0,王,景孝,4,0,15742,0,0,Death year estimated by Tackett (cc593)
175883,王某,Wang Mou,476,,539,0,王,某,4,0,15054,0,0,Death year estimated by Tackett (cc539)
175884,王某,Wang Mou,513,,576,0,王,某,4,0,15054,0,0,Death year estimated by Tackett (cc576)
175885,王某,Wang Mou,550,,613,0,王,某,4,0,15054,0,0,Death year estimated by Tackett (cc613)
175886,王某,Wang Mou,587,,650,0,王,某,6,0,15054,0,0,Death year estimated by Tackett (cc650)
175896,王叡,Wang Rui,447,,510,0,王,叡,4,0,400617,0,0,Death year estimated by Tackett (cc510)
175897,王襲,Wang Xi,484,,547,0,王,襲,4,0,400617,0,0,Death year estimated by Tackett (cc547)
175898,王忻,Wang Xin,521,,584,0,王,忻,4,0,400617,0,0,Death year estimated by Tackett (cc584)
175906,王真,Wang Zhen,558,,621,0,王,真,6,0,400617,0,0,Death year estimated by Tackett (cc621)
175927,王羆,Wang Pi,490,,553,0,王,羆,4,0,16438,0,0,Death year estimated by Tackett (cc553)
175928,王慶遠,Wang Qingyuan,527,,590,0,王,慶遠,4,0,16438,0,0,cf. 中國國家圖書館數字資源(碑帖菁華) . Death year estimated by Tackett (cc590)
175929,王述,Wang Shu,564,,627,0,王,述,6,0,16438,0,0,Death year estimated by Tackett (cc627)
175937,王明遠,Wang Mingyuan,527,,590,0,王,明遠,4,0,16438,0,0,cf. 中國國家圖書館數字資源(碑帖菁華) . Death year estimated by Tackett (cc590)
175938,王壽,Wang Shou,564,,627,0,王,壽,6,0,16438,0,0,Death year estimated by Tackett (cc627)
175961,王某,Wang Mou,553,,616,0,王,某,4,0,14493,0,0,Death year estimated by Tackett (cc616)
175981,魏士廓,Wei Shikuo,539,,602,0,魏,士廓,4,0,,0,0,Death year estimated by Tackett (cc602)
176004,魏彥,Wei Yan,454,,517,0,魏,彥,4,0,14961,0,0,Death year estimated by Tackett (cc517)
176005,魏釗,Wei Zhao,491,,554,0,魏,釗,4,0,14961,0,0,Death year estimated by Tackett (cc554)
176006,魏伯胤,Wei Boyin,528,,591,0,魏,伯胤,4,0,14961,0,0,Death year estimated by Tackett (cc591)
176007,魏長賢,Wei Changxian,528,,591,0,魏,長賢,4,0,14961,0,0,Death year estimated by Tackett (cc591)
176025,魏德振,Wei Dezhen,528,,591,0,魏,德振,4,0,14961,0,0,Death year estimated by Tackett (cc591)
176039,温君攸,Wen Junyou,495,,558,0,温,君攸,4,0,15207,0,0,Death year estimated by Tackett (cc558)
176041,温無隱,Wen Wuyin,569,,632,0,温,無隱,6,0,15207,0,0,Death year estimated by Tackett (cc632)
176044,温釋胤,Wen Shiyin,569,,632,0,温,釋胤,6,0,15207,0,0,Death year estimated by Tackett (cc632)
176048,温彥博,Wen Yanbo,574,,637,0,温,彥博,5,0,15207,0,0,Death year estimated by Tackett (cc595)
176049,溫振,Wen Zhen,569,,632,0,溫,振,6,0,15207,0,0,Death year estimated by Tackett (cc632)
176066,温挺,Wen Ting,569,,632,0,温,挺,6,0,15207,0,0,Death year estimated by Tackett (cc632)
176071,温彥將,Wen Yanjiang,532,,595,0,温,彥將,4,0,15207,0,0,Death year estimated by Tackett (cc595)
176072,温瓚,Wen Zan,569,,632,0,温,瓚,6,0,15207,0,0,Death year estimated by Tackett (cc632)
176076,温瑜,Wen Yu,569,,632,0,温,瑜,6,0,15207,0,0,Death year estimated by Tackett (cc632)
176077,温瑾,Wen Jin,569,,632,0,温,瑾,6,0,15207,0,0,Death year estimated by Tackett (cc632)
176078,温璩,Wen Qu,569,,632,0,温,璩,6,0,15207,0,0,Death year estimated by Tackett (cc632)
176087,戴景珍,Dai Jingzhen,562,,625,0,戴,景珍,6,0,14899,0,0,Death year estimated by Tackett (cc625)
176092,侯植,Hou Zhi,532,,595,0,侯,植,4,0,,0,0,cf. 新編 10:6719; 全唐文 590:5965-5966; 柳河東集 11:171-172 . Death year estimated by Tackett (cc595)
176093,侯某,Hou Mou,562,,625,0,侯,某,6,0,,0,0,Death year estimated by Tackett (cc625)
176141,張穆之,Zhang Muzhi,502,,565,0,張,穆之,4,0,,0,0,Death year estimated by Tackett (cc565)
176142,張弘籍,Zhang Hongji,532,,595,0,張,弘籍,4,0,,0,0,Death year estimated by Tackett (cc595)
176143,張纘,Zhang Zuan,562,,625,0,張,纘,6,0,,0,0,Death year estimated by Tackett (cc625)
176147,張安之,Zhang Anzhi,455,,518,0,張,安之,4,0,15534,0,0,Death year estimated by Tackett (cc518)
176148,張弘策,Zhang Hongce,492,,555,0,張,弘策,4,0,15534,0,0,Death year estimated by Tackett (cc555)
176149,張紑,Zhang Fou,529,,592,0,張,紑,4,0,15534,0,0,Death year estimated by Tackett (cc592)
176158,張弋,Zhang Yi,550,,613,0,張,弋,4,0,14691,0,0,Death year estimated by Tackett (cc613)
176159,張洛,Zhang Luo,587,,650,0,張,洛,6,0,14691,0,0,cf. 全唐文 232:2345-2346. Death year estimated by Tackett (cc650)
176190,張守禮,Zhang Shouli,538,,601,0,張,守禮,4,0,16411,0,0,Death year estimated by Tackett (cc601)
176627,張紹,Zhang Shao,494,,557,0,張,紹,4,0,15758,0,0,Death year estimated by Tackett (cc557)
176629,張後胤,Zhang Houyin,571,571,654,0,張,後胤,6,0,15758,0,0,Death year estimated by Tackett (c.654)
176653,張彝,Zhang Yi,483,,546,0,張,彝,4,0,15237,0,0,Death year estimated by Tackett (cc546)
176654,張始均,Zhang Shijun,520,,583,0,張,始均,4,0,15237,0,0,Death year estimated by Tackett (cc583)
176655,張晏之,Zhang Yanzhi,557,,620,0,張,晏之,6,0,15237,0,0,Death year estimated by Tackett (cc620)
176697,張惠寶,Zhang Huibao,525,,588,0,張,惠寶,4,0,14494,0,0,Death year estimated by Tackett (cc588)
176698,張惠瑤,Zhang Huiyao,525,,588,0,張,惠瑤,4,0,14494,0,0,Death year estimated by Tackett (cc588)
176699,張祖政,Zhang Zuzheng,562,,625,0,張,祖政,6,0,14494,0,0,Death year estimated by Tackett (cc625)
176701,張祖令,Zhang Zuling,562,,625,0,張,祖令,6,0,14494,0,0,Death year estimated by Tackett (cc625)
176705,張惠珍,Zhang Huizhen,525,,588,0,張,惠珍,4,0,14494,0,0,Death year estimated by Tackett (cc588)
176706,張某,Zhang Mou,562,,625,0,張,某,6,0,14494,0,0,Death year estimated by Tackett (cc625)
176818,馬暹,Ma Xian,532,,595,0,馬,暹,4,0,15227,0,0,Death year estimated by Tackett (cc595)
176827,褚法顯,Chu Faxian,369,,432,0,褚,法顯,0,0,15767,0,0,Death year estimated by Tackett (cc432)
176828,褚炫,Chu Xuan,406,,469,0,褚,炫,4,0,15767,0,0,Death year estimated by Tackett (cc469)
176829,褚漢,Chu Han,443,,506,0,褚,漢,4,0,15767,0,0,Death year estimated by Tackett (cc506)
176830,褚象,Chu Xiang,480,,543,0,褚,象,4,0,15767,0,0,Death year estimated by Tackett (cc543)
176831,褚玠,Chu Jie,517,,580,0,褚,玠,4,0,15767,0,0,Death year estimated by Tackett (cc580)
176860,崔蔚,Cui Wei,452,,515,0,崔,蔚,4,0,15003,0,0,Death year estimated by Tackett (cc515)
176861,崔暹,Cui Xian,489,,552,0,崔,暹,4,0,15003,0,0,Death year estimated by Tackett (cc552)
176862,崔瓚,Cui Zan,526,,589,0,崔,瓚,4,0,15003,0,0,Death year estimated by Tackett (cc589)
176863,崔茂,Cui Mao,563,,626,0,崔,茂,6,0,15003,0,0,Death year estimated by Tackett (cc626)
176864,崔某,Cui Mou,563,,626,0,崔,某,6,0,15003,0,0,Death year estimated by Tackett (cc626)
176868,崔慶賓,Cui Qingbin,526,,589,0,崔,慶賓,4,0,15003,0,0,Death year estimated by Tackett (cc589)
176869,崔某,Cui Mou,563,,626,0,崔,某,6,0,15003,0,0,Death year estimated by Tackett (cc626)
176875,崔幼,Cui You,489,,552,0,崔,幼,4,0,15003,0,0,Death year estimated by Tackett (cc552)
176876,崔彥珍,Cui Yanzhen,526,,589,0,崔,彥珍,4,0,15003,0,0,Death year estimated by Tackett (cc589)
176877,崔某,Cui Mou,563,,626,0,崔,某,6,0,15003,0,0,Death year estimated by Tackett (cc626)
176883,崔景茂,Cui Jingmao,526,,589,0,崔,景茂,4,0,15003,0,0,Death year estimated by Tackett (cc589)
176884,崔士憲,Cui Shixian,563,,626,0,崔,士憲,6,0,15003,0,0,Death year estimated by Tackett (cc626)
176889,崔彥璋,Cui Yanzhang,526,,589,0,崔,彥璋,4,0,15003,0,0,Death year estimated by Tackett (cc589)
176890,崔某,Cui Mou,541,,604,0,崔,某,4,0,15003,0,0,Death year estimated by Tackett (cc604)
176893,崔君綽,Cui Junchao,554,,617,0,崔,君綽,4,0,15003,0,0,Death year estimated by Tackett (cc617)
176903,崔思敬,Cui Sijing,589,,652,0,崔,思敬,6,0,15237,0,0,Death year estimated by Tackett (cc652)
176908,崔君贍,Cui Junshan,554,,617,0,崔,君贍,4,0,15003,0,0,Death year estimated by Tackett (cc617)
176909,崔彥昇,Cui Yansheng,526,,589,0,崔,彥昇,4,0,15003,0,0,Death year estimated by Tackett (cc589)
176912,崔彧,Cui Yu,443,,506,0,崔,彧,4,0,16224,0,0,Death year estimated by Tackett (cc506)
176913,崔某,Cui Mou,480,,543,0,崔,某,4,0,16224,0,0,Death year estimated by Tackett (cc543)
176914,崔子今,Cui Zijin,517,,580,0,崔,子今,4,0,16224,0,0,Death year estimated by Tackett (cc580)
177042,崔遵,Cui Zun,438,,501,0,崔,遵,4,0,,0,0,Death year estimated by Tackett (cc501)
177043,崔撫,Cui Fu,475,,538,0,崔,撫,4,0,,0,0,Death year estimated by Tackett (cc538)
177044,崔羣,Cui Qun,512,,575,0,崔,羣,4,0,,0,0,Death year estimated by Tackett (cc575)
177045,崔稜,Cui Leng,549,,612,0,崔,稜,4,0,,0,0,Death year estimated by Tackett (cc612)
177046,崔君摸,Cui Junmo,586,,649,0,崔,君摸,6,0,,0,0,Death year estimated by Tackett (cc649)
177049,崔君操,Cui Juncao,586,,649,0,崔,君操,6,0,,0,0,Death year estimated by Tackett (cc649)
177061,崔溉,Cui Gai,563,,626,0,崔,溉,6,0,14691,0,0,Death year estimated by Tackett (cc626)
177074,崔㥄,Cui ?,519,,582,0,崔,㥄,4,0,15237,0,0,Death year estimated by Tackett (cc582)
177075,崔瞻,Cui Zhan,556,,619,0,崔,瞻,6,0,15237,0,0,Death year estimated by Tackett (cc619)
177086,崔仲文,Cui Zhongwen,519,,582,0,崔,仲文,4,0,15237,0,0,Death year estimated by Tackett (cc582)
177087,崔{亻鹿},Cui {Danlu},556,,619,0,崔,{亻鹿},6,0,15237,0,0,Death year estimated by Tackett (cc619)
177136,崔叔仁,Cui Shuren,519,,582,0,崔,叔仁,4,0,15702,0,0,Death year estimated by Tackett (cc582)
177137,崔挺,Cui Ting,519,,582,0,崔,挺,4,0,14693,0,0,Death year estimated by Tackett (cc582)
177138,崔某,Cui Mou,556,,619,0,崔,某,6,0,14693,0,0,Death year estimated by Tackett (cc619)
177148,崔彥武,Cui Yanwu,536,,599,0,崔,彥武,4,0,15702,0,0,Death year estimated by Tackett (cc599)
177149,崔正辨,Cui Zhengbian,573,,636,0,崔,正辨,6,0,15702,0,0,Death year estimated by Tackett (cc636)
177165,崔子侃,Cui Zikan,519,,582,0,崔,子侃,4,0,15237,0,0,Death year estimated by Tackett (cc582)
177166,崔某,Cui Mou,556,,619,0,崔,某,6,0,15237,0,0,Death year estimated by Tackett (cc619)
177169,崔子聿,Cui Ziyu,519,,582,0,崔,子聿,4,0,15237,0,0,Death year estimated by Tackett (cc582)
177170,崔求言,Cui Qiuyan,556,,619,0,崔,求言,6,0,15237,0,0,Death year estimated by Tackett (cc619)
177172,崔張蒼,Cui Zhangcang,556,,619,0,崔,張蒼,6,0,15237,0,0,Death year estimated by Tackett (cc619)
177182,崔子令,Cui Ziling,508,,571,0,崔,子令,4,0,15237,0,0,Death year estimated by Tackett (cc571)
177183,崔世瑛,Cui Shiying,545,,608,0,崔,世瑛,4,0,15237,0,0,Death year estimated by Tackett (cc608)
177184,崔某,Cui Mou,545,,608,0,崔,某,4,0,15237,0,0,Death year estimated by Tackett (cc608)
177185,崔某,Cui Mou,582,,645,0,崔,某,6,0,15237,0,0,Death year estimated by Tackett (cc645)
177302,崔玄機,Cui Xuanji,582,,645,0,崔,玄機,6,0,15237,0,0,Death year estimated by Tackett (cc645)
177305,崔玄泰,Cui Xuantai,582,,645,0,崔,玄泰,6,0,15237,0,0,Death year estimated by Tackett (cc645)
177343,崔脩之,Cui Youzhi,334,,397,0,崔,脩之,0,0,14999,0,0,Death year estimated by Tackett (cc397)
177344,崔元孫,Cui Yuansun,371,,434,0,崔,元孫,0,0,14999,0,0,Death year estimated by Tackett (cc434)
177345,崔亮,Cui Liang,408,,471,0,崔,亮,4,0,14999,0,0,cf. 偃師杏園唐墓 301-303 . Death year estimated by Tackett (cc471)
177346,崔士泰,Cui Shitai,445,,508,0,崔,士泰,4,0,14999,0,0,Death year estimated by Tackett (cc508)
177347,崔肇師,Cui Zhaoshi,482,,545,0,崔,肇師,4,0,14999,0,0,Death year estimated by Tackett (cc545)
177348,崔某,Cui Mou,519,,582,0,崔,某,4,0,14999,0,0,Death year estimated by Tackett (cc582)
177349,崔道淹,Cui Daoyan,556,,619,0,崔,道淹,6,0,14999,0,0,Death year estimated by Tackett (cc619)
177354,崔敬默,Cui Jingmo,408,,471,0,崔,敬默,4,0,14999,0,0,Death year estimated by Tackett (cc471)
177355,崔思韶,Cui Sishao,445,,508,0,崔,思韶,4,0,14999,0,0,Death year estimated by Tackett (cc508)
177356,崔某,Cui Mou,482,,545,0,崔,某,4,0,14999,0,0,Death year estimated by Tackett (cc545)
177357,崔子布,Cui Zibu,519,,582,0,崔,子布,4,0,14999,0,0,Death year estimated by Tackett (cc582)
177358,崔某,Cui Mou,556,,619,0,崔,某,6,0,14999,0,0,Death year estimated by Tackett (cc619)
177363,崔子治,Cui Zizhi,519,,582,0,崔,子治,4,0,14999,0,0,Death year estimated by Tackett (cc582)
177364,崔弘道,Cui Hongdao,556,,619,0,崔,弘道,6,0,14999,0,0,Death year estimated by Tackett (cc619)
177365,崔子叶,Cui Ziye,519,,582,0,崔,子叶,4,0,14999,0,0,Death year estimated by Tackett (cc582)
177366,崔某,Cui Mou,556,,619,0,崔,某,6,0,14999,0,0,Death year estimated by Tackett (cc619)
177375,崔幼孫,Cui Yousun,371,,434,0,崔,幼孫,0,0,14999,0,0,Death year estimated by Tackett (cc434)
177376,崔光伯,Cui Guangbo,408,,471,0,崔,光伯,4,0,14999,0,0,cf. 偃師杏園唐墓 301-303 . Death year estimated by Tackett (cc471)
177377,崔淊,Cui Yan,445,,508,0,崔,淊,4,0,14999,0,0,Death year estimated by Tackett (cc508)
177378,崔某,Cui Mou,482,,545,0,崔,某,4,0,14999,0,0,Death year estimated by Tackett (cc545)
177379,崔信明,Cui Xinming,519,,582,0,崔,信明,4,0,14999,0,0,Death year estimated by Tackett (cc582)
177380,崔冬日,Cui Dongri,556,,619,0,崔,冬日,6,0,14999,0,0,Death year estimated by Tackett (cc619)
177381,崔目連,Cui Mulian,481,,544,0,崔,目連,4,0,400053,0,0,Death year estimated by Tackett (cc544)
177382,崔僧淵,Cui Sengyuan,518,,581,0,崔,僧淵,4,0,400053,0,0,Death year estimated by Tackett (cc581)
177383,崔某,Cui Mou,555,,618,0,崔,某,6,0,400053,0,0,cf. 偃師杏園唐墓 288-290 . Death year estimated by Tackett (cc618)
177424,崔仁術,Cui Renshu,568,,631,0,崔,仁術,6,0,15316,0,0,cf. 新河北 下:27-28 . Death year estimated by Tackett (cc631)
177445,崔當,Cui Dang,427,,490,0,崔,當,4,0,15285,0,0,Death year estimated by Tackett (cc490)
177446,崔伯謙,Cui Boqian,464,,527,0,崔,伯謙,4,0,15285,0,0,Death year estimated by Tackett (cc527)
177447,崔淵,Cui Yuan,501,,564,0,崔,淵,4,0,15285,0,0,Death year estimated by Tackett (cc564)
177448,崔綜,Cui Zong,538,,601,0,崔,綜,4,0,15285,0,0,Death year estimated by Tackett (cc601)
177491,崔行簡,Cui Xingjian,575,,638,0,崔,行簡,6,0,15285,0,0,Death year estimated by Tackett (cc638)
177498,崔固儉,Cui Gujian,584,,647,0,崔,固儉,6,0,15322,0,0,Death year estimated by Tackett (cc647)
177520,崔琬,Cui Wan,547,,610,0,崔,琬,4,0,15322,0,0,Death year estimated by Tackett (cc610)
177521,崔載,Cui Zai,584,,647,0,崔,載,6,0,15322,0,0,Death year estimated by Tackett (cc647)
177522,崔某,Cui Mou,584,,647,0,崔,某,6,0,15322,0,0,Death year estimated by Tackett (cc647)
177527,崔仁,Cui Ren,547,,610,0,崔,仁,4,0,15322,0,0,Death year estimated by Tackett (cc610)
177528,崔某,Cui Mou,584,,647,0,崔,某,6,0,15322,0,0,Death year estimated by Tackett (cc647)
177530,崔融,Cui Rong,473,,536,0,崔,融,4,0,15322,0,0,Death year estimated by Tackett (cc536)
177531,崔鴻翻,Cui Hongfan,522,,585,0,崔,鴻翻,4,0,14694,0,0,Death year estimated by Tackett (cc585)
177532,崔祖仁,Cui Zuren,559,,622,0,崔,祖仁,6,0,14694,0,0,Death year estimated by Tackett (cc622)
177536,崔祖俠,Cui Zuxia,559,,622,0,崔,祖俠,6,0,14694,0,0,Death year estimated by Tackett (cc622)
177549,崔鳳舉,Cui Fengju,510,,573,0,崔,鳳舉,4,0,15322,0,0,Death year estimated by Tackett (cc573)
177550,崔某,Cui Mou,547,,610,0,崔,某,4,0,15322,0,0,Death year estimated by Tackett (cc610)
177551,崔某,Cui Mou,584,,647,0,崔,某,6,0,15322,0,0,Death year estimated by Tackett (cc647)
177556,崔約,Cui Yue,473,,536,0,崔,約,4,0,15322,0,0,Death year estimated by Tackett (cc536)
177557,崔某,Cui Mou,510,,573,0,崔,某,4,0,15322,0,0,Death year estimated by Tackett (cc573)
177558,崔某,Cui Mou,547,,610,0,崔,某,4,0,15322,0,0,Death year estimated by Tackett (cc610)
177559,崔智辨,Cui Zhibian,584,,647,0,崔,智辨,6,0,15322,0,0,Death year estimated by Tackett (cc647)
177561,于顗,Yu Yi,564,,627,0,于,顗,6,0,14508,0,0,Death year estimated by Tackett (cc627)
177571,于惲,Yu Yun,564,,627,0,于,惲,6,0,14508,0,0,Death year estimated by Tackett (cc627)
177574,于象賢,Yu Xiangxian,564,,627,0,于,象賢,6,0,14508,0,0,Death year estimated by Tackett (cc627)
177635,于翼,Yu Yi,505,,568,0,于,翼,4,0,14493,0,0,Death year estimated by Tackett (cc568)
177636,于璽,Yu Xi,542,,605,0,于,璽,4,0,14493,0,0,Death year estimated by Tackett (cc605)
177637,于志本,Yu Zhiben,579,,642,0,于,志本,6,0,14493,0,0,Death year estimated by Tackett (cc642)
177638,于某,Yu Mou,579,,642,0,于,某,6,0,14493,0,0,Death year estimated by Tackett (cc642)
177640,于詮,Yu Quan,542,,605,0,于,詮,4,0,15075,0,0,Death year estimated by Tackett (cc605)
177641,于某,Yu Mou,579,,642,0,于,某,6,0,15075,0,0,Death year estimated by Tackett (cc642)
177645,于某,Yu Mou,579,,642,0,于,某,6,0,14493,0,0,Death year estimated by Tackett (cc642)
177664,于宣敏,Yu Xuanmin,566,,629,0,于,宣敏,6,0,14508,0,0,Death year estimated by Tackett (cc629)
177693,崔行真,Cui Xingzhen,575,,638,0,崔,行真,6,0,15285,0,0,Death year estimated by Tackett (cc638)
177696,崔仲讓,Cui Zhongrang,464,,527,0,崔,仲讓,4,0,15285,0,0,Death year estimated by Tackett (cc527)
177697,崔某,Cui Mou,501,,564,0,崔,某,4,0,15285,0,0,Death year estimated by Tackett (cc564)
177698,崔鳳林,Cui Fenglin,538,,601,0,崔,鳳林,4,0,15285,0,0,Death year estimated by Tackett (cc601)
177699,崔從俗,Cui Congsu,575,,638,0,崔,從俗,6,0,15285,0,0,Death year estimated by Tackett (cc638)
177706,崔從令,Cui Congling,575,,638,0,崔,從令,6,0,15285,0,0,Death year estimated by Tackett (cc638)
177709,崔叔仁,Cui Shuren,464,,527,0,崔,叔仁,4,0,15285,0,0,Death year estimated by Tackett (cc527)
177710,崔某,Cui Mou,501,,564,0,崔,某,4,0,15285,0,0,Death year estimated by Tackett (cc564)
177711,崔元嗣,Cui Yuansi,538,,601,0,崔,元嗣,4,0,15285,0,0,Death year estimated by Tackett (cc601)
177724,崔子信,Cui Zixin,535,,598,0,崔,子信,4,0,400539,0,0,Death year estimated by Tackett (cc598)
177725,崔某,Cui Mou,572,,635,0,崔,某,6,0,400539,0,0,Death year estimated by Tackett (cc635)
177727,崔仲琰,Cui Zhongyan,530,,593,0,崔,仲琰,4,0,15285,0,0,Death year estimated by Tackett (cc593)
177772,崔書,Cui Shu,532,,595,0,崔,書,4,0,,0,0,Death year estimated by Tackett (cc595)
177773,崔仲業,Cui Zhongye,562,,625,0,崔,仲業,6,0,,0,0,Death year estimated by Tackett (cc625)
177781,崔叔業,Cui Shuye,562,,625,0,崔,叔業,6,0,,0,0,Death year estimated by Tackett (cc625)
177785,崔楷,Cui Kai,461,,524,0,崔,楷,4,0,15790,0,0,cf. 新河北 下:7-8; 漢魏南北朝墓誌彙編 363-365. Death year estimated by Tackett (cc524)
177786,崔士元,Cui Shiyuan,498,,561,0,崔,士元,4,0,15790,0,0,Death year estimated by Tackett (cc561)
177787,崔育王,Cui Yuwang,535,,598,0,崔,育王,4,0,15790,0,0,Death year estimated by Tackett (cc598)
177788,崔蔚,Cui Wei,572,,635,0,崔,蔚,6,0,15790,0,0,Death year estimated by Tackett (cc635)
177789,崔勵德,Cui Lide,535,,598,0,崔,勵德,4,0,15790,0,0,Death year estimated by Tackett (cc598)
177790,崔某,Cui Mou,572,,635,0,崔,某,6,0,15790,0,0,Death year estimated by Tackett (cc635)
177800,崔士謙,Cui Shiqian,498,,561,0,崔,士謙,4,0,15285,0,0,Death year estimated by Tackett (cc561)
177802,崔丕,Cui Pi,572,,635,0,崔,丕,6,0,15285,0,0,Death year estimated by Tackett (cc635)
177804,崔某,Cui Mou,588,,651,0,崔,某,6,0,15285,0,0,Death year estimated by Tackett (cc651)
177866,崔知機,Cui Zhiji,572,,635,0,崔,知機,6,0,15285,0,0,Death year estimated by Tackett (cc635)
177868,崔曄,Cui Ye,541,,604,0,崔,曄,4,0,14694,0,0,Death year estimated by Tackett (cc604)
177869,崔某,Cui Mou,578,,641,0,崔,某,6,0,14694,0,0,Death year estimated by Tackett (cc641)
177875,崔說,Cui Shuo,498,,561,0,崔,說,4,0,15285,0,0,Death year estimated by Tackett (cc561)
177877,崔奉賢,Cui Fengxian,572,,635,0,崔,奉賢,6,0,15285,0,0,Death year estimated by Tackett (cc635)
177915,崔弘正,Cui Hongzheng,535,,598,0,崔,弘正,4,0,15285,0,0,Death year estimated by Tackett (cc598)
177916,崔弘舟,Cui Hongzhou,535,,598,0,崔,弘舟,4,0,15285,0,0,Death year estimated by Tackett (cc598)
177917,崔璡,Cui Jin,572,,635,0,崔,璡,6,0,15285,0,0,Death year estimated by Tackett (cc635)
177918,崔士順,Cui Shishun,498,,561,0,崔,士順,4,0,15790,0,0,Death year estimated by Tackett (cc561)
177919,崔某,Cui Mou,535,,598,0,崔,某,4,0,15790,0,0,Death year estimated by Tackett (cc598)
177920,崔某,Cui Mou,572,,635,0,崔,某,6,0,15790,0,0,Death year estimated by Tackett (cc635)
177926,崔挺,Cui Ting,430,,493,0,崔,挺,4,0,15252,0,0,Death year estimated by Tackett (cc493)
177927,崔孝芬,Cui Xiaofen,461,,524,0,崔,孝芬,4,0,15285,0,0,Death year estimated by Tackett (cc524)
177928,崔勉,Cui Mian,498,,561,0,崔,勉,4,0,15285,0,0,Death year estimated by Tackett (cc561)
177929,崔龍子,Cui Longzi,535,,598,0,崔,龍子,4,0,15285,0,0,Death year estimated by Tackett (cc598)
177930,崔猷,Cui You,498,,561,0,崔,猷,4,0,15257,0,0,cf. 補遺 8:257-259. Death year estimated by Tackett (cc561)
177931,崔曉,Cui Xiao,572,,635,0,崔,曉,6,0,15257,0,0,cf. 補遺 8:257-259. Death year estimated by Tackett (cc635)
177949,崔令,Cui Ling,572,,635,0,崔,令,6,0,15257,0,0,Death year estimated by Tackett (cc635)
177969,崔叔重,Cui Shuzhong,550,,613,0,崔,叔重,4,0,14492,0,0,cf. 中國國家圖書館數字資源(碑帖菁華). Death year estimated by Tackett (cc613)
177970,崔某,Cui Mou,587,,650,0,崔,某,6,0,14492,0,0,Death year estimated by Tackett (cc650)
177973,崔宣度,Cui Xuandu,498,,561,0,崔,宣度,4,0,15285,0,0,Death year estimated by Tackett (cc561)
177985,崔輪王,Cui Lunwang,572,,635,0,崔,輪王,6,0,15285,0,0,Death year estimated by Tackett (cc635)
177991,崔宣軌,Cui Xuangui,498,,561,0,崔,宣軌,4,0,15285,0,0,Death year estimated by Tackett (cc561)
177992,崔宣質,Cui Xuanzhi,498,,561,0,崔,宣質,4,0,15285,0,0,Death year estimated by Tackett (cc561)
177993,崔宣靜,Cui Xuanjing,498,,561,0,崔,宣靜,4,0,15285,0,0,Death year estimated by Tackett (cc561)
177994,崔宣略,Cui Xuanlüe,498,,561,0,崔,宣略,4,0,15285,0,0,Death year estimated by Tackett (cc561)
177995,崔長昇,Cui Changsheng,498,,561,0,崔,長昇,4,0,15285,0,0,Death year estimated by Tackett (cc561)
177996,崔孝暐,Cui Xiaowei,467,,530,0,崔,孝暐,4,0,15252,0,0,cf. 漢魏南北朝墓誌彙編 433-434; 新河北 下:14-15. Death year estimated by Tackett (cc530)
177997,崔謀,Cui Mou,541,,604,0,崔,謀,4,0,15252,0,0,cf. 新河北 下:18 . Death year estimated by Tackett (cc604)
178004,崔液,Cui Ye,541,,604,0,崔,液,4,0,15252,0,0,cf. 漢魏南北朝墓誌彙編 433-434; 新河北 下:14-15. Death year estimated by Tackett (cc604)
178015,崔洽,Cui Qia,541,,604,0,崔,洽,4,0,15285,0,0,Death year estimated by Tackett (cc604)
178016,崔治,Cui Zhi,578,,641,0,崔,治,6,0,15285,0,0,Death year estimated by Tackett (cc641)
178022,崔天護,Cui Tianhu,436,,499,0,崔,天護,4,0,15322,0,0,Death year estimated by Tackett (cc499)
178023,崔穆,Cui Mu,473,,536,0,崔,穆,4,0,15322,0,0,Death year estimated by Tackett (cc536)
178024,崔謀開,Cui Moukai,510,,573,0,崔,謀開,4,0,15322,0,0,Death year estimated by Tackett (cc573)
178025,崔暹,Cui Xian,510,,573,0,崔,暹,4,0,15322,0,0,Death year estimated by Tackett (cc573)
178026,崔達挐,Cui Daru,547,,610,0,崔,達挐,4,0,15322,0,0,Death year estimated by Tackett (cc610)
178027,崔纂,Cui Zuan,473,,536,0,崔,纂,4,0,15322,0,0,Death year estimated by Tackett (cc536)
178029,崔誠,Cui Cheng,547,,610,0,崔,誠,4,0,15285,0,0,Death year estimated by Tackett (cc610)
178052,崔行表,Cui Xingbiao,584,,647,0,崔,行表,6,0,15285,0,0,Death year estimated by Tackett (cc647)
178079,柳鷟,Liu Zhuo,500,,563,0,柳,鷟,4,0,15009,0,0,Death year estimated by Tackett (cc563)
178101,柳續,Liu Xu,574,,637,0,柳,續,6,0,15009,0,0,Death year estimated by Tackett (cc637)
178104,柳述,Liu Shu,561,,624,0,柳,述,6,0,400537,0,0,Death year estimated by Tackett (cc624)
178114,柳逵,Liu Kui,561,,624,0,柳,逵,6,0,400537,0,0,Death year estimated by Tackett (cc624)
178115,柳逞,Liu Cheng,561,,624,0,柳,逞,6,0,400537,0,0,Death year estimated by Tackett (cc624)
178135,柳子敬,Liu Zijing,575,,638,0,柳,子敬,6,0,15009,0,0,Death year estimated by Tackett (cc638)
178155,柳亨,Liu Heng,568,,631,0,柳,亨,6,0,15009,0,0,Death year estimated by Tackett (cc631)
178163,柳肅,Liu Su,524,,587,0,柳,肅,4,0,15009,0,0,Death year estimated by Tackett (cc587)
178164,柳大隱,Liu Dayin,561,,624,0,柳,大隱,6,0,15009,0,0,Death year estimated by Tackett (cc624)
178165,柳虬,Liu Qiu,487,,550,0,柳,虬,4,0,15009,0,0,Death year estimated by Tackett (cc550)
178166,柳鴻漸,Liu Hongjian,524,,587,0,柳,鴻漸,4,0,15009,0,0,Death year estimated by Tackett (cc587)
178167,柳某,Liu Mou,561,,624,0,柳,某,6,0,15009,0,0,Death year estimated by Tackett (cc624)
178171,柳蔡年,Liu Cainian,524,,587,0,柳,蔡年,4,0,15009,0,0,Death year estimated by Tackett (cc587)
178172,柳謇之,Liu Jianzhi,561,,624,0,柳,謇之,6,0,15009,0,0,Death year estimated by Tackett (cc624)
178182,柳諤之,Liu Ezhi,561,,624,0,柳,諤之,6,0,15009,0,0,Death year estimated by Tackett (cc624)
178184,柳潁之,Liu Yingzhi,561,,624,0,柳,潁之,6,0,15009,0,0,Death year estimated by Tackett (cc624)
178188,柳挺之,Liu Tingzhi,561,,624,0,柳,挺之,6,0,15009,0,0,Death year estimated by Tackett (cc624)
178189,柳止戈,Liu Zhige,524,,587,0,柳,止戈,4,0,14691,0,0,Death year estimated by Tackett (cc587)
178190,柳艮,Liu Gen,561,,624,0,柳,艮,6,0,14691,0,0,Death year estimated by Tackett (cc624)
178200,柳待价,Liu Daiqia,586,,649,0,柳,待价,6,0,15009,0,0,cf. 洛陽理工學院學報(社會科學版) 26.2(2011):70-71 . Death year estimated by Tackett (cc649)
178211,柳檜,Liu Gui,487,,550,0,柳,檜,4,0,15009,0,0,Death year estimated by Tackett (cc550)
178212,柳雄亮,Liu Xiongliang,524,,587,0,柳,雄亮,4,0,15009,0,0,Death year estimated by Tackett (cc587)
178213,柳贊,Liu Zan,561,,624,0,柳,贊,6,0,15009,0,0,cf. 新河北 下:27-28 . Death year estimated by Tackett (cc624)
178259,柳輔,Liu Fu,377,,440,0,柳,輔,0,0,15501,0,0,Death year estimated by Tackett (cc440)
178260,柳平,Liu Ping,414,,477,0,柳,平,4,0,15501,0,0,Death year estimated by Tackett (cc477)
178261,柳某,Liu Mou,451,,514,0,柳,某,4,0,15501,0,0,Death year estimated by Tackett (cc514)
178262,柳敬起,Liu Jingqi,488,,551,0,柳,敬起,4,0,15501,0,0,Death year estimated by Tackett (cc551)
178263,柳昶,Liu Chang,525,,588,0,柳,昶,4,0,15501,0,0,Death year estimated by Tackett (cc588)
178264,柳某,Liu Mou,562,,625,0,柳,某,6,0,15501,0,0,Death year estimated by Tackett (cc625)
178270,柳粹,Liu Cui,525,,588,0,柳,粹,4,0,15501,0,0,Death year estimated by Tackett (cc588)
178271,柳某,Liu Mou,562,,625,0,柳,某,6,0,15501,0,0,Death year estimated by Tackett (cc625)
178277,柳恬,Liu Tian,348,,411,0,柳,恬,0,0,15501,0,0,Death year estimated by Tackett (cc411)
178278,柳憑,Liu Ping,385,,448,0,柳,憑,0,0,15501,0,0,Death year estimated by Tackett (cc448)
178279,柳叔宗,Liu Shuzong,422,,485,0,柳,叔宗,4,0,15501,0,0,Death year estimated by Tackett (cc485)
178280,柳世隆,Liu Shilong,459,,522,0,柳,世隆,4,0,15501,0,0,Death year estimated by Tackett (cc522)
178282,柳昞,Liu Bing,533,,596,0,柳,昞,4,0,15501,0,0,Death year estimated by Tackett (cc596)
178283,柳裘,Liu Qiu,570,,633,0,柳,裘,6,0,15501,0,0,cf. 補遺 9:404 . Death year estimated by Tackett (cc633)
178300,柳叔珍,Liu Shuzhen,422,,485,0,柳,叔珍,4,0,15007,0,0,Death year estimated by Tackett (cc485)
178301,柳慶遠,Liu Qingyuan,459,,522,0,柳,慶遠,4,0,15007,0,0,cf. 補遺 3:209-210 . Death year estimated by Tackett (cc522)
178313,柳季遠,Liu Jiyuan,459,,522,0,柳,季遠,4,0,15007,0,0,Death year estimated by Tackett (cc522)
178314,柳遐,Liu Xia,496,,559,0,柳,遐,4,0,15007,0,0,Death year estimated by Tackett (cc559)
178326,柳傑,Liu Jie,377,,440,0,柳,傑,0,0,15501,0,0,cf. 補遺 千唐:63 . Death year estimated by Tackett (cc440)
178327,柳某,Liu Mou,414,,477,0,柳,某,4,0,15501,0,0,Death year estimated by Tackett (cc477)
178328,柳雙虬,Liu Shuangqiu,451,,514,0,柳,雙虬,4,0,15501,0,0,Death year estimated by Tackett (cc514)
178329,柳元章,Liu Yuanzhang,488,,551,0,柳,元章,4,0,15501,0,0,Death year estimated by Tackett (cc551)
178330,柳景賓,Liu Jingbin,525,,588,0,柳,景賓,4,0,15501,0,0,Death year estimated by Tackett (cc588)
178331,柳某,Liu Mou,562,,625,0,柳,某,6,0,15501,0,0,Death year estimated by Tackett (cc625)
178335,柳景鴻,Liu Jinghong,525,,588,0,柳,景鴻,4,0,15501,0,0,Death year estimated by Tackett (cc588)
178336,柳儉,Liu Jian,562,,625,0,柳,儉,6,0,15501,0,0,Death year estimated by Tackett (cc625)
178337,柳仲仁,Liu Zhongren,488,,551,0,柳,仲仁,4,0,15501,0,0,Death year estimated by Tackett (cc551)
178338,柳某,Liu Mou,525,,588,0,柳,某,4,0,15501,0,0,Death year estimated by Tackett (cc588)
178339,柳某,Liu Mou,562,,625,0,柳,某,6,0,15501,0,0,cf. 補遺 8:406-407 . Death year estimated by Tackett (cc625)
178344,柳季和,Liu Jihe,488,,551,0,柳,季和,4,0,15501,0,0,Death year estimated by Tackett (cc551)
178345,柳贊,Liu Zan,525,,588,0,柳,贊,4,0,15501,0,0,Death year estimated by Tackett (cc588)
178346,柳奮,Liu Fen,377,,440,0,柳,奮,0,0,15501,0,0,Death year estimated by Tackett (cc440)
178347,柳某,Liu Mou,414,,477,0,柳,某,4,0,15501,0,0,Death year estimated by Tackett (cc477)
178348,柳某,Liu Mou,451,,514,0,柳,某,4,0,15501,0,0,Death year estimated by Tackett (cc514)
178349,柳某,Liu Mou,488,,551,0,柳,某,4,0,15501,0,0,Death year estimated by Tackett (cc551)
178350,柳某,Liu Mou,525,,588,0,柳,某,4,0,15501,0,0,Death year estimated by Tackett (cc588)
178351,柳某,Liu Mou,562,,625,0,柳,某,6,0,15501,0,0,cf. 偃師杏園唐墓 301-303 . Death year estimated by Tackett (cc625)
178353,韓褒,Han Bao,522,,585,0,韓,褒,4,0,15128,0,0,Death year estimated by Tackett (cc585)
178354,韓紹,Han Shao,559,,622,0,韓,紹,6,0,15128,0,0,Death year estimated by Tackett (cc622)
178355,韓仲良,Han Zhongliang,559,,622,0,韓,仲良,6,0,15128,0,0,Death year estimated by Tackett (cc622)
178356,韓某,Han Mou,589,,652,0,韓,某,6,0,14504,0,0,Death year estimated by Tackett (cc652)
178376,韓遜,Han Xun,559,,622,0,韓,遜,6,0,15128,0,0,Death year estimated by Tackett (cc622)
178377,韓滂,Han Pang,559,,622,0,韓,滂,6,0,15128,0,0,Death year estimated by Tackett (cc622)
178400,韓胄,Han Zhou,506,,569,0,韓,胄,4,0,14798,0,0,Death year estimated by Tackett (cc569)
178401,韓護,Han Hu,543,,606,0,韓,護,4,0,14798,0,0,cf. 邙洛碑誌 161 . Death year estimated by Tackett (cc606)
178572,來崱,Lai Ze,532,,595,0,來,崱,4,0,15692,0,0,cf. 洛陽理工學院學報(社會科學版) 26.2(2011):70-71 . Death year estimated by Tackett (cc595)
178573,來繪,Lai Hui,562,,625,0,來,繪,6,0,15692,0,0,Death year estimated by Tackett (cc625)
178580,許亨,Xu Heng,523,,586,0,許,亨,4,0,15773,0,0,Death year estimated by Tackett (cc586)
178593,許弘周,Xu Hongzhou,505,,568,0,許,弘周,4,0,14697,0,0,Death year estimated by Tackett (cc568)
178594,許法光,Xu Faguang,542,,605,0,許,法光,4,0,14697,0,0,Death year estimated by Tackett (cc605)
178595,許紹,Xu Shao,579,,642,0,許,紹,6,0,14697,0,0,Death year estimated by Tackett (cc642)
178626,辛某,Xin Mou,300,,363,0,辛,某,0,0,,0,0,Death year estimated by Tackett (cc363)
178627,辛顏,Xin Yan,337,,400,0,辛,顏,0,0,,0,0,Death year estimated by Tackett (cc400)
178628,辛猷,Xin You,374,,437,0,辛,猷,0,0,,0,0,Death year estimated by Tackett (cc437)
178629,辛巨明,Xin Juming,411,,474,0,辛,巨明,4,0,,0,0,Death year estimated by Tackett (cc474)
178630,辛顯宗,Xin Xianzong,448,,511,0,辛,顯宗,4,0,,0,0,Death year estimated by Tackett (cc511)
178631,辛元忠,Xin Yuanzhong,485,,548,0,辛,元忠,4,0,,0,0,cf. 河洛墓刻拾零 500 . Death year estimated by Tackett (cc548)
178632,辛迪,Xin Di,522,,585,0,辛,迪,4,0,,0,0,Death year estimated by Tackett (cc585)
178633,辛德本,Xin Deben,559,,622,0,辛,德本,6,0,,0,0,Death year estimated by Tackett (cc622)
178634,辛慶之,Xin Qingzhi,485,,548,0,辛,慶之,4,0,,0,0,Death year estimated by Tackett (cc548)
178635,辛加陵,Xin Jialing,522,,585,0,辛,加陵,4,0,,0,0,Death year estimated by Tackett (cc585)
178636,辛某,Xin Mou,522,,585,0,辛,某,4,0,,0,0,Death year estimated by Tackett (cc585)
178637,辛某,Xin Mou,559,,622,0,辛,某,6,0,,0,0,Death year estimated by Tackett (cc622)
178640,辛珍之,Xin Zhenzhi,485,,548,0,辛,珍之,4,0,,0,0,Death year estimated by Tackett (cc548)
178641,辛慤,Xin Que,522,,585,0,辛,慤,4,0,,0,0,Death year estimated by Tackett (cc585)
178642,辛某,Xin Mou,559,,622,0,辛,某,6,0,,0,0,Death year estimated by Tackett (cc622)
178644,辛豁,Xin Huo,485,,548,0,辛,豁,4,0,,0,0,Death year estimated by Tackett (cc548)
178645,辛昂,Xin Ang,522,,585,0,辛,昂,4,0,,0,0,Death year estimated by Tackett (cc585)
178646,辛政,Xin Zheng,522,,585,0,辛,政,4,0,,0,0,Death year estimated by Tackett (cc585)
178647,辛肇,Xin Zhao,559,,622,0,辛,肇,6,0,,0,0,Death year estimated by Tackett (cc622)
178650,辛寬,Xin Kuan,522,,585,0,辛,寬,4,0,,0,0,Death year estimated by Tackett (cc585)
178651,辛諝,Xin Xu,559,,622,0,辛,諝,6,0,,0,0,Death year estimated by Tackett (cc622)
178652,辛裕,Xin Yu,322,,385,0,辛,裕,0,0,400539,0,0,Death year estimated by Tackett (cc385)
178653,辛某,Xin Mou,352,,415,0,辛,某,0,0,400539,0,0,Death year estimated by Tackett (cc415)
178654,辛某,Xin Mou,382,,445,0,辛,某,0,0,400539,0,0,Death year estimated by Tackett (cc445)
178655,辛某,Xin Mou,412,,475,0,辛,某,4,0,400539,0,0,Death year estimated by Tackett (cc475)
178656,辛某,Xin Mou,442,,505,0,辛,某,4,0,400539,0,0,Death year estimated by Tackett (cc505)
178657,辛晁,Xin Chao,472,,535,0,辛,晁,4,0,400539,0,0,Death year estimated by Tackett (cc535)
178658,辛敬宗,Xin Jingzong,502,,565,0,辛,敬宗,4,0,400539,0,0,Death year estimated by Tackett (cc565)
178659,辛樹寶,Xin Shubao,532,,595,0,辛,樹寶,4,0,400539,0,0,Death year estimated by Tackett (cc595)
178664,辛靈寶,Xin Lingbao,532,,595,0,辛,靈寶,4,0,400539,0,0,Death year estimated by Tackett (cc595)
178665,辛徽,Xin Hui,562,,625,0,辛,徽,6,0,400539,0,0,Death year estimated by Tackett (cc625)
178669,辛闡,Xin Chan,502,,565,0,辛,闡,4,0,400539,0,0,Death year estimated by Tackett (cc565)
178670,辛某,Xin Mou,532,,595,0,辛,某,4,0,400539,0,0,Death year estimated by Tackett (cc595)
178671,辛某,Xin Mou,562,,625,0,辛,某,6,0,400539,0,0,Death year estimated by Tackett (cc625)
178696,盧道將,Lu Daojiang,491,,554,0,盧,道將,4,0,15381,0,0,Death year estimated by Tackett (cc554)
178697,盧懷祖,Lu Huaizu,528,,591,0,盧,懷祖,4,0,15381,0,0,Death year estimated by Tackett (cc591)
178698,盧莊,Lu Zhuang,565,,628,0,盧,莊,6,0,15381,0,0,Death year estimated by Tackett (cc628)
178701,盧懷仁,Lu Huairen,522,,585,0,盧,懷仁,4,0,15381,0,0,Death year estimated by Tackett (cc585)
178702,盧彥卿,Lu Yanqing,559,,622,0,盧,彥卿,6,0,14691,0,0,Death year estimated by Tackett (cc622)
178754,盧彥章,Lu Yanzhang,565,,628,0,盧,彥章,6,0,15381,0,0,Death year estimated by Tackett (cc628)
178780,盧彥高,Lu Yangao,559,,622,0,盧,彥高,6,0,15744,0,0,Death year estimated by Tackett (cc622)
178835,盧思演,Lu Siyan,528,,591,0,盧,思演,4,0,15381,0,0,Death year estimated by Tackett (cc591)
178836,盧某,Lu Mou,565,,628,0,盧,某,6,0,15381,0,0,Death year estimated by Tackett (cc628)
178981,盧道舒,Lu Daoshu,491,,554,0,盧,道舒,4,0,15381,0,0,Death year estimated by Tackett (cc554)
178982,盧熙裕,Lu Xiyu,522,,585,0,盧,熙裕,4,0,15381,0,0,Death year estimated by Tackett (cc585)
178983,盧士綸,Lu Shilun,559,,622,0,盧,士綸,6,0,15381,0,0,Death year estimated by Tackett (cc622)
178984,盧某,Lu Mou,550,,613,0,盧,某,4,0,15381,0,0,Death year estimated by Tackett (cc613)
179009,盧士綽,Lu Shichao,559,,622,0,盧,士綽,6,0,15381,0,0,Death year estimated by Tackett (cc622)
179010,盧士緝,Lu Shiji,559,,622,0,盧,士緝,6,0,15381,0,0,Death year estimated by Tackett (cc622)
179011,盧士繹,Lu Shiyi,559,,622,0,盧,士繹,6,0,15381,0,0,Death year estimated by Tackett (cc622)
179032,盧義僖,Lu Yixi,459,,522,0,盧,義僖,4,0,15381,0,0,Death year estimated by Tackett (cc522)
179033,盧愻之,Lu Xunzhi,496,,559,0,盧,愻之,4,0,15381,0,0,Death year estimated by Tackett (cc559)
179034,盧文構,Lu Wenjie,518,,581,0,盧,文構,4,0,15381,0,0,Death year estimated by Tackett (cc581)
179035,盧君肅,Lu Junsu,555,,618,0,盧,君肅,6,0,15381,0,0,Death year estimated by Tackett (cc618)
179098,盧君亮,Lu Junliang,555,,618,0,盧,君亮,6,0,15381,0,0,Death year estimated by Tackett (cc618)
179099,盧文壽,Lu Wenshou,533,,596,0,盧,文壽,4,0,15381,0,0,Death year estimated by Tackett (cc596)
179100,盧某,Lu Mou,570,,633,0,盧,某,6,0,15381,0,0,Death year estimated by Tackett (cc633)
179104,盧文挹,Lu Wenyi,540,,603,0,盧,文挹,4,0,14712,0,0,Death year estimated by Tackett (cc603)
179105,盧君胄,Lu Junzhou,577,,640,0,盧,君胄,6,0,14712,0,0,Death year estimated by Tackett (cc640)
179115,盧憼之,Lu Jingzhi,496,,559,0,盧,憼之,4,0,14697,0,0,Death year estimated by Tackett (cc559)
179116,盧彪,Lu Biao,533,,596,0,盧,彪,4,0,14697,0,0,Death year estimated by Tackett (cc596)
179117,盧慈龍,Lu Cilong,570,,633,0,盧,慈龍,6,0,14697,0,0,Death year estimated by Tackett (cc633)
179135,盧德衡,Lu Deheng,533,,596,0,盧,德衡,4,0,14697,0,0,Death year estimated by Tackett (cc596)
179136,盧息之,Lu Xizhi,496,,559,0,盧,息之,4,0,15381,0,0,Death year estimated by Tackett (cc559)
179137,盧彥博,Lu Yanbo,533,,596,0,盧,彥博,4,0,15381,0,0,Death year estimated by Tackett (cc596)
179138,盧義惇,Lu Yidun,508,,571,0,盧,義惇,4,0,15381,0,0,Death year estimated by Tackett (cc571)
179139,盧景開,Lu Jingkai,545,,608,0,盧,景開,4,0,15381,0,0,Death year estimated by Tackett (cc608)
179140,盧仲俊,Lu Zhongjun,582,,645,0,盧,仲俊,6,0,15232,0,0,Death year estimated by Tackett (cc645)
179152,盧叔粲,Lu Shucan,582,,645,0,盧,叔粲,6,0,15381,0,0,Death year estimated by Tackett (cc645)
179153,盧景柔,Lu Jingrou,545,,608,0,盧,景柔,4,0,15381,0,0,Death year estimated by Tackett (cc608)
179163,盧海相,Lu Haixiang,553,,616,0,盧,海相,4,0,15381,0,0,Death year estimated by Tackett (cc616)
179186,盧楚玉,Lu Chuyu,582,,645,0,盧,楚玉,6,0,15381,0,0,Death year estimated by Tackett (cc645)
179193,盧義安,Lu Yian,508,,571,0,盧,義安,4,0,15381,0,0,cf. 補遺 千唐:412-413; 新河南(3) 下:251-252 . Death year estimated by Tackett (cc571)
179194,盧某,Lu Mou,545,,608,0,盧,某,4,0,15381,0,0,Death year estimated by Tackett (cc608)
179195,盧某,Lu Mou,582,,645,0,盧,某,6,0,15381,0,0,cf. 補遺 千唐:162 . Death year estimated by Tackett (cc645)
179199,盧昶,Lu Chang,472,,535,0,盧,昶,4,0,15381,0,0,Death year estimated by Tackett (cc535)
179200,盧元隆,Lu Yuanlong,509,,572,0,盧,元隆,4,0,14785,0,0,Death year estimated by Tackett (cc572)
179201,盧士熙,Lu Shixi,546,,609,0,盧,士熙,4,0,14785,0,0,Death year estimated by Tackett (cc609)
179202,盧子令,Lu Ziling,583,,646,0,盧,子令,6,0,14785,0,0,cf. 考古 2004.5:52 . Death year estimated by Tackett (cc646)
179204,盧園公,Lu Yuangong,558,,621,0,盧,園公,6,0,14785,0,0,Death year estimated by Tackett (cc621)
179222,盧子哲,Lu Zizhe,583,,646,0,盧,子哲,6,0,14785,0,0,Death year estimated by Tackett (cc646)
179241,盧元德,Lu Yuande,509,,572,0,盧,元德,4,0,15381,0,0,Death year estimated by Tackett (cc572)
179242,盧士澈,Lu Shiche,513,,576,0,盧,士澈,4,0,15381,0,0,Death year estimated by Tackett (cc576)
179243,盧勝,Lu Sheng,550,,613,0,盧,勝,4,0,15381,0,0,Death year estimated by Tackett (cc613)
179268,盧世矩,Lu Shiju,587,,650,0,盧,世矩,6,0,15381,0,0,Death year estimated by Tackett (cc650)
179278,盧正師,Lu Zhengshi,550,,613,0,盧,正師,4,0,15381,0,0,Death year estimated by Tackett (cc613)
179279,盧習信,Lu Xixin,587,,650,0,盧,習信,6,0,15381,0,0,Death year estimated by Tackett (cc650)
179293,盧懿卿,Lu Yiqing,587,,650,0,盧,懿卿,6,0,15381,0,0,Death year estimated by Tackett (cc650)
179296,盧師智,Lu Shizhi,550,,613,0,盧,師智,4,0,15381,0,0,cf. 中國國家圖書館數字資源(碑帖菁華) . Death year estimated by Tackett (cc613)
179297,盧大辯,Lu Dabian,587,,650,0,盧,大辯,6,0,15381,0,0,cf. 補遺 8:420; 見附錄 . Death year estimated by Tackett (cc650)
179298,盧尚之,Lu Shangzhi,421,,484,0,盧,尚之,4,0,400539,0,0,Death year estimated by Tackett (cc484)
179299,盧文甫,Lu Wenfu,458,,521,0,盧,文甫,4,0,400539,0,0,cf. 補遺 7:138-139; 文物 1999.1:93; 洛陽新獲續 504 . Death year estimated by Tackett (cc521)
179300,盧敬通,Lu Jingtong,495,,558,0,盧,敬通,4,0,400539,0,0,cf. 全唐文 505:5140-5142; 新編 9:5932-5933; 權德輿詩文集 21:321-325 . Death year estimated by Tackett (cc558)
179301,盧正觀,Lu Zhengguan,528,,591,0,盧,正觀,4,0,15691,0,0,Death year estimated by Tackett (cc591)
179302,盧壽童,Lu Shoutong,560,,623,0,盧,壽童,6,0,15691,0,0,cf. 補遺 千唐:387-388; 新河南(3) 下:241 . Death year estimated by Tackett (cc623)
179308,盧仙童,Lu Xiantong,565,,628,0,盧,仙童,6,0,15691,0,0,Death year estimated by Tackett (cc628)
179310,盧羽客,Lu Yuke,565,,628,0,盧,羽客,6,0,14492,0,0,Death year estimated by Tackett (cc628)
179334,盧正倫,Lu Zhenglun,532,,595,0,盧,正倫,4,0,400539,0,0,Death year estimated by Tackett (cc595)
179335,盧正命,Lu Zhengming,532,,595,0,盧,正命,4,0,400539,0,0,Death year estimated by Tackett (cc595)
179336,盧孝道,Lu Xiaodao,569,,632,0,盧,孝道,6,0,400539,0,0,Death year estimated by Tackett (cc632)
179337,盧文翼,Lu Wenyi,458,,521,0,盧,文翼,4,0,400539,0,0,Death year estimated by Tackett (cc521)
179338,盧士偉,Lu Shiwei,495,,558,0,盧,士偉,4,0,400539,0,0,Death year estimated by Tackett (cc558)
179339,盧德基,Lu Deji,532,,595,0,盧,德基,4,0,400539,0,0,Death year estimated by Tackett (cc595)
179340,盧萬金,Lu Wanjin,569,,632,0,盧,萬金,6,0,400539,0,0,Death year estimated by Tackett (cc632)
179341,盧萬石,Lu Wanshi,569,,632,0,盧,萬石,6,0,400539,0,0,Death year estimated by Tackett (cc632)
179351,盧真惠,Lu Zhenhui,569,,632,0,盧,真惠,6,0,400539,0,0,Death year estimated by Tackett (cc632)
179357,盧真相,Lu Zhenxiang,569,,632,0,盧,真相,6,0,400539,0,0,Death year estimated by Tackett (cc632)
179362,盧真行,Lu Zhenxing,569,,632,0,盧,真行,6,0,400539,0,0,Death year estimated by Tackett (cc632)
179377,盧士朗,Lu Shilang,495,,558,0,盧,士朗,4,0,400539,0,0,cf. 新河北 下:27-28 . Death year estimated by Tackett (cc558)
179396,盧釋壽,Lu Shishou,531,,594,0,盧,釋壽,4,0,14691,0,0,Death year estimated by Tackett (cc594)
179397,盧買臣,Lu Maichen,568,,631,0,盧,買臣,6,0,14691,0,0,Death year estimated by Tackett (cc631)
179398,盧輔臣,Lu Fuchen,568,,631,0,盧,輔臣,6,0,14691,0,0,Death year estimated by Tackett (cc631)
179399,盧士嬰,Lu Shiying,491,,554,0,盧,士嬰,4,0,14789,0,0,Death year estimated by Tackett (cc554)
179400,盧璹,Lu Shu,528,,591,0,盧,璹,4,0,14789,0,0,Death year estimated by Tackett (cc591)
179401,盧法德,Lu Fade,582,,645,0,盧,法德,6,0,14695,0,0,Death year estimated by Tackett (cc645)
179416,盧珣,Lu Xun,528,,591,0,盧,珣,4,0,14789,0,0,cf. 補遺 9:404 . Death year estimated by Tackett (cc591)
179417,盧虔壽,Lu Qianshou,565,,628,0,盧,虔壽,6,0,14789,0,0,Death year estimated by Tackett (cc628)
179422,盧孝德,Lu Xiaode,565,,628,0,盧,孝德,6,0,14789,0,0,Death year estimated by Tackett (cc628)
179429,盧瑱,Lu Tian,528,,591,0,盧,瑱,4,0,14789,0,0,Death year estimated by Tackett (cc591)
179430,盧文符,Lu Wenfu,458,,521,0,盧,文符,4,0,400539,0,0,Death year estimated by Tackett (cc521)
179431,盧士邃,Lu Shisui,495,,558,0,盧,士邃,4,0,400539,0,0,Death year estimated by Tackett (cc558)
179432,盧正力,Lu Zhengli,532,,595,0,盧,正力,4,0,400539,0,0,Death year estimated by Tackett (cc595)
179437,上官回,Shangguan Hui,532,,595,0,上官,回,4,0,14720,0,0,Death year estimated by Tackett (cc595)
179438,上官某,Shangguan Mou,562,,625,0,上官,某,6,0,14720,0,0,Death year estimated by Tackett (cc625)
179447,樂恂,Yue Xun,532,,595,0,樂,恂,4,0,,0,0,Death year estimated by Tackett (cc595)
179448,樂亮,Yue Liang,562,,625,0,樂,亮,6,0,,0,0,Death year estimated by Tackett (cc625)
179459,孫伯禮,Sun Boli,505,,568,0,孫,伯禮,4,0,15275,0,0,Death year estimated by Tackett (cc568)
179460,孫元琥,Sun Yuanhu,542,,605,0,孫,元琥,4,0,15275,0,0,Death year estimated by Tackett (cc605)
179461,孫靈暉,Sun Linghui,579,,642,0,孫,靈暉,6,0,15275,0,0,Death year estimated by Tackett (cc642)
179576,陸瑾,Lu Jin,524,,587,0,陸,瑾,4,0,15758,0,0,Death year estimated by Tackett (cc587)
179577,陸逖之,Lu Tizhi,561,,624,0,陸,逖之,6,0,15758,0,0,Death year estimated by Tackett (cc624)
179578,陸令公,Lu Linggong,487,,550,0,陸,令公,4,0,15758,0,0,Death year estimated by Tackett (cc550)
179579,陸珣,Lu Xun,524,,587,0,陸,珣,4,0,15758,0,0,Death year estimated by Tackett (cc587)
179580,陸某,Lu Mou,561,,624,0,陸,某,6,0,15758,0,0,cf. 文物季刊 1990.1:46 . Death year estimated by Tackett (cc624)
179588,陸雲公,Lu Yungong,487,,550,0,陸,雲公,4,0,15758,0,0,Death year estimated by Tackett (cc550)
179589,陸瓊,Lu Qiong,524,,587,0,陸,瓊,4,0,15758,0,0,Death year estimated by Tackett (cc587)
179610,趙瑤,Zhao Yao,437,,500,0,趙,瑤,4,0,14695,0,0,Death year estimated by Tackett (cc500)
179611,趙某,Zhao Mou,474,,537,0,趙,某,4,0,14695,0,0,cf. 補遺 7:138-139; 文物 1999.1:93; 洛陽新獲續 504 . Death year estimated by Tackett (cc537)
179612,趙某,Zhao Mou,511,,574,0,趙,某,4,0,14695,0,0,Death year estimated by Tackett (cc574)
179613,趙乾贊,Zhao Qianzan,548,,611,0,趙,乾贊,4,0,14695,0,0,Death year estimated by Tackett (cc611)
179614,趙玄極,Zhao Xuanji,585,,648,0,趙,玄極,6,0,14695,0,0,cf. 新編 15:10348; 補遺 6:203-205; 洛陽新獲 309-310 . Death year estimated by Tackett (cc648)
179722,孫廣烈,Sun Guanglie,542,,605,0,孫,廣烈,4,0,15275,0,0,Death year estimated by Tackett (cc605)
179723,孫嘉猷,Sun Jiayou,579,,642,0,孫,嘉猷,6,0,15275,0,0,Death year estimated by Tackett (cc642)
179724,孫希業,Sun Xiye,579,,642,0,孫,希業,6,0,15275,0,0,Death year estimated by Tackett (cc642)
179728,孫方嗣,Sun Fangsi,562,,625,0,孫,方嗣,6,0,,0,0,Death year estimated by Tackett (cc625)
179743,姜明,Jiang Ming,532,,595,0,姜,明,4,0,,0,0,Death year estimated by Tackett (cc595)
179744,姜遠,Jiang Yuan,562,,625,0,姜,遠,6,0,,0,0,Death year estimated by Tackett (cc625)
179761,陸鎮之,Lu Zhenzhi,459,,522,0,陸,鎮之,4,0,15758,0,0,Death year estimated by Tackett (cc522)
179762,陸瑨,Lu Jin,496,,559,0,陸,瑨,4,0,15758,0,0,Death year estimated by Tackett (cc559)
179763,陸雍,Lu Yong,533,,596,0,陸,雍,4,0,15758,0,0,Death year estimated by Tackett (cc596)
179785,陸完,Lu Wan,450,,513,0,陸,完,4,0,15758,0,0,Death year estimated by Tackett (cc513)
179786,陸丘公,Lu Qiugong,487,,550,0,陸,丘公,4,0,15758,0,0,Death year estimated by Tackett (cc550)
179787,陸琛,Lu Chen,524,,587,0,陸,琛,4,0,15758,0,0,Death year estimated by Tackett (cc587)
179806,趙子遷,Zhao Ziqian,577,,640,0,趙,子遷,6,0,15119,0,0,cf. 補遺 9:409-410; 洛陽古代銘刻文獻研究 431-432 . Death year estimated by Tackett (cc640)
179831,韋範,Wei Fan,455,,518,0,韋,範,4,0,14493,0,0,Death year estimated by Tackett (cc518)
179832,韋法儁,Wei Fajun,486,,549,0,韋,法儁,4,0,14493,0,0,Death year estimated by Tackett (cc549)
179833,韋子粲,Wei Zican,523,,586,0,韋,子粲,4,0,14493,0,0,Death year estimated by Tackett (cc586)
179834,韋孝謇,Wei Xiaojian,560,,623,0,韋,孝謇,6,0,14493,0,0,Death year estimated by Tackett (cc623)
179835,韋榮亮,Wei Rongliang,523,,586,0,韋,榮亮,4,0,15694,0,0,Death year estimated by Tackett (cc586)
179836,韋綱,Wei Gang,560,,623,0,韋,綱,6,0,15694,0,0,Death year estimated by Tackett (cc623)
179866,韋顥,Wei Hao,492,,555,0,韋,顥,4,0,14493,0,0,cf. 新編 14:9845; 補遺 6:192-193; 洛陽新獲 304 . Death year estimated by Tackett (cc555)
179867,韋某,Wei Mou,529,,592,0,韋,某,4,0,14493,0,0,Death year estimated by Tackett (cc592)
179868,韋暮,Wei Mu,566,,629,0,韋,暮,6,0,14493,0,0,Death year estimated by Tackett (cc629)
179870,韋祖歡,Wei Zuhuan,492,,555,0,韋,祖歡,4,0,14493,0,0,Death year estimated by Tackett (cc555)
179871,韋某,Wei Mou,529,,592,0,韋,某,4,0,14493,0,0,cf. 新編 15:10141-10142; 補遺 6:199-200 . Death year estimated by Tackett (cc592)
179872,韋某,Wei Mou,566,,629,0,韋,某,6,0,14493,0,0,cf. 文物季刊 1998.4:27; 補遺 7:114 . Death year estimated by Tackett (cc629)
179881,韋鴻胄,Wei Hongzhou,529,,592,0,韋,鴻胄,4,0,14493,0,0,Death year estimated by Tackett (cc592)
180068,郝迴,Hao Hui,502,,565,0,郝,迴,4,0,,0,0,Death year estimated by Tackett (cc565)
180069,郝破敵,Hao Podi,532,,595,0,郝,破敵,4,0,,0,0,Death year estimated by Tackett (cc595)
180070,郝某,Hao Mou,562,,625,0,郝,某,6,0,,0,0,Death year estimated by Tackett (cc625)
180076,薛安都,Xue Andou,397,,460,0,薛,安都,4,0,15024,0,0,Death year estimated by Tackett (cc460)
180077,薛真龍,Xue Zhenlong,434,,497,0,薛,真龍,4,0,15024,0,0,Death year estimated by Tackett (cc497)
180078,薛顯,Xue Xian,471,,534,0,薛,顯,4,0,15024,0,0,Death year estimated by Tackett (cc534)
180079,薛世斌,Xue Shibin,508,,571,0,薛,世斌,4,0,15024,0,0,Death year estimated by Tackett (cc571)
180080,薛伯琳,Xue Bolin,545,,608,0,薛,伯琳,4,0,15024,0,0,Death year estimated by Tackett (cc608)
180081,薛師,Xue Shi,545,,608,0,薛,師,4,0,15024,0,0,Death year estimated by Tackett (cc608)
180082,薛操,Xue Cao,582,,645,0,薛,操,6,0,15024,0,0,Death year estimated by Tackett (cc645)
180086,薛世璡,Xue Shijin,508,,571,0,薛,世璡,4,0,15024,0,0,Death year estimated by Tackett (cc571)
180087,薛敏濟,Xue Minji,545,,608,0,薛,敏濟,4,0,15024,0,0,Death year estimated by Tackett (cc608)
180088,薛道龍,Xue Daolong,434,,497,0,薛,道龍,4,0,15024,0,0,Death year estimated by Tackett (cc497)
180089,薛榮,Xue Rong,471,,534,0,薛,榮,4,0,15024,0,0,Death year estimated by Tackett (cc534)
180090,薛仲孫,Xue Zhongsun,508,,571,0,薛,仲孫,4,0,15024,0,0,Death year estimated by Tackett (cc571)
180091,薛衍,Xue Yan,545,,608,0,薛,衍,4,0,15024,0,0,Death year estimated by Tackett (cc608)
180092,薛軌,Xue Gui,582,,645,0,薛,軌,6,0,15024,0,0,Death year estimated by Tackett (cc645)
180182,薛洪隆,Xue Honglong,401,,464,0,薛,洪隆,4,0,15008,0,0,Death year estimated by Tackett (cc464)
180183,薛驎,Xue Lin,475,,538,0,薛,驎,4,0,16332,0,0,Death year estimated by Tackett (cc538)
180184,薛慶集,Xue Qingji,512,,575,0,薛,慶集,4,0,16332,0,0,Death year estimated by Tackett (cc575)
180185,薛綱,Xue Gang,549,,612,0,薛,綱,4,0,16332,0,0,Death year estimated by Tackett (cc612)
180186,薛勤嘉,Xue Qinjia,586,,649,0,薛,勤嘉,6,0,16332,0,0,Death year estimated by Tackett (cc649)
180189,薛英集,Xue Yingji,512,,575,0,薛,英集,4,0,16332,0,0,Death year estimated by Tackett (cc575)
180190,薛端,Xue Duan,517,,580,0,薛,端,4,0,16332,0,0,Death year estimated by Tackett (cc580)
180209,薛彌敏,Xue Mimin,549,,612,0,薛,彌敏,4,0,14693,0,0,Death year estimated by Tackett (cc612)
180210,薛述,Xue Shu,586,,649,0,薛,述,6,0,14693,0,0,Death year estimated by Tackett (cc649)
180212,薛驥,Xue Ji,438,,501,0,薛,驥,4,0,15008,0,0,Death year estimated by Tackett (cc501)
180213,薛亮,Xue Liang,475,,538,0,薛,亮,4,0,15008,0,0,cf. 全唐文 563:5707-5708; 韓昌黎文集注釋 7:297-302 . Death year estimated by Tackett (cc538)
180214,薛琰,Xue Yan,512,,575,0,薛,琰,4,0,15008,0,0,Death year estimated by Tackett (cc575)
180215,薛濬,Xue Xun,549,,612,0,薛,濬,4,0,15008,0,0,Death year estimated by Tackett (cc612)
180216,薛玄祚,Xue Xuanzuo,586,,649,0,薛,玄祚,6,0,15008,0,0,Death year estimated by Tackett (cc649)
180237,薛瑚,Xue Hu,434,,497,0,薛,瑚,4,0,15008,0,0,Death year estimated by Tackett (cc497)
180240,薛溫周,Xue Wenzhou,545,,608,0,薛,溫周,4,0,15008,0,0,Death year estimated by Tackett (cc608)
180241,薛邁,Xue Mai,582,,645,0,薛,邁,6,0,15008,0,0,Death year estimated by Tackett (cc645)
180248,薛迪,Xue Di,582,,645,0,薛,迪,6,0,15008,0,0,Death year estimated by Tackett (cc645)
180439,薛彧,Xue Yu,471,,534,0,薛,彧,4,0,15008,0,0,Death year estimated by Tackett (cc534)
180440,薛長瑜,Xue Changyu,465,,528,0,薛,長瑜,4,0,15008,0,0,Death year estimated by Tackett (cc528)
180441,薛稜伽,Xue Lengga,502,,565,0,薛,稜伽,4,0,15445,0,0,cf. 補遺 9:461 . Death year estimated by Tackett (cc565)
180442,薛德義,Xue Deyi,539,,602,0,薛,德義,4,0,15445,0,0,cf. 新江蘇(1) 下:2 . Death year estimated by Tackett (cc602)
180458,薛和,Xue He,471,,534,0,薛,和,4,0,15008,0,0,cf. 文物季刊 1998.4:27; 補遺 7:114 . Death year estimated by Tackett (cc534)
180459,薛善周,Xue Shanzhou,508,,571,0,薛,善周,4,0,15008,0,0,cf. 補遺 7:138-139; 文物 1999.1:93; 洛陽新獲續 504 . Death year estimated by Tackett (cc571)
180460,薛粹,Xue Cui,466,,529,0,薛,粹,4,0,15008,0,0,Death year estimated by Tackett (cc529)
180461,薛大鼎,Xue Dading,503,,566,0,薛,大鼎,4,0,15008,0,0,Death year estimated by Tackett (cc566)
180462,薛克構,Xue Kejie,540,,603,0,薛,克構,4,0,15008,0,0,Death year estimated by Tackett (cc603)
180463,薛微元,Xue Weiyuan,577,,640,0,薛,微元,6,0,15008,0,0,Death year estimated by Tackett (cc640)
180464,薛克勤,Xue Keqin,540,,603,0,薛,克勤,4,0,15008,0,0,Death year estimated by Tackett (cc603)
180465,薛袤,Xue Mao,545,,608,0,薛,袤,4,0,15008,0,0,cf. 新江蘇(1) 下:2 . Death year estimated by Tackett (cc608)
180466,薛臻德,Xue Zhende,582,,645,0,薛,臻德,6,0,15008,0,0,Death year estimated by Tackett (cc645)
180467,薛善音,Xue Shanyin,582,,645,0,薛,善音,6,0,15008,0,0,cf. 新江蘇(1) 下:11 . Death year estimated by Tackett (cc645)
180469,薛敬仁,Xue Jingren,582,,645,0,薛,敬仁,6,0,15008,0,0,Death year estimated by Tackett (cc645)
180479,薛敬倫,Xue Jinglun,582,,645,0,薛,敬倫,6,0,15008,0,0,Death year estimated by Tackett (cc645)
180481,薛淹,Xue Yan,545,,608,0,薛,淹,4,0,15008,0,0,Death year estimated by Tackett (cc608)
180482,薛廉,Xue Lian,582,,645,0,薛,廉,6,0,15008,0,0,Death year estimated by Tackett (cc645)
180483,薛慎,Xue Shen,508,,571,0,薛,慎,4,0,15008,0,0,Death year estimated by Tackett (cc571)
180484,薛某,Xue Mou,545,,608,0,薛,某,4,0,15008,0,0,Death year estimated by Tackett (cc608)
180485,薛道旻,Xue Daomin,582,,645,0,薛,道旻,6,0,15008,0,0,Death year estimated by Tackett (cc645)
180486,薛濟,Xue Ji,508,,571,0,薛,濟,4,0,15008,0,0,cf. 新編 10:6719; 全唐文 590:5965-5966; 柳河東集 11:171-172 . Death year estimated by Tackett (cc571)
180487,薛文度,Xue Wendu,545,,608,0,薛,文度,4,0,15008,0,0,Death year estimated by Tackett (cc608)
180488,薛某,Xue Mou,582,,645,0,薛,某,6,0,15008,0,0,cf. 補遺 9:404 . Death year estimated by Tackett (cc645)
180490,薛逸,Xue Yi,471,,534,0,薛,逸,4,0,15008,0,0,cf. 補遺 7:138-139; 文物 1999.1:93; 洛陽新獲續 504 . Death year estimated by Tackett (cc534)
180491,薛昶,Xue Chang,508,,571,0,薛,昶,4,0,15008,0,0,Death year estimated by Tackett (cc571)
180492,薛綱,Xue Gang,545,,608,0,薛,綱,4,0,15008,0,0,Death year estimated by Tackett (cc608)
180493,薛昭,Xue Zhao,582,,645,0,薛,昭,6,0,15008,0,0,cf. 唐研究 6(2000):402-403 . Death year estimated by Tackett (cc645)
180507,薛芳,Xue Fang,471,,534,0,薛,芳,4,0,15008,0,0,cf. 唐研究 6(2000):402-403 . Death year estimated by Tackett (cc534)
180508,薛膺,Xue Ying,508,,571,0,薛,膺,4,0,15008,0,0,Death year estimated by Tackett (cc571)
180509,薛處靜,Xue Chujing,545,,608,0,薛,處靜,4,0,15008,0,0,cf. 補遺 7:138-139; 文物 1999.1:93; 洛陽新獲續 504 . Death year estimated by Tackett (cc608)
180510,薛某,Xue Mou,582,,645,0,薛,某,6,0,15008,0,0,Death year estimated by Tackett (cc645)
180517,薛蕃,Xue Fan,490,,553,0,薛,蕃,4,0,15016,0,0,Death year estimated by Tackett (cc553)
180518,薛處道,Xue Chudao,527,,590,0,薛,處道,4,0,15016,0,0,Death year estimated by Tackett (cc590)
180519,薛德祖,Xue Dezu,564,,627,0,薛,德祖,6,0,15016,0,0,Death year estimated by Tackett (cc627)
180521,薛德元,Xue Deyuan,564,,627,0,薛,德元,6,0,15016,0,0,cf. 補遺 7:138-139; 文物 1999.1:93; 洛陽新獲續 504 . Death year estimated by Tackett (cc627)
180545,薛德備,Xue Debei,564,,627,0,薛,德備,6,0,15016,0,0,Death year estimated by Tackett (cc627)
180587,薛昂,Xue Ang,459,,522,0,薛,昂,4,0,15008,0,0,Death year estimated by Tackett (cc522)
180588,薛欽,Xue Qin,496,,559,0,薛,欽,4,0,15008,0,0,Death year estimated by Tackett (cc559)
180589,薛馥,Xue Fu,533,,596,0,薛,馥,4,0,15008,0,0,Death year estimated by Tackett (cc596)
180590,薛道實,Xue Daoshi,570,,633,0,薛,道實,6,0,15008,0,0,Death year estimated by Tackett (cc633)
180686,薛慶,Xue Qing,472,,535,0,薛,慶,4,0,,0,0,Death year estimated by Tackett (cc535)
180687,薛隆宗,Xue Longzong,502,,565,0,薛,隆宗,4,0,,0,0,cf. (民國)江都縣續志 15.37a-39a; 補編 927-928 . Death year estimated by Tackett (cc565)
180688,薛仲玉,Xue Zhongyu,532,,595,0,薛,仲玉,4,0,,0,0,cf. 唐代薛儆墓發覺報告 (2000) 66-68; 補遺 7:37-38 . Death year estimated by Tackett (cc595)
180689,薛粲,Xue Can,562,,625,0,薛,粲,6,0,,0,0,cf. 唐代薛儆墓發覺報告 (2000) 66-68; 補遺 7:37-38 . Death year estimated by Tackett (cc625)
180719,韋貞,Wei Zhen,557,,620,0,韋,貞,6,0,14493,0,0,Death year estimated by Tackett (cc620)
180777,韋奄,Wei Yan,566,,629,0,韋,奄,6,0,14493,0,0,Death year estimated by Tackett (cc629)
180830,韋福獎,Wei Fujiang,559,,622,0,韋,福獎,6,0,14684,0,0,Death year estimated by Tackett (cc622)
180842,韋洸,Wei Huang,548,,611,0,韋,洸,4,0,14493,0,0,Death year estimated by Tackett (cc611)
180843,韋恊,Wei Xie,585,,648,0,韋,恊,6,0,14493,0,0,Death year estimated by Tackett (cc648)
180856,韋頤,Wei Yi,548,,611,0,韋,頤,4,0,14493,0,0,cf. 新編 15:10013; 補遺 6:190-191 . Death year estimated by Tackett (cc611)
180857,韋某,Wei Mou,585,,648,0,韋,某,6,0,14493,0,0,Death year estimated by Tackett (cc648)
180859,韋仁基,Wei Renji,567,,630,0,韋,仁基,6,0,15751,0,0,Death year estimated by Tackett (cc630)
180878,韋藝,Wei Yi,516,,579,0,韋,藝,4,0,14493,0,0,cf. 新編 22:15460; 補遺 5:433-434; 補編 2130-2131; 文物 1995.11:52-53; 新北京(1) 下:18-19 . Death year estimated by Tackett (cc579)
180879,韋彤,Wei Tong,560,,623,0,韋,彤,6,0,14493,0,0,Death year estimated by Tackett (cc623)
180896,韋彧,Wei Yu,553,,616,0,韋,彧,4,0,15883,0,0,Death year estimated by Tackett (cc616)
180912,韋宣敏,Wei Xuanmin,553,,616,0,韋,宣敏,4,0,14493,0,0,Death year estimated by Tackett (cc616)
180951,韋德運,Wei Deyun,585,,648,0,韋,德運,6,0,14493,0,0,Death year estimated by Tackett (cc648)
180953,韋約,Wei Yue,548,,611,0,韋,約,4,0,14493,0,0,Death year estimated by Tackett (cc611)
180954,韋克已,Wei Keyi,585,,648,0,韋,克已,6,0,14493,0,0,cf. 考古 2004.5:52 . Death year estimated by Tackett (cc648)
180956,韋後已,Wei Houyi,585,,648,0,韋,後已,6,0,14493,0,0,Death year estimated by Tackett (cc648)
180973,韋柱成,Wei Zhucheng,570,,633,0,韋,柱成,6,0,14493,0,0,cf. 補遺 千唐:343; 新河南(3) 下:211 . Death year estimated by Tackett (cc633)
180984,韋圓照,Wei Yuanzhao,570,,633,0,韋,圓照,6,0,14493,0,0,cf. 新北京(1) 下:25-26 . Death year estimated by Tackett (cc633)
181003,韋壽,Wei Shou,533,,596,0,韋,壽,4,0,14493,0,0,cf. 補遺 千唐:423-424 . Death year estimated by Tackett (cc596)
181004,韋保巒,Wei Baoluan,570,,633,0,韋,保巒,6,0,14493,0,0,Death year estimated by Tackett (cc633)
181007,韋義節,Wei Yijie,574,,637,0,韋,義節,6,0,14494,0,0,Death year estimated by Tackett (cc637)
181161,韋璋,Wei Zhang,540,,603,0,韋,璋,4,0,14493,0,0,Death year estimated by Tackett (cc603)
181162,韋某,Wei Mou,577,,640,0,韋,某,6,0,14493,0,0,Death year estimated by Tackett (cc640)
181172,韋福,Wei Fu,540,,603,0,韋,福,4,0,14493,0,0,cf. 偃師杏園唐墓 288-290 . Death year estimated by Tackett (cc603)
181173,韋某,Wei Mou,577,,640,0,韋,某,6,0,14493,0,0,Death year estimated by Tackett (cc640)
181175,韋議,Wei Yi,540,,603,0,韋,議,4,0,14493,0,0,Death year estimated by Tackett (cc603)
181280,郭育,Guo Yu,517,,580,0,郭,育,4,0,14703,0,0,Death year estimated by Tackett (c.580)
181292,郭福善,Guo Fushan,578,,641,0,郭,福善,6,0,15054,0,0,cf. 全唐文 795:8339-8340; 新編 14:9656-9657; 孫樵 8.2a-4a . Death year estimated by Tackett (cc641)
181293,郭弘道,Guo Hongdao,541,,604,0,郭,弘道,4,0,15054,0,0,Death year estimated by Tackett (cc604)
181294,郭敬君,Guo Jingjun,578,,641,0,郭,敬君,6,0,15054,0,0,cf. 全唐文 505:5140-5142; 新編 9:5932-5933; 權德輿詩文集 21:321-325 . Death year estimated by Tackett (cc641)
181296,郭廣敬,Guo Guangjing,578,,641,0,郭,廣敬,6,0,15054,0,0,Death year estimated by Tackett (cc641)
181297,郭進,Guo Jin,504,,567,0,郭,進,4,0,14525,0,0,cf. 唐代薛儆墓發覺報告 (2000) 66-68; 補遺 7:37-38 . Death year estimated by Tackett (cc567)
181298,郭某,Guo Mou,515,,578,0,郭,某,4,0,14525,0,0,Death year estimated by Tackett (cc578)
181299,郭履球,Guo Lüqiu,552,,615,0,郭,履球,4,0,14525,0,0,Death year estimated by Tackett (cc615)
181499,武士彠,Wu Shiyue,559,,622,0,武,士彠,6,0,15060,0,0,cf. 唐研究 6(2000):402-403 . Death year estimated by Tackett (cc622)
181525,騫威,Jian Wei,532,,595,0,騫,威,4,0,,0,0,cf. 補遺 千唐:399 . Death year estimated by Tackett (cc595)
181526,騫某,Jian Mou,562,,625,0,騫,某,6,0,,0,0,Death year estimated by Tackett (cc625)
181538,蘇振,Su Zhen,528,,591,0,蘇,振,4,0,15288,0,0,cf. 新編 22:15460; 補遺 5:433-434; 補編 2130-2131; 文物 1995.11:52-53; 新北京(1) 下:18-19 . Death year estimated by Tackett (cc591)
181539,蘇世長,Su Shichang,565,,628,0,蘇,世長,6,0,15288,0,0,Death year estimated by Tackett (cc628)
181628,史瓖,Shi Xiang,412,,475,0,史,瓖,4,0,,0,0,Death year estimated by Tackett (cc475)
181629,史某,Shi Mou,442,,505,0,史,某,4,0,,0,0,Death year estimated by Tackett (cc505)
181630,史某,Shi Mou,472,,535,0,史,某,4,0,,0,0,Death year estimated by Tackett (cc535)
181631,史某,Shi Mou,502,,565,0,史,某,4,0,,0,0,Death year estimated by Tackett (cc565)
181632,史某,Shi Mou,532,,595,0,史,某,4,0,,0,0,Death year estimated by Tackett (cc595)
181633,史某,Shi Mou,562,,625,0,史,某,6,0,,0,0,cf. 中國國家圖書館數字資源(碑帖菁華) . Death year estimated by Tackett (cc625)
181646,格顯,Ge Xian,532,,595,0,格,顯,4,0,,0,0,Death year estimated by Tackett (cc595)
181647,格某,Ge Mou,562,,625,0,格,某,6,0,,0,0,Death year estimated by Tackett (cc625)
181690,歐陽亮,Ouyang Liang,553,,616,0,歐陽,亮,4,0,15976,0,0,Death year estimated by Tackett (cc616)
181691,歐陽德,Ouyang De,553,,616,0,歐陽,德,4,0,15976,0,0,cf. 唐研究 6(2000):402-403 . Death year estimated by Tackett (cc616)
181692,歐陽器,Ouyang Qi,553,,616,0,歐陽,器,4,0,15976,0,0,cf. 補遺 9:407 . Death year estimated by Tackett (cc616)
181693,歐陽約,Ouyang Yue,516,,579,0,歐陽,約,4,0,15976,0,0,cf. 補遺 千唐:389-390; 新河南(3) 下:242-243 . Death year estimated by Tackett (cc579)
181694,歐陽胤,Ouyang Yin,582,,645,0,歐陽,胤,6,0,15976,0,0,Death year estimated by Tackett (cc645)
181720,袁令喜,Yuan Lingxi,578,,641,0,袁,令喜,6,0,15119,0,0,cf. 新編 15:10013; 補遺 6:190-191 . Death year estimated by Tackett (cc641)
181731,袁昂,Yuan Ang,448,,511,0,袁,昂,4,0,,0,0,Death year estimated by Tackett (cc511)
181732,袁君正,Yuan Junzheng,485,,548,0,袁,君正,4,0,,0,0,Death year estimated by Tackett (cc548)
181733,袁憲,Yuan Xian,522,,585,0,袁,憲,4,0,,0,0,Death year estimated by Tackett (cc585)
181734,袁承府,Yuan Chengfu,559,,622,0,袁,承府,6,0,,0,0,Death year estimated by Tackett (cc622)
181735,袁承家,Yuan Chengjia,559,,622,0,袁,承家,6,0,,0,0,Death year estimated by Tackett (cc622)
181736,袁潁,Yuan Ying,522,,585,0,袁,潁,4,0,,0,0,Death year estimated by Tackett (cc585)
181737,袁子溫,Yuan Ziwen,559,,622,0,袁,子溫,6,0,,0,0,cf. 新編 14:9794; 補遺 4:236; 補編 1004 . Death year estimated by Tackett (cc622)
181748,袁樞,Yuan Shu,522,,585,0,袁,樞,4,0,,0,0,cf. 補遺 7:138-139; 文物 1999.1:93; 洛陽新獲續 504 . Death year estimated by Tackett (cc585)
181749,袁朗,Yuan Lang,559,,622,0,袁,朗,6,0,,0,0,cf. 唐研究 6(2000):402-403 . Death year estimated by Tackett (cc622)
181752,袁敬,Yuan Jing,485,,548,0,袁,敬,4,0,,0,0,Death year estimated by Tackett (cc548)
181753,袁元友,Yuan Yuanyou,522,,585,0,袁,元友,4,0,,0,0,cf. 唐研究 6(2000):402-403 . Death year estimated by Tackett (cc585)
181754,袁利貞,Yuan Lizhen,559,,622,0,袁,利貞,6,0,,0,0,Death year estimated by Tackett (cc622)
181767,袁泌,Yuan Mi,485,,548,0,袁,泌,4,0,,0,0,Death year estimated by Tackett (cc548)
181768,袁方華,Yuan Fanghua,522,,585,0,袁,方華,4,0,,0,0,0 . Death year estimated by Tackett (cc585)
181799,姚最,Yao Zui,429,,492,0,姚,最,4,0,15779,0,0,Death year estimated by Tackett (cc492)
181800,姚思聰,Yao Sicong,466,,529,0,姚,思聰,4,0,15779,0,0,Death year estimated by Tackett (cc529)
181801,姚慎盈,Yao Shenying,503,,566,0,姚,慎盈,4,0,15779,0,0,Death year estimated by Tackett (cc566)
181802,姚某,Yao Mou,503,,566,0,姚,某,4,0,15779,0,0,Death year estimated by Tackett (cc566)
181822,唐瑾,Tang Jin,511,,574,0,唐,瑾,4,0,14964,0,0,Death year estimated by Tackett (cc574)
181823,唐詮,Tang Quan,548,,611,0,唐,詮,4,0,14964,0,0,cf. 全唐文 331:3359-3361 . Death year estimated by Tackett (cc611)
181824,唐大智,Tang Dazhi,585,,648,0,唐,大智,6,0,14964,0,0,cf. 唐研究 6(2000):402-403 . Death year estimated by Tackett (cc648)
181828,唐諒,Tang Liang,548,,611,0,唐,諒,4,0,14964,0,0,Death year estimated by Tackett (cc611)
181829,唐則,Tang Ze,548,,611,0,唐,則,4,0,14964,0,0,Death year estimated by Tackett (cc611)
181830,唐推賢,Tang Tuixian,585,,648,0,唐,推賢,6,0,14964,0,0,Death year estimated by Tackett (cc648)
181831,唐讓德,Tang Rangde,585,,648,0,唐,讓德,6,0,14964,0,0,Death year estimated by Tackett (cc648)
181835,唐歆,Tang Xin,548,,611,0,唐,歆,4,0,14964,0,0,Death year estimated by Tackett (cc611)
181836,唐寶藏,Tang Baocang,585,,648,0,唐,寶藏,6,0,14964,0,0,Death year estimated by Tackett (cc648)
181837,唐感行,Tang Ganxing,585,,648,0,唐,感行,6,0,14964,0,0,Death year estimated by Tackett (cc648)
181839,唐簡,Tang Jian,585,,648,0,唐,簡,6,0,14964,0,0,Death year estimated by Tackett (cc648)
181845,唐炎,Tang Yan,585,,648,0,唐,炎,6,0,14964,0,0,cf. 新編 15:10013; 補遺 6:190-191 . Death year estimated by Tackett (cc648)
181868,唐嚴,Tang Yan,585,,648,0,唐,嚴,6,0,14964,0,0,Death year estimated by Tackett (cc648)
181880,唐亨,Tang Heng,585,,648,0,唐,亨,6,0,14964,0,0,Death year estimated by Tackett (cc648)
181881,唐濬,Tang Xun,548,,611,0,唐,濬,4,0,14964,0,0,Death year estimated by Tackett (cc611)
181882,唐雕題,Tang Diaoti,585,,648,0,唐,雕題,6,0,14964,0,0,Death year estimated by Tackett (cc648)
181883,唐季友,Tang Jiyou,585,,648,0,唐,季友,6,0,14964,0,0,Death year estimated by Tackett (cc648)
181884,唐季札,Tang Jizha,585,,648,0,唐,季札,6,0,14964,0,0,Death year estimated by Tackett (cc648)
181885,唐長仁,Tang Changren,585,,648,0,唐,長仁,6,0,14964,0,0,Death year estimated by Tackett (cc648)
181886,唐叔慈,Tang Shuci,585,,648,0,唐,叔慈,6,0,14964,0,0,Death year estimated by Tackett (cc648)
181887,唐義謙,Tang Yiqian,585,,648,0,唐,義謙,6,0,14964,0,0,Death year estimated by Tackett (cc648)
181889,唐義友,Tang Yiyou,585,,648,0,唐,義友,6,0,14964,0,0,Death year estimated by Tackett (cc648)
181908,敬歸,Jing Gui,336,,399,0,敬,歸,0,0,15003,0,0,Death year estimated by Tackett (cc399)
181909,敬某,Jing Mou,373,,436,0,敬,某,0,0,15003,0,0,Death year estimated by Tackett (cc436)
181910,敬頻,Jing Pin,410,,473,0,敬,頻,4,0,15003,0,0,Death year estimated by Tackett (cc473)
181911,敬某,Jing Mou,447,,510,0,敬,某,4,0,15003,0,0,Death year estimated by Tackett (cc510)
181912,敬某,Jing Mou,484,,547,0,敬,某,4,0,15003,0,0,Death year estimated by Tackett (cc547)
181913,敬顯儁,Jing Xianjun,521,,584,0,敬,顯儁,4,0,15003,0,0,Death year estimated by Tackett (cc584)
181916,敬法延,Jing Fayan,521,,584,0,敬,法延,4,0,15003,0,0,Death year estimated by Tackett (cc584)
181917,敬某,Jing Mou,558,,621,0,敬,某,6,0,15003,0,0,Death year estimated by Tackett (cc621)
181931,敬法朗,Jing Falang,521,,584,0,敬,法朗,4,0,15003,0,0,Death year estimated by Tackett (cc584)
181932,姚某,Yao Mou,540,,603,0,姚,某,4,0,15779,0,0,Death year estimated by Tackett (cc603)
181933,姚某,Yao Mou,577,,640,0,姚,某,6,0,15779,0,0,Death year estimated by Tackett (cc640)
182001,豆盧醜,Doulu Chou,367,,430,0,豆盧,醜,0,0,14693,0,0,Death year estimated by Tackett (cc430)
182002,豆盧某,Doulu Mou,404,,467,0,豆盧,某,4,0,14693,0,0,Death year estimated by Tackett (cc467)
182003,豆盧萇,Doulu Chang,441,,504,0,豆盧,萇,4,0,14693,0,0,Death year estimated by Tackett (cc504)
182004,豆盧永恩,Doulu Yongen,478,,541,0,豆盧,永恩,4,0,14693,0,0,Death year estimated by Tackett (cc541)
182028,豆盧方則,Doulu Fangze,589,,652,0,豆盧,方則,6,0,14693,0,0,Death year estimated by Tackett (cc652)
182031,豆盧勝,Doulu Sheng,442,,505,0,豆盧,勝,4,0,,0,0,Death year estimated by Tackett (cc505)
182032,豆盧魯元,Doulu Luyuan,472,,535,0,豆盧,魯元,4,0,,0,0,Death year estimated by Tackett (cc535)
182033,豆盧某,Doulu Mou,502,,565,0,豆盧,某,4,0,,0,0,Death year estimated by Tackett (cc565)
182034,豆盧某,Doulu Mou,532,,595,0,豆盧,某,4,0,,0,0,Death year estimated by Tackett (cc595)
182035,豆盧某,Doulu Mou,562,,625,0,豆盧,某,6,0,,0,0,Death year estimated by Tackett (cc625)
182040,豆盧陸渾,Doulu Luhun,502,,565,0,豆盧,陸渾,4,0,,0,0,Death year estimated by Tackett (cc565)
182041,豆盧某,Doulu Mou,532,,595,0,豆盧,某,4,0,,0,0,Death year estimated by Tackett (cc595)
182042,豆盧某,Doulu Mou,562,,625,0,豆盧,某,6,0,,0,0,Death year estimated by Tackett (cc625)
182051,周表,Zhou Biao,532,,595,0,周,表,4,0,,0,0,Death year estimated by Tackett (cc595)
182052,周才卿,Zhou Caiqing,562,,625,0,周,才卿,6,0,,0,0,Death year estimated by Tackett (cc625)
182056,周靈超,Zhou Lingchao,493,,556,0,周,靈超,4,0,16129,0,0,Death year estimated by Tackett (cc556)
182057,周法僧,Zhou Faseng,530,,593,0,周,法僧,4,0,16129,0,0,Death year estimated by Tackett (cc593)
182058,周孝節,Zhou Xiaojie,567,,630,0,周,孝節,6,0,16129,0,0,Death year estimated by Tackett (cc630)
182071,周法尚,Zhou Fashang,530,,593,0,周,法尚,4,0,16129,0,0,Death year estimated by Tackett (cc593)
182072,周紹嗣,Zhou Shaosi,567,,630,0,周,紹嗣,6,0,16129,0,0,Death year estimated by Tackett (cc630)
182073,周紹範,Zhou Shaofan,567,,630,0,周,紹範,6,0,16129,0,0,0 . Death year estimated by Tackett (cc630)
182081,周炅,Zhou Gui,530,,593,0,周,炅,4,0,16129,0,0,Death year estimated by Tackett (cc593)
182350,唐瑤,Tang Yao,316,,379,0,唐,瑤,0,0,14964,0,0,Death year estimated by Tackett (cc379)
182351,唐契,Tang Qi,353,,416,0,唐,契,0,0,14964,0,0,Death year estimated by Tackett (cc416)
182352,唐褒,Tang Bao,390,,453,0,唐,褒,4,0,14964,0,0,cf. 補遺 千唐:120-121 . Death year estimated by Tackett (cc453)
182353,唐茂,Tang Mao,427,,490,0,唐,茂,4,0,14964,0,0,Death year estimated by Tackett (cc490)
182354,唐文祖,Tang Wenzu,464,,527,0,唐,文祖,4,0,14964,0,0,Death year estimated by Tackett (cc527)
182355,唐廣貴,Tang Guanggui,501,,564,0,唐,廣貴,4,0,14964,0,0,Death year estimated by Tackett (cc564)
182356,唐懷義,Tang Huaiyi,538,,601,0,唐,懷義,4,0,14964,0,0,Death year estimated by Tackett (cc601)
182357,唐孝舉,Tang Xiaoju,575,,638,0,唐,孝舉,6,0,14964,0,0,Death year estimated by Tackett (cc638)
182358,唐翼,Tang Yi,464,,527,0,唐,翼,4,0,14964,0,0,Death year estimated by Tackett (cc527)
182359,唐毅,Tang Yi,501,,564,0,唐,毅,4,0,14964,0,0,Death year estimated by Tackett (cc564)
182360,唐世達,Tang Shida,538,,601,0,唐,世達,4,0,14964,0,0,Death year estimated by Tackett (cc601)
182361,唐秀實,Tang Xiushi,575,,638,0,唐,秀實,6,0,14964,0,0,Death year estimated by Tackett (cc638)
182373,唐文安,Tang Wenan,575,,638,0,唐,文安,6,0,14964,0,0,Death year estimated by Tackett (cc638)
182374,唐文舉,Tang Wenju,575,,638,0,唐,文舉,6,0,14964,0,0,0 . Death year estimated by Tackett (cc638)
182377,唐文豪,Tang Wenhao,575,,638,0,唐,文豪,6,0,14964,0,0,Death year estimated by Tackett (cc638)
182378,唐文度,Tang Wendu,575,,638,0,唐,文度,6,0,14964,0,0,Death year estimated by Tackett (cc638)
182381,唐文壽,Tang Wenshou,575,,638,0,唐,文壽,6,0,14964,0,0,cf. 全唐文 563:5707-5708; 韓昌黎文集注釋 7:297-302 . Death year estimated by Tackett (cc638)
182387,唐文表,Tang Wenbiao,575,,638,0,唐,文表,6,0,14964,0,0,Death year estimated by Tackett (cc638)
182388,唐文邃,Tang Wensui,575,,638,0,唐,文邃,6,0,14964,0,0,Death year estimated by Tackett (cc638)
182389,唐文寂,Tang Wenji,575,,638,0,唐,文寂,6,0,14964,0,0,Death year estimated by Tackett (cc638)
182390,唐文感,Tang Wengan,575,,638,0,唐,文感,6,0,14964,0,0,Death year estimated by Tackett (cc638)
182395,唐濟,Tang Ji,538,,601,0,唐,濟,4,0,14964,0,0,Death year estimated by Tackett (cc601)
182396,唐玄成,Tang Xuancheng,575,,638,0,唐,玄成,6,0,14964,0,0,Death year estimated by Tackett (cc638)
182397,唐玄德,Tang Xuande,575,,638,0,唐,玄德,6,0,14964,0,0,Death year estimated by Tackett (cc638)
182399,唐玄都,Tang Xuandou,575,,638,0,唐,玄都,6,0,14964,0,0,Death year estimated by Tackett (cc638)
182400,唐玄通,Tang Xuantong,575,,638,0,唐,玄通,6,0,14964,0,0,Death year estimated by Tackett (cc638)
182402,唐世徹,Tang Shiche,538,,601,0,唐,世徹,4,0,14964,0,0,cf. 補遺 8:171; 偃師杏園唐墓 345-346 . Death year estimated by Tackett (cc601)
182403,唐朝政,Tang Chaozheng,575,,638,0,唐,朝政,6,0,14964,0,0,Death year estimated by Tackett (cc638)
182405,唐禮政,Tang Lizheng,575,,638,0,唐,禮政,6,0,14964,0,0,cf. 全唐文 503:5122; 權德輿詩文集 25:379-381 . Death year estimated by Tackett (cc638)
182406,唐修政,Tang Xiuzheng,575,,638,0,唐,修政,6,0,14964,0,0,Death year estimated by Tackett (cc638)
182407,唐弘政,Tang Hongzheng,575,,638,0,唐,弘政,6,0,14964,0,0,Death year estimated by Tackett (cc638)
182408,唐世榮,Tang Shirong,538,,601,0,唐,世榮,4,0,14964,0,0,Death year estimated by Tackett (cc601)
182409,唐文哲,Tang Wenzhe,575,,638,0,唐,文哲,6,0,14964,0,0,Death year estimated by Tackett (cc638)
182411,唐文律,Tang Wenlü,575,,638,0,唐,文律,6,0,14964,0,0,Death year estimated by Tackett (cc638)
182412,唐文廓,Tang Wenkuo,575,,638,0,唐,文廓,6,0,14964,0,0,Death year estimated by Tackett (cc638)
182413,唐文儼,Tang Wenyan,575,,638,0,唐,文儼,6,0,14964,0,0,Death year estimated by Tackett (cc638)
182414,唐文毓,Tang Wenyu,575,,638,0,唐,文毓,6,0,14964,0,0,Death year estimated by Tackett (cc638)
182415,唐世寵,Tang Shichong,538,,601,0,唐,世寵,4,0,14964,0,0,Death year estimated by Tackett (cc601)
182416,唐世雅,Tang Shiya,538,,601,0,唐,世雅,4,0,14964,0,0,Death year estimated by Tackett (cc601)
182417,唐文協,Tang Wenxie,575,,638,0,唐,文協,6,0,14964,0,0,Death year estimated by Tackett (cc638)
182418,唐文琮,Tang Wencong,575,,638,0,唐,文琮,6,0,14964,0,0,Death year estimated by Tackett (cc638)
182419,唐文會,Tang Wenhui,575,,638,0,唐,文會,6,0,14964,0,0,Death year estimated by Tackett (cc638)
182424,唐世恭,Tang Shigong,538,,601,0,唐,世恭,4,0,14964,0,0,Death year estimated by Tackett (cc601)
182425,唐文獎,Tang Wenjiang,575,,638,0,唐,文獎,6,0,14964,0,0,Death year estimated by Tackett (cc638)
182429,唐世慎,Tang Shishen,538,,601,0,唐,世慎,4,0,14964,0,0,cf. 新河北 下:18 . Death year estimated by Tackett (cc601)
182430,唐乾蓋,Tang Qiangai,575,,638,0,唐,乾蓋,6,0,14964,0,0,Death year estimated by Tackett (cc638)
182432,唐乾肅,Tang Qiansu,575,,638,0,唐,乾肅,6,0,14964,0,0,Death year estimated by Tackett (cc638)
182433,唐世昊,Tang Shihao,538,,601,0,唐,世昊,4,0,14964,0,0,Death year estimated by Tackett (cc601)
182434,唐文褒,Tang Wenbao,575,,638,0,唐,文褒,6,0,14964,0,0,Death year estimated by Tackett (cc638)
182437,唐文襲,Tang Wenxi,575,,638,0,唐,文襲,6,0,14964,0,0,Death year estimated by Tackett (cc638)
182438,唐詮,Tang Quan,501,,564,0,唐,詮,4,0,14964,0,0,Death year estimated by Tackett (cc564)
182439,唐仕遵,Tang Shizun,538,,601,0,唐,仕遵,4,0,14964,0,0,Death year estimated by Tackett (cc601)
182440,唐文才,Tang Wencai,575,,638,0,唐,文才,6,0,14964,0,0,Death year estimated by Tackett (cc638)
182441,唐文軌,Tang Wengui,575,,638,0,唐,文軌,6,0,14964,0,0,Death year estimated by Tackett (cc638)
182442,唐文實,Tang Wenshi,575,,638,0,唐,文實,6,0,14964,0,0,Death year estimated by Tackett (cc638)
182443,唐文智,Tang Wenzhi,575,,638,0,唐,文智,6,0,14964,0,0,Death year estimated by Tackett (cc638)
182444,唐延澄,Tang Yancheng,501,,564,0,唐,延澄,4,0,14964,0,0,cf. 補遺 千唐:162 . Death year estimated by Tackett (cc564)
182445,唐雄,Tang Xiong,501,,564,0,唐,雄,4,0,14964,0,0,Death year estimated by Tackett (cc564)
182446,唐紹伯,Tang Shaobo,538,,601,0,唐,紹伯,4,0,14964,0,0,Death year estimated by Tackett (cc601)
182447,唐楷,Tang Kai,538,,601,0,唐,楷,4,0,14964,0,0,Death year estimated by Tackett (cc601)
182448,唐萬壽,Tang Wanshou,575,,638,0,唐,萬壽,6,0,14964,0,0,Death year estimated by Tackett (cc638)
182449,唐白澤,Tang Baize,575,,638,0,唐,白澤,6,0,14964,0,0,Death year estimated by Tackett (cc638)
182450,唐師,Tang Shi,538,,601,0,唐,師,4,0,14964,0,0,Death year estimated by Tackett (cc601)
182451,唐太素,Tang Taisu,575,,638,0,唐,太素,6,0,14964,0,0,Death year estimated by Tackett (cc638)
182452,唐太力,Tang Taili,575,,638,0,唐,太力,6,0,14964,0,0,Death year estimated by Tackett (cc638)
182453,唐具貴,Tang Jugui,501,,564,0,唐,具貴,4,0,14964,0,0,Death year estimated by Tackett (cc564)
182454,唐世儁,Tang Shijun,538,,601,0,唐,世儁,4,0,14964,0,0,cf. 陝西歷史博物館館刊 17(2010):159-160 . Death year estimated by Tackett (cc601)
182455,唐世珍,Tang Shizhen,538,,601,0,唐,世珍,4,0,14964,0,0,Death year estimated by Tackett (cc601)
182456,唐旭,Tang Xu,464,,527,0,唐,旭,4,0,14964,0,0,Death year estimated by Tackett (cc527)
182457,唐仲璨,Tang Zhongcan,501,,564,0,唐,仲璨,4,0,14964,0,0,Death year estimated by Tackett (cc564)
182458,唐遐顯,Tang Xiaxian,538,,601,0,唐,遐顯,4,0,14964,0,0,Death year estimated by Tackett (cc601)
182459,唐禕,Tang Yi,575,,638,0,唐,禕,6,0,14964,0,0,Death year estimated by Tackett (cc638)
182460,唐奉義,Tang Fengyi,575,,638,0,唐,奉義,6,0,14964,0,0,Death year estimated by Tackett (cc638)
182461,唐惲,Tang Yun,575,,638,0,唐,惲,6,0,14964,0,0,Death year estimated by Tackett (cc638)
182462,唐仕超,Tang Shichao,538,,601,0,唐,仕超,4,0,14964,0,0,Death year estimated by Tackett (cc601)
182463,唐修文,Tang Xiuwen,575,,638,0,唐,修文,6,0,14964,0,0,Death year estimated by Tackett (cc638)
182464,唐奉禮,Tang Fengli,575,,638,0,唐,奉禮,6,0,14964,0,0,Death year estimated by Tackett (cc638)
182465,唐崇德,Tang Chongde,575,,638,0,唐,崇德,6,0,14964,0,0,Death year estimated by Tackett (cc638)
182466,唐行實,Tang Xingshi,575,,638,0,唐,行實,6,0,14964,0,0,cf. 補遺 千唐:68-69 . Death year estimated by Tackett (cc638)
182467,唐仕琰,Tang Shiyan,538,,601,0,唐,仕琰,4,0,14964,0,0,"cf. 全唐文 655:6658-6660, 678:6926-6927; 白居易集 41:903-906 . Death year estimated by Tackett (cc601)"
182468,唐孝感,Tang Xiaogan,575,,638,0,唐,孝感,6,0,14964,0,0,Death year estimated by Tackett (cc638)
182469,唐孝睦,Tang Xiaomu,575,,638,0,唐,孝睦,6,0,14964,0,0,Death year estimated by Tackett (cc638)
182470,唐保建,Tang Baojian,464,,527,0,唐,保建,4,0,14964,0,0,Death year estimated by Tackett (cc527)
182471,唐伯裕,Tang Boyu,501,,564,0,唐,伯裕,4,0,14964,0,0,Death year estimated by Tackett (cc564)
182472,唐毖,Tang Bi,538,,601,0,唐,毖,4,0,14964,0,0,Death year estimated by Tackett (cc601)
182473,唐儼,Tang Yan,575,,638,0,唐,儼,6,0,14964,0,0,Death year estimated by Tackett (cc638)
182474,唐伯華,Tang Bohua,501,,564,0,唐,伯華,4,0,14964,0,0,Death year estimated by Tackett (cc564)
182475,唐德宗,Tang Dezong,538,,601,0,唐,德宗,4,0,14964,0,0,Death year estimated by Tackett (cc601)
182476,唐智節,Tang Zhijie,575,,638,0,唐,智節,6,0,14964,0,0,cf. 考古 2004.5:52 . Death year estimated by Tackett (cc638)
182477,唐智堯,Tang Zhiyao,575,,638,0,唐,智堯,6,0,14964,0,0,Death year estimated by Tackett (cc638)
182478,唐德俊,Tang Dejun,538,,601,0,唐,德俊,4,0,14964,0,0,Death year estimated by Tackett (cc601)
182479,唐智英,Tang Zhiying,575,,638,0,唐,智英,6,0,14964,0,0,Death year estimated by Tackett (cc638)
182480,唐智寂,Tang Zhiji,575,,638,0,唐,智寂,6,0,14964,0,0,Death year estimated by Tackett (cc638)
182481,唐智深,Tang Zhishen,575,,638,0,唐,智深,6,0,14964,0,0,Death year estimated by Tackett (cc638)
182482,唐智亮,Tang Zhiliang,575,,638,0,唐,智亮,6,0,14964,0,0,Death year estimated by Tackett (cc638)
182483,唐詢明,Tang Xunming,501,,564,0,唐,詢明,4,0,14964,0,0,Death year estimated by Tackett (cc564)
182484,唐君謩,Tang Junmo,538,,601,0,唐,君謩,4,0,14964,0,0,Death year estimated by Tackett (cc601)
182485,唐振,Tang Zhen,575,,638,0,唐,振,6,0,14964,0,0,Death year estimated by Tackett (cc638)
182486,唐寔,Tang Shi,575,,638,0,唐,寔,6,0,14964,0,0,Death year estimated by Tackett (cc638)
182487,唐日輪,Tang Rilun,575,,638,0,唐,日輪,6,0,14964,0,0,Death year estimated by Tackett (cc638)
182488,唐羲和,Tang Xihe,575,,638,0,唐,羲和,6,0,14964,0,0,Death year estimated by Tackett (cc638)
182489,唐晟,Tang Sheng,501,,564,0,唐,晟,4,0,14964,0,0,Death year estimated by Tackett (cc564)
182490,唐世辯,Tang Shibian,538,,601,0,唐,世辯,4,0,14964,0,0,Death year estimated by Tackett (cc601)
182491,唐世才,Tang Shicai,538,,601,0,唐,世才,4,0,14964,0,0,cf. 全唐文 565:5718-5719; 韓昌黎文集注釋 7:157-160 . Death year estimated by Tackett (cc601)
182492,唐世進,Tang Shijin,538,,601,0,唐,世進,4,0,14964,0,0,Death year estimated by Tackett (cc601)
182493,唐玄靜,Tang Xuanjing,575,,638,0,唐,玄靜,6,0,14964,0,0,Death year estimated by Tackett (cc638)
182494,唐玄默,Tang Xuanmo,575,,638,0,唐,玄默,6,0,14964,0,0,Death year estimated by Tackett (cc638)
182495,唐玄道,Tang Xuandao,575,,638,0,唐,玄道,6,0,14964,0,0,Death year estimated by Tackett (cc638)
182503,唐石師,Tang Shishi,538,,601,0,唐,石師,4,0,14964,0,0,Death year estimated by Tackett (cc601)
182504,唐小師,Tang Xiaoshi,538,,601,0,唐,小師,4,0,14964,0,0,Death year estimated by Tackett (cc601)
182505,唐和耆,Tang Heqi,575,,638,0,唐,和耆,6,0,14964,0,0,Death year estimated by Tackett (cc638)
182506,唐無竭,Tang Wujie,575,,638,0,唐,無竭,6,0,14964,0,0,Death year estimated by Tackett (cc638)
182507,唐文教,Tang Wenjiao,575,,638,0,唐,文教,6,0,14964,0,0,Death year estimated by Tackett (cc638)
182508,唐純,Tang Chun,390,,453,0,唐,純,4,0,16756,0,0,Death year estimated by Tackett (cc453)
182509,唐令世,Tang Lingshi,427,,490,0,唐,令世,4,0,16756,0,0,Death year estimated by Tackett (cc490)
182512,唐羲,Tang Xi,538,,601,0,唐,羲,4,0,16756,0,0,cf. 長安新出墓誌 279 . Death year estimated by Tackett (cc601)
182513,唐茂倫,Tang Maolun,575,,638,0,唐,茂倫,6,0,16756,0,0,cf. 長安新出墓誌 279 . Death year estimated by Tackett (cc638)
182514,唐茂言,Tang Maoyan,575,,638,0,唐,茂言,6,0,16756,0,0,Death year estimated by Tackett (cc638)
182517,唐憲,Tang Xian,575,,638,0,唐,憲,6,0,,0,0,Death year estimated by Tackett (cc638)
182520,唐茂純,Tang Maochun,575,,638,0,唐,茂純,6,0,,0,0,Death year estimated by Tackett (cc638)
182522,唐茂琅,Tang Maolang,575,,638,0,唐,茂琅,6,0,,0,0,Death year estimated by Tackett (cc638)
182573,唐和,Tang He,364,,427,0,唐,和,82,0,14964,0,0,Death year estimated by Tackett (cc427)
182574,唐欽,Tang Qin,401,,464,0,唐,欽,4,0,16756,0,0,Death year estimated by Tackett (cc464)
182575,唐歡,Tang Huan,438,,501,0,唐,歡,4,0,16756,0,0,Death year estimated by Tackett (cc501)
182576,唐二政,Tang Erzheng,475,,538,0,唐,二政,4,0,16756,0,0,Death year estimated by Tackett (cc538)
182578,唐世宗,Tang Shizong,549,,612,0,唐,世宗,4,0,16756,0,0,Death year estimated by Tackett (cc612)
182579,唐壽,Tang Shou,586,,649,0,唐,壽,6,0,16756,0,0,Death year estimated by Tackett (cc649)
182591,唐儉,Tang Jian,586,,649,0,唐,儉,6,0,16756,0,0,Death year estimated by Tackett (cc649)
182604,唐畛,Tang Zhen,586,,649,0,唐,畛,6,0,16756,0,0,Death year estimated by Tackett (cc649)
182611,唐諮,Tang Zi,327,,390,0,唐,諮,0,0,14964,0,0,Death year estimated by Tackett (cc390)
182612,唐揣,Tang Chuai,364,,427,0,唐,揣,0,0,14964,0,0,Death year estimated by Tackett (cc427)
182613,唐儼,Tang Yan,401,,464,0,唐,儼,4,0,14964,0,0,Death year estimated by Tackett (cc464)
182614,唐輪,Tang Lun,438,,501,0,唐,輪,4,0,14964,0,0,Death year estimated by Tackett (cc501)
182616,唐陵,Tang Ling,512,,575,0,唐,陵,4,0,14964,0,0,Death year estimated by Tackett (cc575)
182617,唐怡,Tang Yi,549,,612,0,唐,怡,4,0,14964,0,0,Death year estimated by Tackett (cc612)
182618,唐譽,Tang Yu,586,,649,0,唐,譽,6,0,14964,0,0,Death year estimated by Tackett (cc649)
182628,唐鑒,Tang Jian,586,,649,0,唐,鑒,6,0,14964,0,0,Death year estimated by Tackett (cc649)
182629,唐懿,Tang Yi,549,,612,0,唐,懿,4,0,14964,0,0,Death year estimated by Tackett (cc612)
182630,唐傑,Tang Jie,586,,649,0,唐,傑,6,0,14964,0,0,Death year estimated by Tackett (cc649)
182660,唐爽,Tang Shuang,586,,649,0,唐,爽,6,0,14964,0,0,Death year estimated by Tackett (cc649)
182678,唐英,Tang Ying,586,,649,0,唐,英,6,0,14964,0,0,Death year estimated by Tackett (cc649)
182679,唐師,Tang Shi,586,,649,0,唐,師,6,0,14964,0,0,cf. 考古 2001.2:64 . Death year estimated by Tackett (cc649)
182687,敬俊,Jing Jun,558,,621,0,敬,俊,6,0,15003,0,0,Death year estimated by Tackett (cc621)
182734,祝俟,Zhu Si,532,,595,0,祝,俟,4,0,,0,0,Death year estimated by Tackett (cc595)
182735,祝昭,Zhu Zhao,562,,625,0,祝,昭,6,0,,0,0,Death year estimated by Tackett (cc625)
182753,鄭胤伯,Zheng Yinbo,438,,501,0,鄭,胤伯,4,0,14791,0,0,Death year estimated by Tackett (cc501)
182754,鄭希儁,Zheng Xijun,475,,538,0,鄭,希儁,4,0,14791,0,0,Death year estimated by Tackett (cc538)
182755,鄭道育,Zheng Daoyu,512,,575,0,鄭,道育,4,0,14791,0,0,Death year estimated by Tackett (cc575)
182756,鄭德政,Zheng Dezheng,549,,612,0,鄭,德政,4,0,14791,0,0,Death year estimated by Tackett (cc612)
182757,鄭玄瑾,Zheng Xuanjin,586,,649,0,鄭,玄瑾,6,0,14791,0,0,Death year estimated by Tackett (cc649)
182791,鄭玄珽,Zheng Xuanting,586,,649,0,鄭,玄珽,6,0,14791,0,0,Death year estimated by Tackett (cc649)
182807,鄭玄珪,Zheng Xuangui,586,,649,0,鄭,玄珪,6,0,14791,0,0,Death year estimated by Tackett (cc649)
182816,鄭子質,Zheng Zizhi,549,,612,0,鄭,子質,4,0,14791,0,0,Death year estimated by Tackett (cc612)
182817,鄭德眘,Zheng Deshen,549,,612,0,鄭,德眘,4,0,14791,0,0,Death year estimated by Tackett (cc612)
182818,鄭元將,Zheng Yuanjiang,586,,649,0,鄭,元將,6,0,14791,0,0,Death year estimated by Tackett (cc649)
182838,鄭元器,Zheng Yuanqi,586,,649,0,鄭,元器,6,0,14791,0,0,Death year estimated by Tackett (cc649)
182853,鄭元弼,Zheng Yuanbi,586,,649,0,鄭,元弼,6,0,14791,0,0,Death year estimated by Tackett (cc649)
182858,鄭脩松,Zheng Yousong,586,,649,0,鄭,脩松,6,0,14692,0,0,cf. 唐墓誌 1923; 補遺 6:120 . Death year estimated by Tackett (cc649)
183000,鄭子裕,Zheng Ziyu,549,,612,0,鄭,子裕,4,0,14791,0,0,Death year estimated by Tackett (cc612)
183001,鄭弘諒,Zheng Hongliang,589,,652,0,鄭,弘諒,6,0,14791,0,0,Death year estimated by Tackett (cc652)
183113,鄭穆先,Zheng Muxian,549,,612,0,鄭,穆先,4,0,14791,0,0,Death year estimated by Tackett (cc612)
183136,鄭德英,Zheng Deying,586,,649,0,鄭,德英,6,0,14791,0,0,Death year estimated by Tackett (cc649)
183140,鄭弘簡,Zheng Hongjian,586,,649,0,鄭,弘簡,6,0,14791,0,0,Death year estimated by Tackett (cc649)
183187,鄭幼儒,Zheng Youru,475,,538,0,鄭,幼儒,4,0,14791,0,0,Death year estimated by Tackett (cc538)
183188,鄭敬道,Zheng Jingdao,489,,552,0,鄭,敬道,4,0,14791,0,0,Death year estimated by Tackett (cc552)
183190,鄭孝謨,Zheng Xiaomo,563,,626,0,鄭,孝謨,6,0,14791,0,0,Death year estimated by Tackett (cc626)
183197,鄭孝徹,Zheng Xiaoche,563,,626,0,鄭,孝徹,6,0,14791,0,0,Death year estimated by Tackett (cc626)
183204,鄭德峯,Zheng Defeng,563,,626,0,鄭,德峯,6,0,14791,0,0,Death year estimated by Tackett (cc626)
183285,鄭德挺,Zheng Deting,563,,626,0,鄭,德挺,6,0,14791,0,0,Death year estimated by Tackett (cc626)
183307,鄭德本,Zheng Deben,563,,626,0,鄭,德本,6,0,14791,0,0,cf. 河洛墓刻拾零 567 . Death year estimated by Tackett (cc626)
183399,鄭正義,Zheng Zhengyi,526,,589,0,鄭,正義,4,0,14791,0,0,cf. 補遺 7:127-128; 新河南(2) 下:3-4 . Death year estimated by Tackett (cc589)
183400,鄭文沾,Zheng Wenzhan,563,,626,0,鄭,文沾,6,0,14791,0,0,cf. 新編 14:9794; 補遺 4:236; 補編 1004 . Death year estimated by Tackett (cc626)
183403,鄭文湛,Zheng Wenzhan,563,,626,0,鄭,文湛,6,0,14791,0,0,cf. 補遺 千唐:368; 新河南(3) 下:226-227 . Death year estimated by Tackett (cc626)
183406,鄭敬德,Zheng Jingde,511,,574,0,鄭,敬德,4,0,14791,0,0,Death year estimated by Tackett (cc574)
183464,鄭機,Zheng Ji,559,,622,0,鄭,機,6,0,14791,0,0,Death year estimated by Tackett (cc622)
183543,鄭弼諧,Zheng Bixie,585,,648,0,鄭,弼諧,6,0,14791,0,0,Death year estimated by Tackett (cc648)
183548,鄭弼誠,Zheng Bicheng,585,,648,0,鄭,弼誠,6,0,14791,0,0,Death year estimated by Tackett (cc648)
183679,鄭簡,Zheng Jian,404,,467,0,鄭,簡,4,0,15872,0,0,Death year estimated by Tackett (cc467)
183680,鄭靈虬,Zheng Lingqiu,441,,504,0,鄭,靈虬,4,0,15872,0,0,Death year estimated by Tackett (cc504)
183681,鄭悅,Zheng Yue,478,,541,0,鄭,悅,4,0,15872,0,0,cf. 唐研究 6(2000):402-403 . Death year estimated by Tackett (cc541)
183682,鄭鼎,Zheng Ding,515,,578,0,鄭,鼎,4,0,15872,0,0,Death year estimated by Tackett (cc578)
183683,鄭常,Zheng Chang,552,,615,0,鄭,常,4,0,15872,0,0,Death year estimated by Tackett (cc615)
183684,鄭筠,Zheng Jun,589,,652,0,鄭,筠,6,0,15872,0,0,Death year estimated by Tackett (cc652)
183696,鄭神符,Zheng Shenfu,589,,652,0,鄭,神符,6,0,15872,0,0,Death year estimated by Tackett (cc652)
183705,鄭昌,Zheng Chang,589,,652,0,鄭,昌,6,0,15872,0,0,Death year estimated by Tackett (cc652)
183709,鄭衡,Zheng Heng,589,,652,0,鄭,衡,6,0,15872,0,0,Death year estimated by Tackett (cc652)
183712,鄭威,Zheng Wei,589,,652,0,鄭,威,6,0,15872,0,0,cf. 新編 14:9794; 補遺 4:236; 補編 1004 . Death year estimated by Tackett (cc652)
183727,鄭師,Zheng Shi,552,,615,0,鄭,師,4,0,15872,0,0,cf. 補遺 千唐:375-376; 新河南(3) 下:231 . Death year estimated by Tackett (cc615)
183728,鄭冑,Zheng Zhou,589,,652,0,鄭,冑,6,0,15872,0,0,Death year estimated by Tackett (cc652)
183732,鄭道德,Zheng Daode,478,,541,0,鄭,道德,4,0,15872,0,0,cf. 唐研究 6(2000):402-403 . Death year estimated by Tackett (cc541)
183733,鄭希義,Zheng Xiyi,515,,578,0,鄭,希義,4,0,15872,0,0,Death year estimated by Tackett (cc578)
183734,鄭道蓋,Zheng Daogai,552,,615,0,鄭,道蓋,4,0,15872,0,0,Death year estimated by Tackett (cc615)
183735,鄭元長,Zheng Yuanchang,589,,652,0,鄭,元長,6,0,15872,0,0,cf. 新編 15:10613-10614; 補遺 1:436; 補編 1159-1160 . Death year estimated by Tackett (cc652)
183738,鄭元胤,Zheng Yuanyin,589,,652,0,鄭,元胤,6,0,15872,0,0,cf. 唐代薛儆墓發覺報告 (2000) 66-68; 補遺 7:37-38 . Death year estimated by Tackett (cc652)
183741,鄭元恭,Zheng Yuangong,589,,652,0,鄭,元恭,6,0,15872,0,0,Death year estimated by Tackett (cc652)
183751,鄭元讓,Zheng Yuanrang,589,,652,0,鄭,元讓,6,0,15872,0,0,cf. 補遺 千唐:336-337 . Death year estimated by Tackett (cc652)
183753,鄭德猷,Zheng Deyou,552,,615,0,鄭,德猷,4,0,15872,0,0,cf. 洛陽名碑集釋 224-225; 王昶 114.9a-14a; 陸增祥 75.10b-13a; 補編 995-997; 全唐文 764:7941-7943 . Death year estimated by Tackett (cc615)
183754,鄭元直,Zheng Yuanzhi,589,,652,0,鄭,元直,6,0,15872,0,0,Death year estimated by Tackett (cc652)
183764,鄭白虬,Zheng Baiqiu,441,,504,0,鄭,白虬,4,0,15872,0,0,Death year estimated by Tackett (cc504)
183765,鄭尚仁,Zheng Shangren,455,,518,0,鄭,尚仁,4,0,16571,0,0,Death year estimated by Tackett (cc518)
183766,鄭彥,Zheng Yan,492,,555,0,鄭,彥,4,0,16571,0,0,Death year estimated by Tackett (cc555)
183768,鄭伯愛,Zheng Boai,566,,629,0,鄭,伯愛,6,0,16571,0,0,Death year estimated by Tackett (cc629)YP NewEpitaphID=767
183770,鄭次珍,Zheng Cizhen,492,,555,0,鄭,次珍,4,0,16571,0,0,0 . Death year estimated by Tackett (cc555)
183771,鄭寶,Zheng Bao,529,,592,0,鄭,寶,4,0,16571,0,0,cf. 新編 15:10032; 補遺 6:193-194 . Death year estimated by Tackett (cc592)
183772,鄭道成,Zheng Daocheng,566,,629,0,鄭,道成,6,0,16571,0,0,cf. 補遺 8:171; 偃師杏園唐墓 345-346 . Death year estimated by Tackett (cc629)
183779,鄭季方,Zheng Jifang,441,,504,0,鄭,季方,4,0,15872,0,0,cf. 唐研究 6(2000):402-403 . Death year estimated by Tackett (cc504)
183780,鄭盆生,Zheng Pensheng,478,,541,0,鄭,盆生,4,0,15872,0,0,cf. 補遺 9:407 . Death year estimated by Tackett (cc541)
183781,鄭鴻猛,Zheng Hongmeng,515,,578,0,鄭,鴻猛,4,0,15872,0,0,Death year estimated by Tackett (cc578)
183782,鄭士則,Zheng Shize,552,,615,0,鄭,士則,4,0,15872,0,0,Death year estimated by Tackett (cc615)
183783,鄭文表,Zheng Wenbiao,589,,652,0,鄭,文表,6,0,15872,0,0,cf. 中國國家圖書館數字資源(碑帖菁華) . Death year estimated by Tackett (cc652)
183784,鄭思忠,Zheng Sizhong,589,,652,0,鄭,思忠,6,0,15872,0,0,cf. 補遺 千唐:348-349 . Death year estimated by Tackett (cc652)
183791,鄭士譽,Zheng Shiyu,552,,615,0,鄭,士譽,4,0,15872,0,0,Death year estimated by Tackett (cc615)
183792,鄭才挺,Zheng Caiting,589,,652,0,鄭,才挺,6,0,15872,0,0,Death year estimated by Tackett (cc652)
183797,鄭鴻泉,Zheng Hongquan,515,,578,0,鄭,鴻泉,4,0,15872,0,0,Death year estimated by Tackett (cc578)
183798,鄭貴,Zheng Gui,552,,615,0,鄭,貴,4,0,15872,0,0,Death year estimated by Tackett (cc615)
183799,鄭福常,Zheng Fuchang,589,,652,0,鄭,福常,6,0,15872,0,0,cf. 新江蘇(1) 下:2 . Death year estimated by Tackett (cc652)
183803,鄭季騧,Zheng Jigua,441,,504,0,鄭,季騧,4,0,14790,0,0,cf. 中國國家圖書館數字資源(碑帖菁華) . Death year estimated by Tackett (cc504)
183804,鄭潁,Zheng Ying,478,,541,0,鄭,潁,4,0,14790,0,0,Death year estimated by Tackett (cc541)
183805,鄭子規,Zheng Zigui,515,,578,0,鄭,子規,4,0,14790,0,0,Death year estimated by Tackett (cc578)
183806,鄭海,Zheng Hai,552,,615,0,鄭,海,4,0,14790,0,0,Death year estimated by Tackett (cc615)
183807,鄭德仁,Zheng Deren,589,,652,0,鄭,德仁,6,0,14790,0,0,Death year estimated by Tackett (cc652)
183843,鄭德崇,Zheng Dechong,589,,652,0,鄭,德崇,6,0,14790,0,0,Death year estimated by Tackett (cc652)
183844,鄭德玄,Zheng Dexuan,589,,652,0,鄭,德玄,6,0,14790,0,0,Death year estimated by Tackett (cc652)
183852,鄭乾嘉,Zheng Qianjia,589,,652,0,鄭,乾嘉,6,0,14790,0,0,cf. 新編 14:9845; 補遺 6:192-193; 洛陽新獲 304 . Death year estimated by Tackett (cc652)
183863,鄭宵,Zheng Xiao,489,,552,0,鄭,宵,4,0,14790,0,0,Death year estimated by Tackett (cc552)
183864,鄭伯欽,Zheng Boqin,526,,589,0,鄭,伯欽,4,0,14790,0,0,Death year estimated by Tackett (cc589)
183865,鄭孝紀,Zheng Xiaoji,563,,626,0,鄭,孝紀,6,0,14790,0,0,cf. 補遺 千唐:373-374 . Death year estimated by Tackett (cc626)
183930,鄭昞,Zheng Bing,478,,541,0,鄭,昞,4,0,14790,0,0,cf. 唐研究 6(2000):402-403 . Death year estimated by Tackett (cc541)
183931,鄭某,Zheng Mou,515,,578,0,鄭,某,4,0,14790,0,0,Death year estimated by Tackett (cc578)
183932,鄭某,Zheng Mou,552,,615,0,鄭,某,4,0,14790,0,0,Death year estimated by Tackett (cc615)
183933,鄭某,Zheng Mou,589,,652,0,鄭,某,6,0,14790,0,0,Death year estimated by Tackett (cc652)
183948,鄭蔣,Zheng Jiang,562,,625,0,鄭,蔣,6,0,,0,0,cf. (民國)江都縣續志 15.37a-39a; 補編 927-928 . Death year estimated by Tackett (cc625)
183953,鍾寶慎,Zhong Baoshen,562,,625,0,鍾,寶慎,6,0,,0,0,Death year estimated by Tackett (cc625)
183960,宋恭,Song Gong,331,,394,0,宋,恭,0,0,400038,0,0,cf. 新編 14:9845; 補遺 6:192-193; 洛陽新獲 304 . Death year estimated by Tackett (cc394)
183961,宋某,Song Mou,368,,431,0,宋,某,0,0,400038,0,0,Death year estimated by Tackett (cc431)
183962,宋某,Song Mou,405,,468,0,宋,某,4,0,400038,0,0,Death year estimated by Tackett (cc468)
183963,宋藥師,Song Yaoshi,442,,505,0,宋,藥師,4,0,400038,0,0,Death year estimated by Tackett (cc505)
183964,宋毓,Song Yu,479,,542,0,宋,毓,4,0,400038,0,0,cf. 唐研究 6(2000):402-403 . Death year estimated by Tackett (cc542)
183965,宋良,Song Liang,516,,579,0,宋,良,4,0,400038,0,0,Death year estimated by Tackett (cc579)
183966,宋乾,Song Qian,553,,616,0,宋,乾,4,0,400038,0,0,cf. 新江蘇(1) 下:6; 補編 1897-1898 . Death year estimated by Tackett (cc616)
183978,宋子皓,Song Zihao,553,,616,0,宋,子皓,4,0,400038,0,0,cf. 新編 14:9794; 補遺 4:236; 補編 1004 . Death year estimated by Tackett (cc616)
183981,宋景,Song Jing,479,,542,0,宋,景,4,0,400038,0,0,cf. 補遺 7:138-139; 文物 1999.1:93; 洛陽新獲續 504 . Death year estimated by Tackett (cc542)
183982,宋某,Song Mou,516,,579,0,宋,某,4,0,400038,0,0,Death year estimated by Tackett (cc579)
183983,宋孝王,Song Xiaowang,553,,616,0,宋,孝王,4,0,400038,0,0,Death year estimated by Tackett (cc616)
183985,宋畿,Song Ji,287,,350,0,宋,畿,0,0,15790,0,0,Death year estimated by Tackett (cc350)
183986,宋榮國,Song Rongguo,324,,387,0,宋,榮國,0,0,15790,0,0,Death year estimated by Tackett (cc387)
183987,宋某,Song Mou,361,,424,0,宋,某,0,0,15790,0,0,cf. 唐研究 6(2000):402-403 . Death year estimated by Tackett (cc424)
183988,宋某,Song Mou,398,,461,0,宋,某,4,0,15790,0,0,Death year estimated by Tackett (cc461)
183989,宋弁,Song Bian,435,,498,0,宋,弁,4,0,15790,0,0,cf. 補遺 7:138-139; 文物 1999.1:93; 洛陽新獲續 504 . Death year estimated by Tackett (cc498)
183990,宋紀,Song Ji,472,,535,0,宋,紀,4,0,15147,0,0,cf. 唐研究 6(2000):402-403 . Death year estimated by Tackett (cc535)
183991,宋欽道,Song Qindao,509,,572,0,宋,欽道,4,0,15147,0,0,Death year estimated by Tackett (cc572)
183993,宋弘峻,Song Hongjun,548,,611,0,宋,弘峻,4,0,15147,0,0,Death year estimated by Tackett (cc611)
183994,宋務本,Song Wuben,585,,648,0,宋,務本,6,0,400038,0,0,cf. 唐研究 6(2000):402-403 . Death year estimated by Tackett (cc648)
184013,宋欽仁,Song Qinren,509,,572,0,宋,欽仁,4,0,15147,0,0,Death year estimated by Tackett (cc572)
184014,宋冏,Song Jiong,546,,609,0,宋,冏,4,0,15147,0,0,cf. 補遺 千唐:396-397 . Death year estimated by Tackett (cc609)
184015,宋某,Song Mou,583,,646,0,宋,某,6,0,15147,0,0,Death year estimated by Tackett (cc646)
184022,宋洽,Song Qia,382,,445,0,宋,洽,0,0,,0,0,Death year estimated by Tackett (cc445)
184023,宋某,Song Mou,412,,475,0,宋,某,4,0,,0,0,Death year estimated by Tackett (cc475)
184024,宋謨,Song Mo,442,,505,0,宋,謨,4,0,,0,0,cf. 文物春秋 2006.4:46-47 . Death year estimated by Tackett (cc505)
184025,宋欽,Song Qin,472,,535,0,宋,欽,4,0,,0,0,cf. 新編 16:10767-10769; 補遺 6:217; 補編 1280-1281; 遠東學院 82-83 (摘要) . Death year estimated by Tackett (cc535)
184026,宋某,Song Mou,502,,565,0,宋,某,4,0,,0,0,Death year estimated by Tackett (cc565)
184027,宋某,Song Mou,532,,595,0,宋,某,4,0,,0,0,Death year estimated by Tackett (cc595)
184028,宋正文,Song Zhengwen,562,,625,0,宋,正文,6,0,,0,0,Death year estimated by Tackett (cc625)
184029,宋瓊,Song Qiong,472,,535,0,宋,瓊,4,0,,0,0,cf. 新編 22:15460; 補遺 5:433-434; 補編 2130-2131; 文物 1995.11:52-53; 新北京(1) 下:18-19 . Death year estimated by Tackett (cc535)
184030,宋仲羨,Song Zhongyan,502,,565,0,宋,仲羨,4,0,,0,0,Death year estimated by Tackett (cc565)
184031,宋某,Song Mou,532,,595,0,宋,某,4,0,,0,0,cf. 新江蘇(1) 下:7-8 . Death year estimated by Tackett (cc595)
184032,宋某,Song Mou,562,,625,0,宋,某,6,0,,0,0,Death year estimated by Tackett (cc625)
184047,源師民,Yuan Shimin,518,,581,0,源,師民,4,0,15215,0,0,Death year estimated by Tackett (cc581)
184075,牛遼允,Niu Liaoyun,480,,543,0,牛,遼允,4,0,14557,0,0,cf. 新江蘇(1) 下:3 . Death year estimated by Tackett (cc543)
184079,牛方智,Niu Fangzhi,554,,617,0,牛,方智,4,0,14557,0,0,Death year estimated by Tackett (cc617)
184080,牛某,Niu Mou,554,,617,0,牛,某,4,0,14557,0,0,Death year estimated by Tackett (cc617)
184150,渾潭,Hun Tan,547,,610,0,渾,潭,4,0,15001,0,0,cf. 補遺 9:407 . Death year estimated by Tackett (cc610)
184151,渾迥貴,Hun Jionggui,584,,647,0,渾,迥貴,6,0,15001,0,0,Death year estimated by Tackett (cc647)
184179,齊琰,Qi Yan,403,,466,0,齊,琰,4,0,15318,0,0,Death year estimated by Tackett (cc466)
184180,齊健,Qi Jian,440,,503,0,齊,健,4,0,15318,0,0,Death year estimated by Tackett (cc503)
184181,齊澄,Qi Cheng,440,,503,0,齊,澄,4,0,15318,0,0,cf. 補遺 9:407 . Death year estimated by Tackett (cc503)
184182,齊某,Qi Mou,477,,540,0,齊,某,4,0,15318,0,0,Death year estimated by Tackett (cc540)
184183,齊某,Qi Mou,514,,577,0,齊,某,4,0,15318,0,0,Death year estimated by Tackett (cc577)
184184,齊某,Qi Mou,551,,614,0,齊,某,4,0,15318,0,0,Death year estimated by Tackett (cc614)
184185,齊某,Qi Mou,588,,651,0,齊,某,6,0,15318,0,0,Death year estimated by Tackett (cc651)
184191,齊粹,Qi Cui,440,,503,0,齊,粹,4,0,15318,0,0,cf. 中國國家圖書館數字資源(碑帖菁華) . Death year estimated by Tackett (cc503)
184192,齊某,Qi Mou,477,,540,0,齊,某,4,0,15318,0,0,cf. 唐代薛儆墓發覺報告 (2000) 66-68; 補遺 7:37-38 . Death year estimated by Tackett (cc540)
184193,齊某,Qi Mou,514,,577,0,齊,某,4,0,15318,0,0,Death year estimated by Tackett (cc577)
184194,齊某,Qi Mou,551,,614,0,齊,某,4,0,15318,0,0,Death year estimated by Tackett (cc614)
184241,賈敬忠,Jia Jingzhong,578,,641,0,賈,敬忠,6,0,15366,0,0,Death year estimated by Tackett (cc641)
184242,賈處澄,Jia Chucheng,541,,604,0,賈,處澄,4,0,15366,0,0,cf. 唐研究 6(2000):402-403 . Death year estimated by Tackett (cc604)
184243,賈玄禕,Jia Xuanyi,578,,641,0,賈,玄禕,6,0,15366,0,0,Death year estimated by Tackett (cc641)
184244,賈玄暐,Jia Xuanwei,578,,641,0,賈,玄暐,6,0,15366,0,0,Death year estimated by Tackett (cc641)
184256,權榮,Quan Rong,555,,618,0,權,榮,6,0,16694,0,0,cf. 補遺 9:404 . Death year estimated by Tackett (cc618)
184320,令狐某,Linghu Mou,577,,640,0,令狐,某,6,0,14512,0,0,Death year estimated by Tackett (cc640)
184357,元謙,Yuan Qian,472,,535,0,元,謙,4,0,,0,0,Death year estimated by Tackett (cc535)
184358,元菩提,Yuan Puti,502,,565,0,元,菩提,4,0,,0,0,Death year estimated by Tackett (cc565)
184359,元寶琳,Yuan Baolin,532,,595,0,元,寶琳,4,0,,0,0,Death year estimated by Tackett (cc595)
184360,元昭,Yuan Zhao,562,,625,0,元,昭,6,0,,0,0,Death year estimated by Tackett (cc625)
184370,元顧道,Yuan Gudao,562,,625,0,元,顧道,6,0,,0,0,Death year estimated by Tackett (cc625)
184372,元琳,Yuan Lin,577,,640,0,元,琳,6,0,14693,0,0,cf. 新編 15:10032; 補遺 6:193-194 . Death year estimated by Tackett (cc640)
184409,路纂,Lu Zuan,472,,535,0,路,纂,4,0,,0,0,Death year estimated by Tackett (cc535)
184410,路濤,Lu Tao,502,,565,0,路,濤,4,0,,0,0,cf. 新江蘇(1) 下:11 . Death year estimated by Tackett (cc565)
184411,路寄奴,Lu Jinu,532,,595,0,路,寄奴,4,0,,0,0,cf. 唐研究 6(2000):402-403 . Death year estimated by Tackett (cc595)
184412,路恃慶,Lu Shiqing,562,,625,0,路,恃慶,6,0,,0,0,Death year estimated by Tackett (cc625)
184413,路思令,Lu Siling,562,,625,0,路,思令,6,0,,0,0,Death year estimated by Tackett (cc625)
184423,路神龜,Lu Shengui,502,,565,0,路,神龜,4,0,,0,0,Death year estimated by Tackett (cc565)
184424,路某,Lu Mou,532,,595,0,路,某,4,0,,0,0,Death year estimated by Tackett (cc595)
184425,路某,Lu Mou,562,,625,0,路,某,6,0,,0,0,Death year estimated by Tackett (cc625)
184437,路建,Lu Jian,373,,436,0,路,建,0,0,15189,0,0,cf. 補遺 7:138-139; 文物 1999.1:93; 洛陽新獲續 504 . Death year estimated by Tackett (cc436)
184438,路某,Lu Mou,410,,473,0,路,某,4,0,15189,0,0,Death year estimated by Tackett (cc473)
184439,路某,Lu Mou,447,,510,0,路,某,4,0,15189,0,0,Death year estimated by Tackett (cc510)
184440,路慶,Lu Qing,484,,547,0,路,慶,4,0,15189,0,0,Death year estimated by Tackett (cc547)
184441,路彩,Lu Cai,521,,584,0,路,彩,4,0,15189,0,0,cf. 新江蘇(1) 下:11 . Death year estimated by Tackett (cc584)
184476,白建,Bai Jian,522,,585,0,白,建,4,0,15058,0,0,Death year estimated by Tackett (c.585)
184479,白君慜,Bai Junmin,559,,622,0,白,君慜,6,0,15058,0,0,Death year estimated by Tackett (cc622)
184610,徐緄,Xu Hun,454,,517,0,徐,緄,4,0,14691,0,0,cf. 補遺 千唐:396-397 . Death year estimated by Tackett (cc517)
184611,徐君敷,Xu Junfu,470,,533,0,徐,君敷,4,0,14754,0,0,cf. 補遺 千唐:268-269 . Death year estimated by Tackett (cc533)
184612,徐榮,Xu Rong,507,,570,0,徐,榮,4,0,14754,0,0,Death year estimated by Tackett (cc570)
184613,徐恕,Xu Shu,544,,607,0,徐,恕,4,0,14754,0,0,Death year estimated by Tackett (cc607)
184614,徐筠,Xu Jun,581,,644,0,徐,筠,6,0,14754,0,0,cf. 補遺 9:458-459 . Death year estimated by Tackett (cc644)
184652,徐君賓,Xu Junbin,491,,554,0,徐,君賓,4,0,14691,0,0,cf. 唐研究 6(2000):402-403 . Death year estimated by Tackett (cc554)
184653,徐澈,Xu Che,528,,591,0,徐,澈,4,0,14691,0,0,Death year estimated by Tackett (cc591)
184654,徐文遠,Xu Wenyuan,565,,628,0,徐,文遠,6,0,14691,0,0,cf. 補遺 千唐:369-370 . Death year estimated by Tackett (cc628)
184705,徐士會,Xu Shihui,565,,628,0,徐,士會,6,0,14691,0,0,cf. 補遺 千唐:399 . Death year estimated by Tackett (cc628)
184707,徐士雅,Xu Shiya,565,,628,0,徐,士雅,6,0,14691,0,0,Death year estimated by Tackett (cc628)
184710,徐士師,Xu Shishi,565,,628,0,徐,士師,6,0,14691,0,0,Death year estimated by Tackett (cc628)
184714,徐文達,Xu Wenda,528,,591,0,徐,文達,4,0,14691,0,0,Death year estimated by Tackett (cc591)
184715,徐奉誠,Xu Fengcheng,565,,628,0,徐,奉誠,6,0,14691,0,0,cf. 補遺 千唐:353; 新河南(3) 下:215-216 . Death year estimated by Tackett (cc628)
184716,徐奉信,Xu Fengxin,565,,628,0,徐,奉信,6,0,14691,0,0,cf. 唐代薛儆墓發覺報告 (2000) 66-68; 補遺 7:37-38 . Death year estimated by Tackett (cc628)
184717,徐昌時,Xu Changshi,565,,628,0,徐,昌時,6,0,14691,0,0,cf. 補遺 9:407 . Death year estimated by Tackett (cc628)
184724,徐弘師,Xu Hongshi,368,,431,0,徐,弘師,0,0,14933,0,0,Death year estimated by Tackett (cc431)
184725,徐琛,Xu Chen,405,,468,0,徐,琛,4,0,14933,0,0,cf. 新編 14:9794; 補遺 4:236; 補編 1004 . Death year estimated by Tackett (cc468)
184726,徐懋,Xu Mao,442,,505,0,徐,懋,4,0,14933,0,0,Death year estimated by Tackett (cc505)
184727,徐元起,Xu Yuanqi,479,,542,0,徐,元起,4,0,14933,0,0,Death year estimated by Tackett (cc542)
184728,徐蓋,Xu Gai,553,,616,0,徐,蓋,4,0,14933,0,0,Death year estimated by Tackett (cc616)
184734,徐康,Xu Kang,516,,579,0,徐,康,4,0,14933,0,0,Death year estimated by Tackett (cc579)
184735,徐弼,Xu Bi,553,,616,0,徐,弼,4,0,14933,0,0,cf. 補遺 千唐:396-397 . Death year estimated by Tackett (cc616)
184736,徐弘道,Xu Hongdao,368,,431,0,徐,弘道,0,0,14933,0,0,cf. 補遺 千唐:268-269 . Death year estimated by Tackett (cc431)
184737,徐珍,Xu Zhen,405,,468,0,徐,珍,4,0,14933,0,0,Death year estimated by Tackett (cc468)
184738,徐元隱,Xu Yuanyin,442,,505,0,徐,元隱,4,0,14933,0,0,cf. 新江蘇(1) 下:11 . Death year estimated by Tackett (cc505)
184739,徐唐,Xu Tang,479,,542,0,徐,唐,4,0,14933,0,0,Death year estimated by Tackett (cc542)
184740,徐羌,Xu Qiang,516,,579,0,徐,羌,4,0,14933,0,0,Death year estimated by Tackett (cc579)
184741,孔渠,Kong Qu,502,,565,0,孔,渠,4,0,,0,0,Death year estimated by Tackett (cc565)
184742,孔某,Kong Mou,532,,595,0,孔,某,4,0,,0,0,Death year estimated by Tackett (cc595)
184743,孔某,Kong Mou,562,,625,0,孔,某,6,0,,0,0,Death year estimated by Tackett (cc625)
184757,孔碩,Kong Shuo,532,,595,0,孔,碩,4,0,,0,0,Death year estimated by Tackett (cc595)
184758,孔安,Kong An,562,,625,0,孔,安,6,0,,0,0,Death year estimated by Tackett (cc625)
184797,獨孤冀,Dugu Ji,444,,507,0,獨孤,冀,4,0,14693,0,0,Death year estimated by Tackett (cc507)
184801,獨孤義盛,Dugu Yisheng,555,,618,0,獨孤,義盛,6,0,14693,0,0,Death year estimated by Tackett (cc618)
184865,安興貴,An Xinggui,552,,615,0,安,興貴,4,0,16695,0,0,Death year estimated by Tackett (cc615)
184866,安恆安,An Hengan,589,,652,0,安,恆安,6,0,16695,0,0,Death year estimated by Tackett (cc652)
184875,安元表,An Yuanbiao,589,,652,0,安,元表,6,0,16695,0,0,Death year estimated by Tackett (cc652)
184876,安脩仁,An Youren,581,,644,0,安,脩仁,6,0,16695,0,0,Death year estimated by Tackett (cc644)
186211,鄭善果,Zheng Shanguo,543,,606,0,鄭,善果,4,0,14694,0,0,Death year estimated by Tackett (cc606)
186426,皇甫德參,Huangfu Decan,589,,652,0,皇甫,德參,6,0,16129,0,0,Death year estimated by Tackett (cc652)
186479,周法明,Zhou Faming,567,,630,0,周,法明,6,0,16129,0,0,Death year estimated by Tackett (cc630)
186573,李君績,Li Junji,555,,618,0,李,君績,6,0,,0,0,Death year estimated by Tackett (cc618)
186636,崔秉德,Cui Bingde,456,,519,0,崔,秉德,4,0,15285,0,0,cf. 唐研究 6(2000):402-403 . Death year estimated by Tackett (cc519)
186637,崔鑒,Cui Jian,419,,482,0,崔,鑒,4,0,15285,0,0,Death year estimated by Tackett (cc482)
186880,李熙,Li Xi,454,,517,0,李,熙,4,0,16695,0,0,Death year estimated by Tackett (cc517)
186881,李天賜,Li Tianci,481,,544,0,李,天賜,4,0,16695,0,0,Death year estimated by Tackett (cc544)
186882,李起頭,Li Qitou,508,,571,0,李,起頭,4,0,16695,0,0,Death year estimated by Tackett (cc571)
186884,李達摩,Li Damo,535,,598,0,李,達摩,4,0,16695,0,0,cf. 補遺 7:138-139; 文物 1999.1:93; 洛陽新獲續 504 . Death year estimated by Tackett (cc598)
186885,李延伯,Li Yanbo,535,,598,0,李,延伯,4,0,16695,0,0,cf. 新江蘇(1) 下:10 . Death year estimated by Tackett (cc598)
186886,李真,Li Zhen,535,,598,0,李,真,4,0,16695,0,0,Death year estimated by Tackett (cc598)
186887,李道素,Li Daosu,562,,625,0,李,道素,6,0,16695,0,0,Death year estimated by Tackett (cc625)
186890,李澄,Li Cheng,562,,625,0,李,澄,6,0,16695,0,0,Death year estimated by Tackett (cc625)
186958,李泠,Li Ling,535,,598,0,李,泠,4,0,16695,0,0,cf. 補遺 8:136 . Death year estimated by Tackett (cc598)
186959,李义羅,Li Yiluo,562,,625,0,李,义羅,6,0,16695,0,0,Death year estimated by Tackett (cc625)
186960,李滿才,Li Mancai,562,,625,0,李,滿才,6,0,16695,0,0,cf. 新江蘇(1) 下:10 . Death year estimated by Tackett (cc625)
186961,李某,Li Mou,589,,652,0,李,某,6,0,16695,0,0,cf. 新編 15:10668; 補遺 1:438; 補編 1206 . Death year estimated by Tackett (cc652)
186968,李昭仲,Li Zhaozhong,562,,625,0,李,昭仲,6,0,16695,0,0,"cf. 考古與文物 2004.1:26; 補遺 8:161-162, 9:457-458; 咸陽碑刻 478 . Death year estimated by Tackett (cc625)"
186969,李某,Li Mou,589,,652,0,李,某,6,0,16695,0,0,Death year estimated by Tackett (cc652)
186974,李岡,Li Gang,535,,598,0,李,岡,4,0,16695,0,0,Death year estimated by Tackett (cc598)
186976,李瓊,Li Qiong,589,,652,0,李,瓊,6,0,16695,0,0,Death year estimated by Tackett (cc652)
186980,李璡,Li Jin,589,,652,0,李,璡,6,0,16695,0,0,cf. 新江蘇(1) 下:10 . Death year estimated by Tackett (cc652)
187107,李瑊,Li Jian,589,,652,0,李,瑊,6,0,16695,0,0,Death year estimated by Tackett (cc652)
187216,李瓖,Li Xiang,589,,652,0,李,瓖,6,0,16695,0,0,cf. 新江蘇(1) 下:10 . Death year estimated by Tackett (cc652)
187226,李哲,Li Zhe,589,,652,0,李,哲,6,0,16695,0,0,Death year estimated by Tackett (cc652)
187230,李璋,Li Zhang,535,,598,0,李,璋,4,0,16695,0,0,cf. 新江蘇(1) 下:10 . Death year estimated by Tackett (cc598)
187231,李孝基,Li Xiaoji,562,,625,0,李,孝基,6,0,16695,0,0,cf. 補遺 7:138-139; 文物 1999.1:93; 洛陽新獲續 504 . Death year estimated by Tackett (cc625)
187256,李某,Li Mou,562,,625,0,李,某,6,0,16695,0,0,Death year estimated by Tackett (cc625)
187257,李某,Li Mou,589,,652,0,李,某,6,0,16695,0,0,Death year estimated by Tackett (cc652)
187261,李某,Li Mou,562,,625,0,李,某,6,0,16695,0,0,cf. 新江蘇(1) 下:10 . Death year estimated by Tackett (cc625)
187262,李某,Li Mou,589,,652,0,李,某,6,0,16695,0,0,Death year estimated by Tackett (cc652)
187266,李繪,Li Hui,535,,598,0,李,繪,4,0,16695,0,0,cf. 補遺 千唐:389-390; 新河南(3) 下:242-243 . Death year estimated by Tackett (cc598)
187267,李贄,Li Zhi,562,,625,0,李,贄,6,0,16695,0,0,cf. 補遺 千唐:395-396; 新河南(3) 下:248-249 . Death year estimated by Tackett (cc625)
187268,李道玄,Li Daoxuan,589,,652,0,李,道玄,6,0,16695,0,0,Death year estimated by Tackett (cc652)
187269,李道明,Li Daoming,589,,652,0,李,道明,6,0,16695,0,0,cf. 補遺 7:138-139; 文物 1999.1:93; 洛陽新獲續 504 . Death year estimated by Tackett (cc652)
187270,李韶,Li Shao,562,,625,0,李,韶,6,0,16695,0,0,Death year estimated by Tackett (cc625)
187282,李道宗,Li Daozong,589,,652,0,李,道宗,6,0,16695,0,0,Death year estimated by Tackett (cc652)
187291,李道興,Li Daoxing,589,,652,0,李,道興,6,0,16695,0,0,Death year estimated by Tackett (cc652)
187292,李道弼,Li Daobi,589,,652,0,李,道弼,6,0,16695,0,0,Death year estimated by Tackett (cc652)
187297,李伯良,Li Boliang,562,,625,0,李,伯良,6,0,14493,0,0,Death year estimated by Tackett (cc625)
187382,李仲良,Li Zhongliang,562,,625,0,李,仲良,6,0,14493,0,0,Death year estimated by Tackett (cc625)
187383,李去病,Li Qubing,589,,652,0,李,去病,6,0,14493,0,0,cf. 新河南(2) 下:203-204 . Death year estimated by Tackett (cc652)
187384,李季良,Li Jiliang,562,,625,0,李,季良,6,0,14493,0,0,Death year estimated by Tackett (cc625)
187385,李德良,Li Deliang,562,,625,0,李,德良,6,0,14493,0,0,Death year estimated by Tackett (cc625)
187386,李仁裕,Li Renyu,589,,652,0,李,仁裕,6,0,14493,0,0,cf. 新江蘇(1) 下:10 . Death year estimated by Tackett (cc652)
187392,李仁敬,Li Renjing,589,,652,0,李,仁敬,6,0,14493,0,0,Death year estimated by Tackett (cc652)
187393,李仁方,Li Renfang,589,,652,0,李,仁方,6,0,14493,0,0,Death year estimated by Tackett (cc652)
187395,李幼長,Li Youchang,562,,625,0,李,幼長,6,0,14493,0,0,Death year estimated by Tackett (cc625)
187396,李矩,Li Ju,589,,652,0,李,矩,6,0,14493,0,0,Death year estimated by Tackett (cc652)
187483,李仁鑒,Li Renjian,589,,652,0,李,仁鑒,6,0,16695,0,0,Death year estimated by Tackett (cc652)
187486,李德懋,Li Demao,589,,652,0,李,德懋,6,0,16695,0,0,Death year estimated by Tackett (cc652)
187625,李容兒,Li Ronger,589,,652,0,李,容兒,6,0,16695,0,0,cf. 新江蘇(1) 下:10 . Death year estimated by Tackett (cc652)
187918,李長沙,Li Changsha,589,,652,0,李,長沙,6,0,16695,0,0,cf. 唐代薛儆墓發覺報告 (2000) 66-68; 補遺 7:37-38 . Death year estimated by Tackett (cc652)
187921,李洪,Li Hong,562,,625,0,李,洪,6,0,16695,0,0,Death year estimated by Tackett (cc625)
187922,李盤陁,Li Pantuo,589,,652,0,李,盤陁,6,0,16695,0,0,cf. 補遺 千唐:268-269 . Death year estimated by Tackett (cc652)
187923,李建成,Li Jiancheng,588,588,626,0,李,建成,6,0,16695,0,0,
187927,李智雲,Li Zhiyun,589,,652,0,李,智雲,6,0,16695,0,0,Death year estimated by Tackett (cc652)
187929,李元禮,Li Yuanli,589,,652,0,李,元禮,6,0,16695,0,0,cf. 新江蘇(1) 下:10 . Death year estimated by Tackett (cc652)
187945,李元則,Li Yuanze,589,,652,0,李,元則,6,0,16695,0,0,Death year estimated by Tackett (cc652)
188024,李元慶,Li Yuanqing,589,,652,0,李,元慶,6,0,16695,0,0,Death year estimated by Tackett (cc652)
188055,李元裕,Li Yuanyu,589,,652,0,李,元裕,6,0,16695,0,0,Death year estimated by Tackett (cc652)
188057,李元名,Li Yuanming,589,,652,0,李,元名,6,0,16695,0,0,cf. 新江蘇(1) 下:10 . Death year estimated by Tackett (cc652)
188071,李元祥,Li Yuanxiang,589,,652,0,李,元祥,6,0,16695,0,0,Death year estimated by Tackett (cc652)
188233,李元嬰,Li Yuanying,589,,652,0,李,元嬰,6,0,16695,0,0,Death year estimated by Tackett (cc652)
189334,馮早惠,Feng Zaohui,583,,646,0,馮,早惠,6,0,16265,0,0,Death year estimated by Tackett (cc646)
189341,韋叔裕,Wei Shuyu,496,,559,0,韋,叔裕,4,0,14493,0,0,cf. 新江蘇(1) 下:10 . Death year estimated by Tackett (cc559)
189499,王通,Wang Tong,585,,648,0,王,通,6,0,15948,0,0,Death year estimated by Tackett (cc648)
189786,柳務,Liu Wu,531,,594,0,柳,務,4,0,14935,0,0,cf. 新編 13:9143; 補遺 6:191-192; 洛陽新獲 302-303 . Death year estimated by Tackett (cc594)
189788,柳懿,Liu Yi,457,,520,0,柳,懿,4,0,14935,0,0,Death year estimated by Tackett (cc520)
189843,元翽,Yuan Hui,570,,633,0,元,翽,6,0,16737,0,0,Death year estimated by Tackett (cc633)
189851,元野順,Yuan Yeshun,495,,558,0,元,野順,4,0,14693,0,0,cf. 補遺 千唐:393; 新河南(3) 下:246 . Death year estimated by Tackett (cc558)
189852,元雄,Yuan Xiong,532,,595,0,元,雄,4,0,14693,0,0,cf. 邙洛碑誌 306 . Death year estimated by Tackett (cc595)
189853,元胄,Yuan Zhou,569,,632,0,元,胄,6,0,14693,0,0,Death year estimated by Tackett (cc632)
190205,韋元禮,Wei Yuanli,531,,594,0,韋,元禮,4,0,14493,0,0,cf. 補遺 7:138-139; 文物 1999.1:93; 洛陽新獲續 504 . Death year estimated by Tackett (cc594)
190206,王某,Wang Mou,578,,641,0,王,某,6,0,,0,0,cf. 補遺 7:138-139; 文物 1999.1:93; 洛陽新獲續 504 . Death year estimated by Tackett (cc641)
190345,姚宏,Yao Hong,439,,502,0,姚,宏,4,0,14721,0,0,Death year estimated by Tackett (cc502)
190446,苑璋,Yuan Zhang,558,,621,0,苑,璋,6,0,15691,0,0,cf. 補遺 7:138-139; 文物 1999.1:93; 洛陽新獲續 504 . Death year estimated by Tackett (cc621)
190447,苑禮,Yuan Li,521,,584,0,苑,禮,4,0,15691,0,0,cf. 補遺 7:138-139; 文物 1999.1:93; 洛陽新獲續 504 . Death year estimated by Tackett (cc584)
190452,姚安仁,Yao Anren,513,,576,0,姚,安仁,4,0,14721,0,0,cf. 新編 14:9845; 補遺 6:192-193; 洛陽新獲 304 . Death year estimated by Tackett (cc576)
190453,姚宣業,Yao Xuanye,476,,539,0,姚,宣業,4,0,14721,0,0,cf. 補遺 7:138-139; 文物 1999.1:93; 洛陽新獲續 504 . Death year estimated by Tackett (cc539)
190545,李屯,Li Tun,532,,595,0,李,屯,4,0,,0,0,Death year estimated by Tackett (cc595)
190546,獨孤盛,Dugu Sheng,569,,632,0,獨孤,盛,6,0,,0,0,cf. 補遺 7:138-139; 文物 1999.1:93; 洛陽新獲續 504 . Death year estimated by Tackett (cc632)
190664,盧某,Lu Mou,559,,622,0,盧,某,6,0,14741,0,0,cf. 補遺 7:138-139; 文物 1999.1:93; 洛陽新獲續 504 . Death year estimated by Tackett (cc622)
190714,李裕,Li Yu,584,,647,0,李,裕,6,0,14977,0,0,cf. 補遺 7:138-139; 文物 1999.1:93; 洛陽新獲續 504 . Death year estimated by Tackett (cc647)
190769,魏之逷,Wei Zhiti,569,,632,0,魏,之逷,6,0,14691,0,0,cf. 補遺 7:138-139; 文物 1999.1:93; 洛陽新獲續 504 . Death year estimated by Tackett (cc632)
191148,李粲,Li Can,554,,617,0,李,粲,4,0,15411,0,0,Death year estimated by Tackett (cc617)
191266,王景肅,Wang Jingsu,585,,648,0,王,景肅,6,0,14493,0,0,cf. 補遺 7:138-139; 文物 1999.1:93; 洛陽新獲續 504 . Death year estimated by Tackett (cc648)
191292,王昕,Wang Xin,564,,627,0,王,昕,6,0,14694,0,0,cf. 補遺 7:138-139; 文物 1999.1:93; 洛陽新獲續 504 . Death year estimated by Tackett (cc627)
191313,張沔,Zhang Mian,562,,625,0,張,沔,6,0,15131,0,0,cf. 補遺 7:138-139; 文物 1999.1:93; 洛陽新獲續 504 . Death year estimated by Tackett (cc625)
191314,張叡,Zhang Rui,525,,588,0,張,叡,4,0,15131,0,0,cf. 補遺 7:138-139; 文物 1999.1:93; 洛陽新獲續 504 . Death year estimated by Tackett (cc588)
191315,張暠,Zhang Hao,488,,551,0,張,暠,4,0,15131,0,0,cf. 補遺 7:138-139; 文物 1999.1:93; 洛陽新獲續 504 . Death year estimated by Tackett (cc551)
191372,蕭某,Xiao Mou,583,,646,0,蕭,某,6,0,15948,0,0,Death year estimated by Tackett (cc646)
191373,蕭恢,Xiao Hui,466,,529,0,蕭,恢,4,0,16139,0,0,cf. 補遺 7:138-139; 文物 1999.1:93; 洛陽新獲續 504 . Death year estimated by Tackett (cc529)
191436,李隨,Li Sui,568,,631,0,李,隨,6,0,,0,0,Death year estimated by Tackett (cc631)
191516,崔恃業,Cui Shiye,570,,633,0,崔,恃業,6,0,15285,0,0,Death year estimated by Tackett (cc633)
191517,崔習,Cui Xi,456,,519,0,崔,習,4,0,15285,0,0,Death year estimated by Tackett (cc519)
191518,崔綽,Cui Chao,382,,445,0,崔,綽,0,0,15285,0,0,Death year estimated by Tackett (cc445)
191711,裴璥,Pei Jing,587,,650,0,裴,璥,6,0,14494,0,0,Death year estimated by Tackett (cc650)
191921,顏敏楚,Yan Minchu,553,,616,0,顏,敏楚,4,0,14492,0,0,cf. 補遺 7:138-139; 文物 1999.1:93; 洛陽新獲續 504 . Death year estimated by Tackett (cc616)
192013,王某,Wang Mou,571,,634,0,王,某,6,0,15692,0,0,cf. 補遺 7:138-139; 文物 1999.1:93; 洛陽新獲續 504 . Death year estimated by Tackett (cc634)
192014,王瓊,Wang Qiong,534,,597,0,王,瓊,4,0,15692,0,0,Death year estimated by Tackett (cc597)
192165,栢季纂,Bai Jizuan,581,,644,0,栢,季纂,6,0,14492,0,0,cf. 補遺 7:138-139; 文物 1999.1:93; 洛陽新獲續 504 . Death year estimated by Tackett (cc644)
192177,郭才,Guo Cai,589,,652,0,郭,才,6,0,14638,0,0,cf. 補遺 7:138-139; 文物 1999.1:93; 洛陽新獲續 504 . Death year estimated by Tackett (cc652)
192178,郭悊,Guo Zhe,552,,615,0,郭,悊,4,0,14638,0,0,cf. 補遺 7:138-139; 文物 1999.1:93; 洛陽新獲續 504 . Death year estimated by Tackett (cc615)
192320,契苾歌楞,Qibie Geleng,535,,598,0,契苾,歌楞,4,0,16740,0,0,Death year estimated by Tackett (cc598)
192455,張某,Zhang Mou,541,,604,0,張,某,4,0,400001,0,0,Death year estimated by Tackett (cc604)
192456,張大師,Zhang Dashi,578,,641,0,張,大師,6,0,400001,0,0,cf. 補遺 7:138-139; 文物 1999.1:93; 洛陽新獲續 504 . Death year estimated by Tackett (cc641)
192457,張儉,Zhang Jian,578,,641,0,張,儉,6,0,400001,0,0,cf. 補遺 7:138-139; 文物 1999.1:93; 洛陽新獲續 504 . Death year estimated by Tackett (cc641)
192458,張延師,Zhang Yanshi,578,,641,0,張,延師,6,0,400001,0,0,cf. 補遺 7:138-139; 文物 1999.1:93; 洛陽新獲續 504 . Death year estimated by Tackett (cc641)
192645,王某一,Wang Mouyi,585,,648,0,王,某一,6,0,15390,0,0,cf. 補遺 7:138-139; 文物 1999.1:93; 洛陽新獲續 504 . Death year estimated by Tackett (cc648)
192646,王隆,Wang Long,548,,611,0,王,隆,4,0,15390,0,0,cf. 補遺 7:138-139; 文物 1999.1:93; 洛陽新獲續 504 . Death year estimated by Tackett (cc611)
192663,鄭道瑗,Zheng Daoyuan,560,,623,0,鄭,道瑗,6,0,,0,0,Death year estimated by Tackett (cc623)
192668,權文某,Quan Wenmou,588,,651,0,權,文某,6,0,,0,0,cf. 補遺 7:138-139; 文物 1999.1:93; 洛陽新獲續 504 . Death year estimated by Tackett (cc651)
192669,權某,Quan Mou,558,,621,0,權,某,6,0,,0,0,"cf. 全唐文 813:8555-8558; 畢沅, 山左 13:34a-39b . Death year estimated by Tackett (cc621)"
192760,韋閬,Wei Lang,418,,481,0,韋,閬,4,0,14493,0,0,cf. 補遺 7:138-139; 文物 1999.1:93; 洛陽新獲續 504 . Death year estimated by Tackett (cc481)
192761,韋道珍,Wei Daozhen,455,,518,0,韋,道珍,4,0,14493,0,0,cf. 補遺 7:138-139; 文物 1999.1:93; 洛陽新獲續 504 . Death year estimated by Tackett (cc518)
192762,韋逵,Wei Kui,381,,444,0,韋,逵,0,0,14493,0,0,Death year estimated by Tackett (cc444)
192763,韋楷,Wei Kai,344,,407,0,韋,楷,0,0,14493,0,0,cf. 補遺 7:138-139; 文物 1999.1:93; 洛陽新獲續 504 . Death year estimated by Tackett (cc407)
192764,韋邕,Wei Yong,492,,555,0,韋,邕,4,0,14493,0,0,"cf. 全唐文 813:8555-8558; 畢沅, 山左 13:34a-39b . Death year estimated by Tackett (cc555)"
192765,韋敻,Wei Xiong,511,,574,0,韋,敻,4,0,14493,0,0,cf. 補遺 7:138-139; 文物 1999.1:93; 洛陽新獲續 504 . Death year estimated by Tackett (cc574)
192766,韋叔裕,Wei Shuyu,511,,574,0,韋,叔裕,4,0,14493,0,0,cf. 補遺 7:138-139; 文物 1999.1:93; 洛陽新獲續 504 . Death year estimated by Tackett (cc574)
192767,韋真嘉,Wei Zhenjia,437,,500,0,韋,真嘉,4,0,14493,0,0,cf. 全唐文 149:1516-1517 . Death year estimated by Tackett (cc500)
192768,韋祉,Wei Zhi,474,,537,0,韋,祉,4,0,14493,0,0,cf. 補遺 7:138-139; 文物 1999.1:93; 洛陽新獲續 504 . Death year estimated by Tackett (cc537)
192791,李某,Li Mou,321,,384,0,李,某,0,0,16699,0,0,cf. 補遺 7:138-139; 文物 1999.1:93; 洛陽新獲續 504 . Death year estimated by Tackett (cc384)
192871,徐景初,Xu Jingchu,331,,394,0,徐,景初,0,0,14933,0,0,cf. 補遺 7:138-139; 文物 1999.1:93; 洛陽新獲續 504 . Death year estimated by Tackett (cc394)
192874,鍾寵,Zhong Chong,532,,595,0,鍾,寵,4,0,,0,0,cf. 補遺 7:138-139; 文物 1999.1:93; 洛陽新獲續 504 . Death year estimated by Tackett (cc595)
192875,韋景略,Wei Jinglüe,558,,621,0,韋,景略,6,0,14493,0,0,cf. 補遺 7:138-139; 文物 1999.1:93; 洛陽新獲續 504 . Death year estimated by Tackett (cc621)
192877,韋某,Wei Mou,521,,584,0,韋,某,4,0,14493,0,0,cf. 補遺 7:138-139; 文物 1999.1:93; 洛陽新獲續 504 . Death year estimated by Tackett (cc584)
192878,韋某,Wei Mou,484,,547,0,韋,某,4,0,14493,0,0,cf. 補遺 7:138-139; 文物 1999.1:93; 洛陽新獲續 504 . Death year estimated by Tackett (cc547)
192879,韋某,Wei Mou,521,,584,0,韋,某,4,0,14493,0,0,cf. 補遺 7:138-139; 文物 1999.1:93; 洛陽新獲續 504 . Death year estimated by Tackett (cc584)
192880,韋某,Wei Mou,558,,621,0,韋,某,6,0,14493,0,0,"cf. 全唐文 813:8555-8558; 畢沅, 山左 13:34a-39b . Death year estimated by Tackett (cc621)"
192882,韋延賓,Wei Yanbin,503,,566,0,韋,延賓,4,0,14493,0,0,"cf. 全唐文 813:8555-8558; 畢沅, 山左 13:34a-39b . Death year estimated by Tackett (cc566)"
192910,侯某,Hou Mou,588,,651,0,侯,某,6,0,400611,0,0,cf. 補遺 千唐:396-397 . Death year estimated by Tackett (cc651)
192911,侯安都,Hou Andou,551,,614,0,侯,安都,4,0,400611,0,0,cf. 補遺 千唐:419; 新河南(3) 下:255 . Death year estimated by Tackett (cc614)
193350,周某,Zhou Mou,588,,651,0,周,某,6,0,14695,0,0,cf. 補遺 7:138-139; 文物 1999.1:93; 洛陽新獲續 504 . Death year estimated by Tackett (cc651)
193351,周某,Zhou Mou,551,,614,0,周,某,4,0,14695,0,0,cf. 補遺 7:138-139; 文物 1999.1:93; 洛陽新獲續 504 . Death year estimated by Tackett (cc614)
193352,周衡,Zhou Heng,514,,577,0,周,衡,4,0,14695,0,0,cf. 補遺 7:138-139; 文物 1999.1:93; 洛陽新獲續 504 . Death year estimated by Tackett (cc577)
193406,孔伯魚,Kong Boyu,541,,604,0,孔,伯魚,4,0,15791,0,0,Death year estimated by Tackett (cc604)
193407,孔宗範,Kong Zongfan,504,,567,0,孔,宗範,4,0,15791,0,0,cf. 文苑英華 946.1a-2b; 全唐文 754:7822-7823 . Death year estimated by Tackett (cc567)
193408,孔休源,Kong Xiuyuan,467,,530,0,孔,休源,4,0,15791,0,0,cf. 補遺 7:138-139; 文物 1999.1:93; 洛陽新獲續 504 . Death year estimated by Tackett (cc530)
193409,孔珮,Kong Pei,430,,493,0,孔,珮,4,0,15791,0,0,cf. 補遺 7:138-139; 文物 1999.1:93; 洛陽新獲續 504 . Death year estimated by Tackett (cc493)
193410,孔華,Kong Hua,393,,456,0,孔,華,4,0,15791,0,0,cf. 補遺 7:138-139; 文物 1999.1:93; 洛陽新獲續 504 . Death year estimated by Tackett (cc456)
193428,徐宴,Xu Yan,585,,648,0,徐,宴,6,0,16374,0,0,cf. 補遺 7:138-139; 文物 1999.1:93; 洛陽新獲續 504 . Death year estimated by Tackett (cc648)
193430,徐瓌,Xu Gui,548,,611,0,徐,瓌,4,0,16374,0,0,cf. 補遺 7:138-139; 文物 1999.1:93; 洛陽新獲續 504 . Death year estimated by Tackett (cc611)
193613,王某,Wang Mou,572,,635,0,王,某,6,0,14955,0,0,cf. 補遺 7:138-139; 文物 1999.1:93; 洛陽新獲續 504 cf. 劉禹錫集箋證 2:61-70; 全唐文 609:6150-6151. Death year estimated by Tackett (cc635)
193614,王某,Wang Mou,535,,598,0,王,某,4,0,14955,0,0,Death year estimated by Tackett (cc598)
193653,張儔,Zhang Chou,557,,620,0,張,儔,6,0,14697,0,0,cf. 補遺 7:138-139; 文物 1999.1:93; 洛陽新獲續 504 . Death year estimated by Tackett (cc620)
193654,張某,Zhang Mou,520,,583,0,張,某,4,0,14697,0,0,cf. 補遺 7:138-139; 文物 1999.1:93; 洛陽新獲續 504 . Death year estimated by Tackett (cc583)
193655,張裕,Zhang Yu,483,,546,0,張,裕,4,0,14697,0,0,"cf. 全唐文 813:8555-8558; 畢沅, 山左 13:34a-39b . Death year estimated by Tackett (cc546)"
193756,張謙,Zhang Qian,571,,634,0,張,謙,6,0,,0,0,cf. 補遺 7:138-139; 文物 1999.1:93; 洛陽新獲續 504 . Death year estimated by Tackett (cc634)
193882,裴規,Pei Gui,581,,644,0,裴,規,6,0,15020,0,0,cf. 補遺 7:138-139; 文物 1999.1:93; 洛陽新獲續 504 cf. 文物世界 2006.4:27-28. Death year estimated by Tackett (cc644)
193883,裴詢,Pei Xun,544,,607,0,裴,詢,4,0,15020,0,0,cf. 補遺 7:138-139; 文物 1999.1:93; 洛陽新獲續 504 . Death year estimated by Tackett (cc607)
193884,裴纂,Pei Zuan,507,,570,0,裴,纂,4,0,15020,0,0,cf. 補遺 7:138-139; 文物 1999.1:93; 洛陽新獲續 504 . Death year estimated by Tackett (cc570)
193886,裴鴻琳,Pei Honglin,554,,617,0,裴,鴻琳,4,0,15232,0,0,cf. 補遺 7:138-139; 文物 1999.1:93; 洛陽新獲續 504 . Death year estimated by Tackett (cc617)
193887,裴弘陁,Pei Hongtuo,456,,519,0,裴,弘陁,4,0,15020,0,0,cf. 補遺 7:138-139; 文物 1999.1:93; 洛陽新獲續 504 . Death year estimated by Tackett (cc519)
193888,裴祖念,Pei Zunian,419,,482,0,裴,祖念,4,0,15020,0,0,cf. 補遺 7:138-139; 文物 1999.1:93; 洛陽新獲續 504 . Death year estimated by Tackett (cc482)
193889,裴道護,Pei Daohu,385,,448,0,裴,道護,0,0,15020,0,0,cf. 補遺 7:138-139; 文物 1999.1:93; 洛陽新獲續 504 . Death year estimated by Tackett (cc448)
193890,裴次愛,Pei Ciai,422,,485,0,裴,次愛,4,0,15020,0,0,cf. 補遺 7:138-139; 文物 1999.1:93; 洛陽新獲續 504 . Death year estimated by Tackett (cc485)
193914,高秘,Gao Mi,554,,617,0,高,秘,4,0,14693,0,0,Death year estimated by Tackett (cc617)
193916,于文雅,Yu Wenya,579,,642,0,于,文雅,6,0,15075,0,0,cf. 補遺 7:138-139; 文物 1999.1:93; 洛陽新獲續 504 cf. 補遺 千唐:17-18. Death year estimated by Tackett (cc642)
193924,徐孝嗣,Xu Xiaosi,417,,480,0,徐,孝嗣,4,0,14691,0,0,cf. 補遺 7:138-139; 文物 1999.1:93; 洛陽新獲續 504 . Death year estimated by Tackett (cc480)
193925,徐聿之,Xu Yuzhi,380,,443,0,徐,聿之,0,0,14691,0,0,cf. 補遺 7:138-139; 文物 1999.1:93; 洛陽新獲續 504 . Death year estimated by Tackett (cc443)
193926,徐湛之,Xu Zhanzhi,343,,406,0,徐,湛之,0,0,14691,0,0,cf. 補遺 7:138-139; 文物 1999.1:93; 洛陽新獲續 504 . Death year estimated by Tackett (cc406)
193927,徐逵之,Xu Kuizhi,306,,369,0,徐,逵之,0,0,14691,0,0,cf. 補遺 7:138-139; 文物 1999.1:93; 洛陽新獲續 504 . Death year estimated by Tackett (cc369)
193938,薛玄祐,Xue Xuanyou,586,,649,0,薛,玄祐,6,0,14697,0,0,cf. 補遺 7:138-139; 文物 1999.1:93; 洛陽新獲續 504 cf. 補遺 8:286-288. Death year estimated by Tackett (cc649)
193942,于子提,Yu Ziti,455,,518,0,于,子提,4,0,14508,0,0,cf. 補遺 7:138-139; 文物 1999.1:93; 洛陽新獲續 504 . Death year estimated by Tackett (cc518)
193943,于子安,Yu Zian,418,,481,0,于,子安,4,0,14508,0,0,cf. 補遺 7:138-139; 文物 1999.1:93; 洛陽新獲續 504 . Death year estimated by Tackett (cc481)
193947,于簡,Yu Jian,529,,592,0,于,簡,4,0,14508,0,0,cf. 補遺 7:138-139; 文物 1999.1:93; 洛陽新獲續 504 . Death year estimated by Tackett (cc592)
193949,于廣,Yu Guang,529,,592,0,于,廣,4,0,14508,0,0,Death year estimated by Tackett (cc592)
193952,蕭譽,Xiao Yu,486,,549,0,蕭,譽,4,0,15371,0,0,cf. 補遺 7:138-139; 文物 1999.1:93; 洛陽新獲續 504 . Death year estimated by Tackett (cc549)
193953,蕭?,Xiao ??,486,,549,0,蕭,?,4,0,15371,0,0,Death year estimated by Tackett (cc549)
193954,蕭譼,Xiao Jian,486,,549,0,蕭,譼,4,0,15371,0,0,cf. 補遺 7:138-139; 文物 1999.1:93; 洛陽新獲續 504 . Death year estimated by Tackett (cc549)
193956,蕭綱,Xiao Gang,516,,579,0,蕭,綱,4,0,15753,0,0,cf. 補遺 7:138-139; 文物 1999.1:93; 洛陽新獲續 504 . Death year estimated by Tackett (cc579)
193957,蕭續,Xiao Xu,449,,512,0,蕭,續,4,0,15371,0,0,cf. 補遺 7:138-139; 文物 1999.1:93; 洛陽新獲續 504 . Death year estimated by Tackett (cc512)
193958,蕭繹,Xiao Yi,449,,512,0,蕭,繹,4,0,15371,0,0,cf. 補遺 7:138-139; 文物 1999.1:93; 洛陽新獲續 504 . Death year estimated by Tackett (cc512)
193959,蕭綜,Xiao Zong,449,,512,0,蕭,綜,4,0,15371,0,0,cf. 補遺 7:138-139; 文物 1999.1:93; 洛陽新獲續 504 . Death year estimated by Tackett (cc512)
193960,蕭績,Xiao Ji,449,,512,0,蕭,績,4,0,15371,0,0,cf. 補遺 7:138-139; 文物 1999.1:93; 洛陽新獲續 504 . Death year estimated by Tackett (cc512)
193961,蕭綸,Xiao Lun,449,,512,0,蕭,綸,4,0,15371,0,0,cf. 補遺 7:138-139; 文物 1999.1:93; 洛陽新獲續 504 . Death year estimated by Tackett (cc512)
193962,蕭紀,Xiao Ji,449,,512,0,蕭,紀,4,0,15371,0,0,cf. 補遺 7:138-139; 文物 1999.1:93; 洛陽新獲續 504 . Death year estimated by Tackett (cc512)
193963,蕭大莊,Xiao Dazhuang,553,,616,0,蕭,大莊,4,0,15753,0,0,cf. 補遺 7:138-139; 文物 1999.1:93; 洛陽新獲續 504 . Death year estimated by Tackett (cc616)
193966,蕭道賜,Xiao Daoci,392,,455,0,蕭,道賜,4,0,16139,0,0,cf. 補遺 7:138-139; 文物 1999.1:93; 洛陽新獲續 504 . Death year estimated by Tackett (cc455)
193967,蕭尚之,Xiao Shangzhi,429,,492,0,蕭,尚之,4,0,16139,0,0,"cf. 全唐文 813:8555-8558; 畢沅, 山左 13:34a-39b . Death year estimated by Tackett (cc492)"
193968,蕭崇之,Xiao Chongzhi,429,,492,0,蕭,崇之,4,0,16139,0,0,Death year estimated by Tackett (cc492)
193969,蕭懿,Xiao Yi,466,,529,0,蕭,懿,4,0,16139,0,0,cf. 補遺 7:138-139; 文物 1999.1:93; 洛陽新獲續 504 . Death year estimated by Tackett (cc529)
193970,蕭敷,Xiao Fu,466,,529,0,蕭,敷,4,0,16139,0,0,cf. 補遺 7:138-139; 文物 1999.1:93; 洛陽新獲續 504 . Death year estimated by Tackett (cc529)
193971,蕭暢,Xiao Chang,466,,529,0,蕭,暢,4,0,16139,0,0,cf. 補遺 7:138-139; 文物 1999.1:93; 洛陽新獲續 504 . Death year estimated by Tackett (cc529)
193972,蕭融,Xiao Rong,466,,529,0,蕭,融,4,0,16139,0,0,cf. 補遺 7:138-139; 文物 1999.1:93; 洛陽新獲續 504 . Death year estimated by Tackett (cc529)
193973,蕭宏,Xiao Hong,466,,529,0,蕭,宏,4,0,16139,0,0,cf. 補遺 7:138-139; 文物 1999.1:93; 洛陽新獲續 504 . Death year estimated by Tackett (cc529)
193974,蕭偉,Xiao Wei,466,,529,0,蕭,偉,4,0,16139,0,0,cf. 補遺 7:138-139; 文物 1999.1:93; 洛陽新獲續 504 . Death year estimated by Tackett (cc529)
193975,蕭秀,Xiao Xiu,466,,529,0,蕭,秀,4,0,16139,0,0,cf. 補遺 7:138-139; 文物 1999.1:93; 洛陽新獲續 504 . Death year estimated by Tackett (cc529)
193976,蕭憺,Xiao Dan,466,,529,0,蕭,憺,4,0,16139,0,0,cf. 補遺 7:138-139; 文物 1999.1:93; 洛陽新獲續 504 . Death year estimated by Tackett (cc529)
193977,蕭解,Xiao Jie,503,,566,0,蕭,解,4,0,16139,0,0,cf. 補遺 7:138-139; 文物 1999.1:93; 洛陽新獲續 504 . Death year estimated by Tackett (cc566)
193979,蕭鳳龍,Xiao Fenglong,577,,640,0,蕭,鳳龍,6,0,16139,0,0,cf. 補遺 7:138-139; 文物 1999.1:93; 洛陽新獲續 504 cf. 中國國家圖書館數字資源(碑帖菁華). Death year estimated by Tackett (cc640)
193980,蕭瑳,Xiao Cuo,536,,599,0,蕭,瑳,4,0,15498,0,0,cf. 補遺 7:138-139; 文物 1999.1:93; 洛陽新獲續 504 cf. 長安新出墓誌 37. Death year estimated by Tackett (cc599)
194003,陸山仁,Lu Shanren,561,,624,0,陸,山仁,6,0,15758,0,0,cf. 補遺 7:138-139; 文物 1999.1:93; 洛陽新獲續 504 . Death year estimated by Tackett (cc624)
194032,崔恪,Cui Ke,541,,604,0,崔,恪,4,0,15252,0,0,cf. 補遺 7:138-139; 文物 1999.1:93; 洛陽新獲續 504 cf. 漢魏南北朝墓誌彙編 433-434; 新河北 下:14-15. Death year estimated by Tackett (cc604)
194033,源彪,Yuan Biao,481,,544,0,源,彪,4,0,15215,0,0,cf. 補遺 7:138-139; 文物 1999.1:93; 洛陽新獲續 504 . Death year estimated by Tackett (cc544)
194036,杜仁則,Du Renze,566,,629,0,杜,仁則,6,0,14693,0,0,cf. 補遺 7:138-139; 文物 1999.1:93; 洛陽新獲續 504 . Death year estimated by Tackett (cc629)
194037,杜琳,Du Lin,529,,592,0,杜,琳,4,0,14693,0,0,cf. 補遺 7:138-139; 文物 1999.1:93; 洛陽新獲續 504 . Death year estimated by Tackett (cc592)
194038,崔德仁,Cui Deren,517,,580,0,崔,德仁,4,0,14916,0,0,cf. 補遺 7:138-139; 文物 1999.1:93; 洛陽新獲續 504 . Death year estimated by Tackett (c.580)
194120,蕭某,Xiao Mou,577,,640,0,蕭,某,6,0,16139,0,0,cf. 補遺 7:138-139; 文物 1999.1:93; 洛陽新獲續 504 . Death year estimated by Tackett (cc640)
194132,顏亮,Yan Liang,564,,627,0,顏,亮,6,0,14955,0,0,cf. 補遺 7:138-139; 文物 1999.1:93; 洛陽新獲續 504 . Death year estimated by Tackett (cc627)
194133,顏慶,Yan Qing,527,,590,0,顏,慶,4,0,14955,0,0,cf. 補遺 7:138-139; 文物 1999.1:93; 洛陽新獲續 504 . Death year estimated by Tackett (cc590)
194135,虞世基,Yu Shiji,581,,,0,虞,世基,6,0,,0,0,cf. 補遺 7:138-139; 文物 1999.1:93; 洛陽新獲續 504
194138,張伏宜,Zhang Fuyi,504,,567,0,張,伏宜,4,0,400443,0,0,cf. 補遺 7:138-139; 文物 1999.1:93; 洛陽新獲續 504 . Death year estimated by Tackett (cc567)
194164,沈不害,Shen Buhai,580,,643,0,沈,不害,6,0,,0,0,cf. 補遺 7:138-139; 文物 1999.1:93; 洛陽新獲續 504 . Death year estimated by Tackett (cc643)
194245,姜真,Jiang Zhen,480,,543,0,姜,真,4,0,16691,0,0,cf. 補遺 7:138-139; 文物 1999.1:93; 洛陽新獲續 504 . Death year estimated by Tackett (cc543)
194252,姜圜,Jiang Huan,443,,506,0,姜,圜,4,0,16691,0,0,cf. 補遺 7:138-139; 文物 1999.1:93; 洛陽新獲續 504 . Death year estimated by Tackett (cc506)
194273,李儉,Li Jian,574,,637,0,李,儉,6,0,14691,0,0,cf. 補遺 7:138-139; 文物 1999.1:93; 洛陽新獲續 504 . Death year estimated by Tackett (cc637)
194274,李辯言,Li Bianyan,537,,600,0,李,辯言,4,0,14691,0,0,cf. 補遺 7:138-139; 文物 1999.1:93; 洛陽新獲續 504 . Death year estimated by Tackett (cc600)
194284,蘇彤,Su Tong,491,,554,0,蘇,彤,4,0,15288,0,0,cf. 補遺 7:138-139; 文物 1999.1:93; 洛陽新獲續 504 . Death year estimated by Tackett (cc554)
194291,蕭業,Xiao Ye,503,,566,0,蕭,業,4,0,16139,0,0,cf. 補遺 7:138-139; 文物 1999.1:93; 洛陽新獲續 504 . Death year estimated by Tackett (cc566)
194292,蕭藻,Xiao Zao,503,,566,0,蕭,藻,4,0,16139,0,0,cf. 補遺 7:138-139; 文物 1999.1:93; 洛陽新獲續 504 . Death year estimated by Tackett (cc566)
194293,蕭象,Xiao Xiang,503,,566,0,蕭,象,4,0,16139,0,0,cf. 補遺 7:138-139; 文物 1999.1:93; 洛陽新獲續 504 . Death year estimated by Tackett (cc566)
194294,蕭猷,Xiao You,503,,566,0,蕭,猷,4,0,16139,0,0,cf. 補遺 7:138-139; 文物 1999.1:93; 洛陽新獲續 504 . Death year estimated by Tackett (cc566)
194295,蕭朗,Xiao Lang,503,,566,0,蕭,朗,4,0,16139,0,0,cf. 補遺 7:138-139; 文物 1999.1:93; 洛陽新獲續 504 . Death year estimated by Tackett (cc566)
194296,蕭軌,Xiao Gui,503,,566,0,蕭,軌,4,0,16139,0,0,"cf. 全唐文 813:8555-8558; 畢沅, 山左 13:34a-39b . Death year estimated by Tackett (cc566)"
194297,蕭明,Xiao Ming,503,,566,0,蕭,明,4,0,16139,0,0,Death year estimated by Tackett (cc566)
194333,房熊,Fang Xiong,506,,569,0,房,熊,4,0,14918,0,0,cf. 補遺 7:138-139; 文物 1999.1:93; 洛陽新獲續 504 cf. 全唐文 143:1447-1451. Death year estimated by Tackett (cc569)
194334,房翼,Fang Yi,469,,532,0,房,翼,4,0,14918,0,0,cf. 補遺 7:138-139; 文物 1999.1:93; 洛陽新獲續 504 . Death year estimated by Tackett (cc532)
194335,房豹,Fang Bao,506,,569,0,房,豹,4,0,14918,0,0,cf. 補遺 7:138-139; 文物 1999.1:93; 洛陽新獲續 504 . Death year estimated by Tackett (cc569)
194337,歐陽僧寶,Ouyang Sengbao,442,,505,0,歐陽,僧寶,4,0,15976,0,0,cf. 補遺 7:138-139; 文物 1999.1:93; 洛陽新獲續 504 . Death year estimated by Tackett (cc505)
194368,裴義實,Pei Yishi,587,,650,0,裴,義實,6,0,15054,0,0,cf. 補遺 7:138-139; 文物 1999.1:93; 洛陽新獲續 504 cf. 補遺 8:16. Death year estimated by Tackett (cc650)
194373,裴遼,Pei Liao,470,,533,0,裴,遼,4,0,15020,0,0,cf. 補遺 7:138-139; 文物 1999.1:93; 洛陽新獲續 504 . Death year estimated by Tackett (cc533)
194374,裴訛,Pei E,433,,496,0,裴,訛,4,0,15020,0,0,cf. 補遺 7:138-139; 文物 1999.1:93; 洛陽新獲續 504 . Death year estimated by Tackett (cc496)
194375,裴定宗,Pei Dingzong,396,,459,0,裴,定宗,4,0,15020,0,0,cf. 補遺 7:138-139; 文物 1999.1:93; 洛陽新獲續 504 . Death year estimated by Tackett (cc459)
194376,裴舒,Pei Shu,544,,607,0,裴,舒,4,0,15020,0,0,cf. 補遺 7:138-139; 文物 1999.1:93; 洛陽新獲續 504 . Death year estimated by Tackett (cc607)
194377,裴嗣,Pei Si,544,,607,0,裴,嗣,4,0,15020,0,0,cf. 補遺 7:138-139; 文物 1999.1:93; 洛陽新獲續 504 . Death year estimated by Tackett (cc607)
194378,裴秀,Pei Xiu,544,,607,0,裴,秀,4,0,15020,0,0,cf. 補遺 7:138-139; 文物 1999.1:93; 洛陽新獲續 504 . Death year estimated by Tackett (cc607)
194379,裴昂,Pei Ang,581,,644,0,裴,昂,6,0,15020,0,0,cf. 補遺 7:138-139; 文物 1999.1:93; 洛陽新獲續 504 . Death year estimated by Tackett (cc644)
194383,楊則,Yang Ze,587,,650,0,楊,則,6,0,14693,0,0,cf. 補遺 7:138-139; 文物 1999.1:93; 洛陽新獲續 504 cf. 唐墓誌 604. Death year estimated by Tackett (cc650)
194384,楊壽旻,Yang Shoumin,568,,631,0,楊,壽旻,6,0,14787,0,0,cf. 補遺 7:138-139; 文物 1999.1:93; 洛陽新獲續 504 . Death year estimated by Tackett (cc631)
194390,韋瑱,Wei Tian,483,,546,0,韋,瑱,4,0,14493,0,0,cf. 補遺 7:138-139; 文物 1999.1:93; 洛陽新獲續 504 . Death year estimated by Tackett (cc546)
194391,韋鄭子,Wei Zhengzi,446,,509,0,韋,鄭子,4,0,14493,0,0,cf. 補遺 7:138-139; 文物 1999.1:93; 洛陽新獲續 504 . Death year estimated by Tackett (cc509)
194392,韋千雄,Wei Qianxiong,409,,472,0,韋,千雄,4,0,14493,0,0,cf. 補遺 7:138-139; 文物 1999.1:93; 洛陽新獲續 504 . Death year estimated by Tackett (cc472)
194393,韋惠度,Wei Huidu,372,,435,0,韋,惠度,0,0,14493,0,0,cf. 補遺 7:138-139; 文物 1999.1:93; 洛陽新獲續 504 . Death year estimated by Tackett (cc435)
194394,韋諶,Wei Chen,533,,596,0,韋,諶,4,0,14493,0,0,cf. 補遺 7:138-139; 文物 1999.1:93; 洛陽新獲續 504 . Death year estimated by Tackett (cc596)
194395,韋霽,Wei Ji,533,,596,0,韋,霽,4,0,14493,0,0,cf. 補遺 7:138-139; 文物 1999.1:93; 洛陽新獲續 504 . Death year estimated by Tackett (cc596)
194396,韋靜,Wei Jing,533,,596,0,韋,靜,4,0,14493,0,0,cf. 補遺 7:138-139; 文物 1999.1:93; 洛陽新獲續 504 . Death year estimated by Tackett (cc596)
194398,高祐,Gao You,369,,432,0,高,祐,0,0,14692,0,0,cf. 補遺 7:138-139; 文物 1999.1:93; 洛陽新獲續 504 . Death year estimated by Tackett (cc432)
194399,崔標,Cui Biao,419,,482,0,崔,標,4,0,15285,0,0,cf. 補遺 7:138-139; 文物 1999.1:93; 洛陽新獲續 504 . Death year estimated by Tackett (cc482)
194400,崔長謙,Cui Changqian,471,,534,0,崔,長謙,4,0,15237,0,0,cf. 補遺 7:138-139; 文物 1999.1:93; 洛陽新獲續 504 . Death year estimated by Tackett (cc534)
194401,崔寅,Cui Yin,434,,497,0,崔,寅,4,0,15237,0,0,cf. 補遺 7:138-139; 文物 1999.1:93; 洛陽新獲續 504 . Death year estimated by Tackett (cc497)
194402,裴慬,Pei Qin,399,,462,0,裴,慬,4,0,15020,0,0,cf. 補遺 7:138-139; 文物 1999.1:93; 洛陽新獲續 504 . Death year estimated by Tackett (cc462)
194403,裴叔業,Pei Shuye,419,,482,0,裴,叔業,4,0,15022,0,0,cf. 補遺 7:138-139; 文物 1999.1:93; 洛陽新獲續 504 . Death year estimated by Tackett (cc482)
194404,裴芬之,Pei Fenzhi,456,,519,0,裴,芬之,4,0,15022,0,0,cf. 補遺 7:138-139; 文物 1999.1:93; 洛陽新獲續 504 . Death year estimated by Tackett (cc519)
194405,裴英之,Pei Yingzhi,456,,519,0,裴,英之,4,0,15022,0,0,cf. 補遺 7:138-139; 文物 1999.1:93; 洛陽新獲續 504 . Death year estimated by Tackett (cc519)
194406,裴藹之,Pei Aizhi,456,,519,0,裴,藹之,4,0,15022,0,0,cf. 補遺 7:138-139; 文物 1999.1:93; 洛陽新獲續 504 . Death year estimated by Tackett (cc519)
194407,李勁,Li Jin,360,,423,0,李,勁,0,0,400467,0,0,cf. 補遺 7:138-139; 文物 1999.1:93; 洛陽新獲續 504 . Death year estimated by Tackett (cc423)
194408,李頤,Li Yi,328,,391,0,李,頤,0,0,15790,0,0,cf. 補遺 7:138-139; 文物 1999.1:93; 洛陽新獲續 504 . Death year estimated by Tackett (cc391)
194409,李勗,Li Xu,291,,354,0,李,勗,0,0,15790,0,0,cf. 補遺 7:138-139; 文物 1999.1:93; 洛陽新獲續 504 . Death year estimated by Tackett (cc354)
194411,李奉,Li Feng,365,,428,0,李,奉,0,0,15790,0,0,cf. 補遺 7:138-139; 文物 1999.1:93; 洛陽新獲續 504 . Death year estimated by Tackett (cc428)
194412,李聰,Li Cong,393,,456,0,李,聰,4,0,15790,0,0,cf. 補遺 7:138-139; 文物 1999.1:93; 洛陽新獲續 504 . Death year estimated by Tackett (cc456)
194413,李吉,Li Ji,356,,419,0,李,吉,0,0,15790,0,0,cf. 補遺 7:138-139; 文物 1999.1:93; 洛陽新獲續 504 . Death year estimated by Tackett (cc419)
194415,裴冲,Pei Chong,348,,411,0,裴,冲,0,0,15020,0,0,cf. 補遺 7:138-139; 文物 1999.1:93; 洛陽新獲續 504 . Death year estimated by Tackett (cc411)
194416,裴道子,Pei Daozi,385,,448,0,裴,道子,0,0,15020,0,0,cf. 補遺 7:138-139; 文物 1999.1:93; 洛陽新獲續 504 . Death year estimated by Tackett (cc448)
194417,裴道大,Pei Daoda,385,,448,0,裴,道大,0,0,15020,0,0,cf. 補遺 7:138-139; 文物 1999.1:93; 洛陽新獲續 504 . Death year estimated by Tackett (cc448)
194418,裴道會,Pei Daohui,385,,448,0,裴,道會,0,0,15020,0,0,"cf. 全唐文 813:8555-8558; 畢沅, 山左 13:34a-39b . Death year estimated by Tackett (cc448)"
194419,裴道賜,Pei Daoci,385,,448,0,裴,道賜,0,0,15020,0,0,cf. 補遺 7:138-139; 文物 1999.1:93; 洛陽新獲續 504 . Death year estimated by Tackett (cc448)
194420,裴德歡,Pei Dehuan,422,,485,0,裴,德歡,4,0,15020,0,0,cf. 補遺 7:138-139; 文物 1999.1:93; 洛陽新獲續 504 . Death year estimated by Tackett (cc485)
194421,裴恩立,Pei Enli,422,,485,0,裴,恩立,4,0,15020,0,0,cf. 補遺 7:138-139; 文物 1999.1:93; 洛陽新獲續 504 . Death year estimated by Tackett (cc485)
194422,裴輔立,Pei Fuli,422,,485,0,裴,輔立,4,0,15020,0,0,cf. 補遺 7:138-139; 文物 1999.1:93; 洛陽新獲續 504 . Death year estimated by Tackett (cc485)
194423,裴禮,Pei Li,459,,522,0,裴,禮,4,0,15020,0,0,cf. 補遺 7:138-139; 文物 1999.1:93; 洛陽新獲續 504 . Death year estimated by Tackett (cc522)
194424,柳僧習,Liu Sengxi,450,,513,0,柳,僧習,4,0,15009,0,0,cf. 補遺 7:138-139; 文物 1999.1:93; 洛陽新獲續 504 . Death year estimated by Tackett (cc513)
194425,柳緝,Liu Ji,413,,476,0,柳,緝,4,0,15009,0,0,cf. 補遺 7:138-139; 文物 1999.1:93; 洛陽新獲續 504 . Death year estimated by Tackett (cc476)
194426,柳鸑,Liu Yue,487,,550,0,柳,鸑,4,0,15009,0,0,cf. 補遺 7:138-139; 文物 1999.1:93; 洛陽新獲續 504 . Death year estimated by Tackett (cc550)
194427,柳卓,Liu Zhuo,340,,403,0,柳,卓,0,0,15501,0,0,cf. 補遺 7:138-139; 文物 1999.1:93; 洛陽新獲續 504 . Death year estimated by Tackett (cc403)
194464,張照,Zhang Zhao,488,,551,0,張,照,4,0,14494,0,0,cf. 補遺 7:138-139; 文物 1999.1:93; 洛陽新獲續 504 . Death year estimated by Tackett (cc551)
194465,張羨,Zhang Yan,451,,514,0,張,羨,4,0,14494,0,0,cf. 補遺 7:138-139; 文物 1999.1:93; 洛陽新獲續 504 . Death year estimated by Tackett (cc514)
194469,竇紹,Dou Shao,548,,611,0,竇,紹,4,0,14694,0,0,cf. 補遺 7:138-139; 文物 1999.1:93; 洛陽新獲續 504 . Death year estimated by Tackett (cc611)
194470,竇敬遠,Dou Jingyuan,511,,574,0,竇,敬遠,4,0,14694,0,0,cf. 補遺 7:138-139; 文物 1999.1:93; 洛陽新獲續 504 . Death year estimated by Tackett (cc574)
194471,張俊,Zhang Jun,513,,576,0,張,俊,4,0,14691,0,0,cf. 補遺 7:138-139; 文物 1999.1:93; 洛陽新獲續 504 . Death year estimated by Tackett (cc576)
194475,李明,Li Ming,554,,617,0,李,明,4,0,14536,0,0,cf. 補遺 7:138-139; 文物 1999.1:93; 洛陽新獲續 504 . Death year estimated by Tackett (cc617)
194476,李遠,Li Yuan,517,,580,0,李,遠,4,0,14536,0,0,cf. 補遺 7:138-139; 文物 1999.1:93; 洛陽新獲續 504 . Death year estimated by Tackett (c.580)
194485,皇甫明,Huangfu Ming,491,,554,0,皇甫,明,4,0,14559,0,0,cf. 補遺 7:138-139; 文物 1999.1:93; 洛陽新獲續 504 . Death year estimated by Tackett (cc554)
194528,李仲恭,Li Zhonggong,588,,651,0,李,仲恭,6,0,14494,0,0,cf. 補遺 7:138-139; 文物 1999.1:93; 洛陽新獲續 504 . Death year estimated by Tackett (cc651)
194529,李伏陁,Li Futuo,551,,614,0,李,伏陁,4,0,14494,0,0,cf. 補遺 7:138-139; 文物 1999.1:93; 洛陽新獲續 504 . Death year estimated by Tackett (cc614)
194532,崔邃,Cui Sui,576,,639,0,崔,邃,6,0,14494,0,0,cf. 補遺 7:138-139; 文物 1999.1:93; 洛陽新獲續 504 . Death year estimated by Tackett (cc639)
194533,崔文孺,Cui Wenru,539,,602,0,崔,文孺,4,0,14494,0,0,cf. 補遺 7:138-139; 文物 1999.1:93; 洛陽新獲續 504 . Death year estimated by Tackett (cc602)
194534,崔子舒,Cui Zishu,502,,565,0,崔,子舒,4,0,14494,0,0,cf. 補遺 7:138-139; 文物 1999.1:93; 洛陽新獲續 504 . Death year estimated by Tackett (cc565)
194537,李某,Li Mou,589,,652,0,李,某,6,0,16695,0,0,cf. 補遺 7:138-139; 文物 1999.1:93; 洛陽新獲續 504 . Death year estimated by Tackett (cc652)
194610,馬士儒,Ma Shiru,575,,638,0,馬,士儒,6,0,,0,0,cf. 補遺 7:138-139; 文物 1999.1:93; 洛陽新獲續 504 . Death year estimated by Tackett (cc638)
194676,穆弘遠,Mu Hongyuan,564,,627,0,穆,弘遠,6,0,14694,0,0,cf. 補遺 7:138-139; 文物 1999.1:93; 洛陽新獲續 504 . Death year estimated by Tackett (cc627)
194677,穆伽,Mu Ga,527,,590,0,穆,伽,4,0,14694,0,0,cf. 補遺 7:138-139; 文物 1999.1:93; 洛陽新獲續 504 . Death year estimated by Tackett (cc590)
194679,穆尊季,Mu Zunji,490,,553,0,穆,尊季,4,0,14694,0,0,cf. 補遺 7:138-139; 文物 1999.1:93; 洛陽新獲續 504 . Death year estimated by Tackett (cc553)
194680,穆韶,Mu Shao,453,,516,0,穆,韶,4,0,14694,0,0,cf. 補遺 7:138-139; 文物 1999.1:93; 洛陽新獲續 504 . Death year estimated by Tackett (cc516)
194681,穆蒲坂,Mu Puban,416,,479,0,穆,蒲坂,4,0,14694,0,0,cf. 補遺 7:138-139; 文物 1999.1:93; 洛陽新獲續 504 . Death year estimated by Tackett (cc479)
194682,穆忸頭,Mu Niutou,379,,442,0,穆,忸頭,0,0,14694,0,0,cf. 補遺 7:138-139; 文物 1999.1:93; 洛陽新獲續 504 . Death year estimated by Tackett (cc442)
194683,穆遂留,Mu Suiliu,342,,405,0,穆,遂留,0,0,14694,0,0,cf. 補遺 7:138-139; 文物 1999.1:93; 洛陽新獲續 504 . Death year estimated by Tackett (cc405)
194684,穆崇,Mu Chong,305,,368,0,穆,崇,0,0,14694,0,0,cf. 補遺 7:138-139; 文物 1999.1:93; 洛陽新獲續 504 . Death year estimated by Tackett (cc368)
194685,穆觀,Mu Guan,379,,442,0,穆,觀,0,0,14694,0,0,cf. 補遺 7:138-139; 文物 1999.1:93; 洛陽新獲續 504 . Death year estimated by Tackett (cc442)
194706,田堪,Tian Kan,589,,652,0,田,堪,6,0,15181,0,0,cf. 補遺 7:138-139; 文物 1999.1:93; 洛陽新獲續 504 . Death year estimated by Tackett (cc652)
194720,王元素,Wang Yuansu,563,,626,0,王,元素,6,0,14940,0,0,cf. 補遺 7:138-139; 文物 1999.1:93; 洛陽新獲續 504 . Death year estimated by Tackett (cc626)
194817,安某,An Mou,544,,607,0,安,某,4,0,16695,0,0,cf. 補遺 7:138-139; 文物 1999.1:93; 洛陽新獲續 504 . Death year estimated by Tackett (cc607)
194906,元白澤,Yuan Baize,562,,625,0,元,白澤,6,0,14728,0,0,cf. 補遺 7:138-139; 文物 1999.1:93; 洛陽新獲續 504 . Death year estimated by Tackett (cc625)
194935,王寬,Wang Kuan,554,,617,0,王,寬,4,0,14694,0,0,cf. 補遺 7:138-139; 文物 1999.1:93; 洛陽新獲續 504 . Death year estimated by Tackett (cc617)
194982,李大經,Li Dajing,554,,617,0,李,大經,4,0,15691,0,0,cf. 補遺 7:138-139; 文物 1999.1:93; 洛陽新獲續 504 . Death year estimated by Tackett (cc617)
195023,楊承寶,Yang Chengbao,488,,551,0,楊,承寶,4,0,14787,0,0,cf. 補遺 7:138-139; 文物 1999.1:93; 洛陽新獲續 504 . Death year estimated by Tackett (cc551)
195024,楊真,Yang Zhen,451,,514,0,楊,真,4,0,14787,0,0,cf. 補遺 7:138-139; 文物 1999.1:93; 洛陽新獲續 504 . Death year estimated by Tackett (cc514)
195025,房某,Fang Mou,432,,495,0,房,某,4,0,14918,0,0,cf. 補遺 7:138-139; 文物 1999.1:93; 洛陽新獲續 504 . Death year estimated by Tackett (cc495)
195026,房法壽,Fang Fashou,395,,458,0,房,法壽,4,0,14918,0,0,cf. 補遺 7:138-139; 文物 1999.1:93; 洛陽新獲續 504 . Death year estimated by Tackett (cc458)
195027,歐陽景達,Ouyang Jingda,405,,468,0,歐陽,景達,4,0,15976,0,0,cf. 補遺 7:138-139; 文物 1999.1:93; 洛陽新獲續 504 . Death year estimated by Tackett (cc468)
195028,劉某,Liu Mou,460,,523,0,劉,某,4,0,14693,0,0,cf. 補遺 7:138-139; 文物 1999.1:93; 洛陽新獲續 504 . Death year estimated by Tackett (cc523)
195029,劉環雋,Liu Huanjun,497,,560,0,劉,環雋,4,0,14693,0,0,cf. 補遺 7:138-139; 文物 1999.1:93; 洛陽新獲續 504 . Death year estimated by Tackett (cc560)
195042,傅璀,Fu Cui,551,,614,0,傅,璀,4,0,400398,0,0,cf. 補遺 7:138-139; 文物 1999.1:93; 洛陽新獲續 504 . Death year estimated by Tackett (cc614)
195043,傅冲,Fu Chong,514,,577,0,傅,冲,4,0,400398,0,0,cf. 補遺 7:138-139; 文物 1999.1:93; 洛陽新獲續 504 . Death year estimated by Tackett (cc577)
195044,許胤,Xu Yin,549,,612,0,許,胤,4,0,14819,0,0,cf. 補遺 7:138-139; 文物 1999.1:93; 洛陽新獲續 504 . Death year estimated by Tackett (cc612)
195053,鄭玄度,Zheng Xuandu,580,,643,0,鄭,玄度,6,0,14694,0,0,cf. 補遺 7:138-139; 文物 1999.1:93; 洛陽新獲續 504 cf. 洛陽古代銘刻文獻研究 310-311; 補遺 8:26-27. Death year estimated by Tackett (cc643)
195187,韓均,Han Jun,561,,624,0,韓,均,6,0,15255,0,0,cf. 補遺 7:138-139; 文物 1999.1:93; 洛陽新獲續 504 . Death year estimated by Tackett (cc624)
195188,韓茂,Han Mao,524,,587,0,韓,茂,4,0,15255,0,0,cf. 補遺 7:138-139; 文物 1999.1:93; 洛陽新獲續 504 . Death year estimated by Tackett (cc587)
195209,韓備,Han Bei,561,,624,0,韓,備,6,0,15255,0,0,cf. 補遺 7:138-139; 文物 1999.1:93; 洛陽新獲續 504 . Death year estimated by Tackett (cc624)
195210,韓耆,Han Qi,487,,550,0,韓,耆,4,0,15255,0,0,cf. 補遺 7:138-139; 文物 1999.1:93; 洛陽新獲續 504 . Death year estimated by Tackett (cc550)
195256,馮長命,Feng Changming,567,,630,0,馮,長命,6,0,15757,0,0,cf. 補遺 7:138-139; 文物 1999.1:93; 洛陽新獲續 504 . Death year estimated by Tackett (cc630)
195257,馮世基,Feng Shiji,530,,593,0,馮,世基,4,0,15757,0,0,cf. 補遺 7:138-139; 文物 1999.1:93; 洛陽新獲續 504 . Death year estimated by Tackett (cc593)
195258,馮謙,Feng Qian,493,,556,0,馮,謙,4,0,15757,0,0,cf. 補遺 7:138-139; 文物 1999.1:93; 洛陽新獲續 504 . Death year estimated by Tackett (cc556)
195264,樊某,Fan Mou,559,,622,0,樊,某,6,0,14708,0,0,cf. 補遺 7:138-139; 文物 1999.1:93; 洛陽新獲續 504 . Death year estimated by Tackett (cc622)
195265,樊子車,Fan Ziche,522,,585,0,樊,子車,4,0,14708,0,0,cf. 補遺 7:138-139; 文物 1999.1:93; 洛陽新獲續 504 . Death year estimated by Tackett (cc585)
195266,樊儒,Fan Ru,485,,548,0,樊,儒,4,0,14708,0,0,cf. 補遺 7:138-139; 文物 1999.1:93; 洛陽新獲續 504 . Death year estimated by Tackett (cc548)
195267,樊道則,Fan Daoze,448,,511,0,樊,道則,4,0,14708,0,0,cf. 補遺 7:138-139; 文物 1999.1:93; 洛陽新獲續 504 . Death year estimated by Tackett (cc511)
195401,裴鍾,Pei Zhong,396,,459,0,裴,鍾,4,0,15020,0,0,cf. 補遺 7:138-139; 文物 1999.1:93; 洛陽新獲續 504 . Death year estimated by Tackett (cc459)
195402,裴和,Pei He,359,,422,0,裴,和,0,0,15020,0,0,cf. 補遺 7:138-139; 文物 1999.1:93; 洛陽新獲續 504 . Death year estimated by Tackett (cc422)
195403,裴劭,Pei Shao,322,,385,0,裴,劭,0,0,15020,0,0,cf. 補遺 7:138-139; 文物 1999.1:93; 洛陽新獲續 504 . Death year estimated by Tackett (cc385)
195413,宋維,Song Wei,472,,535,0,宋,維,4,0,15790,0,0,cf. 補遺 7:138-139; 文物 1999.1:93; 洛陽新獲續 504 cf. 新河北 下:22-23. Death year estimated by Tackett (cc535)
195414,崔辯,Cui Bian,424,,487,0,崔,辯,4,0,15790,0,0,cf. 補遺 7:138-139; 文物 1999.1:93; 洛陽新獲續 504 . Death year estimated by Tackett (cc487)
195415,崔逸,Cui Yi,461,,524,0,崔,逸,4,0,15790,0,0,cf. 補遺 7:138-139; 文物 1999.1:93; 洛陽新獲續 504 . Death year estimated by Tackett (cc524)
195416,崔經,Cui Jing,387,,450,0,崔,經,0,0,15790,0,0,cf. 補遺 7:138-139; 文物 1999.1:93; 洛陽新獲續 504 . Death year estimated by Tackett (cc450)
195417,崔琨,Cui Kun,350,,413,0,崔,琨,0,0,15790,0,0,cf. 補遺 7:138-139; 文物 1999.1:93; 洛陽新獲續 504 . Death year estimated by Tackett (cc413)
195418,崔鬱,Cui Yu,387,,450,0,崔,鬱,0,0,15790,0,0,cf. 補遺 7:138-139; 文物 1999.1:93; 洛陽新獲續 504 . Death year estimated by Tackett (cc450)
195419,李壽,Li Shou,454,,517,0,李,壽,4,0,15284,0,0,cf. 補遺 7:138-139; 文物 1999.1:93; 洛陽新獲續 504 cf. 新河北 下:30-31. Death year estimated by Tackett (cc517)
195420,李祥胤,Li Xiangyin,417,,480,0,李,祥胤,4,0,15284,0,0,cf. 補遺 7:138-139; 文物 1999.1:93; 洛陽新獲續 504 . Death year estimated by Tackett (cc480)
195421,李慶某,Li Qingmou,380,,443,0,李,慶某,0,0,15284,0,0,cf. 補遺 7:138-139; 文物 1999.1:93; 洛陽新獲續 504 . Death year estimated by Tackett (cc443)
195422,李子固,Li Zigu,343,,406,0,李,子固,0,0,15284,0,0,cf. 補遺 7:138-139; 文物 1999.1:93; 洛陽新獲續 504 . Death year estimated by Tackett (cc406)
195423,李氏(李敬族女),Li Shi (Daughter of Li Jing Zu),535,,591,1,李,氏(李敬族女),4,0,15284,0,0,cf. 補遺 7:138-139; 文物 1999.1:93; 洛陽新獲續 504 cf. 新河北 下:30-31. Death year estimated by Tackett (cc591)
195424,李德久,Li Dejiu,528,,591,0,李,德久,4,0,15284,0,0,cf. 補遺 7:138-139; 文物 1999.1:93; 洛陽新獲續 504 cf. 新河北 下:30-31. Death year estimated by Tackett (cc591)
195430,崔子治,Cui Zizhi,546,,,0,崔,子治,4,0,,0,0,cf. 補遺 7:138-139; 文物 1999.1:93; 洛陽新獲續 504
195441,盧義方,Lu Yifang,533,,596,0,盧,義方,4,0,14691,0,0,cf. 補遺 7:138-139; 文物 1999.1:93; 洛陽新獲續 504 . Death year estimated by Tackett (cc596)
195442,盧嶷,Lu Yi,570,,633,0,盧,嶷,6,0,14691,0,0,cf. 補遺 7:138-139; 文物 1999.1:93; 洛陽新獲續 504 . Death year estimated by Tackett (cc633)
195454,鄭仲達,Zheng Zhongda,568,,631,0,鄭,仲達,6,0,14494,0,0,cf. 補遺 7:138-139; 文物 1999.1:93; 洛陽新獲續 504 cf. 長安新出墓誌 155. Death year estimated by Tackett (cc631)
195455,鄭詮,Zheng Quan,531,,594,0,鄭,詮,4,0,14494,0,0,cf. 補遺 7:138-139; 文物 1999.1:93; 洛陽新獲續 504 . Death year estimated by Tackett (cc594)
195457,李寶,Li Bao,386,,449,0,李,寶,0,0,14691,0,0,cf. 補遺 7:138-139; 文物 1999.1:93; 洛陽新獲續 504 . Death year estimated by Tackett (cc449)
195458,李希仁,Li Xiren,513,,576,0,李,希仁,4,0,15790,0,0,cf. 補遺 7:138-139; 文物 1999.1:93; 洛陽新獲續 504 cf. 漢魏南北朝墓誌彙編 328-332. Death year estimated by Tackett (cc576)
195459,李騫,Li Jian,513,,576,0,李,騫,4,0,15790,0,0,cf. 補遺 7:138-139; 文物 1999.1:93; 洛陽新獲續 504 cf. 漢魏南北朝墓誌彙編 328-332. Death year estimated by Tackett (cc576)
195460,李長鈞,Li Changjun,513,,576,0,李,長鈞,4,0,15790,0,0,cf. 補遺 7:138-139; 文物 1999.1:93; 洛陽新獲續 504 . Death year estimated by Tackett (cc576)
195461,李譚亮,Li Tanliang,550,,613,0,李,譚亮,4,0,15790,0,0,cf. 補遺 7:138-139; 文物 1999.1:93; 洛陽新獲續 504 . Death year estimated by Tackett (cc613)
195462,李譚德,Li Tande,550,,613,0,李,譚德,4,0,15790,0,0,cf. 補遺 7:138-139; 文物 1999.1:93; 洛陽新獲續 504 . Death year estimated by Tackett (cc613)
195470,鄭玄勖,Zheng Xuanxu,580,,643,0,鄭,玄勖,6,0,14694,0,0,cf. 補遺 7:138-139; 文物 1999.1:93; 洛陽新獲續 504 . Death year estimated by Tackett (cc643)
195471,鄭誠,Zheng Cheng,506,,569,0,鄭,誠,4,0,14694,0,0,cf. 補遺 7:138-139; 文物 1999.1:93; 洛陽新獲續 504 . Death year estimated by Tackett (cc569)
195472,鄭孝穆,Zheng Xiaomu,469,,532,0,鄭,孝穆,4,0,14694,0,0,cf. 補遺 7:138-139; 文物 1999.1:93; 洛陽新獲續 504 . Death year estimated by Tackett (cc532)
195475,鄭某,Zheng Mou,562,,625,0,鄭,某,6,0,15883,0,0,cf. 補遺 7:138-139; 文物 1999.1:93; 洛陽新獲續 504 . Death year estimated by Tackett (cc625)
195476,鄭偉,Zheng Wei,525,,588,0,鄭,偉,4,0,15883,0,0,cf. 補遺 7:138-139; 文物 1999.1:93; 洛陽新獲續 504 . Death year estimated by Tackett (cc588)
195486,李產之,Li Chanzhi,494,,557,0,李,產之,4,0,16737,0,0,cf. 補遺 7:138-139; 文物 1999.1:93; 洛陽新獲續 504 . Death year estimated by Tackett (cc557)
195487,若干金明,Ruogan Jinming,568,,,0,若干,金明,5,0,,0,0,cf. 補遺 7:138-139; 文物 1999.1:93; 洛陽新獲續 504 cf. 商品與質量 2010.10:95
195635,丘和,Qiu He,573,,636,0,丘,和,6,0,,0,0,cf. 補遺 7:138-139; 文物 1999.1:93; 洛陽新獲續 504 . Death year estimated by Tackett (cc636)
195642,丘壽,Qiu Shou,536,,599,0,丘,壽,4,0,,0,0,cf. 補遺 7:138-139; 文物 1999.1:93; 洛陽新獲續 504 . Death year estimated by Tackett (cc599)
195780,鄭道邕,Zheng Daoyong,494,,557,0,鄭,道邕,4,0,14494,0,0,cf. 補遺 7:138-139; 文物 1999.1:93; 洛陽新獲續 504 . Death year estimated by Tackett (cc557)
195871,韓倫,Han Lun,574,,637,0,韓,倫,6,0,14493,0,0,cf. 補遺 7:138-139; 文物 1999.1:93; 洛陽新獲續 504 . Death year estimated by Tackett (cc637)
195898,趙煦,Zhao Xu,582,,645,0,趙,煦,6,0,15002,0,0,cf. 補遺 7:138-139; 文物 1999.1:93; 洛陽新獲續 504 . Death year estimated by Tackett (cc645)
195899,趙世立,Zhao Shili,545,,608,0,趙,世立,4,0,15002,0,0,cf. 補遺 7:138-139; 文物 1999.1:93; 洛陽新獲續 504 . Death year estimated by Tackett (cc608)
195900,趙顯和,Zhao Xianhe,508,,571,0,趙,顯和,4,0,15002,0,0,cf. 補遺 7:138-139; 文物 1999.1:93; 洛陽新獲續 504 . Death year estimated by Tackett (cc571)
195920,鮮于明,Xianyu Ming,542,,605,0,鮮于,明,4,0,15858,0,0,cf. 補遺 7:138-139; 文物 1999.1:93; 洛陽新獲續 504 . Death year estimated by Tackett (cc605)
195922,鮮于匡贊,Xianyu Kuangzan,579,,642,0,鮮于,匡贊,6,0,15858,0,0,cf. 補遺 7:138-139; 文物 1999.1:93; 洛陽新獲續 504 . Death year estimated by Tackett (cc642)
195935,鮮于匡濟,Xianyu Kuangji,579,,642,0,鮮于,匡濟,6,0,15858,0,0,cf. 補遺 7:138-139; 文物 1999.1:93; 洛陽新獲續 504 . Death year estimated by Tackett (cc642)
195936,鮮于緒,Xianyu Xu,505,,568,0,鮮于,緒,4,0,15858,0,0,cf. 補遺 7:138-139; 文物 1999.1:93; 洛陽新獲續 504 . Death year estimated by Tackett (cc568)
195951,李某,Li Mou,565,,628,0,李,某,6,0,14691,0,0,cf. 補遺 7:138-139; 文物 1999.1:93; 洛陽新獲續 504 . Death year estimated by Tackett (cc628)
195952,李禮成,Li Licheng,528,,591,0,李,禮成,4,0,14691,0,0,cf. 補遺 7:138-139; 文物 1999.1:93; 洛陽新獲續 504 . Death year estimated by Tackett (cc591)
196130,元善禕,Yuan Shanyi,571,,634,0,元,善禕,6,0,14693,0,0,cf. 補遺 7:138-139; 文物 1999.1:93; 洛陽新獲續 504 . Death year estimated by Tackett (cc634)
196177,李廣,Li Guang,589,,652,0,李,廣,6,0,14523,0,0,cf. 補遺 7:138-139; 文物 1999.1:93; 洛陽新獲續 504 . Death year estimated by Tackett (cc652)
196196,趙某,Zhao Mou,582,,645,0,趙,某,6,0,15002,0,0,cf. 補遺 7:138-139; 文物 1999.1:93; 洛陽新獲續 504 . Death year estimated by Tackett (cc645)
196266,元禎,Yuan Zhen,500,,,0,元,禎,6,0,14693,0,0,cf. 補遺 7:138-139; 文物 1999.1:93; 洛陽新獲續 504
196267,元成,Yuan Cheng,530,,,0,元,成,4,0,14693,0,0,cf. 補遺 7:138-139; 文物 1999.1:93; 洛陽新獲續 504
196269,温裕,Wen Yu,465,,,0,温,裕,4,0,15207,0,0,cf. 補遺 7:138-139; 文物 1999.1:93; 洛陽新獲續 504
196270,武儉,Wu Jian,534,,,0,武,儉,4,0,15060,0,0,cf. 補遺 7:138-139; 文物 1999.1:93; 洛陽新獲續 504
196272,源子恭,Yuan Zigong,451,,,0,源,子恭,4,0,15215,0,0,cf. 補遺 7:138-139; 文物 1999.1:93; 洛陽新獲續 504
196273,源懷,Yuan Huai,421,,,0,源,懷,4,0,15215,0,0,cf. 補遺 7:138-139; 文物 1999.1:93; 洛陽新獲續 504
196294,封延之,Feng Yanzhi,486,486,540,0,封,延之,4,0,400539,0,0,cf. 補遺 7:138-139; 文物 1999.1:93; 洛陽新獲續 504
196335,房彥詡,Fang Yanxu,541,541,590,0,房,彥詡,4,0,14918,0,0,cf. 補遺 7:138-139; 文物 1999.1:93; 洛陽新獲續 504
196357,辛某,Xin Mou,404,,,0,辛,某,4,0,,0,0,cf. 補遺 7:138-139; 文物 1999.1:93; 洛陽新獲續 504
196362,呂行鈞,Lü Xingjun,560,,623,0,呂,行鈞,6,0,15003,0,0,Death year estimated by Tackett (cc623)
196394,呂休,Lü Xiu,554,,617,0,呂,休,4,0,14880,0,0,cf. 補遺 7:138-139; 文物 1999.1:93; 洛陽新獲續 504 . Death year estimated by Tackett (cc617)
196399,呂某,Lü Mou,524,,,0,呂,某,6,0,14880,0,0,cf. 補遺 7:138-139; 文物 1999.1:93; 洛陽新獲續 504
196400,呂珪,Lü Gui,494,,,0,呂,珪,4,0,14880,0,0,cf. 補遺 7:138-139; 文物 1999.1:93; 洛陽新獲續 504
338237,馮氏(拓跋濬妻),Feng Shi (Wife of Tuoba Jun),442,442,490,1,馮,氏(拓跋濬妻),30,173,,1,0,《魏書》卷一三《皇后列傳》
338239,馮朗,Feng Lang,412,,,0,馮,朗,30,173,,1,0,
339336,陳深,Chen Shen,583,,,0,陳,深,24,0,,0,0,
376355,郎楚之,Lang Chuzhi,548,548,627,0,郎,楚之,4,0,,0,0,貞觀初卒，時年八十
381857,張善安,Zhang Shanan,561,,624,0,張,善安,6,0,14892,0,0,
439039,鮑照,Bao Zhao,414,414,466,0,鮑,照,28,0,26001,,0,
439086,丘遲,Qiu Chi,464,464,508,0,丘,遲,44,24,12715,,0,"Qiu(2) Chi [16317] See documentation for father, Lingqu [16316]. Renming Da cidian, p. 166."
439100,吳均,Wu Jun,469,469,520,0,吳,均,28,0,12434,,0,
439191,陶弘景,Tao Hong Jing,456,456,536,0,陶,弘景,4,0,,,0,
439218,劉勰,Liu Xie,465,465,522,0,劉,勰,28,0,11155,,0,
444795,薛仁杲,Xue Rengao,555,,618,0,薛,仁杲,5,34,14621,,,"1.河東汾陰人（舊唐書二二四五頁）
2.胡注：通鑑考異曰：唐高祖實錄先作“仁果”，後作“仁杲”。新、舊高祖、太宗紀、薛舉傳、柳芳唐曆、柳宗元集皆作“仁杲”。太宗實錄、吳兢太宗勳史、革命記、焦璐唐朝年代記、陳嶽唐統記皆作“仁果”。今醴泉昭陵前有石馬六匹，其一銘曰：“白蹄烏，平薛仁果時所乘。”此最可據，今從之。（資治通鑑五七二五頁）"
444796,薛舉,Xue Ju,555,,618,0,薛,舉,5,34,14621,,,
444800,劉武周,Liu Wuzhou,559,,622,0,劉,武周,5,51,15113,,,點校本兩唐書校勘彙釋據任爽、武秀成校訂云突厥殺劉武周在武德五年七月丙申。（五頁）
444804,劉匡,Liu Kuang,529,,,,,,4,,,,,
444805,趙氏(劉武周母),Zhao Shi (Wife of Liu Wuzhou),532,,,0,趙,氏(劉武周母),4,,,,,
444808,劉黑闥,Liu Heita,560,,623,0,劉,黑闥,5,,15242,,,劉黑闥卒年，諸史記載不同，資治通鑑據實錄及革命記繫於武德六年正月，云諸葛德威執送太子建成，并其弟斬於洺州（五九六四至五九六五頁），新唐書劉黑闥傳同之（三七一七頁）；舊唐書劉黑闥傳、新唐書高祖本紀繫於武德六年二月（二二六〇頁、一四頁）；舊唐書高祖本紀繫於武德五年十二月（一三頁）。按，劉黑闥與唐軍戰于魏州、毛州，敗奔饒陽被執，其事曲折，通鑑考異武德五年十二月條析魏州、毛州之戰高祖實錄、舊傳、革命記所繫月日不同，認為實錄繫日為奏到之日，采革命記而非舊傳。此處亦從通鑑。
444814,蕭銑,Xiao Xian,583,583,621,0,蕭,銑,5,70,,,,卒年據通鑑（五九三六頁）
444821,蕭璿,Xiao Xuan,553,,,0,蕭,璿,4,,,,,義寧二年，蕭銑稱皇帝，謚其父璿為文憲王（舊唐書二二六四頁）
444823,輔公祏,Fu Gongshi,561,,624,0,輔,公祏,6,,14921,,,"舊唐書高祖紀載武德六年輔公祏據丹陽反，七年三月戊戌王孝恭擒輔公祏，丹陽平。（一四頁）
舊唐書輔公祏傳載（公祏）至武康，爲野人所執，送於丹陽，孝恭斬之，傳首京師。（二二六九頁）"
444828,沈法興,Shen Faxing,557,,620,0,沈,法興,5,,15779,,,"初，法興以義寧二年起兵，至武德三年而滅。
［後晉］劉昫 等 撰；中華書局編輯部 點校：《舊唐書·卷五十六　列傳第六·沈法興》，中華書局，1975年5月，第1版，第2273頁"
444829,沈恪,Shen Ke,509,509,582,0,沈,恪,4,,,,,
444833,李子通,Li Zitong,558,,621,0,李,子通,5,,400511,,,
444847,林士弘,Lin Shihong,559,,622,0,林,士弘,5,,15902,,,"洪州總管若干則遣兵擊破之。胡注云：會士弘死，其衆遂散。隋大業十三年，林士弘起爲盜，至是死散。（资治通鑑五九五七页）

大業十二年，與其鄕人操師乞起爲羣盜……大業十三年，徙據虔州，自稱皇帝，國號楚，建元太平，以其黨王戎爲司空。
［後晉］劉昫 等 撰；中華書局編輯部 點校：《舊唐書·卷五十六　列傳第六·林士弘》，中華書局，1975年5月，第1版，第2276頁
如此，其十二年起為盜"
444852,梁師都,Liang Shidu,565,,628,0,梁,師都,5,,14645,,,"（四月）夏州賊帥梁師都爲其從父弟洛仁所殺，以城降。（舊唐書三四頁）
（四月）壬寅，師都從父弟洛仁殺師都，以城降。（資治通鑑六〇五〇頁）"
444853,趙文恪,Zhao Wenke,556,,619,0,趙,文恪,6,20,400344,1,,《舊唐書》卷五七《趙文恪傳》，“俄而劉武周將宋金剛來寇太原，屬城皆沒。眞鄕公李仲文退守浩州，城孤兵弱，元吉遣文恪率步騎千餘助爲聲援。及太原爲賊所陷，文恪遂棄城遁去，坐是賜死獄中。”知文恪死在武德二年九月丁未辛巳太原城陷以後。（參見《資治通鑒》卷一八七）
444855,龐卿惲,Pang Qingyun,594,594,628,0,龐,卿惲,6,184,400344,1,,"卿惲子同本墓誌（《全唐文補遺》7-327，《龐同本墓誌》）載其先世南安郡人，則兩唐書並州太原人，指其籍貫而言。《元和姓纂》卷一指其出南安龐氏。
卿惲生平見左武候將軍龎某碑序
［清］董誥 等 編：《全唐文·卷之十三　虞世南·左武候將軍龎某碑序》，中華書局，1983年11月，第1版，第10508頁"
444860,單雄信,Shan Xiongxin,558,,621,0,單,雄信,5,,14928,,,
444865,竇建德,Dou Jiande,573,573,621,0,竇,建德,5,,15242,,,"（武德四年）七月，秦王俘建德至京師，斬于長安市，年四十九。
［後晉］劉昫 等 撰；中華書局編輯部 點校：《舊唐書·卷五十四　列傳第四·竇建德》，中華書局，1975年5月，第1版，第2242頁"
444871,薛汪,Xue Wang,525,,,0,薛,汪,5,34,,,,舊唐書薛舉傳（二二四五頁）
444872,薛仁越,Xue Renyue,585,,,0,薛,仁越,5,34,,,,
444873,鞠氏(薛舉之妻),Ju Shi (Xue Ju's wife),558,,,1,鞠,氏(薛舉之妻),5,,,,,
444874,馬三寶,Ma Sanbao,566,,629,0,馬,三寶,6,,,,,
444901,王仁恭,Wang Rengong,557,557,617,0,王,仁恭,5,43,,,,隋書煬帝紀（九二頁）本傳（1525）
444902,王智辯,Wang Zhibian,554,,617,0,王,智辯,5,,,,,隋書煬帝紀（九二頁）
444907,沮氏(劉武周之妻),Ju Shi (Liu Wuzhou's wife),562,,,0,沮,氏(劉武周之妻),5,,,,,舊唐書二二五三頁
444913,宇文氏(竇毅妻),Yuwen Shi (Wife of Dou Yi),542,,,1,宇文,氏(竇毅妻),4,,,0,,
444917,阿史那咄苾(頡利可汗),Ashina Duobi (Illig Khagan),571,,634,0,阿史那,咄苾(頡利可汗),6,,,4,,
444920,獨孤氏(李昺妻),Dugu Shi (Wife of Li Bing),539,,,1,獨孤,氏(李昺妻),4,,,469,,
444939,林藥師,Lin Yaoshi,561,,,0,林,藥師,5,,,,,"武德五年，士弘遣其弟鄱陽王藥師率兵二萬攻圍循州
［後晉］劉昫 等 撰；中華書局編輯部 點校：《舊唐書·卷五十六　列傳第六·林士弘》，中華書局，1975年5月，第1版，第2276頁"
444940,龐茂,Pang Mao,564,,,0,龐,茂,5,184,,,,
444943,曹氏(竇建德之妻),Cao Shi (Dou Jiande's wife),576,,,1,曹,氏(竇建德之妻),5,,,,,
444956,梁洛兒,Liang Luoer,567,,,0,梁,洛兒,5,,14645,,,"時梁師都據夏州，遣弟洛兒引突厥兵數萬至於城下。
［宋］王欽若 等 編纂；周勛初 等 校訂：《册府元龜·卷第四百二十九　將帥部（九十）·拓土》，鳳凰出版社，2006年12月，第1版，第4867頁"
444962,沈綸,Shen Lun,587,,,0,沈,綸,5,,15779,,,
444992,劉山伯,Liu Shanbo,557,,,,,,4,,,,,
444995,龔氏(蕭詧之母),Gong Shi (Xiao Cha's mother),492,,,1,龔,氏(蕭詧之母),44,,,,,周書蕭詧傳（八五九頁）
444996,王氏(蕭詧之妻),Wang Shi (Xiao Cha's wife),522,,,1,王,氏(蕭詧之妻),68,,,,,周書蕭詧傳（八五九頁）
444997,蕭嶚,Xiao Liao,549,,,0,蕭,嶚,44,70,,,,周書蕭詧傳（八五八頁）
450734,張氏(李淵妻),Zhang Shi (Wife of Li Yuan),569,,,1,張,氏(李淵妻),6,,,,,
450962,謝靈運,Xie Lingyun,385,385,433,0,謝,靈運,28,,,,,
512474,呂氏(王伏興之妻),Lü Shi (wife of Wang Fuxing),588,,,1,呂,氏(王伏興之妻),6,,,,,
697807,宋氏(陳祎母),Song Shi (Mother of Chen Yi),575,,,1,宋,氏(陳祎母),,,,,,
