人物ID,姓名,官职ID,官职名,始年,终年,任命方式码,就职方式码,机构名码,官职类别ID,备注
32966,令狐德棻,0,未詳,617,0,1,,0,0,＃藥城長
92784,孫思邈,0,未詳,638,0,1,,0,0,官
93407,張後胤,0,未詳,0,0,1,,0,0,大將軍府典□
95148,徐之才,0,未詳,0,0,1,,0,0,要職
444833,李子通,0,未詳,,,0,,0,,
444853,趙文恪,615,都水監,,,0,,0,,"“武德二年，拜都水監，封新興郡公。時大亂之後，中州少馬，遇突厥和親，令文恪至幷州與齊王元吉誘至北蕃，市牛馬以資國用。俄而劉武周將宋金剛來寇太原，屬城皆沒。眞鄕公李仲文退守浩州，城孤兵弱，元吉遣文恪率步騎千餘助爲聲援。及太原爲賊所陷，文恪遂棄城遁去，坐是賜死獄中。”
按趙文恪雖拜都水監，長期在外買馬、領兵，似非實際赴任履職者。

［後晉］劉昫 等 撰；中華書局編輯部 點校：《舊唐書·卷五十七　列傳第七·趙文恪》，中華書局，1975年5月，第1版，第2296頁-第2297頁"
30589,范氏(許亨妻),6088,縣君,0,0,21,,0,0,
138744,某謩,10002,安撫大使,0,0,1,,0,0,"office:道安撫大使, chaodai:, place:隴右道(epitaph ID:38;add par id:0)"
32202,李神通,10002,安撫大使,0,0,1,,0,0,山東道安撫大使
92899,李百藥,10010,安平公,0,0,1,,0,0,安平公
138710,某長先,10018,比部郎中,0,0,1,,0,0,office:尚書比部郎中(epitaph ID:5;add par id:0)
31840,源崑玉,10018,比部郎中,0,0,1,,0,0,(貞觀中)比部郎中
138720,楊敏,10020,驃騎大將軍,0,0,1,,0,0,office:檢校驃騎府(epitaph ID:15;add par id:0)
138989,王協,10020,驃騎大將軍,0,0,1,,0,0,office:左龍驤驃騎(epitaph ID:284;add par id:0)
139501,王道智,10020,驃騎大將軍,0,0,1,,0,0,office:左驃騎左一車騎將軍(epitaph ID:711;add par id:0)
139501,王道智,10020,驃騎大將軍,0,0,1,,0,0,office:左驃騎左車騎將軍(epitaph ID:711;add par id:0)
139695,蔡君長,10020,驃騎大將軍,0,0,1,,0,0,office:驃騎(epitaph ID:906;add par id:0)
146899,樂孫,10020,驃騎大將軍,0,0,1,,0,0,office:驃騎(epitaph ID:217;add par id:8962)
148358,朱達,10020,驃騎大將軍,0,0,1,,0,0,office:驃騎(epitaph ID:768;add par id:18753)
148503,段緣,10020,驃騎大將軍,0,0,1,,0,0,office:驃騎大將軍(epitaph ID:815;add par id:19579)
146963,楊寶,10020,驃騎大將軍,0,0,1,,0,0,office:驃騎(epitaph ID:852;add par id:20352)
149195,柳慶,10020,驃騎大將軍,0,0,1,,0,0,office:驃騎大將軍(epitaph ID:1048;add par id:24266)
170490,郭昶,10020,驃騎大將軍,0,0,1,,0,0,(隋)驃騎大將軍
177574,于象賢,10020,驃騎大將軍,0,0,1,,0,0,(隋)驃騎大將軍
31097,唐規,10020,驃騎大將軍,0,0,1,,0,0,驃騎大將軍
186636,崔秉德,10020,驃騎大將軍,0,0,1,,0,0,驃騎大將軍+謚曰靖穆
138720,楊敏,10021,驃騎將軍,0,0,1,,0,0,office:驃騎將軍(epitaph ID:15;add par id:0)
138760,某孝敏,10021,驃騎將軍,0,0,1,,0,0,office:左武侯驃騎將軍(epitaph ID:54;add par id:0)
138760,某孝敏,10021,驃騎將軍,0,0,1,,0,0,office:左琥候驃騎將軍(epitaph ID:54;add par id:0)
138773,羅副,10021,驃騎將軍,0,0,1,,0,0,office:秦王府驃騎將軍(epitaph ID:68;add par id:0)
138841,某忠,10021,驃騎將軍,0,0,1,,0,0,office:驃騎將軍(epitaph ID:136;add par id:0)
138947,孫遷,10021,驃騎將軍,0,0,1,,0,0,office:驃騎將軍(epitaph ID:242;add par id:0)
139122,張士貴,10021,驃騎將軍,0,0,1,,0,0,office:驃騎將軍(epitaph ID:417;add par id:0)
146387,庫狄洛,10021,驃騎將軍,0,0,1,,0,0,office:驃騎將軍(epitaph ID:3;add par id:5073)
146443,胡邕,10021,驃騎將軍,0,0,1,,0,0,office:驃騎將軍(epitaph ID:18;add par id:5517)
146443,胡邕,10021,驃騎將軍,0,0,1,,0,0,office:驃騎將軍(epitaph ID:23;add par id:5594)
147616,馮科,10021,驃騎將軍,0,0,1,,0,0,office:驃騎將軍(epitaph ID:496;add par id:14042)
146959,孫建,10021,驃騎將軍,0,0,1,,0,0,office:驃騎將軍(epitaph ID:739;add par id:18187)
148495,樂昉,10021,驃騎將軍,0,0,1,,0,0,office:驃騎將軍(epitaph ID:813;add par id:19529)
148623,王威,10021,驃騎將軍,0,0,1,,0,0,office:驃騎將軍(epitaph ID:855;add par id:20448)
148714,戴通,10021,驃騎將軍,0,0,1,,0,0,office:驃騎將軍(epitaph ID:884;add par id:21191)
180214,薛琰,10021,驃騎將軍,0,0,1,,0,0,(周)內史麟趾殿刊正圖藉+驃騎將軍+秦州刺史
182359,唐毅,10021,驃騎將軍,0,0,1,,0,0,(後周)驃騎將軍
183797,鄭鴻泉,10021,驃騎將軍,0,0,1,,0,0,驃騎將軍
93808,鄭元璹,10021,驃騎將軍,599,0,1,,0,0,驃騎將軍
138914,侯慶伯,10025,兵部,0,0,1,,0,0,office:兵部參軍(epitaph ID:209;add par id:0)
173609,李焕,10025,兵部,0,0,1,,0,0,尚書左外兵部
139557,李爽,10026,兵部郎中,0,0,1,,0,0,office:兵部郎中(epitaph ID:767;add par id:0)
148010,強寶質,10026,兵部郎中,0,0,1,,0,0,office:尚書兵部郎中(epitaph ID:645;add par id:16635)
174031,李山壽,10026,兵部郎中,0,0,1,,0,0,(北齊)兵部郎中
175054,李志道,10026,兵部郎中,0,0,1,,0,0,兵部郎中
138722,屈突通,10027,兵部尚書,0,0,1,,0,0,office:兵部尚書(epitaph ID:17;add par id:0)
149292,李子雄,10027,兵部尚書,0,0,1,,0,0,office:行台兵部尚書(epitaph ID:1077;add par id:24934)
170967,裴嵩壽,10027,兵部尚書,0,0,1,,0,0,(梁)兵部尚書
31978,裴熙載,10027,兵部尚書,0,0,1,,0,0,兵部尚書
149292,李子雄,10027,兵部尚書,0,0,1,,0,0,(隋)河北道行臺+兵部尚書
176884,崔士憲,10027,兵部尚書,0,0,1,,0,0,益州行臺+兵部尚書
178104,柳述,10027,兵部尚書,0,0,1,,0,0,(隋)兵部尚書+參知機務
32243,元巖,10027,兵部尚書,0,0,1,,0,0,(隋)兵部尚書
195257,馮世基,10027,兵部尚書,0,0,1,,0,0,兵部尚書左僕射
17868,唐臨,10027,兵部尚書,0,0,1,,0,0,兵部尚書
31312,李靖,10027,兵部尚書,629,0,1,,0,0,兵部尚書
147685,某袞(某詮父),10028,兵部侍郎,0,0,1,,0,0,office:兵部侍郎(epitaph ID:527;add par id:14516)
181292,郭福善,10028,兵部侍郎,0,0,1,,0,0,兵部侍郎
148892,某行莊(某旦父),10029,兵部員外郎,0,0,1,,0,0,office:兵部員外郎(epitaph ID:947;add par id:22321)
92838,杜正倫,10029,兵部員外郎,627,0,1,,0,0,兵部員外郎
93613,陳政,10031,兵曹承務郎,0,0,1,,0,0,兵曹承務郎
160861,曹玉,10032,兵馬使,0,0,1,,0,0,易州衙前兵馬使
139557,李爽,10035,伯,0,0,1,,0,0,office:守司刑太常伯(epitaph ID:767;add par id:0)
147068,梁巘,10035,伯,0,0,1,,0,0,office:右侍伯中士(epitaph ID:283;add par id:10101)
149196,柳機,10035,伯,0,0,1,,0,0,office:少宗伯(epitaph ID:1048;add par id:24283)
149196,柳機,10035,伯,0,0,1,,0,0,office:少宗伯(epitaph ID:1049;add par id:24324)
146112,李憲,10035,伯,0,0,1,,0,9,(襲)濮陽文靜伯
175278,李衍,10035,伯,0,0,1,,0,0,(後周)太宮伯
93808,鄭元璹,10047,參旗軍,0,0,1,,0,0,參旗諸軍
31040,韋璲,10052,倉部郎中,0,0,1,,0,0,倉部郎中
152740,白君恕,10052,倉部郎中,0,0,1,,0,0,倉部郎中
155182,李稚川,10053,倉部員外郎,0,0,1,,0,0,倉部員外郎
139029,席泰,10054,倉曹參軍,0,0,1,,0,0,office:東宮右虞候率府倉曹參軍事(epitaph ID:324;add par id:0)
138771,王護,10066,朝請大夫,0,0,1,,0,0,office:朝請大夫(epitaph ID:66;add par id:0)
138781,段元哲,10066,朝請大夫,0,0,1,,0,0,office:朝請大夫(epitaph ID:76;add par id:0)
138809,王仁則,10066,朝請大夫,0,0,1,,0,0,office:朝請大夫(epitaph ID:104;add par id:0)
138817,某鍾葵,10066,朝請大夫,0,0,1,,0,0,office:朝請大夫(epitaph ID:112;add par id:0)
138926,安諒,10066,朝請大夫,0,0,1,,0,0,office:朝請大夫(epitaph ID:221;add par id:0)
138934,支茂,10066,朝請大夫,0,0,1,,0,0,office:朝請大夫(epitaph ID:229;add par id:0)
139557,李爽,10066,朝請大夫,0,0,1,,0,0,office:朝請大夫(epitaph ID:767;add par id:0)
139805,張懿,10066,朝請大夫,0,0,1,,0,0,office:朝請大夫(epitaph ID:1016;add par id:0)
139353,陳護,10066,朝請大夫,0,0,1,,0,0,office:朝請大夫(epitaph ID:1088;add par id:0)
148354,李偉節,10066,朝請大夫,0,0,1,,0,0,office:朝請大夫(epitaph ID:767;add par id:18667)
148659,慕容正言,10066,朝請大夫,0,0,1,,0,0,office:朝請大夫(epitaph ID:864;add par id:20819)
149748,陸孝友,10066,朝請大夫,0,0,1,,0,0,office:朝請大夫(epitaph ID:1211;add par id:27985)
138714,舒懿匡伯,10067,朝散大夫,0,0,1,,0,0,office:朝散大夫(epitaph ID:9;add par id:0)
138846,段師,10067,朝散大夫,0,0,1,,0,0,office:朝散大夫(epitaph ID:141;add par id:0)
138848,李桀,10067,朝散大夫,0,0,1,,0,0,office:朝散大夫(epitaph ID:143;add par id:0)
138979,段會,10067,朝散大夫,0,0,1,,0,0,office:朝散大夫(epitaph ID:274;add par id:0)
139042,元勇,10067,朝散大夫,0,0,1,,0,0,office:朝散大夫(epitaph ID:337;add par id:0)
139046,王孝瑜,10067,朝散大夫,0,0,1,,0,0,office:朝散大夫(epitaph ID:341;add par id:0)
139096,張伽,10067,朝散大夫,0,0,1,,0,0,office:朝散大夫(epitaph ID:391;add par id:0)
139117,張伽,10067,朝散大夫,0,0,1,,0,0,office:朝散大夫(epitaph ID:412;add par id:0)
139155,薛忠,10067,朝散大夫,0,0,1,,0,0,office:朝散大夫(epitaph ID:450;add par id:0)
139166,尉遲恭,10067,朝散大夫,0,0,1,,0,0,office:朝散大夫(epitaph ID:461;add par id:0)
139202,苗明,10067,朝散大夫,0,0,1,,0,0,office:朝散(epitaph ID:496;add par id:0)
139425,皇甫璧,10067,朝散大夫,0,0,1,,0,0,office:朝散(epitaph ID:635;add par id:0)
139431,羅端,10067,朝散大夫,0,0,1,,0,0,office:朝散大夫(epitaph ID:641;add par id:0)
139473,王宣,10067,朝散大夫,0,0,1,,0,0,office:朝散大夫(epitaph ID:683;add par id:0)
139477,馮貞,10067,朝散大夫,0,0,1,,0,0,office:朝散大夫(epitaph ID:687;add par id:0)
139636,尹達,10067,朝散大夫,0,0,1,,0,0,office:朝散大夫(epitaph ID:846;add par id:0)
139989,王定,10067,朝散大夫,0,0,1,,0,0,office:朝散大夫(epitaph ID:1244;add par id:0)
146557,羅曠,10067,朝散大夫,0,0,1,,0,0,office:朝散大夫(epitaph ID:68;add par id:6500)
146628,杜各華,10067,朝散大夫,0,0,1,,0,0,office:朝散大夫(epitaph ID:91;add par id:6973)
138814,王伏興,10067,朝散大夫,0,0,1,,0,0,office:朝散大夫(epitaph ID:109;add par id:7296)
146830,宋知禮,10067,朝散大夫,0,0,1,,0,0,office:朝散大夫(epitaph ID:169;add par id:8321)
146915,呂俊,10067,朝散大夫,0,0,1,,0,0,office:朝散大夫(epitaph ID:223;add par id:9072)
147213,趙伯比,10067,朝散大夫,0,0,1,,0,0,office:朝散大夫(epitaph ID:339;add par id:11165)
147393,常達摩,10067,朝散大夫,0,0,1,,0,0,office:朝散大夫(epitaph ID:408;add par id:12351)
146121,薛元嘏,10067,朝散大夫,0,0,1,,0,0,office:朝散大夫(epitaph ID:448;add par id:13009)
148056,王某(王師父),10067,朝散大夫,0,0,1,,0,0,office:朝散大夫(epitaph ID:662;add par id:500013)
148093,趙陁,10067,朝散大夫,0,0,1,,0,0,office:朝散大夫(epitaph ID:680;add par id:17183)
139608,張曉,10067,朝散大夫,0,0,1,,0,0,office:朝散大夫(epitaph ID:800;add par id:19246)
33105,皇甫珍義,10067,朝散大夫,0,0,1,,0,0,office:朝散大夫(epitaph ID:1030;add par id:23945)
149582,申屠士,10067,朝散大夫,0,0,1,,0,0,office:朝散大夫(epitaph ID:1166;add par id:26987)
32430,顏師古,10067,朝散大夫,618,0,1,,0,0,朝散大夫
92738,許叔牙,10067,朝散大夫,643,0,1,,0,0,朝散大夫
444855,龐卿惲,10067,朝散大夫,,,0,,0,,
142734,董師(董欽子),10067,朝散大夫,,,0,,0,,朝散大夫，從善府旅帥
162564,張備(李三娘夫),10067,朝散大夫,,,0,,0,,
139037,李強,10070,朝議郎,0,0,1,,0,0,office:朝議郎(epitaph ID:332;add par id:0)
147498,成壽,10070,朝議郎,0,0,1,,0,0,office:朝議郎(epitaph ID:453;add par id:13081)
93608,陳叔達,10073,丞相府主簿,618,0,1,,0,0,丞相府主簿
92738,許叔牙,10082,崇文館學士,643,0,1,,0,0,崇文館學士
92838,杜正倫,10082,崇文館學士,0,0,1,,0,0,崇文館學士
181824,唐大智,10085,崇賢館學士,0,0,1,,0,0,崇賢館學士
32966,令狐德棻,10085,崇賢館學士,0,0,1,,0,0,崇賢館學士
33685,顧胤,10085,崇賢館學士,0,0,1,,0,0,崇賢館學士
91972,馬嘉運,10085,崇賢館學士,618,0,1,,0,0,崇賢館學士
92838,杜正倫,10085,崇賢館學士,0,0,1,,0,0,崇賢館學士
93988,趙弘智,10085,崇賢館學士,0,0,1,,0,0,崇賢館學士
184614,徐筠,10101,春官尚書,0,0,1,,0,0,春官尚書
176076,温瑜,10105,祠部郎中,0,0,1,,0,0,祠部郎中
181754,袁利貞,10106,祠部員外郎,0,0,1,,0,0,祠部員外郎
183727,鄭師,10106,祠部員外郎,0,0,1,,0,0,(隋)祠部員外郎
13059,李淵(唐高祖),10107,大丞相,618,0,1,,0,0,大丞相
32966,令狐德棻,10108,大丞相府記室,0,0,1,,0,0,大丞相府記室
138839,楊士達,10109,大都督,0,0,1,,0,0,office:左宗衛率大都督(epitaph ID:134;add par id:0)
139116,張貞,10109,大都督,0,0,1,,0,0,office:大都督(epitaph ID:411;add par id:0)
146461,毛寶成,10109,大都督,0,0,1,,0,0,office:大都督(epitaph ID:25;add par id:5646)
146480,楊達,10109,大都督,0,0,1,,0,0,office:宗衛大都督(epitaph ID:35;add par id:5831)
146842,楊林,10109,大都督,0,0,1,,0,0,office:宗衛大都督(epitaph ID:174;add par id:8409)
146965,和道,10109,大都督,0,0,1,,0,0,office:大都督(epitaph ID:244;add par id:9400)
147073,顏徹,10109,大都督,0,0,1,,0,0,office:大都督(epitaph ID:285;add par id:10163)
147102,劉提,10109,大都督,0,0,1,,0,0,office:大都督(epitaph ID:298;add par id:10404)
147393,常達摩,10109,大都督,0,0,1,,0,0,office:上大都督(epitaph ID:408;add par id:12351)
147425,張國,10109,大都督,0,0,1,,0,0,office:大都督(epitaph ID:417;add par id:12548)
170952,裴冑,10109,大都督,0,0,1,,0,0,大都督
182453,唐具貴,10109,大都督,0,0,1,,0,0,(後魏)大都督+車騎將軍
24408,李勣,10109,大都督,,,0,,0,,揚州大都督
94339,高儉,10110,大都督府長史,0,0,1,,0,0,益州大都督府長史
170918,裴元質,10110,大都督府長史,708,,1,1,0,0,
138710,某長先,10115,大將軍,0,0,1,,0,0,office:大將軍(epitaph ID:5;add par id:0)
138713,麹舉,10115,大將軍,0,0,1,,0,0,office:大將軍(epitaph ID:8;add par id:0)
138713,麹舉,10115,大將軍,0,0,1,,0,0,office:游擊大將軍(epitaph ID:8;add par id:0)
138713,麹舉,10115,大將軍,0,0,1,,0,0,office:游擊大將軍(epitaph ID:8;add par id:0)
138714,舒懿匡伯,10115,大將軍,0,0,1,,0,0,office:大將軍(epitaph ID:9;add par id:0)
138714,舒懿匡伯,10115,大將軍,0,0,1,,0,0,office:大將軍(epitaph ID:9;add par id:0)
138714,舒懿匡伯,10115,大將軍,0,0,1,,0,0,office:贈大將軍(epitaph ID:9;add par id:0)
138720,楊敏,10115,大將軍,0,0,1,,0,0,office:大將軍(epitaph ID:15;add par id:0)
138722,屈突通,10115,大將軍,0,0,1,,0,0,office:右驍、左候二衛大將軍(epitaph ID:17;add par id:0)
138749,樂陟,10115,大將軍,0,0,1,,0,0,office:上大將軍(epitaph ID:43;add par id:0)
138767,蔣喜,10115,大將軍,0,0,1,,0,0,office:大將軍(epitaph ID:61;add par id:0)
138781,段元哲,10115,大將軍,0,0,1,,0,0,office:蕩寇大將軍(epitaph ID:76;add par id:0)
138801,張孝緒,10115,大將軍,0,0,1,,0,0,office:大將軍(epitaph ID:96;add par id:0)
138847,王才,10115,大將軍,0,0,1,,0,0,office:上大將軍(epitaph ID:142;add par id:0)
138888,某秀,10115,大將軍,0,0,1,,0,0,office:大將軍(epitaph ID:183;add par id:0)
138966,王宏,10115,大將軍,0,0,1,,0,0,office:大將軍(epitaph ID:261;add par id:0)
138994,安延,10115,大將軍,0,0,1,,0,0,office:上大將軍(epitaph ID:289;add par id:0)
139047,張才,10115,大將軍,0,0,1,,0,0,office:大將軍(epitaph ID:342;add par id:0)
139122,張士貴,10115,大將軍,0,0,1,,0,0,office:冠軍大將軍(epitaph ID:417;add par id:0)
139122,張士貴,10115,大將軍,0,0,1,,0,0,office:左領軍大將軍(epitaph ID:417;add par id:0)
139166,尉遲恭,10115,大將軍,0,0,1,,0,0,office:石武候大將軍(epitaph ID:461;add par id:0)
139264,某汪,10115,大將軍,0,0,1,,0,0,office:左龍驤大將軍(epitaph ID:558;add par id:0)
139630,康武通,10115,大將軍,0,0,1,,0,0,office:大將軍(epitaph ID:840;add par id:0)
139652,慕容三藏,10115,大將軍,0,0,1,,0,0,office:大將軍(epitaph ID:863;add par id:0)
146422,崔義深,10115,大將軍,0,0,1,,0,0,office:上大將軍(epitaph ID:12;add par id:5333)
146666,王思武,10115,大將軍,0,0,1,,0,0,office:大將軍(epitaph ID:104;add par id:7220)
146741,段嚴,10115,大將軍,0,0,1,,0,0,office:大將軍(epitaph ID:141;add par id:7735)
146867,某暉(某秀父),10115,大將軍,0,0,1,,0,0,office:武修大將軍(epitaph ID:183;add par id:8619)
146896,祁信,10115,大將軍,0,0,1,,0,0,office:驃大將軍(epitaph ID:216;add par id:8947)
146959,孫建,10115,大將軍,0,0,1,,0,0,office:大將軍(epitaph ID:242;add par id:9349)
147038,魏榮,10115,大將軍,0,0,1,,0,0,office:大將軍(epitaph ID:271;add par id:9876)
147731,房叔,10115,大將軍,0,0,1,,0,0,office:齊王右一府大將軍(epitaph ID:549;add par id:14829)
148209,楊神通,10115,大將軍,0,0,1,,0,0,office:大將軍(epitaph ID:722;add par id:17879)
139608,張曉,10115,大將軍,0,0,1,,0,0,office:上大將軍右領軍總管(epitaph ID:800;add par id:19246)
149196,柳機,10115,大將軍,0,0,1,,0,0,office:車騎大將軍(epitaph ID:1048;add par id:24283)
149196,柳機,10115,大將軍,0,0,1,,0,0,office:車騎大將軍(epitaph ID:1049;add par id:24324)
31916,裴孝瑜,10115,大將軍,0,0,1,,0,0,儀同大將軍
171096,裴景漢,10115,大將軍,0,0,1,,0,0,(後周)車騎大將軍
150341,劉會,10115,大將軍,0,0,1,,0,0,(周)濮陽太守+儀通三司+大將軍
31313,李客師,10115,大將軍,0,0,1,,0,0,左領軍大將軍+幽州都督
32686,崔彭,10115,大將軍,0,0,1,,0,0,(隋)左領軍大將軍領慈州事
177875,崔說,10115,大將軍,0,0,1,,0,0,(後周)涼州刺史+大將軍
177930,崔猷,10115,大將軍,0,0,1,,0,0,(隋)大將軍
178283,柳裘,10115,大將軍,0,0,1,,0,0,(隋)大將軍
179461,孫靈暉,10115,大將軍,0,0,1,,0,0,(北齊)治中+大將軍司馬
180440,薛長瑜,10115,大將軍,0,0,1,,0,0,洛州刺史+征東大將軍
162239,郭榮,10115,大將軍,0,0,1,,0,0,(隋)大將軍
181823,唐詮,10115,大將軍,0,0,1,,0,0,車騎大將軍
184865,安興貴,10115,大將軍,0,0,1,,0,0,左武候大將軍
159808,李虎,10115,大將軍,0,0,1,,0,0,(後周)大將軍
31122,李昺,10115,大將軍,0,0,1,,0,0,(周)安州總管+大將軍
191314,張叡,10115,大將軍,0,0,1,,0,0,(隋)上大將軍
191315,張暠,10115,大將軍,0,0,1,,0,0,(周)輔國軍騎大將軍+鄜城太守
194036,杜仁則,10115,大將軍,0,0,1,,0,0,上大將軍
195188,韓茂,10115,大將軍,0,0,1,,0,0,(後魏)尚書令+征南大將軍
195258,馮謙,10115,大將軍,0,0,1,,0,0,大將軍+隨州刺史
195471,鄭誠,10115,大將軍,0,0,1,,0,0,(周)大將軍
444855,龐卿惲,10115,大將軍,,,0,,0,,
94810,溫彥弘,10116,大將軍府記室參軍,0,0,1,,0,0,大將軍府記室參軍
22057,王勣,10118,大樂丞,637,0,1,,0,0,大樂丞
147489,薛胄,10120,大理卿,0,0,1,,0,0,office:大理卿(epitaph ID:448;add par id:12991)
20211,劉坦,10120,大理卿,0,0,1,,0,0,(隋)大理卿
17868,唐臨,10120,大理卿,0,0,1,,0,0,大理卿
93938,郎穎,10120,大理卿,618,0,1,,0,0,大理卿
17868,唐臨,10120,大理卿,649,,1,,0,0,
187282,李道宗,10120,大理卿,628,,1,,0,0,
31780,竇誕,10120,大理卿,630,634,1,,0,0,
376355,郎楚之,10120,大理卿,618,619,1,,0,0,
186211,鄭善果,10120,大理卿,620,,1,,0,0,
32157,李孝威,10121,大理少卿,0,0,1,,0,0,(隋)大理少卿
163413,崔世立,10121,大理少卿,0,0,1,,0,0,(隋)大理少卿
178355,韓仲良,10121,大理少卿,618,,1,,0,0,
148010,強寶質,10122,大理司直,0,0,1,,0,0,office:大理司直(epitaph ID:645;add par id:16635)
163412,崔觖,10122,大理司直,0,0,1,,0,0,(北齊)侍御史+光州別駕+大理司直+義陽郡太守
93537,張蘊古,10123,大理寺丞,626,0,1,,0,0,大理丞
138740,李壽,10129,大使,0,0,1,,0,0,office:招慰大使(epitaph ID:34;add par id:0)
138744,某謩,10129,大使,0,0,1,,0,0,"office:道招撫大使, chaodai:, place:河東道(epitaph ID:38;add par id:0)"
94815,溫彥博,10129,大使,0,0,1,,0,0,"office:道招慰大使, chaodai:, place:東北道(epitaph ID:62;add par id:0)"
147107,何那,10129,大使,0,0,1,,0,0,office:北道和國大使(epitaph ID:301;add par id:10445)
31312,李靖,10129,大使,634,0,1,,0,0,畿?道大使
94810,溫彥弘,10131,大行臺工部尚書,0,0,1,,0,0,陝東道大行臺工部尚書
18768,薛收,10132,大行臺金部郎中,0,0,1,,0,0,判陝東道大行臺金部郎中
139711,王式,10139,道觀察使,,,0,,0,,浙東道觀察使
139166,尉遲恭,10144,道行軍大總管,0,0,1,,0,0,"office:道行軍大總管, chaodai:, place:涇州道(epitaph ID:461;add par id:0)"
31312,李靖,10144,道行軍大總管,0,0,1,,0,0,代州道行軍總管
31312,李靖,10144,道行軍大總管,0,0,1,,0,0,西海道行軍大總管
138743,胡儼,10147,登仕郎,0,0,1,,0,0,office:登仕郎(epitaph ID:37;add par id:0)
138879,楊昭,10147,登仕郎,0,0,1,,0,0,office:登仕郎(epitaph ID:174;add par id:0)
138995,李智,10147,登仕郎,0,0,1,,0,0,office:謁者台登仕郎(epitaph ID:290;add par id:0)
139084,趙肅,10147,登仕郎,0,0,1,,0,0,office:謁者台員外登仕郎(epitaph ID:379;add par id:0)
139098,杜文貢,10147,登仕郎,0,0,1,,0,0,office:登仕郎(epitaph ID:393;add par id:0)
139187,孟普,10147,登仕郎,0,0,1,,0,0,office:登仕郎(epitaph ID:481;add par id:0)
146859,楊士貴,10147,登仕郎,0,0,1,,0,0,office:謁者台登仕郎(epitaph ID:180;add par id:8538)
183696,鄭神符,10153,殿內少監,0,0,1,,0,0,(隋)殿內少監
13059,李淵(唐高祖),10153,殿內少監,0,0,1,,0,0,殿內少監
181830,唐推賢,10155,殿中丞,0,0,1,,0,0,殿中丞
180490,薛逸,10156,殿中監,0,0,1,,0,0,殿中監
32025,李湛,10156,殿中監,0,0,1,,0,0,(隋)鎮軍將軍+殿中監
138712,元買得,10158,殿中少監,0,0,1,,0,0,office:殿中少監(epitaph ID:7;add par id:0)
173058,杜德裕,10158,殿中少監,0,0,1,,0,0,幽州刺史+殿中少監
173395,李文楷,10158,殿中少監,0,0,1,,0,0,殿中少監
139557,李爽,10159,殿中侍御史,0,0,1,,0,0,office:殿中侍御史(epitaph ID:767;add par id:0)
148354,李偉節,10159,殿中侍御史,0,0,1,,0,0,office:殿中侍御史(epitaph ID:767;add par id:18667)
32284,崔處仁,10159,殿中侍御史,0,0,1,,0,0,殿中侍御史
17868,唐臨,10159,殿中侍御史,627,0,1,,0,0,殿中侍御史
94145,祖君彥,10170,東都書佐,604,0,1,,0,0,東都書佐
138744,某謩,10171,東閣祭酒,0,0,1,,0,0,office:長史東閣祭酒(epitaph ID:38;add par id:0)
146530,張魏,10171,東閣祭酒,0,0,1,,0,0,office:成王東閣祭酒(epitaph ID:55;add par id:6200)
147075,韓達,10171,東閣祭酒,0,0,1,,0,0,office:東閣祭酒(epitaph ID:287;add par id:10194)
91972,馬嘉運,10171,東閣祭酒,627,0,1,,0,0,越王東閣祭酒
150443,高伯堅,10171,東閣祭酒,,,1,1,0,6,
94165,姚簡,10172,東宮及諸王侍讀,617,0,1,,0,0,代王揚侑侍讀
30886,李密,10173,東宮千牛備身,0,0,1,,0,0,東宮千牛備身
92271,孔穎達,10175,東宮侍講,0,643,36,,0,0,侍講東宮
92899,李百藥,10176,東宮通事舍人,581,0,1,,0,0,東宮通事舍人
178702,盧彥卿,10178,東宮學士,0,0,1,,0,0,(隋)石門令+東宮學士
30936,褚亮,10178,東宮學士,589,0,1,,0,0,東宮學士
92899,李百藥,10178,東宮學士,0,0,1,,0,0,東宮學士
94181,賀德仁,10178,東宮學士,0,0,1,,0,0,東宮學士
94810,溫彥弘,10178,東宮學士,599,0,1,,0,0,東宮學士
138740,李壽,10183,都督,0,0,1,,0,0,office:左領都督(epitaph ID:34;add par id:0)
138767,蔣喜,10183,都督,0,0,1,,0,0,"office:州撿校都督, chaodai:, place:松州(epitaph ID:61;add par id:0)"
138771,王護,10183,都督,0,0,1,,0,0,office:率都督(epitaph ID:66;add par id:0)
139179,董明,10183,都督,0,0,1,,0,0,"office:府帥都督, chaodai:, place:隆化府(epitaph ID:473;add par id:0)"
139281,王羅,10183,都督,0,0,1,,0,0,office:都督(epitaph ID:575;add par id:0)
146461,毛寶成,10183,都督,0,0,1,,0,0,office:帥都督(epitaph ID:25;add par id:5646)
147490,薛獻,10183,都督,0,0,1,0,0,0,"office:州贈都督, chaodai:, place:洪州(epitaph ID:448;add par id:12997)"
145948,崔幹,10183,都督,0,0,1,,0,0,幽州都督
26934,姚懿,10183,都督,0,0,1,,0,0,幽州都督
12259,蕭瑀,10183,都督,0,0,1,,0,0,雍州都督
12259,蕭瑀,10183,都督,0,0,1,,0,0,晉州都督
30938,褚遂良,10183,都督,0,0,1,,0,0,潭州都督
30938,褚遂良,10183,都督,657,0,1,,0,0,桂州都督
31485,于志寧,10183,都督,0,0,28,0,0,0,幽州都督
31628,岑文本,10183,都督,0,0,28,,0,0,廣州都督
94339,高儉,10183,都督,0,0,1,,0,0,安州都督
95096,魏徴,10183,都督,0,0,1,,0,0,相州都督
175838,王神念,10183,都督,,,0,,0,,
139166,尉遲恭,10183,都督,,,0,,0,,夏州都督
135651,柴紹,10183,都督,,,0,,0,,勝州都督
139166,尉遲恭,10183,都督,,,0,,0,,鄜州都督
173392,李嘉,10183,都督,,,0,,0,,越州都督
31965,李大亮,10183,都督,,,0,,0,,越州都督;越州都督督越婺泉台建括六郡
31965,李大亮,10183,都督,,,0,,0,,涼州都督
31312,李靖,10183,都督,,,0,,0,,五總管都督
139528,李弘,10184,都督府參軍,0,0,1,,0,0,"office:州都督府參軍事, chaodai:, place:徐州(epitaph ID:738;add par id:0)"
139122,張士貴,10185,都督府長史,0,0,1,,0,0,"office:州都督府長史, chaodai:, place:揚州(epitaph ID:417;add par id:0)"
139648,費胤斌,10185,都督府長史,0,0,1,,0,0,office:行梁州都督府長史(epitaph ID:859;add par id:0)
146422,崔義深,10185,都督府長史,0,0,1,,0,0,"office:州都督府長史, chaodai:, place:潞州(epitaph ID:12;add par id:5333)"
163390,李玄成,10185,都督府長史,0,0,1,,0,0,譚州都督府長史
30938,褚遂良,10187,都督府鎧曹參軍,0,0,1,,0,0,秦州都督府鎧曹參軍
148659,慕容正言,10189,都督府司馬,0,0,1,,0,0,"office:州行都督府司馬, chaodai:, place:袞州(epitaph ID:864;add par id:20819)"
18636,許敬宗,10189,都督府司馬,636,0,1,,0,0,洪州都督府司馬
139381,張雄,10192,都官郎中,0,0,1,,0,0,office:都官郎中(epitaph ID:1117;add par id:0)
147579,孟仲康,10192,都官郎中,0,0,1,,0,0,office:都官郎中(epitaph ID:481;add par id:13708)
145763,李稚廉,10193,都官尚書,0,0,1,,0,0,並省都官尚書
171469,劉之遴,10193,都官尚書,0,0,1,,0,0,(梁)都官尚書
174328,李弈,10193,都官尚書,0,0,1,,0,0,(後魏)都官尚書
178641,辛慤,10193,都官尚書,0,0,1,,0,0,(北齊)都官尚書
179032,盧義僖,10193,都官尚書,0,0,1,,0,0,都官尚書+謚曰孝簡
93608,陳叔達,10193,都官尚書,0,0,1,,0,0,都官尚書
149243,張載,10214,度支郎中,0,0,1,,0,0,office:度支郎中(epitaph ID:1060;add par id:24613)
173997,李遵,10214,度支郎中,0,0,1,,0,0,(後魏)度支郎中+謚曰簡
172624,楊暄,10215,度支尚書,0,0,1,,0,0,(西魏)度支尚書
179589,陸瓊,10215,度支尚書,0,0,1,,0,0,(陳)度支尚書
194037,杜琳,10215,度支尚書,0,0,1,,0,0,(後魏)?門侍郎+度支尚書+駙馬都尉
17868,唐臨,10215,度支尚書,0,0,1,,0,0,度支尚書
92838,杜正倫,10215,度支尚書,657,0,1,,0,0,度支尚書
172421,楊諲,10219,度支員外郎,0,0,1,,0,0,度支員外郎
33013,王珪,10233,奉禮郎,0,0,1,,0,0,奉禮郎
138714,舒懿匡伯,10235,奉御,0,0,1,,0,0,office:尚衣奉御(epitaph ID:9;add par id:0)
146764,康和,10235,奉御,0,0,1,,0,0,office:奉御(epitaph ID:148;add par id:7931)
12259,蕭瑀,10235,奉御,611,0,1,,0,0,尚衣奉御
147068,梁巘,10240,符璽郎,0,0,1,,0,0,office:符璽郎(epitaph ID:283;add par id:10101)
32487,杜乾祐,10240,符璽郎,0,0,1,,0,0,(隋)符璽郎
174202,李君明,10240,符璽郎,0,0,1,,0,0,(齊)符璽郎中
179293,盧懿卿,10243,府丞,0,0,1,,0,0,少府丞
138744,某謩,10248,府功曹參軍,0,0,1,,0,0,office:大將軍府功曹參軍事(epitaph ID:38;add par id:0)
138836,尹貞,10248,府功曹參軍,0,0,1,,0,0,office:齊府功曹參軍(epitaph ID:131;add par id:0)
138988,梁有意,10248,府功曹參軍,0,0,1,,0,0,"office:州都督府功曹參軍, chaodai:, place:并州(epitaph ID:283;add par id:0)"
139528,李弘,10250,府錄事參軍,0,0,1,,0,0,"office:州都督府錄事參軍事, chaodai:, place:俊州(epitaph ID:738;add par id:0)"
189843,元翽,10250,府錄事參軍,0,0,1,,0,0,并州大都督府錄事參軍
173564,李脩年,10252,府士曹參軍,0,0,1,,0,0,大將軍開府士曹參軍事
147622,趙虎,10258,府文學,0,0,1,,0,0,office:蜀□府文學(epitaph ID:497;add par id:14061)
147997,喪梵,10259,府尹,0,0,1,,0,0,"office:行尹, chaodai:陳, place:丹陽(epitaph ID:642;add par id:16549)"
149195,柳慶,10259,府尹,0,0,1,,0,0,"office:尹, chaodai:後周, place:京兆(epitaph ID:1048;add par id:24266)"
149510,陳伯謀,10259,府尹,0,0,1,,0,0,"office:尹, chaodai:陳, place:丹陽(epitaph ID:1145;add par id:26478)"
93608,陳叔達,10259,府尹,0,0,1,,0,0,丹陽尹
139122,張士貴,10262,輔國大將軍,0,0,1,,0,0,office:輔國大將軍(epitaph ID:417;add par id:0)
139122,張士貴,10262,輔國大將軍,0,0,1,,0,0,office:輔國大將軍(epitaph ID:417;add par id:0)
139122,張士貴,10262,輔國大將軍,0,0,1,,0,0,office:贈輔國大將軍(epitaph ID:417;add par id:0)
31312,李靖,10265,副元帥,623,0,1,,0,0,副元帥
194935,王寬,10269,駙馬,0,0,1,,0,0,(陳)駙馬都尉
147007,王敞,10270,駙馬都尉,0,0,1,,0,0,office:駙馬都尉(epitaph ID:261;add par id:9690)
32158,李孝貞,10274,給事黃門侍郎,564,0,1,,0,0,給事黃門侍郎
179761,陸鎮之,10275,給事中,0,0,1,,0,0,(梁)給事中
181735,袁承家,10275,給事中,0,0,1,,0,0,(隋)給事中
194534,崔子舒,10275,給事中,0,0,1,,0,0,(魏)給事中+東平將軍
3685,歐陽詢,10275,給事中,618,0,1,,0,0,給事中
18636,許敬宗,10275,給事中,0,0,1,,0,0,給事中
32736,李玄道,10275,給事中,627,0,1,,0,0,給事中
92271,孔穎達,10275,給事中,628,0,1,,0,0,給事中
92838,杜正倫,10275,給事中,628,0,1,,0,0,給事中
150444,高王臣,10275,給事中,,,1,1,0,6,
178163,柳肅,10276,工部郎中,0,0,1,,0,0,(隋)工部郎中
138722,屈突通,10277,工部尚書,0,0,1,,0,0,office:工部尚書(epitaph ID:17;add par id:0)
192165,栢季纂,10277,工部尚書,0,0,1,,0,0,工部尚書
173236,杜楚客,10277,工部尚書,0,0,1,,0,0,工部尚書
181499,武士彠,10277,工部尚書,0,0,1,,0,0,工部尚書
184075,牛遼允,10277,工部尚書,0,0,1,,0,0,(後周)工部尚書
187226,李哲,10277,工部尚書,0,0,1,,0,0,(隋)工部尚書
31175,楊師道,10277,工部尚書,0,0,1,,0,0,工部尚書
147490,薛獻,10278,工部侍郎,0,0,1,0,0,0,office:工部侍郎(epitaph ID:448;add par id:12997)
176041,温無隱,10278,工部侍郎,0,0,1,,0,0,工部侍郎
151811,盧義恭,10278,工部侍郎,0,0,1,,0,0,工部侍郎
94810,溫彥弘,10278,工部侍郎,0,0,1,,0,0,工部侍郎
148892,某行莊(某旦父),10279,工部員外郎,0,0,1,,0,0,office:工部員外郎(epitaph ID:947;add par id:22321)
175863,王遵,10279,工部員外郎,0,0,1,,0,0,工部員外郎
32430,顏師古,10280,公府文學,618,0,1,,0,0,燉煌公府文學
138769,李氏(汝南公主),10281,公主,0,0,1,,0,0,office:汝南公主(epitaph ID:64;add par id:0)
138769,李氏(汝南公主),10281,公主,0,0,1,,0,0,office:汝南郡公主(epitaph ID:64;add par id:0)
138734,何氏,10292,宮人,0,0,1,,0,0,office:宮人(epitaph ID:28;add par id:0)
138736,麻氏,10292,宮人,0,0,1,,0,0,office:宮人(epitaph ID:30;add par id:0)
174264,李祖訥,10324,光祿卿,0,0,1,,0,0,(北齊)光祿卿
176654,張始均,10324,光祿卿,0,0,1,,0,0,光祿卿
163771,陳叔武,10324,光祿卿,0,0,1,,0,0,沂州刺史+光祿卿
30886,李密,10324,光祿卿,618,0,1,,0,0,光祿卿
20212,劉政會,10324,光祿卿,,,1,,0,0,
31536,盧承慶,10324,光祿卿,657,659,1,,0,0,
152423,薛景山,10324,光祿卿,,,1,,0,0,
178155,柳亨,10326,光祿寺少卿,649,,1,,0,0,
135247,張麗華,10334,貴妃,583,589,1,0,0,0,
13060,李世民(唐太宗),10337,國王,,,0,,0,,秦王
182388,唐文邃,10340,國子博士,0,0,1,,0,0,(隋)國子博士
184654,徐文遠,10340,國子博士,0,0,1,,0,0,(隋)國子博士
91972,馬嘉運,10340,國子博士,642,0,1,,0,0,國子博士
92271,孔穎達,10340,國子博士,626,0,1,,0,0,國子博士
92784,孫思邈,10340,國子博士,581,0,1,,0,0,國子博士
138946,蕭勝,10343,國子祭酒,0,0,1,,0,0,office:西祭酒(epitaph ID:241;add par id:0)
138946,蕭勝,10343,國子祭酒,0,0,1,,0,0,office:蜀王西祭酒(epitaph ID:241;add par id:0)
139081,車詵,10343,國子祭酒,0,0,1,,0,0,office:祭酒(epitaph ID:376;add par id:0)
146443,胡邕,10343,國子祭酒,0,0,1,,0,0,office:祭酒(epitaph ID:18;add par id:5517)
31217,楊汪,10343,國子祭酒,0,0,1,,0,0,office:國子祭酒(epitaph ID:245;add par id:9423)
146971,某汪(某基父),10343,國子祭酒,0,0,1,,0,0,office:國子祭酒(epitaph ID:246;add par id:9459)
176629,張後胤,10343,國子祭酒,0,0,1,,0,0,國子祭酒
32966,令狐德棻,10343,國子祭酒,0,0,1,,0,0,國子祭酒+監修國史
92271,孔穎達,10343,國子祭酒,638,0,1,,0,0,國子祭酒
93407,張後胤,10343,國子祭酒,0,0,1,,0,0,國子祭酒
93988,趙弘智,10343,國子祭酒,0,0,1,,0,0,國子祭酒
92271,孔穎達,10345,國子監司業,632,0,1,,0,0,國子司業
92271,孔穎達,10345,國子監司業,633,0,1,,0,0,司業
92521,朱子奢,10345,國子監司業,0,0,1,,0,0,國子司業
93988,趙弘智,10345,國子監司業,0,0,1,,0,0,國子司業
92521,朱子奢,10351,國子助教,621,0,1,,0,0,國子助教
92604,劉子翼,10371,弘文館學士,0,0,1,,0,0,著作郎+弘文館學士
181734,袁承府,10371,弘文館學士,0,0,1,,0,0,晉王友+弘文館學士
3685,歐陽詢,10371,弘文館學士,627,0,1,,0,0,弘文館學士
18636,許敬宗,10371,弘文館學士,652,0,1,,0,0,弘文館學士
22793,虞世南,10371,弘文館學士,0,0,1,,0,0,弘文館學士
22793,虞世南,10371,弘文館學士,626,0,1,,0,0,弘文館學士
30936,褚亮,10371,弘文館學士,638,0,1,,0,0,弘文館學士
31935,蕭德言,10371,弘文館學士,638,0,1,,0,0,弘文館學士
32430,顏師古,10371,弘文館學士,641,0,1,,0,0,弘文館學士
32966,令狐德棻,10371,弘文館學士,0,0,1,,0,0,弘文館學士
33685,顧胤,10371,弘文館學士,653,0,1,,0,0,弘文館學士
91972,馬嘉運,10371,弘文館學士,637,0,1,,0,0,弘文館學士
92521,朱子奢,10371,弘文館學士,0,0,1,,0,0,弘文館學士
93551,陸士季,10371,弘文館學士,627,0,1,,0,0,弘文館學士
93988,趙弘智,10371,弘文館學士,638,0,1,,0,0,弘文館學士
94165,姚簡,10371,弘文館學士,627,0,1,,0,0,弘文館學士
92604,劉子翼,10373,弘文館直學士,0,0,1,,0,0,弘文館直學士
94832,謝偃,10373,弘文館直學士,637,0,1,,0,0,弘文館直學士
170633,裴義同,10377,鴻臚卿,0,0,1,,0,0,鴻臚卿
177446,崔伯謙,10377,鴻臚卿,0,0,1,,0,0,鴻臚卿+謚曰懿
93808,鄭元璹,10377,鴻臚卿,0,0,1,,0,0,鴻臚卿
31536,盧承慶,10377,鴻臚卿,670,,1,,0,0,
142459,唐儉,10377,鴻臚卿,629,630,1,,0,0,
150266,崔君肅,10377,鴻臚卿,,,1,,0,0,
187231,李孝基,10377,鴻臚卿,618,619,1,,0,0,
187282,李道宗,10377,鴻臚卿,627,,1,,0,0,
138712,元買得,10378,鴻臚少卿,0,0,1,,0,0,office:鴻臚少卿(epitaph ID:7;add par id:0)
32752,陳叔明,10378,鴻臚少卿,0,0,1,,0,0,(隋)鴻臚少卿
177696,崔仲讓,10378,鴻臚少卿,0,0,1,,0,0,(西魏)鴻臚少卿
11600,蘇夔,10378,鴻臚少卿,0,0,1,,0,0,(隋)鴻臚少卿
182753,鄭胤伯,10378,鴻臚少卿,0,0,1,,0,0,(後魏)鴻臚少卿
31955,崔仁師,10378,鴻臚少卿,643,,1,,0,0,
180461,薛大鼎,10378,鴻臚少卿,,,1,,0,0,
138773,羅副,10379,侯,0,0,1,,0,0,office:開國侯(epitaph ID:68;add par id:0)
138786,孟保同,10379,侯,0,0,1,,0,0,office:山陰侯(epitaph ID:81;add par id:0)
138786,孟保同,10379,侯,0,0,1,,0,0,"office:縣開國侯, chaodai:前梁, place:山陰縣(epitaph ID:81;add par id:0)"
139037,李強,10379,侯,0,0,1,,0,0,office:河南侯(epitaph ID:332;add par id:0)
146694,楊貴,10379,侯,0,0,1,,0,0,office:平昌侯(epitaph ID:117;add par id:7419)
162682,阮奏,10379,侯,0,0,1,,0,0,"office:侯, chaodai:陳, place:建寧(epitaph ID:183;add par id:8664)"
147512,蘇謙,10379,侯,0,0,1,,0,0,"office:縣開國侯, chaodai:隋, place:樂陵縣(epitaph ID:457;add par id:13182)"
148441,張仲,10379,侯,0,0,1,,0,0,"office:侯, chaodai:陳, place:曲江(epitaph ID:800;add par id:19230)"
148722,張訓,10379,侯,0,0,1,,0,0,"office:侯, chaodai:, place:昌平(epitaph ID:885;add par id:21226)"
171206,裴稚珪,10381,戶部郎中,0,0,1,,0,0,戶部郎中
150360,楊纂,10384,戶部尚書,0,0,1,,0,0,戶部尚書+謚曰敬
31064,長孫熾,10384,戶部尚書,0,0,1,,0,0,(隋)戶部尚書
178355,韓仲良,10384,戶部尚書,0,0,1,,0,0,戶部尚書
31029,韋冲,10384,戶部尚書,0,0,1,0,0,0,(隋)營州大囗囗+戶部尚書
195265,樊子車,10384,戶部尚書,0,0,1,,0,0,(隋)戶部尚書
93608,陳叔達,10384,戶部尚書,0,0,28,,0,0,戶部尚書
172265,陳曇倩,10393,皇帝,0,0,1,,0,0,(陳)世祖文皇帝
172428,楊忠,10393,皇帝,0,0,1,,0,0,太祖武元皇帝
172429,楊堅,10393,皇帝,0,0,1,,0,0,隋高祖文皇帝
172855,高歡,10393,皇帝,0,0,1,,0,0,(北齊)高祖神武皇帝
186881,李天賜,10393,皇帝,0,0,1,,0,0,懿祖光皇帝
13059,李淵(唐高祖),10393,皇帝,0,0,1,,0,0,唐高祖; 神堯大聖大光孝皇帝
148978,蕭衍,10393,皇帝,0,0,1,,0,0,(後梁)高祖武皇帝
193956,蕭綱,10393,皇帝,0,0,1,,0,0,(後梁)簡文皇帝
13059,李淵(唐高祖),10393,皇帝,618,0,1,,0,0,皇帝
13060,李世民(唐太宗),10393,皇帝,626,0,1,,0,0,帝
95217,慕容垂,10393,皇帝,0,0,1,,0,0,後燕皇帝
12256,蕭詧(西梁宣帝),10393,皇帝,,,1,,0,,
135646,竇氏(太穆皇后),10395,皇后,619,,27,,0,0,
444996,王氏(蕭詧之妻),10395,皇后,555,,102,1,0,,
187923,李建成,10399,皇太子,0,0,1,,0,0,皇太子
146419,崔會仁,10401,黃門侍郎,0,0,1,,0,0,office:黃門郎(epitaph ID:12;add par id:5321)
146637,張素德,10401,黃門侍郎,0,0,1,,0,0,office:黃門(epitaph ID:95;add par id:7021)
147997,喪梵,10401,黃門侍郎,0,0,1,,0,0,office:黃門(epitaph ID:642;add par id:16549)
31534,盧思道,10401,黃門侍郎,0,0,1,,0,0,office:黃門(epitaph ID:848;add par id:20236)
148794,蔡徹,10401,黃門侍郎,0,0,1,,0,0,office:黃門(epitaph ID:906;add par id:21627)
30938,褚遂良,10401,黃門侍郎,644,0,1,,0,0,黃門侍郎
33013,王珪,10401,黃門侍郎,627,0,1,,0,0,黃門侍郎
92838,杜正倫,10401,黃門侍郎,656,0,1,,0,0,黃門侍郎
93608,陳叔達,10401,黃門侍郎,618,0,1,,0,0,黃門侍郎
170237,顏之推,10403,黄門侍郎,0,0,1,,0,0,(齊)?門侍郎
171047,裴澤,10403,黄門侍郎,0,0,1,,0,0,(北齊)?門侍郎
156879,李希騫,10403,黄門侍郎,0,0,1,,0,0,(後魏)?門侍郎
175700,王松年,10403,黄門侍郎,0,0,1,,0,0,(北齊)?門侍郎
151370,柳帶韋,10403,黄門侍郎,0,0,1,,0,0,(後周)?門侍郎
31783,柳旦,10403,黄門侍郎,0,0,1,,0,0,(隋)?門侍郎
178172,柳謇之,10403,黄門侍郎,0,0,1,,0,0,(隋)?門侍郎
31811,柳莊,10403,黄門侍郎,0,0,1,,0,0,(隋)?門侍郎
18635,許善心,10403,黄門侍郎,0,0,1,,0,0,(隋)?門侍郎
179786,陸丘公,10403,黄門侍郎,0,0,1,,0,0,?門侍郎
179787,陸琛,10403,黄門侍郎,0,0,1,,0,0,(陳)?門侍郎
180189,薛英集,10403,黄門侍郎,0,0,1,,0,0,?門侍郎
180212,薛驥,10403,黄門侍郎,0,0,1,,0,0,?門侍郎+謚曰昭
31037,韋津,10403,黄門侍郎,0,0,1,,0,0,?門侍郎
181280,郭育,10403,黄門侍郎,0,0,1,,0,0,(北齊)?門侍郎
183991,宋欽道,10403,黄門侍郎,0,0,1,,0,0,(北齊)?門侍郎
193407,孔宗範,10403,黄門侍郎,0,0,1,,0,0,(陳)?門侍郎
194132,顏亮,10403,黄門侍郎,0,0,1,,0,0,(陳)給事中+?門侍郎
17868,唐臨,10403,黄門侍郎,0,0,1,,0,0,?門侍郎
18636,許敬宗,10403,黄門侍郎,643,0,1,,0,0,?門侍郎
93988,趙弘智,10403,黄門侍郎,638,0,1,,0,0,?門侍郎
94810,溫彥弘,10403,黄門侍郎,618,0,1,,0,0,?門侍郎
182591,唐儉,10408,霍王,0,0,1,,0,0,霍王府友
138718,劉粲,10432,記室參軍,0,0,1,,0,0,office:吳國公府記室參軍(epitaph ID:13;add par id:0)
138718,劉粲,10432,記室參軍,0,0,1,,0,0,office:吳公府記室(epitaph ID:13;add par id:0)
138778,潘基,10432,記室參軍,0,0,1,,0,0,office:記室參軍(epitaph ID:73;add par id:0)
138837,李護,10432,記室參軍,0,0,1,,0,0,office:記室參軍(epitaph ID:132;add par id:0)
138875,賈昂,10432,記室參軍,0,0,1,,0,0,office:宋國公蕭記室(epitaph ID:170;add par id:0)
146541,王仁則,10432,記室參軍,0,0,1,,0,0,office:記室參軍(epitaph ID:63;add par id:6392)
146661,馬廉,10432,記室參軍,0,0,1,,0,0,office:馮翊正記室(epitaph ID:103;add par id:7182)
146877,侯通,10432,記室參軍,0,0,1,,0,0,office:記室(epitaph ID:185;add par id:8711)
171160,裴師民,10432,記室參軍,0,0,1,,0,0,(後周)記室參軍
179033,盧愻之,10432,記室參軍,0,0,1,,0,0,太尉記室參軍
179578,陸令公,10432,記室參軍,0,0,1,,0,0,(梁)宣城王記室參軍
22793,虞世南,10432,記室參軍,0,0,1,,0,0,記室
181881,唐濬,10435,駕部郎中,0,0,1,,0,0,駕部郎中
180216,薛玄祚,10436,駕部員外郎,0,0,1,,0,0,駕部員外郎
31312,李靖,10436,駕部員外郎,0,0,1,,0,0,駕部員外郎
138710,某長先,10437,監察御史,0,0,1,,0,0,office:監察征史(epitaph ID:5;add par id:0)
139057,崔泰,10437,監察御史,0,0,1,,0,0,office:監察御史(epitaph ID:352;add par id:0)
33910,裴懷儉,10437,監察御史,0,0,1,,0,0,監察御史
174042,李全壽,10437,監察御史,0,0,1,,0,0,監察御史
179341,盧萬石,10437,監察御史,0,0,1,,0,0,監察御史
186426,皇甫德參,10437,監察御史,0,0,1,,0,0,(隋)監察御史
192646,王隆,10437,監察御史,0,0,1,,0,0,(隋)監察御史
195898,趙煦,10437,監察御史,0,0,1,,0,0,監察御史
94348,高馮,10437,監察御史,627,0,1,,0,0,監察御史
31485,于志寧,10445,監修國史,651,0,1,0,0,0,監修國史
146520,李顯,10450,諫議大夫,0,0,1,,0,0,office:諫議大夫(epitaph ID:52;add par id:6133)
180508,薛膺,10450,諫議大夫,0,0,1,,0,0,諫議大夫
182355,唐廣貴,10450,諫議大夫,0,0,1,,0,0,諫議大夫
192645,王某一,10450,諫議大夫,0,0,1,,0,0,諫議大夫+涇州刺史
192764,韋邕,10450,諫議大夫,0,0,1,,0,0,著作郎+諫議大夫
30938,褚遂良,10450,諫議大夫,641,0,1,,0,0,諫議大夫
33013,王珪,10450,諫議大夫,638,0,1,,0,0,諫議大夫
92521,朱子奢,10450,諫議大夫,0,0,1,,0,0,諫議大夫
92784,孫思邈,10450,諫議大夫,659,0,1,,0,0,諫議大夫
95096,魏徴,10450,諫議大夫,626,0,1,,0,0,諫議大夫
139434,霍達,10451,將仕郎,0,0,1,,0,0,office:將仕郎(epitaph ID:644;add par id:0)
146513,解公逸,10451,將仕郎,0,0,1,,0,0,office:將仕郎(epitaph ID:48;add par id:6084)
149176,孟義,10451,將仕郎,0,0,1,,0,0,office:將仕郎(epitaph ID:1042;add par id:24153)
170688,裴弘策,10452,將作大匠,0,0,1,,0,0,(隋)將作大匠
171972,竇德洽,10452,將作大匠,0,0,1,,0,0,將作大匠
172204,竇璡,10452,將作大匠,0,0,1,,0,0,將作大匠
31779,竇抗,10452,將作大匠,618,,1,1,0,,
142232,孟公行,10453,將作監,0,0,1,,0,0,office:將作監丞(epitaph ID:481;add par id:13715)
31418,韋鼎,10453,將作監,0,0,1,,0,0,將作監丞
142232,孟公行,10454,將作少監,0,0,1,,0,0,office:將作少監(epitaph ID:481;add par id:13715)
163926,閻毗,10454,將作少監,0,0,1,,0,0,(隋)將作少監
139711,王式,10472,節度使,,,0,,0,,武寧軍節度使
142722,周寶,10472,節度使,,,0,,0,,鎮海軍節度使
31071,長孫操,10490,金部郎中,0,0,1,,0,0,金部郎中
32046,牛方裕,10490,金部郎中,0,0,1,,0,0,金部郎中+左庶子
32080,韋恪,10490,金部郎中,0,0,1,,0,0,侍御史+金部郎中+洛州別駕
180087,薛敏濟,10492,金吾大將軍,0,0,1,,0,0,左金吾大將軍
138781,段元哲,10495,金紫光祿大夫,0,0,1,,0,0,office:金紫光祿大夫(epitaph ID:76;add par id:0)
138973,趙安,10495,金紫光祿大夫,0,0,1,,0,0,office:金紫光祿大夫(epitaph ID:268;add par id:0)
139122,張士貴,10495,金紫光祿大夫,0,0,1,,0,0,office:金紫光祿大夫(epitaph ID:417;add par id:0)
139608,張曉,10495,金紫光祿大夫,0,0,1,,0,0,office:金紫光祿大夫(epitaph ID:818;add par id:0)
139652,慕容三藏,10495,金紫光祿大夫,0,0,1,,0,0,office:金紫光祿大夫(epitaph ID:863;add par id:0)
139652,慕容三藏,10495,金紫光祿大夫,0,0,1,,0,0,office:金紫光祿大夫(epitaph ID:863;add par id:0)
146473,郭振武,10495,金紫光祿大夫,0,0,1,,0,0,office:金紫光祿大夫(epitaph ID:33;add par id:5759)
147308,韓禮,10495,金紫光祿大夫,0,0,1,,0,0,office:金紫光祿大夫(epitaph ID:374;add par id:11795)
147452,某法尚(某紹業父),10495,金紫光祿大夫,0,0,1,,0,0,office:金紫光祿大夫(epitaph ID:431;add par id:12781)
147685,某袞(某詮父),10495,金紫光祿大夫,0,0,1,,0,0,office:金紫光祿大夫(epitaph ID:527;add par id:14516)
139608,張曉,10495,金紫光祿大夫,0,0,1,,0,0,office:金紫光祿大夫(epitaph ID:800;add par id:19246)
148620,韓擒某(韓昭父),10495,金紫光祿大夫,0,0,1,,0,0,office:金紫光祿大夫(epitaph ID:854;add par id:20411)
148639,費清,10495,金紫光祿大夫,0,0,1,0,0,0,office:贈金紫光祿大夫(epitaph ID:859;add par id:20604)
139652,慕容三藏,10495,金紫光祿大夫,0,0,1,,0,0,office:金紫光祿大夫(epitaph ID:865;add par id:20840)
12259,蕭瑀,10495,金紫光祿大夫,0,0,1,,0,0,office:金紫光祿大夫(epitaph ID:978;add par id:22972)
12259,蕭瑀,10495,金紫光祿大夫,0,0,1,,0,0,office:金紫光祿大夫(epitaph ID:979;add par id:22998)
149095,某義慈(某隆父),10495,金紫光祿大夫,0,0,1,,0,0,office:金紫光祿大夫(epitaph ID:1013;add par id:23628)
12259,蕭瑀,10495,金紫光祿大夫,647,0,1,,0,0,金紫光祿大夫
32966,令狐德棻,10495,金紫光祿大夫,0,0,36,,0,0,金紫光祿大夫
139166,尉遲恭,10509,軍大總管,0,0,1,,0,0,office:左一馬軍大總管(epitaph ID:461;add par id:0)
138774,長孫仁,10512,軍府,0,0,1,,0,0,office:左領軍府司兵(epitaph ID:69;add par id:0)
149293,李公挺,10512,軍府,0,0,1,,0,0,office:右領軍府司馬(epitaph ID:1077;add par id:24938)
146461,毛寶成,10522,軍司馬,0,0,1,,0,0,office:撫軍司馬(epitaph ID:25;add par id:5646)
183985,宋畿,10522,軍司馬,0,0,1,,0,0,(後燕)衛軍司馬
31628,岑文本,10530,郡別駕,0,0,1,,0,0,荊州別駕
93938,郎穎,10530,郡別駕,605,0,1,,0,0,司?別駕
92271,孔穎達,10531,郡博士,0,0,1,,0,0,河?郡博士
139226,許緒,10534,郡公,0,0,1,,0,0,"office:郡公, chaodai:, place:真定郡(epitaph ID:520;add par id:0)"
147662,某緒(某行師父),10534,郡公,0,0,1,,0,0,"office:郡公, chaodai:, place:真定郡(epitaph ID:517;add par id:14333)"
139503,董葵,10534,郡公,0,0,1,,0,0,"office:郡公, chaodai:隋, place:琅耶郡(epitaph ID:713;add par id:17728)"
148503,段緣,10534,郡公,0,0,1,,0,0,"office:郡公, chaodai:魏, place:雁門(epitaph ID:815;add par id:19579)"
31535,盧赤松,10534,郡公,0,0,1,,0,9,范陽郡公
18636,許敬宗,10534,郡公,0,0,1,,0,0,郡公
30861,杜淹,10534,郡公,0,0,1,,0,0,安吉郡公
30938,褚遂良,10534,郡公,650,0,1,,0,0,河南郡公
31175,楊師道,10534,郡公,0,0,1,,0,0,安德郡公
33013,王珪,10534,郡公,0,0,1,,0,0,郡公
94815,溫彥博,10534,郡公,622,0,1,,0,0,西河郡公
31121,李虎,10534,郡公,,,21,1,0,9,皇祖諱虎，後魏左僕射，封隴西郡公
150444,高王臣,10534,郡公,,,31,,0,9,
13060,李世民(唐太宗),10534,郡公,,,0,,0,,敦煌郡公
138712,元買得,10536,郡君,0,0,1,,0,0,office:郡君(epitaph ID:7;add par id:0)
138797,劉氏(王才粲妻),10536,郡君,0,0,1,,0,0,office:郡君(epitaph ID:92;add par id:0)
138883,楊成其,10536,郡君,0,0,1,,0,0,office:郡君(epitaph ID:178;add par id:0)
139475,田信,10536,郡君,0,0,1,,0,0,"office:郡君, chaodai:, place:南陽郡(epitaph ID:685;add par id:0)"
139381,張雄,10536,郡君,0,0,1,,0,0,"office:太郡君, chaodai:高昌, place:永安(epitaph ID:1117;add par id:0)"
146489,趙懿,10536,郡君,0,0,1,,0,0,"office:郡君, chaodai:, place:廬江(epitaph ID:38;add par id:5919)"
146679,姚賓,10539,郡守,0,0,1,,0,0,"office:郡守, chaodai:, place:河間(epitaph ID:111;add par id:7327)"
147209,盧士昂,10539,郡守,0,0,1,,0,0,"office:郡守, chaodai:齊, place:廣平郡(epitaph ID:338;add par id:11137)"
147251,崔長瑜,10539,郡守,0,0,1,,0,0,"office:郡守, chaodai:, place:浮陽(epitaph ID:352;add par id:11401)"
148030,劉海,10539,郡守,0,0,1,,0,0,"office:郡守, chaodai:隋, place:廣通郡(epitaph ID:651;add par id:16795)"
148732,侯敬,10539,郡守,0,0,1,,0,0,"office:郡守, chaodai:, place:南陽(epitaph ID:887;add par id:21263)"
170521,楊燾運,10539,郡守,0,0,1,,0,0,鄴郡守
170933,裴景鴻,10539,郡守,0,0,1,,0,0,(北齊)和夷郡守
172413,楊惠嘏,10539,郡守,0,0,1,,0,0,太原郡守
173610,李裒,10539,郡守,0,0,1,,0,0,章武郡守
176875,崔幼,10539,郡守,0,0,1,,0,0,(後魏)永昌郡守
178630,辛顯宗,10539,郡守,0,0,1,,0,0,馮翊郡守
179448,樂亮,10539,郡守,0,0,1,,0,0,(後周)固道郡守
182395,唐濟,10539,郡守,0,0,1,,0,0,潁川郡守
182438,唐詮,10539,郡守,0,0,1,,0,0,(後魏)大夏郡守
182445,唐雄,10539,郡守,0,0,1,,0,0,和州郡守
182471,唐伯裕,10539,郡守,0,0,1,,0,0,宜城郡守
184476,白建,10539,郡守,0,0,1,,0,0,(後周)弘農郡守
192763,韋楷,10539,郡守,0,0,1,,0,0,(晉)長樂郡守
193942,于子提,10539,郡守,0,0,1,,0,0,隴西郡守
195042,傅璀,10539,郡守,0,0,1,,0,0,(隋)北絳離石二郡守
147209,盧士昂,10539,郡守,0,0,1,,0,0,(齊)廣平郡守
192763,韋楷,10539,郡守,0,0,1,,0,0,(晉)清河郡守
444828,沈法興,10539,郡守,617,,0,,0,,舊書言隋大業末爲吳興郡守。新唐書沈法興傳云義寧二年起兵，定江表十餘州，自署江南道總管。當為任吳興郡守時間之下限。（三七二六頁）
444940,龐茂,10539,郡守,,,0,,0,,"隋北海郡守
全唐文補遺7-327《龐同本墓誌》"
12259,蕭瑀,10539,郡守,,,0,,0,,河池郡守
32974,令狐滔,10544,郡司馬,0,0,1,,0,0,丹楊郡司馬
193352,周衡,10544,郡司馬,0,0,1,,0,0,淮陰郡司馬
148659,慕容正言,10544,郡司馬,0,0,1,,0,0,魯郡司馬
149215,獨孤宣,10545,郡通守,0,0,1,,0,0,"office:郡通守, chaodai:隋, place:濟陰郡(epitaph ID:1053;add par id:24458)"
171350,劉通,10545,郡通守,0,0,1,,0,0,(隋)毗陵郡通守
31217,楊汪,10545,郡通守,0,0,1,,0,0,(隋)梁郡通守
93608,陳叔達,10545,郡通守,0,0,1,,0,0,絳郡
138740,李壽,10546,郡王,0,0,1,,0,0,"office:郡王, chaodai:, place:永康(epitaph ID:34;add par id:0)"
138740,李壽,10546,郡王,0,0,1,,0,0,"office:郡王, chaodai:, place:淮安(epitaph ID:34;add par id:0)"
147596,袁梵,10546,郡王,0,0,1,,0,0,office:南郡王友(epitaph ID:487;add par id:13849)
149670,陳伯義,10546,郡王,0,0,1,,0,0,"office:郡王, chaodai:隋, place:江夏郡(epitaph ID:1191;add par id:27490)"
95148,徐之才,10546,郡王,571,0,1,,0,0,西陽郡
138738,劉節,10549,開府儀同三司,0,0,1,,0,0,office:開府儀同三司(epitaph ID:32;add par id:0)
138740,李壽,10549,開府儀同三司,0,0,1,,0,0,office:開府儀同三司(epitaph ID:34;add par id:0)
138979,段會,10549,開府儀同三司,0,0,1,,0,0,office:開府儀同(epitaph ID:274;add par id:0)
139012,段會,10549,開府儀同三司,0,0,1,,0,0,office:開府儀同(epitaph ID:307;add par id:0)
139166,尉遲恭,10549,開府儀同三司,0,0,1,,0,0,office:開府儀同三司(epitaph ID:461;add par id:0)
139480,董師,10549,開府儀同三司,0,0,1,,0,0,office:上開府儀同三司(epitaph ID:690;add par id:0)
139503,董葵,10549,開府儀同三司,0,0,1,,0,0,office:上開府儀同(epitaph ID:713;add par id:0)
139652,慕容三藏,10549,開府儀同三司,0,0,1,,0,0,office:開府儀同三司(epitaph ID:863;add par id:0)
146440,屈突長卿,10549,開府儀同三司,0,0,1,,0,0,office:開府儀同三司(epitaph ID:17;add par id:5469)
146473,郭振武,10549,開府儀同三司,0,0,1,,0,0,office:開府儀同(epitaph ID:33;add par id:5759)
146741,段嚴,10549,開府儀同三司,0,0,1,,0,0,office:開府儀同三司(epitaph ID:141;add par id:7735)
147038,魏榮,10549,開府儀同三司,0,0,1,,0,0,office:開府儀同三司(epitaph ID:271;add par id:9876)
146741,段嚴,10549,開府儀同三司,0,0,1,,0,0,office:開府儀同三司(epitaph ID:815;add par id:19588)
149196,柳機,10549,開府儀同三司,0,0,1,,0,0,office:開府儀同三司(epitaph ID:1048;add par id:24283)
149196,柳機,10549,開府儀同三司,0,0,1,,0,0,office:開府儀同三司(epitaph ID:1049;add par id:24324)
176909,崔彥昇,10549,開府儀同三司,0,0,1,,0,0,(宇文朝)太子洗馬+上開府儀同三司+萬山郡守+恆州刺史
31312,李靖,10549,開府儀同三司,619,0,1,,0,0,開府
32202,李神通,10549,開府儀同三司,627,0,1,,0,0,開府儀同三司
94339,高儉,10549,開府儀同三司,642,0,1,,0,0,開府儀同三司
444855,龐卿惲,10549,開府儀同三司,,,0,,0,,
163388,李蒨之,10550,考功郎中,0,0,1,,0,0,(北齊)尚書考功郎中
174200,李君榮,10550,考功郎中,0,0,1,,0,0,考功郎中
177991,崔宣軌,10550,考功郎中,0,0,1,,0,0,(隋)考功郎中
178114,柳逵,10550,考功郎中,0,0,1,,0,0,考功郎中
163981,韋知止,10556,庫部郎中,0,0,1,,0,0,庫部郎中
31319,韋兢,10557,庫部員外郎,0,0,1,,0,0,庫部員外郎
149323,裴爽,10568,禮部,0,0,1,,0,0,office:禮部員處郎(epitaph ID:1085;add par id:25108)
94767,傅弈,10568,禮部,591,0,1,,0,0,儀曹
178115,柳逞,10569,禮部郎中,0,0,1,,0,0,禮部郎中
146419,崔會仁,10570,禮部尚書,0,0,1,,0,0,office:禮部尚書(epitaph ID:12;add par id:5321)
147203,房崱,10570,禮部尚書,0,0,1,,0,0,office:禮部尚書(epitaph ID:336;add par id:11084)
30965,豆盧寬,10570,禮部尚書,0,0,1,,0,0,office:禮部尚書(epitaph ID:470;add par id:13525)
170531,楊尚希,10570,禮部尚書,0,0,1,,0,0,(隋)禮部尚書
173105,宇文弼,10570,禮部尚書,0,0,1,,0,0,(隋)禮部尚書
33013,王珪,10570,禮部尚書,0,0,1,,0,0,相太宗; 侍中+禮部尚書
150721,溫大雅,10570,禮部尚書,0,0,1,,0,0,(北周)禮部尚書
195952,李禮成,10570,禮部尚書,0,0,1,,0,0,(隋)禮部尚書
18636,許敬宗,10570,禮部尚書,667,0,1,,0,0,禮部尚書
18636,許敬宗,10570,禮部尚書,655,0,1,,0,0,禮部尚書
30938,褚遂良,10570,禮部尚書,652,0,1,,0,0,禮部尚書
93608,陳叔達,10570,禮部尚書,638,0,1,,0,0,禮部尚書
94810,溫彥弘,10570,禮部尚書,626,0,1,,0,0,禮部尚書
170588,裴宣機,10571,禮部侍郎,0,0,1,,0,0,禮部侍郎
92899,李百藥,10571,禮部侍郎,0,0,1,,0,0,禮部侍郎+宗正卿
146820,辛郁,10571,禮部侍郎,0,0,1,,0,0,禮部侍郎
180590,薛道實,10571,禮部侍郎,0,0,1,,0,0,(隋)禮部侍郎
181007,韋義節,10571,禮部侍郎,0,0,1,,0,0,刑部禮部侍郎
32431,顏相時,10571,禮部侍郎,0,0,1,,0,0,秦府學士+禮部侍郎
32966,令狐德棻,10571,禮部侍郎,632,0,1,,0,0,禮部侍郎
32966,令狐德棻,10571,禮部侍郎,0,0,1,,0,0,禮部侍郎
92899,李百藥,10571,禮部侍郎,628,0,1,,0,0,禮部侍郎
180485,薛道旻,10572,禮部員外郎,0,0,1,,0,0,禮部員外郎
92899,李百藥,10572,禮部員外郎,0,0,1,,0,0,禮部員外郎
148588,李規,10576,吏部郎中,0,0,1,,0,0,office:吏部郎中(epitaph ID:847;add par id:20219)
152187,王續,10576,吏部郎中,0,0,1,,0,0,吏部郎中
177075,崔瞻,10576,吏部郎中,0,0,1,,0,0,吏部郎中
146818,辛術,10577,吏部尚書,0,0,1,,0,0,office:吏部尚書(epitaph ID:166;add par id:8249)
26934,姚懿,10577,吏部尚書,0,0,1,,0,0,吏部尚書
32184,裴操之,10577,吏部尚書,0,0,1,,0,0,隨司隸台刺史+吏部尚書
172824,高德政,10577,吏部尚書,0,0,1,,0,0,(北齊)吏部尚書+侍中+左僕射
172956,房謨,10577,吏部尚書,0,0,1,,0,0,(北齊)侍中+吏部尚書
175897,王襲,10577,吏部尚書,0,0,1,,0,0,吏部尚書
147590,柳暉,10577,吏部尚書,0,0,1,,0,0,(梁)吏部尚書
146818,辛術,10577,吏部尚書,0,0,1,,0,0,(北齊)吏部尚書
180190,薛端,10577,吏部尚書,0,0,1,,0,0,吏部尚書
183989,宋弁,10577,吏部尚書,0,0,1,,0,0,(後魏)吏部尚書
32044,牛弘,10577,吏部尚書,0,0,1,,0,0,(隋)吏部尚書
32968,令狐熙,10577,吏部尚書,0,0,1,,0,0,(隋)吏部尚書
165721,盧愷,10577,吏部尚書,0,0,1,,0,0,(隋)吏部尚書
17868,唐臨,10577,吏部尚書,649,0,1,,0,0,吏部尚書
17868,唐臨,10577,吏部尚書,657,0,1,,0,0,吏部尚書
30861,杜淹,10577,吏部尚書,0,0,1,,0,0,吏部尚書
31175,楊師道,10577,吏部尚書,0,0,1,,0,0,吏部尚書
94339,高儉,10577,吏部尚書,631,0,1,,0,0,吏部尚書
94815,溫彥博,10578,吏部侍郎,0,0,1,,0,0,office:檢校尚書吏部侍郎(epitaph ID:62;add par id:0)
170912,裴敬彝,10578,吏部侍郎,0,0,1,,0,0,吏部侍郎
171661,蕭引,10578,吏部侍郎,0,0,1,,0,0,(陳)吏部侍郎
173413,李元儉,10578,吏部侍郎,0,0,1,,0,0,(齊)太子洗馬+吏部侍郎
180210,薛述,10578,吏部侍郎,0,0,1,,0,0,吏部侍郎+雍州司馬
31175,楊師道,10578,吏部侍郎,0,0,1,,0,0,吏部侍郎
94348,高馮,10578,吏部侍郎,644,0,1,,0,0,吏部侍郎
94815,溫彥博,10578,吏部侍郎,626,0,1,,0,0,吏部侍郎
32158,李孝貞,10579,吏部下大夫,569,0,1,,0,0,吏部下大夫
180462,薛克構,10590,麟臺監,0,0,1,,0,0,麟臺監
138846,段師,10601,留守,0,0,1,,0,0,"office:佐留守, chaodai:, place:洛陽(epitaph ID:141;add par id:0)"
138926,安諒,10601,留守,0,0,1,,0,0,"office:州留守, chaodai:隋, place:平州(epitaph ID:221;add par id:0)"
31976,裴文度,10601,留守,0,0,1,,0,0,(隋)絳州留守+知蒲+虞+絳+秦十六州兵馬事
13059,李淵(唐高祖),10601,留守,618,0,1,,0,0,太原留守
94181,賀德仁,10608,隴西公府僚佐,618,0,1,,0,0,隴西公友
138859,張育,10610,錄事參軍,0,0,1,,0,0,"office:州錄事參軍, chaodai:, place:平州(epitaph ID:154;add par id:0)"
138859,張育,10610,錄事參軍,0,0,1,,0,0,"office:州錄事參軍, chaodai:, place:北平州(epitaph ID:154;add par id:0)"
138884,李良,10610,錄事參軍,0,0,1,,0,0,"office:州錄事參軍, chaodai:, place:青州(epitaph ID:179;add par id:0)"
139018,王素,10610,錄事參軍,0,0,1,,0,0,"office:州錄事參軍, chaodai:, place:洛州(epitaph ID:313;add par id:0)"
139029,席泰,10610,錄事參軍,0,0,1,,0,0,"office:州錄事參軍, chaodai:, place:杭州(epitaph ID:324;add par id:0)"
139252,張獎,10610,錄事參軍,0,0,1,,0,0,"office:州錄事參軍事, chaodai:隋, place:潞州(epitaph ID:546;add par id:0)"
139401,封溫,10610,錄事參軍,0,0,1,,0,0,"office:州錄事參軍, chaodai:, place:汝州(epitaph ID:611;add par id:0)"
139432,喪弘毅,10610,錄事參軍,0,0,1,,0,0,"office:州錄事參軍, chaodai:唐朝, place:台州(epitaph ID:642;add par id:0)"
139459,杜醜,10610,錄事參軍,0,0,1,,0,0,"office:州錄事參軍, chaodai:, place:司州(epitaph ID:669;add par id:0)"
139519,王和,10610,錄事參軍,0,0,1,,0,0,"office:州錄事參軍, chaodai:, place:得州(epitaph ID:729;add par id:0)"
139666,曹澄,10610,錄事參軍,0,0,1,,0,0,"office:□二州錄事參軍, chaodai:, place:溱(epitaph ID:877;add par id:0)"
139818,王岐,10610,錄事參軍,0,0,1,,0,0,"office:州錄事參軍, chaodai:, place:師州(epitaph ID:1029;add par id:0)"
139818,王岐,10610,錄事參軍,0,0,1,,0,0,"office:州錄事參軍, chaodai:, place:施州(epitaph ID:1029;add par id:0)"
146857,李節,10610,錄事參軍,0,0,1,,0,0,"office:州錄事參軍, chaodai:隋, place:豫州(epitaph ID:179;add par id:8522)"
146991,吳弘,10610,錄事參軍,0,0,1,,0,0,"office:州錄事參軍, chaodai:隋, place:相州(epitaph ID:256;add par id:9581)"
147015,蓋倫,10610,錄事參軍,0,0,1,,0,0,"office:州錄事參軍, chaodai:隋, place:齊州(epitaph ID:265;add par id:9743)"
147056,閻深,10610,錄事參軍,0,0,1,,0,0,"office:郡錄事參軍, chaodai:隋, place:河南郡(epitaph ID:278;add par id:10009)"
147078,趙弘仁,10610,錄事參軍,0,0,1,,0,0,"office:州錄事參軍, chaodai:, place:州(epitaph ID:288;add par id:10232)"
147276,徐約,10610,錄事參軍,0,0,1,,0,0,"office:州錄事參軍, chaodai:, place:揚州(epitaph ID:360;add par id:11562)"
147302,賈憲,10610,錄事參軍,0,0,1,,0,0,"office:州錄事參軍, chaodai:隋, place:始州(epitaph ID:371;add par id:11751)"
147349,張意,10610,錄事參軍,0,0,1,,0,0,"office:州錄事參軍, chaodai:隋, place:相州(epitaph ID:390;add par id:12053)"
147425,張國,10610,錄事參軍,0,0,1,,0,0,"office:州錄事參軍, chaodai:, place:硤州(epitaph ID:417;add par id:12548)"
147699,奇績,10610,錄事參軍,0,0,1,,0,0,"office:錄事參軍, chaodai:隋, place:東都(epitaph ID:535;add par id:14631)"
147703,王粲,10610,錄事參軍,0,0,1,,0,0,"office:州錄事參軍, chaodai:, place:沂州(epitaph ID:536;add par id:14648)"
147834,周賓,10610,錄事參軍,0,0,1,,0,0,"office:州錄事參軍, chaodai:隋, place:坊州(epitaph ID:585;add par id:15483)"
147879,王煥,10610,錄事參軍,0,0,1,,0,0,"office:州錄事參軍, chaodai:隋, place:宋州(epitaph ID:602;add par id:15736)"
147941,焦買,10610,錄事參軍,0,0,1,,0,0,"office:州錄事參軍, chaodai:隋, place:衛州(epitaph ID:622;add par id:16140)"
147978,鄭德通,10610,錄事參軍,0,0,1,,0,0,office:□州錄事參□(epitaph ID:637;add par id:16390)
148328,李暉宗,10610,錄事參軍,0,0,1,,0,0,"office:州錄事參軍, chaodai:隋, place:洛州(epitaph ID:759;add par id:18514)"
148464,車胡,10610,錄事參軍,0,0,1,,0,0,"office:州錄事參軍, chaodai:隋, place:越州(epitaph ID:807;add par id:19402)"
148535,王音,10610,錄事參軍,0,0,1,,0,0,"office:州錄事參軍, chaodai:, place:光州(epitaph ID:828;add par id:19849)"
147302,賈憲,10610,錄事參軍,0,0,1,,0,0,"office:州錄事參軍, chaodai:, place:始州(epitaph ID:909;add par id:21692)"
148908,朱詮,10610,錄事參軍,0,0,1,,0,0,"office:州錄事參軍事, chaodai:隋, place:洛州(epitaph ID:952;add par id:22450)"
147567,李願,10610,錄事參軍,0,0,1,,0,0,"office:州錄事參軍, chaodai:隋, place:益州(epitaph ID:995;add par id:23265)"
149090,崔玄覽,10610,錄事參軍,0,0,1,,0,0,"office:州錄事參軍事, chaodai:, place:相州(epitaph ID:1011;add par id:23572)"
31446,梁殊,10610,錄事參軍,0,0,1,,0,0,office:監門錄事參軍(epitaph ID:1105;add par id:25557)
145913,李義璋,10610,錄事參軍,0,0,1,,0,0,泗州錄事參軍
175115,李孝約,10610,錄事參軍,0,0,1,,0,0,司徒錄事參軍
175647,王方諝,10610,錄事參軍,0,0,1,,0,0,海州錄事參軍
176149,張紑,10610,錄事參軍,0,0,1,,0,0,(隋)巴州錄事參軍
182464,唐奉禮,10610,錄事參軍,0,0,1,,0,0,蒲州錄事參軍
150140,鄭振,10610,錄事參軍,0,0,1,,0,0,紀王錄事參軍
92625,劉孝孫,10610,錄事參軍,618,0,1,,0,0,虞州錄事參軍
92838,杜正倫,10610,錄事參軍,618,0,1,,0,0,齊州總管府錄事參軍
177380,崔冬日,10611,鸞臺侍郎,0,0,1,,0,0,天官鸞臺侍郎
22057,王勣,10616,門下省待詔,622,630,1,,0,0,以前官待詔門下省
95030,顏游秦,10623,秘閣校理,599,0,1,,0,0,典校秘閣
147264,王理,10624,秘書監,0,0,1,,0,0,office:秘書監(epitaph ID:355;add par id:11479)
145961,蕭瑒,10624,秘書監,0,0,1,,0,0,秘書監
171681,蕭璟,10624,秘書監,0,0,1,,0,0,秘書監
175701,王邵,10624,秘書監,0,0,1,,0,0,(隋)秘書監
154187,崔行功,10624,秘書監,0,0,1,,0,0,秘書監
31491,于汪,10624,秘書監,0,0,1,,0,0,秘書監
178634,辛慶之,10624,秘書監,0,0,1,,0,0,(西魏)秘書監
154429,盧陽烏,10624,秘書監,0,0,1,,0,0,(後魏)秘書監
184653,徐澈,10624,秘書監,0,0,1,,0,0,(陳)秘書監
22793,虞世南,10624,秘書監,633,0,1,,0,0,秘書監
32430,顏師古,10624,秘書監,641,0,1,,0,0,秘書監
92604,劉子翼,10624,秘書監,605,0,1,,0,0,秘書監
95096,魏徴,10624,秘書監,629,0,1,,0,0,秘書監
146852,禹康,10626,秘書郎,0,0,1,,0,0,office:秘書郎(epitaph ID:177;add par id:8488)
184028,宋正文,10626,秘書郎,0,0,1,,0,0,秘書郎
22793,虞世南,10626,秘書郎,611,0,1,,0,0,秘書郎
30938,褚遂良,10626,秘書郎,0,0,1,,0,0,秘書郎
31628,岑文本,10626,秘書郎,627,0,1,,0,0,秘書郎
33685,顧胤,10626,秘書郎,638,0,1,,0,0,秘書郎
95124,王訓,10626,秘書郎,526,0,1,,0,0,秘書郎
22793,虞世南,10628,秘書省少監,0,0,1,,0,0,秘書少監
31935,蕭德言,10628,秘書省少監,0,0,1,,0,0,秘書少監
32430,顏師古,10628,秘書省少監,633,0,1,,0,0,秘書少監
32966,令狐德棻,10628,秘書省少監,0,0,1,,0,0,秘書少監
22057,王勣,10630,秘書省正字,599,0,1,,0,0,秘書省正字
92521,朱子奢,10633,秘書學士,611,0,1,,0,0,秘書學士
146561,長孫熾,10635,民部尚書,0,0,1,,0,0,office:民部尚書(epitaph ID:69;add par id:6546)
31815,竇靜,10635,民部尚書,0,0,1,,0,0,民部尚書
162334,柳津,10635,民部尚書,0,0,1,,0,0,左民部尚書
12259,蕭瑀,10635,民部尚書,0,0,1,,0,0,民部尚書
93938,郎穎,10636,民曹郎中,0,0,1,,0,0,尚書民曹郎
138913,任法悅,10637,明威將軍,0,0,1,,0,0,office:追贈明威將軍(epitaph ID:208;add par id:0)
146840,關生,10637,明威將軍,0,0,1,,0,0,office:明威將軍(epitaph ID:173;add par id:8392)
31312,李靖,10638,幕府,0,0,1,,0,0,李世民幕府
146742,段達,10650,納言,0,0,1,,0,0,office:司空納言(epitaph ID:141;add par id:7740)
149196,柳機,10650,納言,0,0,1,,0,0,office:納言(epitaph ID:1048;add par id:24283)
149196,柳機,10650,納言,0,0,1,,0,0,office:納言(epitaph ID:1049;add par id:24324)
172542,楊達,10650,納言,0,0,1,,0,0,(隋)納言
149196,柳機,10650,納言,0,0,1,,0,0,(隋)納言
93608,陳叔達,10650,納言,619,0,1,,0,0,納言
31779,竇抗,10650,納言,618,,37,1,0,,
170534,楊異,10655,內史令,0,0,1,,0,0,(隋)內史令
12259,蕭瑀,10655,內史令,618,0,1,,0,0,內史令
147685,某袞(某詮父),10656,內史舍人,0,0,1,,0,0,office:內史舍人(epitaph ID:527;add par id:14516)
177087,崔{亻鹿},10656,內史舍人,0,0,1,,0,0,(隋)內史舍人
31767,柳祚,10656,內史舍人,0,0,1,,0,0,(隋)司勳侍郎+內史舍人
164026,韋福嗣,10656,內史舍人,0,0,1,,0,0,(隋)內史舍人
181753,袁元友,10656,內史舍人,0,0,1,,0,0,(隋)內史舍人
32045,牛方大,10656,內史舍人,0,0,1,,0,0,內史舍人
32948,路兗,10656,內史舍人,0,0,1,,0,0,(隋)大興縣令+內史舍人+兵部侍郎+左武候將軍+大長秋令+太府卿
93608,陳叔達,10656,內史舍人,611,0,1,,0,0,?史舍人
12259,蕭瑀,10657,內史侍郎,0,0,1,,0,0,office:行內史侍郎(epitaph ID:978;add par id:22972)
194135,虞世基,10657,內史侍郎,0,0,1,,0,0,(隋)內史侍郎
12259,蕭瑀,10657,內史侍郎,611,0,1,,0,0,內史侍郎
32158,李孝貞,10657,內史侍郎,0,0,1,,0,0,?史侍郎
92273,孔德紹,10657,內史侍郎,617,0,1,,0,0,?史侍郎
146567,柳仲禮,10703,僕射,0,0,1,,0,0,office:尚僕射(epitaph ID:71;add par id:6575)
148590,封回,10703,僕射,0,0,1,,0,0,(後魏)尚書僕射
181748,袁樞,10703,僕射,0,0,1,,0,0,(陳)僕射+謚曰簡懿
181913,敬顯儁,10703,僕射,0,0,1,,0,0,(北齊)僕射
192014,王瓊,10703,僕射,0,0,1,,0,0,(後魏)僕射
30938,褚遂良,10704,起居郎,636,0,1,,0,0,起居郎
33685,顧胤,10704,起居郎,653,0,1,,0,0,起居郎
163370,岑善方,10705,起居舍人,0,0,1,,0,0,(梁)起居舍人+尚書
22793,虞世南,10705,起居舍人,0,0,1,,0,0,起居舍人
32430,顏師古,10705,起居舍人,0,0,1,,0,0,起居舍人
32966,令狐德棻,10705,起居舍人,618,0,1,,0,0,起居舍人
95096,魏徴,10705,起居舍人,0,0,1,,0,0,起居舍人
147458,王伯仁,10706,千牛,0,0,1,,0,0,office:千牛(epitaph ID:434;add par id:12819)
149056,胡玉竭,10706,千牛,0,0,1,,0,0,office:太子千牛(epitaph ID:1001;add par id:23387)
180896,韋彧,10706,千牛,0,0,1,,0,0,(隋)千牛
139226,許緒,10711,卿,0,0,1,,0,0,office:大府卿(epitaph ID:520;add par id:0)
146561,長孫熾,10711,卿,0,0,1,,0,0,office:大理大卿(epitaph ID:69;add par id:6546)
146867,某暉(某秀父),10711,卿,0,0,1,,0,0,office:大僕卿(epitaph ID:183;add par id:8619)
152423,薛景山,10711,卿,0,0,1,,0,0,光?卿+謚曰恭
176908,崔君贍,10715,秋官侍郎,0,0,1,,0,0,(隋)秋官侍郎
138744,某謩,10731,散騎常侍,0,0,1,,0,0,office:散騎常侍(epitaph ID:38;add par id:0)
138888,某秀,10731,散騎常侍,0,0,1,,0,0,office:散騎常侍(epitaph ID:183;add par id:0)
146733,某顯(某忠父),10731,散騎常侍,0,0,1,,0,0,office:散騎常侍(epitaph ID:136;add par id:7677)
146867,某暉(某秀父),10731,散騎常侍,0,0,1,,0,0,office:散騎常侍(epitaph ID:183;add par id:8619)
147043,段偃師,10731,散騎常侍,0,0,1,,0,0,office:散騎常侍(epitaph ID:274;add par id:9924)
147075,韓達,10731,散騎常侍,0,0,1,,0,0,office:散騎常侍(epitaph ID:287;add par id:10194)
147422,李康,10731,散騎常侍,0,0,1,,0,0,office:散騎常侍(epitaph ID:416;add par id:12514)
147590,柳暉,10731,散騎常侍,0,0,1,,0,0,office:散騎常侍(epitaph ID:486;add par id:13799)
148503,段緣,10731,散騎常侍,0,0,1,,0,0,office:散騎常侍(epitaph ID:815;add par id:19579)
149197,柳逖,10731,散騎常侍,0,0,1,,0,0,office:散騎常侍(epitaph ID:1048;add par id:24296)
149197,柳逖,10731,散騎常侍,0,0,1,,0,0,office:散騎常侍(epitaph ID:1049;add par id:24337)
149496,崔弈,10731,散騎常侍,0,0,1,,0,0,office:散騎常侍(epitaph ID:1138;add par id:26374)
171478,劉藻,10731,散騎常侍,0,0,1,,0,0,(魏)散騎常侍+鴻臚卿+岐秦二州刺史
173890,李敬義,10731,散騎常侍,0,0,1,,0,0,散騎常侍
174181,李敦,10731,散騎常侍,0,0,1,,0,0,散騎常侍
174338,李大倫,10731,散騎常侍,0,0,1,,0,0,散騎常侍
175898,王忻,10731,散騎常侍,0,0,1,,0,0,散騎常侍+肆州刺史+謚曰穆
149496,崔弈,10731,散騎常侍,0,0,1,,0,0,芮州刺史+散騎常侍
178015,崔洽,10731,散騎常侍,0,0,1,,0,0,(隋)水部司門二侍郎+散騎常侍
179115,盧憼之,10731,散騎常侍,0,0,1,,0,0,(後魏)散騎常侍
182353,唐茂,10731,散騎常侍,0,0,1,,0,0,散騎常侍+秦州刺史
182354,唐文祖,10731,散騎常侍,0,0,1,,0,0,散騎常侍+大夏郡守
193406,孔伯魚,10731,散騎常侍,0,0,1,,0,0,(陳)散騎常侍
193409,孔珮,10731,散騎常侍,0,0,1,,0,0,(齊)散騎常侍
194138,張伏宜,10731,散騎常侍,0,0,1,,0,0,散騎常侍
194373,裴遼,10731,散騎常侍,0,0,1,,0,0,太原太守+散騎常侍
195459,李騫,10731,散騎常侍,0,0,1,,0,0,散騎常侍中軍將軍+殷州大中正
30936,褚亮,10731,散騎常侍,0,0,1,,0,0,散騎常侍
31485,于志寧,10731,散騎常侍,0,0,1,0,0,0,散騎常侍
92271,孔穎達,10731,散騎常侍,0,0,1,,0,0,散騎常侍
92838,杜正倫,10731,散騎常侍,0,0,1,,0,0,散騎常侍
92899,李百藥,10731,散騎常侍,636,0,1,,0,0,散騎常侍
93407,張後胤,10731,散騎常侍,649,654,36,,0,0,散騎常侍
94165,姚簡,10731,散騎常侍,635,0,1,,0,0,散騎常侍
172820,楊孝怡,10736,膳部郎中,0,0,1,,0,0,膳部郎中+太僕卿
175660,王弘藝,10736,膳部郎中,0,0,1,,0,0,膳部郎中
31786,柳綽,10737,膳部員外郎,0,0,1,,0,0,膳部員外郎
138719,程锺,10742,上儀同三司,0,0,1,,0,0,office:上儀同(epitaph ID:14;add par id:0)
138749,樂陟,10742,上儀同三司,0,0,1,,0,0,office:上儀同三司(epitaph ID:43;add par id:0)
138805,李仲賓,10742,上儀同三司,0,0,1,,0,0,office:上儀同三司(epitaph ID:100;add par id:0)
138881,張雲,10742,上儀同三司,0,0,1,,0,0,office:上儀同三司(epitaph ID:176;add par id:0)
138967,秦進儀,10742,上儀同三司,0,0,1,,0,0,office:上儀同(epitaph ID:262;add par id:0)
139473,王宣,10742,上儀同三司,0,0,1,,0,0,office:上儀同三司(epitaph ID:683;add par id:0)
146905,張建,10742,上儀同三司,0,0,1,,0,0,office:上儀同(epitaph ID:220;add par id:9001)
146912,張高,10742,上儀同三司,0,0,1,,0,0,office:上儀同(epitaph ID:222;add par id:9057)
146959,孫建,10742,上儀同三司,0,0,1,,0,0,office:使持節上儀同三司(epitaph ID:242;add par id:9349)
147081,安比失,10742,上儀同三司,0,0,1,,0,0,office:上儀同平南將軍(epitaph ID:289;add par id:10254)
147333,王安,10742,上儀同三司,0,0,1,,0,0,"office:府上儀同, chaodai:, place:柏林府(epitaph ID:382;add par id:11927)"
148402,上官昌,10742,上儀同三司,0,0,1,,0,0,office:上儀同(epitaph ID:785;add par id:19027)
148639,費清,10742,上儀同三司,0,0,1,0,0,0,office:上儀同三司(epitaph ID:859;add par id:20604)
146073,蕭玄撤,10742,上儀同三司,0,0,1,,0,0,上儀同三司
20310,劉昭,10742,上儀同三司,0,0,1,,0,0,(隋)上儀同三司
31175,楊師道,10742,上儀同三司,617,0,1,,0,0,上儀同
32158,李孝貞,10742,上儀同三司,569,0,1,,0,0,上儀同三司
138713,麹舉,10743,上柱國,0,0,1,,0,0,office:上柱國(epitaph ID:8;add par id:0)
138740,李壽,10743,上柱國,0,0,1,,0,0,office:上柱國(epitaph ID:34;add par id:0)
138760,某孝敏,10743,上柱國,0,0,1,,0,0,office:上柱國(epitaph ID:54;add par id:0)
94815,溫彥博,10743,上柱國,0,0,1,,0,0,office:上柱國(epitaph ID:62;add par id:0)
138773,羅副,10743,上柱國,0,0,1,,0,0,office:上柱國(epitaph ID:68;add par id:0)
138781,段元哲,10743,上柱國,0,0,1,,0,0,office:上柱國(epitaph ID:76;add par id:0)
138875,賈昂,10743,上柱國,0,0,1,,0,0,office:上柱國記室(epitaph ID:170;add par id:0)
138888,某秀,10743,上柱國,0,0,1,,0,0,office:上柱國(epitaph ID:183;add par id:0)
139047,張才,10743,上柱國,0,0,1,,0,0,office:上柱國(epitaph ID:342;add par id:0)
139097,房高,10743,上柱國,0,0,1,,0,0,office:上柱國府典簽(epitaph ID:392;add par id:0)
139166,尉遲恭,10743,上柱國,0,0,1,,0,0,office:上柱國(epitaph ID:461;add par id:0)
139233,某詮,10743,上柱國,0,0,1,,0,0,office:上柱國(epitaph ID:527;add par id:0)
139501,王道智,10743,上柱國,0,0,1,,0,0,office:上柱國(epitaph ID:711;add par id:0)
139715,王強,10743,上柱國,0,0,1,,0,0,office:上柱國(epitaph ID:926;add par id:0)
146405,麹仁,10743,上柱國,0,0,1,,0,0,office:上柱國(epitaph ID:8;add par id:5217)
146800,超越,10743,上柱國,0,0,1,,0,0,office:上柱國(epitaph ID:159;add par id:8145)
146974,唐達,10743,上柱國,0,0,1,,0,0,office:上柱國(epitaph ID:247;add par id:9479)
147068,梁巘,10743,上柱國,0,0,1,,0,0,office:上柱國(epitaph ID:283;add par id:10101)
148078,索才,10743,上柱國,0,0,1,,0,0,office:上柱國(epitaph ID:673;add par id:17108)
148178,梁某,10743,上柱國,0,0,1,,0,0,office:上柱國(epitaph ID:712;add par id:17712)
148515,康仁,10743,上柱國,0,0,1,,0,0,office:上柱國(epitaph ID:819;add par id:19676)
148521,張通,10743,上柱國,0,0,1,,0,0,office:上柱國(epitaph ID:821;add par id:19740)
148620,韓擒某(韓昭父),10743,上柱國,0,0,1,,0,0,office:上柱國(epitaph ID:854;add par id:20411)
148623,王威,10743,上柱國,0,0,1,,0,0,office:上柱國(epitaph ID:855;add par id:20448)
148722,張訓,10743,上柱國,0,0,1,,0,0,office:上柱國(epitaph ID:885;add par id:21226)
148839,董翼,10743,上柱國,0,0,1,,0,0,office:上柱國(epitaph ID:920;add par id:21909)
12259,蕭瑀,10743,上柱國,0,0,1,,0,0,office:上柱國(epitaph ID:978;add par id:22972)
12259,蕭瑀,10743,上柱國,0,0,1,,0,0,office:上柱國(epitaph ID:979;add par id:22998)
149059,康洛,10743,上柱國,0,0,1,,0,0,office:上柱國(epitaph ID:1002;add par id:23410)
149059,康洛,10743,上柱國,0,0,1,,0,0,office:上柱國(epitaph ID:1003;add par id:23432)
149197,柳逖,10743,上柱國,0,0,1,,0,0,office:上柱國(epitaph ID:1048;add par id:24296)
149197,柳逖,10743,上柱國,0,0,1,,0,0,office:上柱國(epitaph ID:1049;add par id:24337)
149356,蕭造,10743,上柱國,0,0,1,,0,0,office:上柱國(epitaph ID:1095;add par id:25311)
149585,蘇相,10743,上柱國,0,0,1,,0,0,office:上柱國(epitaph ID:1167;add par id:27010)
139226,許緒,10743,上柱國,0,0,1,,0,0,office:上柱國(epitaph ID:1220;add par id:28172)
145948,崔幹,10743,上柱國,0,0,1,,0,4,上柱國
146061,路詮,10743,上柱國,0,0,1,,0,4,上柱國
12259,蕭瑀,10743,上柱國,,,1,0,0,0,office:上柱國(epitaph ID:978;add par id:22972)
146796,丘沙,10747,尚書,0,0,1,,0,0,office:尚書都事(epitaph ID:158;add par id:8128)
148010,強寶質,10747,尚書,0,0,1,,0,0,office:尚書□□□□(epitaph ID:645;add par id:16635)
148982,蕭嚴,10747,尚書,0,0,1,,0,0,office:尚書令(epitaph ID:976;add par id:22916)
149195,柳慶,10747,尚書,0,0,1,,0,0,office:司會尚書(epitaph ID:1048;add par id:24266)
149356,蕭造,10747,尚書,0,0,1,,0,0,office:刑、禮二部尚書(epitaph ID:1095;add par id:25311)
170918,裴元質,10747,尚書,0,0,1,,0,0,尚書右丞
172594,楊愔,10747,尚書,0,0,1,,0,0,(北齊)尚書令
172954,房倫,10747,尚書,0,0,1,,0,0,(後魏)殿中尚書
164060,李順,10747,尚書,0,0,1,,0,0,四部尚書
175896,王叡,10747,尚書,0,0,1,,0,0,(後魏)尚書令
175927,王羆,10747,尚書,0,0,1,,0,0,(後魏)尚書令
176862,崔瓚,10747,尚書,0,0,1,,0,0,兼尚書左丞
155651,崔休,10747,尚書,0,0,1,,0,0,(後魏)殿中尚書
177074,崔㥄,10747,尚書,0,0,1,,0,0,(北齊)七兵尚書
177344,崔元孫,10747,尚書,0,0,1,,0,0,(宋)尚書郎
32584,柳範,10747,尚書,0,0,1,,0,0,尚書右丞
178280,柳世隆,10747,尚書,0,0,1,,0,0,(南齊)尚書令
180439,薛彧,10747,尚書,0,0,1,,0,0,尚書
33619,韋憬,10747,尚書,0,0,1,,0,0,尚書左丞
16433,狄孝緒,10747,尚書,0,0,1,,0,0,尚書左丞
12839,敬德亮,10747,尚書,0,0,1,,0,0,(隋)尚書郎
182071,周法尚,10747,尚書,0,0,1,,0,0,(隋)起部尚書
31440,唐邕,10747,尚書,0,0,1,,0,0,尚書令
184022,宋洽,10747,尚書,0,0,1,,0,0,(後魏)七兵尚書
184652,徐君賓,10747,尚書,0,0,1,,0,0,(梁)五兵尚書
194164,沈不害,10747,尚書,0,0,1,,0,0,(陳)尚書左丞
194412,李聰,10747,尚書,0,0,1,,0,0,尚書郎
194681,穆蒲坂,10747,尚書,0,0,1,,0,0,虞曹尚書
194682,穆忸頭,10747,尚書,0,0,1,,0,0,比部尚書
195187,韓均,10747,尚書,0,0,1,,0,0,金部尚書
196130,元善禕,10747,尚書,0,0,1,,0,0,尚書都官郎中
30936,褚亮,10748,尚書殿中侍郎,586,0,1,,0,0,尚書殿中侍郎
95096,魏徴,10759,尚書右丞相,0,0,1,,0,0,尚書右丞
12259,蕭瑀,10762,尚衣,611,0,1,,0,0,尚衣奉御
139017,劉皆,10763,少府監,0,0,1,,0,0,office:少府監中尚丞(epitaph ID:312;add par id:0)
139989,王定,10763,少府監,0,0,1,,0,0,office:行少府監中尚署令(epitaph ID:1244;add par id:0)
195256,馮長命,10763,少府監,0,0,1,,0,0,尚書左丞+少府監+揚州長史
31935,蕭德言,10767,少監,0,0,1,,0,0,秘書少監
171758,竇儼,10775,使,0,0,1,,0,0,都水使者
178698,盧莊,10775,使,0,0,1,,0,0,(後周)都水使者
179832,韋法儁,10775,使,0,0,1,,0,0,都水使者
187393,李仁方,10775,使,0,0,1,,0,0,都水使者
138765,長孫家慶,10779,侍讀,0,0,1,,0,0,office:中山府侍讀文館(epitaph ID:59;add par id:0)
170533,蔡慈,10779,侍讀,0,0,1,,0,0,(陳)鄱陽王侍讀+德囗殿學士
33091,張冲,10779,侍讀,0,0,1,0,0,0,(隋)漢王侍讀
92738,許叔牙,10779,侍讀,627,0,1,,0,0,侍讀
93551,陸士季,10779,侍讀,617,0,1,,0,0,侍讀
94815,溫彥博,10780,侍郎,0,0,1,,0,0,office:侍郎(epitaph ID:62;add par id:0)
138871,辛衡卿,10780,侍郎,0,0,1,,0,0,office:倉部侍郎(epitaph ID:166;add par id:0)
139258,徐綜,10780,侍郎,0,0,1,,0,0,office:宣猛將軍散騎侍郎(epitaph ID:552;add par id:0)
146394,某產之(某月相父),10780,侍郎,0,0,1,,0,0,office:散騎侍郎(epitaph ID:4;add par id:5099)
146637,張素德,10780,侍郎,0,0,1,,0,0,office:侍郎(epitaph ID:95;add par id:7021)
147250,崔仲哲,10780,侍郎,0,0,1,,0,0,office:侍郎(epitaph ID:352;add par id:11389)
147252,崔子博,10780,侍郎,0,0,1,,0,0,office:侍郎(epitaph ID:352;add par id:11408)
147264,王理,10780,侍郎,0,0,1,,0,0,office:侍郎(epitaph ID:355;add par id:11479)
147252,崔子博,10780,侍郎,0,0,1,,0,0,office:侍郎(epitaph ID:489;add par id:13906)
147997,喪梵,10780,侍郎,0,0,1,,0,0,office:侍郎(epitaph ID:642;add par id:16549)
148475,德遇,10780,侍郎,0,0,1,,0,0,office:職方侍郎(epitaph ID:809;add par id:19460)
31534,盧思道,10780,侍郎,0,0,1,,0,0,office:侍郎(epitaph ID:848;add par id:20236)
148794,蔡徹,10780,侍郎,0,0,1,,0,0,office:侍郎(epitaph ID:906;add par id:21627)
12259,蕭瑀,10780,侍郎,0,0,1,,0,0,office:侍郎(epitaph ID:979;add par id:22998)
156321,張元濟,10780,侍郎,0,0,1,,0,0,邢部侍郎
171763,竇彥,10780,侍郎,0,0,1,,0,0,(隋)駕部侍郎
173628,李晧,10780,侍郎,0,0,1,,0,0,(後魏)散騎侍郎
174199,李希遠,10780,侍郎,0,0,1,,0,0,散騎侍郎
175177,李休,10780,侍郎,0,0,1,,0,0,(後魏)散騎侍郎
175867,王景孝,10780,侍郎,0,0,1,,0,0,(隋)屯田侍郎
177969,崔叔重,10780,侍郎,0,0,1,,0,0,(隋)虞部侍郎
163681,于保寧,10780,侍郎,0,0,1,0,0,0,散騎侍郎
180215,薛濬,10780,侍郎,0,0,1,,0,0,(隋)考功侍郎
162854,薛聰,10780,侍郎,0,0,1,,0,0,?日侍郎
31692,唐弘,10780,侍郎,0,0,1,,0,0,(隋)職方侍郎
194133,顏慶,10780,侍郎,0,0,1,,0,0,(梁)鎮北將軍+散騎侍郎+永嘉郡太守
195486,李產之,10780,侍郎,0,0,1,,0,0,(齊)散騎侍郎
139557,李爽,10783,侍御史,0,0,1,,0,0,office:行侍御史(epitaph ID:767;add par id:0)
147206,子治,10783,侍御史,0,0,1,,0,0,office:侍御史(epitaph ID:338;add par id:11149)
147868,陰才,10783,侍御史,0,0,1,,0,0,office:侍御(epitaph ID:600;add par id:15701)
148354,李偉節,10783,侍御史,0,0,1,,0,0,office:侍御史(epitaph ID:767;add par id:18667)
148479,趙澄,10783,侍御史,0,0,1,,0,0,office:侍御史(epitaph ID:809;add par id:19449)
170721,裴大猷,10783,侍御史,0,0,1,,0,0,侍御史
172853,高謐,10783,侍御史,0,0,1,,0,0,侍御史
183852,鄭乾嘉,10783,侍御史,0,0,1,,0,0,(隋)侍御史
184725,徐琛,10783,侍御史,0,0,1,,0,0,侍御史
193966,蕭道賜,10783,侍御史,0,0,1,,0,0,(宋)南臺治中+侍御史
195430,崔子治,10783,侍御史,0,0,1,,0,0,(隋)侍御史
93537,張蘊古,10783,侍御史,617,0,1,,0,0,王世充侍御史
147590,柳暉,10787,侍中,0,0,1,,0,0,office:侍中(epitaph ID:486;add par id:13799)
149510,陳伯謀,10787,侍中,0,0,1,,0,0,office:侍中(epitaph ID:1145;add par id:26478)
149670,陳伯義,10787,侍中,0,0,1,,0,0,office:侍中忠武將軍(epitaph ID:1191;add par id:27490)
164623,蔡衍,10787,侍中,0,0,1,,0,0,(隋)侍中+東閤祭酒
171472,劉洎,10787,侍中,0,0,1,,0,0,相太宗; 侍中+禮戶吏三尚書
171660,蕭介,10787,侍中,0,0,1,,0,0,(梁)侍中
172658,楊儉,10787,侍中,0,0,1,,0,0,(西魏)侍中
33012,王顗,10787,侍中,0,0,1,,0,0,侍中+樂陵守
176653,張彝,10787,侍中,0,0,1,,0,0,(後魏)侍中
177345,崔亮,10787,侍中,0,0,1,,0,0,(後魏)侍中+僕射
178301,柳慶遠,10787,侍中,0,0,1,,0,0,(梁)侍中
178629,辛巨明,10787,侍中,0,0,1,,0,0,(後魏)侍中
183187,鄭幼儒,10787,侍中,0,0,1,,0,0,(後魏)侍中
192767,韋真嘉,10787,侍中,0,0,1,,0,0,(後魏)侍中+馮翊扶風二郡守
193408,孔休源,10787,侍中,0,0,1,,0,0,(梁)侍中
194390,韋瑱,10787,侍中,0,0,1,,0,0,(後周)侍中
194684,穆崇,10787,侍中,0,0,1,,0,0,侍中+太尉
196273,源懷,10787,侍中,0,0,1,,0,0,侍中
18636,許敬宗,10787,侍中,0,0,1,,0,0,侍中
31175,楊師道,10787,侍中,636,0,1,,0,0,侍中
31485,于志寧,10787,侍中,0,0,1,0,0,0,侍中
31628,岑文本,10787,侍中,0,0,28,,0,0,侍中
33013,王珪,10787,侍中,628,0,1,,0,0,侍中
93608,陳叔達,10787,侍中,0,0,1,,0,0,侍中
93608,陳叔達,10787,侍中,621,0,1,,0,0,侍中
94339,高儉,10787,侍中,627,0,1,,0,0,侍中
94348,高馮,10787,侍中,651,0,1,,0,0,侍中
95096,魏徴,10787,侍中,633,0,1,,0,0,侍中
95124,王訓,10787,侍中,0,0,1,,0,0,侍中
173782,李政期,10796,水部郎中,0,0,1,,0,0,水部郎中
194676,穆弘遠,10798,水部員外郎,0,0,1,,0,0,水部員外郎
138886,張舒,10808,司倉,0,0,1,,0,0,"office:州司倉, chaodai:, place:鄧州(epitaph ID:181;add par id:0)"
138893,李君絢,10808,司倉,0,0,1,,0,0,"office:州司倉, chaodai:, place:荊州(epitaph ID:187;add par id:0)"
139041,房基,10808,司倉,0,0,1,,0,0,"office:州司倉, chaodai:隋, place:普州(epitaph ID:336;add par id:0)"
146523,田暉,10808,司倉,0,0,1,,0,0,office:王府司倉參軍(epitaph ID:53;add par id:6147)
147718,靖綜,10808,司倉,0,0,1,,0,0,"office:州司倉, chaodai:, place:博州(epitaph ID:544;add par id:14742)"
147962,樂希有,10808,司倉,0,0,1,,0,0,"office:州司倉, chaodai:隋, place:徐州(epitaph ID:629;add par id:16251)"
148348,伯愛,10808,司倉,0,0,1,,0,0,"office:州司倉, chaodai:隋, place:鄂州(epitaph ID:767;add par id:18732)"
149314,王暉,10808,司倉,0,0,1,,0,0,"office:州司倉, chaodai:隋, place:潞州(epitaph ID:1084;add par id:25086)"
149488,斛斯叔,10808,司倉,0,0,1,,0,0,office:永嘉府司倉參軍事(epitaph ID:1136;add par id:26298)
31597,李惠明,10808,司倉,0,0,1,,0,0,熊州司倉佐
191313,張沔,10808,司倉,0,0,1,,0,0,(唐)豳州司倉援
138740,李壽,10820,司空,0,0,1,,0,0,office:司空(epitaph ID:34;add par id:0)
138740,李壽,10820,司空,0,0,1,,0,0,office:司空(epitaph ID:34;add par id:0)
138740,李壽,10820,司空,0,0,1,,0,0,office:贈司空(epitaph ID:34;add par id:0)
148503,段緣,10820,司空,0,0,1,,0,0,office:司空(epitaph ID:815;add par id:19579)
148590,封回,10820,司空,0,0,1,,0,0,office:司空(epitaph ID:847;add par id:20177)
12259,蕭瑀,10820,司空,0,0,1,,0,0,office:贈司空(epitaph ID:978;add par id:22972)
12259,蕭瑀,10820,司空,0,0,1,,0,0,office:贈司空(epitaph ID:979;add par id:22998)
157867,王裒,10820,司空,0,0,1,,0,0,(後周)司空
31167,楊士雄,10820,司空,0,0,1,,0,0,(隋)雍州牧+司空
172593,楊津,10820,司空,0,0,1,,0,0,(後魏)司空
173138,長孫紹遠,10820,司空,0,0,1,,0,0,(西魏)大司空
155671,于寔,10820,司空,0,0,1,,0,0,(後周)司空
181731,袁昂,10820,司空,0,0,1,,0,0,(梁)司空
189341,韋叔裕,10820,司空,0,0,1,,0,0,(周)司空
192911,侯安都,10820,司空,0,0,1,,0,0,(陳)司空
193924,徐孝嗣,10820,司空,0,0,1,,0,0,(齊)司空
95096,魏徴,10820,司空,0,0,28,,0,0,司空
12259,蕭瑀,10820,司空,,,1,0,0,0,office:贈司空(epitaph ID:979;add par id:22998)
147662,某緒(某行師父),10828,司農卿,0,0,1,,0,0,office:司農卿(epitaph ID:517;add par id:14333)
139226,許緒,10828,司農卿,0,0,1,,0,0,office:司農卿(epitaph ID:1220;add par id:28172)
173869,李瑾,10828,司農卿,0,0,1,,0,0,大司農卿
31146,韋瓚,10828,司農卿,0,0,1,,0,0,(隋)倉部侍郎+尚書右丞+司農卿
193884,裴纂,10828,司農卿,0,0,1,,0,0,(周)太宰師+司農卿
150992,崔樞,10828,司農卿,,,1,,0,0,
31815,竇靜,10828,司農卿,627,628,1,,0,0,
146111,李蕤,10829,司農少卿,0,0,1,,0,0,(後魏)大司農少卿
24633,武士稜,10829,司農少卿,0,0,1,,0,0,司農少卿
31989,裴之隱,10829,司農少卿,618,,1,,0,0,
139166,尉遲恭,10836,司徒,0,0,1,,0,0,office:司徒(epitaph ID:461;add par id:0)
139166,尉遲恭,10836,司徒,0,0,1,,0,0,office:贈司徒(epitaph ID:461;add par id:0)
139166,尉遲恭,10836,司徒,0,0,1,,0,0,office:贈司徒(epitaph ID:461;add par id:0)
146879,董訶通,10836,司徒,0,0,1,,0,0,office:司徒(epitaph ID:186;add par id:8740)
148591,封隆之,10836,司徒,0,0,1,,0,0,office:司徒(epitaph ID:847;add par id:20182)
171046,裴鑒,10836,司徒,0,0,1,,0,0,司徒右長史
172626,楊素,10836,司徒,0,0,1,,0,0,(隋)尚書令+司徒
31070,長孫覽,10836,司徒,0,0,1,,0,0,(後周)大司徒
174277,李德珪,10836,司徒,0,0,1,,0,0,(隋)司徒長史
193655,張裕,10836,司徒,0,0,1,,0,0,(宋)司徒
194038,崔德仁,10836,司徒,0,0,1,,0,0,(宇文朝)司徒府長史
150443,高伯堅,10836,司徒,,,1,,0,6,
33685,顧胤,10839,司文郎中,663,0,1,,0,0,司文郎中
174678,李壽王,10847,司勳郎中,0,0,1,,0,0,司勳郎中
152203,高岳,10855,太保,0,0,1,,0,0,(北齊)太保
175264,李耀,10855,太保,0,0,1,,0,0,(周)太保
182032,豆盧魯元,10855,太保,0,0,1,,0,0,(後魏)太保
179300,盧敬通,10856,太常博士,0,0,1,,0,0,太常博士
182604,唐畛,10856,太常博士,0,0,1,,0,0,太常博士
3685,歐陽詢,10856,太常博士,599,0,1,,0,0,太常博士
30936,褚亮,10856,太常博士,0,0,1,,0,0,太常博士
92738,許叔牙,10856,太常博士,0,0,1,,0,0,太常博士
138871,辛衡卿,10857,太常丞,0,0,1,,0,0,office:太常丞(epitaph ID:166;add par id:0)
147075,韓達,10857,太常丞,0,0,1,,0,0,office:太常丞(epitaph ID:287;add par id:10194)
147473,張珍,10857,太常丞,0,0,1,,0,0,office:太常丞(epitaph ID:441;add par id:12889)
149585,蘇相,10857,太常丞,0,0,1,,0,0,office:太常丞(epitaph ID:1167;add par id:27010)
174087,李德旻,10857,太常丞,0,0,1,,0,0,(隋)太常丞+洛陽縣令
147251,崔長瑜,10859,太常卿,0,0,1,,0,0,office:太常卿(epitaph ID:352;add par id:11401)
138846,段師,10859,太常卿,0,0,1,,0,0,office:左千牛東宮左內率太常卿(epitaph ID:815;add par id:19604)
177042,崔遵,10859,太常卿,0,0,1,,0,0,(後燕)太常卿
177927,崔孝芬,10859,太常卿,0,0,1,,0,0,太常卿
178155,柳亨,10859,太常卿,0,0,1,,0,0,岐州刺史+太常卿
184440,路慶,10859,太常卿,0,0,1,,0,0,(後魏)太常卿
184736,徐弘道,10859,太常卿,0,0,1,,0,0,(陳)太常卿
190205,韋元禮,10859,太常卿,0,0,1,,0,0,(隋)太常卿+浙州刺史
12259,蕭瑀,10859,太常卿,0,0,1,,0,0,太常卿
12259,蕭瑀,10859,太常卿,632,0,1,,0,0,太常卿
30936,褚亮,10859,太常卿,0,0,28,,0,0,太常卿
31175,楊師道,10859,太常卿,0,0,1,,0,0,太常卿
32966,令狐德棻,10859,太常卿,667,0,1,,0,0,太常卿
93613,陳政,10859,太常卿,617,0,1,,0,0,太常卿
93808,鄭元璹,10859,太常卿,618,0,1,,0,0,太常卿
24408,李勣,10859,太常卿,648,,1,1,0,6,
187282,李道宗,10859,太常卿,648,653,1,,0,0,
31175,楊師道,10859,太常卿,634,636,1,,0,0,
31175,楊師道,10859,太常卿,645,647,1,,0,0,
178155,柳亨,10859,太常卿,654,656,1,,0,0,
31791,柳子陽,10859,太常卿,,,1,,0,0,
12199,歐陽通,10859,太常卿,691,,1,,0,0,
31780,竇誕,10859,太常卿,621,627,1,,0,0,
12259,蕭瑀,10859,太常卿,627,630,1,,0,0,
12259,蕭瑀,10859,太常卿,632,634,1,,0,0,
152423,薛景山,10859,太常卿,,,1,,0,0,
181829,唐則,10860,太常少卿,0,0,1,,0,0,太常少卿
183734,鄭道蓋,10860,太常少卿,0,0,1,,0,0,太常少卿
32966,令狐德棻,10860,太常少卿,650,652,1,,0,0,
150360,楊纂,10860,太常少卿,642,644,1,,0,0,
3685,歐陽詢,10860,太常少卿,,,1,,0,0,
162299,裴懷節,10860,太常少卿,636,,1,,0,0,
31039,韋琨,10860,太常少卿,651,658,1,,0,0,
32003,盧彭壽,10861,太常寺奉禮郎,0,0,1,,0,0,太常寺奉禮郎
94339,高儉,10865,太常寺治禮郎,611,0,1,,0,0,治禮郎
139226,許緒,10874,太府卿,0,0,1,,0,0,office:司農太府卿(epitaph ID:520;add par id:0)
147685,某袞(某詮父),10874,太府卿,0,0,1,,0,0,office:太府卿(epitaph ID:527;add par id:14516)
170908,裴良,10874,太府卿,0,0,1,,0,0,(後魏)太府卿+謚貞
170914,裴叔祉,10874,太府卿,0,0,1,,0,0,(北齊)太府卿
31965,李大亮,10874,太府卿,628,,1,,0,0,
12199,歐陽通,10874,太府卿,688,,1,,0,0,
171681,蕭璟,10874,太府卿,643,,1,,0,0,
31237,韋弘敏,10874,太府卿,684,,1,,0,0,
31817,竇師綸,10875,太府少卿,0,0,1,,0,0,太府少卿
151100,封道弘,10875,太府少卿,,,1,,0,0,
172270,陳君賓,10875,太府少卿,628,,1,,0,0,
160862,曹長,10880,太僕卿,0,0,1,,0,0,易州衙前將+試太僕卿
173126,宇文化及,10880,太僕卿,0,0,1,,0,0,(隋)太僕卿
33081,于筠,10880,太僕卿,0,0,1,,0,0,太僕卿
162238,郭徽,10880,太僕卿,0,0,1,,0,0,(隋)太僕卿
195422,李子固,10880,太僕卿,0,0,1,,0,0,(魏)太僕卿
192456,張大師,10880,太僕卿,654,,1,,0,0,
172820,楊孝怡,10880,太僕卿,,,1,,0,0,
150360,楊纂,10880,太僕卿,,,1,,0,0,
32919,獨孤義順,10880,太僕卿,,,1,,0,0,
175838,王神念,10880,太僕卿,,,0,,0,,
31989,裴之隱,10881,太僕少卿,,,1,,0,0,
31037,韋津,10881,太僕少卿,,,1,,0,0,
175263,李弼,10883,太師,0,0,1,,0,0,(後周)太師
155666,于謹,10883,太師,0,0,1,,0,0,(周)太師+太傅
94767,傅弈,10884,太史丞,649,0,1,,0,0,太史丞
138723,胡永,10885,太守,0,0,1,,0,0,"office:、、三郡太守, chaodai:, place:東萊(epitaph ID:18;add par id:0)"
138786,孟保同,10885,太守,0,0,1,,0,0,"office:郡太守, chaodai:陳, place:臨川郡(epitaph ID:81;add par id:0)"
139089,樂文義,10885,太守,0,0,1,,0,0,"office:郡太守, chaodai:隋, place:太原郡(epitaph ID:384;add par id:0)"
139258,徐綜,10885,太守,0,0,1,,0,0,"office:太守, chaodai:陳, place:始安君(epitaph ID:552;add par id:0)"
139258,徐綜,10885,太守,0,0,1,,0,0,"office:郡太守, chaodai:陳, place:始安郡(epitaph ID:552;add par id:0)"
139652,慕容三藏,10885,太守,0,0,1,,0,0,"office:郡太守, chaodai:隋, place:淮南郡(epitaph ID:863;add par id:0)"
139652,慕容三藏,10885,太守,0,0,1,,0,0,"office:太守, chaodai:隋, place:淮南(epitaph ID:863;add par id:0)"
139894,陳察,10885,太守,0,0,1,,0,0,office:太守(epitaph ID:1191;add par id:0)
146398,某期(某長先父),10885,太守,0,0,1,,0,0,"office:郡太守, chaodai:, place:東郡(epitaph ID:5;add par id:5122)"
138723,胡永,10885,太守,0,0,1,,0,0,"office:太守, chaodai:北齊, place:東萊(epitaph ID:23;add par id:5600)"
146461,毛寶成,10885,太守,0,0,1,,0,0,"office:郡太守, chaodai:, place:東涇郡(epitaph ID:25;add par id:5646)"
138723,胡永,10885,太守,0,0,1,,0,0,"office:、二郡太守, chaodai:魏, place:東平(epitaph ID:37;add par id:5847)"
146597,孟智略,10885,太守,0,0,1,,0,0,"office:太守, chaodai:, place:上明(epitaph ID:81;add par id:6783)"
146817,辛琛,10885,太守,0,0,1,,0,0,"office:郡太守, chaodai:魏, place:代郡(epitaph ID:166;add par id:8244)"
138723,胡永,10885,太守,0,0,1,,0,0,"office:、二郡太守, chaodai:隋, place:東萊(epitaph ID:167;add par id:8277)"
146882,斛斯士操,10885,太守,0,0,1,,0,0,office:郡太守(epitaph ID:187;add par id:8764)
147075,韓達,10885,太守,0,0,1,,0,0,"office:郡太守, chaodai:齊, place:琅琊郡(epitaph ID:287;add par id:10194)"
147421,李蓋,10885,太守,0,0,1,,0,0,"office:郡太守, chaodai:齊, place:譙郡(epitaph ID:416;add par id:12508)"
147579,孟仲康,10885,太守,0,0,1,,0,0,"office:太守, chaodai:齊, place:漁陽(epitaph ID:481;add par id:13708)"
147738,徐文整,10885,太守,0,0,1,,0,0,"office:太守, chaodai:梁, place:陽平(epitaph ID:552;add par id:14865)"
148441,張仲,10885,太守,0,0,1,,0,0,office:馬頭江陰二郡太守(epitaph ID:800;add par id:19230)
148592,封子繡,10885,太守,0,0,1,,0,0,"office:太守, chaodai:齊, place:穎川渤海(epitaph ID:847;add par id:20186)"
31534,盧思道,10885,太守,0,0,1,,0,0,"office:太守, chaodai:隋, place:武陽(epitaph ID:848;add par id:20236)"
148620,韓擒某(韓昭父),10885,太守,0,0,1,,0,0,office:本郡太守(epitaph ID:854;add par id:20411)
139652,慕容三藏,10885,太守,0,0,1,,0,0,"office:郡太守, chaodai:隋, place:淮南郡(epitaph ID:865;add par id:20840)"
149215,獨孤宣,10885,太守,0,0,1,,0,0,"office:郡太守, chaodai:隋, place:漢內郡(epitaph ID:1053;add par id:24458)"
149424,麴明,10885,太守,0,0,1,,0,0,office:橫截太守(epitaph ID:1117;add par id:25878)
146120,李弼,10885,太守,0,0,1,,0,0,魏郡太守
146168,李希宗,10885,太守,0,0,1,,0,0,(北齊)(行)上黨太守
146086,崔仲方,10885,太守,0,0,1,,0,0,信都太守
170537,令狐虬,10885,太守,0,0,1,,0,0,(周)敦煌太守
170596,裴天恩,10885,太守,0,0,1,,0,0,(後魏)武都太守
170948,裴雙虎,10885,太守,0,0,1,,0,0,(後魏)河東郡太守
170949,裴秀業,10885,太守,0,0,1,,0,0,天水郡太守
170950,裴邃,10885,太守,0,0,1,,0,0,正平郡太守
171004,裴三虎,10885,太守,0,0,1,,0,0,(後魏)義陽太守
171032,裴耀之,10885,太守,0,0,1,,0,0,高陽太守
171045,裴夙,10885,太守,0,0,1,,0,0,(後魏)河北太守
162209,劉軫,10885,太守,0,0,1,,0,0,(北齊)高平太守
171409,劉珉,10885,太守,0,0,1,,0,0,(北齊)睢陽太守
171450,劉通,10885,太守,0,0,1,,0,0,(後魏)建武將軍+南陽太守
171756,竇甝,10885,太守,0,0,1,,0,0,(後魏)扶風郡太守
171762,竇照,10885,太守,0,0,1,,0,0,蜀郡太守
171764,竇德明,10885,太守,0,0,1,,0,0,晉陵郡太守
171767,竇德素,10885,太守,0,0,1,,0,0,南康郡太守
172414,楊謇,10885,太守,0,0,1,,0,0,汲郡太守
172426,楊烈,10885,太守,0,0,1,,0,0,平原太守
172571,楊珍,10885,太守,0,0,1,,0,0,(後魏)上谷太守
172572,楊真,10885,太守,0,0,1,,0,0,河內+清河二太守
172843,高表,10885,太守,0,0,1,,0,0,(後魏)安德太守
31065,長孫晟,10885,太守,0,0,1,,0,0,(隋)淮陽太守
173329,杜亮,10885,太守,0,0,1,,0,0,(後魏)陳留太守
32680,杜保,10885,太守,0,0,1,,0,0,(隋)鴈門太守
173364,李豫,10885,太守,0,0,1,,0,0,(東晉)西海太守
165894,李承,10885,太守,0,0,1,,0,0,(後魏)滎陽太守
32735,李行之,10885,太守,0,0,1,,0,0,(隋)唐州下溠郡太守
173580,李士萬,10885,太守,0,0,1,,0,0,高都太守
173636,李曉,10885,太守,0,0,1,,0,0,(北齊)廣武東郡太守
173688,李詮,10885,太守,0,0,1,,0,0,(隋)趙郡太守
173835,李續,10885,太守,0,0,1,,0,0,馬頭太守
173865,李勰,10885,太守,0,0,1,,0,0,蘭陵太守
173868,李悅祖,10885,太守,0,0,1,,0,0,中山太守
173870,李子服,10885,太守,0,0,1,,0,0,陽翟太守
173875,李敬叔,10885,太守,0,0,1,,0,0,(後周)聘陳使+義陽太守
173884,李子智,10885,太守,0,0,1,,0,0,晉陵太守
173889,李華,10885,太守,0,0,1,,0,0,(後魏)中山太守
32455,李仲通,10885,太守,0,0,1,,0,0,陽平太守
173979,李延世,10885,太守,0,0,1,,0,0,趙郡太守
174016,李繪,10885,太守,0,0,1,,0,0,(北齊)博陵太守+謚曰景
174026,李均,10885,太守,0,0,1,,0,0,(後魏)趙郡太守
174027,李璨,10885,太守,0,0,1,,0,0,恆山太守
174029,李子雲,10885,太守,0,0,1,,0,0,鉅鹿太守
174154,李叔胤,10885,太守,0,0,1,,0,0,南郡太守
174175,李幼達,10885,太守,0,0,1,,0,0,德廣郡太守
32158,李孝貞,10885,太守,0,0,1,,0,0,(隋)馮翊太守
174991,李脩基,10885,太守,0,0,1,,0,0,(後魏)陳留太守
174993,李鴻鸞,10885,太守,0,0,1,,0,0,河間太守
174994,李士永,10885,太守,0,0,1,,0,0,清河太守
174996,李孝通,10885,太守,0,0,1,,0,0,鉅鹿太守
175007,李希傑,10885,太守,0,0,1,0,0,0,?陵太守
175030,李研,10885,太守,0,0,1,,0,0,高平太守
175032,李文殊,10885,太守,0,0,1,,0,0,高平太守
175037,李孝叡,10885,太守,0,0,1,,0,0,鴈門太守
175048,李曾,10885,太守,0,0,1,,0,0,(後魏)趙郡太守
175052,李撝,10885,太守,0,0,1,,0,0,清河太守
175061,李豹子,10885,太守,0,0,1,,0,0,中山太守
175135,李延,10885,太守,0,0,1,,0,0,(後魏)假趙郡太守
175178,李詵,10885,太守,0,0,1,,0,0,京兆太守
175208,李昞,10885,太守,0,0,1,,0,0,始平太守
175209,李伯膺,10885,太守,0,0,1,,0,0,東郡太守
176005,魏釗,10885,太守,0,0,1,,0,0,義陽太守+陵江將軍
176627,張紹,10885,太守,0,0,1,,0,0,(梁)零陵郡太守
176827,褚法顯,10885,太守,0,0,1,,0,0,(宋)鄱陽太守
177043,崔撫,10885,太守,0,0,1,,0,0,(宋)汝南太守
177045,崔稜,10885,太守,0,0,1,,0,0,(隋)藍田太守
177169,崔子聿,10885,太守,0,0,1,,0,0,(後魏)東莞太守
177772,崔書,10885,太守,0,0,1,,0,0,(後魏)河東太守
177973,崔宣度,10885,太守,0,0,1,,0,0,(隋)恆農太守
177996,崔孝暐,10885,太守,0,0,1,,0,0,(後魏)趙郡太守
178277,柳恬,10885,太守,0,0,1,,0,0,西涼太守
178278,柳憑,10885,太守,0,0,1,,0,0,馮翊太守
178640,辛珍之,10885,太守,0,0,1,,0,0,(後魏)北海太守+謚曰恭
146817,辛琛,10885,太守,0,0,1,,0,0,(後魏)南梁太守
178696,盧道將,10885,太守,0,0,1,,0,0,燕郡太守
178701,盧懷仁,10885,太守,0,0,1,,0,0,(後魏)弘農太守
31534,盧思道,10885,太守,0,0,1,,0,0,(隋)武陽郡太守
179201,盧士熙,10885,太守,0,0,1,,0,0,(北齊)彭城太守
179431,盧士邃,10885,太守,0,0,1,,0,0,中山太守
179437,上官回,10885,太守,0,0,1,,0,0,(後周)襄城太守
179610,趙瑤,10885,太守,0,0,1,,0,0,(後魏)河北太守
179785,陸完,10885,太守,0,0,1,,0,0,(梁)琅邪太守
180068,郝迴,10885,太守,0,0,1,,0,0,(梁)江夏太守
180069,郝破敵,10885,太守,0,0,1,,0,0,(後周)沔州太守
180089,薛榮,10885,太守,0,0,1,,0,0,(後魏)新野武關二郡太守+都督
180182,薛洪隆,10885,太守,0,0,1,,0,0,河東太守+謚曰簡
180237,薛瑚,10885,太守,0,0,1,,0,0,(後魏)河東太守+謚曰簡
180491,薛昶,10885,太守,0,0,1,,0,0,北地太守
180587,薛昂,10885,太守,0,0,1,,0,0,(後魏)河東太守
180686,薛慶,10885,太守,0,0,1,,0,0,(後魏)河東太守
181732,袁君正,10885,太守,0,0,1,,0,0,吳郡太守
181908,敬歸,10885,太守,0,0,1,,0,0,南涼枹罕太守
181910,敬頻,10885,太守,0,0,1,,0,0,(後魏)北絳太守
31692,唐弘,10885,太守,0,0,1,,0,0,西涼武興太守
182350,唐瑤,10885,太守,0,0,1,,0,0,晉昌太守
182508,唐純,10885,太守,0,0,1,,0,0,(後魏)太原太守
162124,唐鑒,10885,太守,0,0,1,,0,0,(隋)雍州太守
182576,唐二政,10885,太守,0,0,1,,0,0,(後周)安東太守
182611,唐諮,10885,太守,0,0,1,,0,0,(後魏)晉昌太守
182612,唐揣,10885,太守,0,0,1,,0,0,北海太守
182613,唐儼,10885,太守,0,0,1,,0,0,東海太守
182614,唐輪,10885,太守,0,0,1,,0,0,青州太守
182618,唐譽,10885,太守,0,0,1,,0,0,殷州太守
183000,鄭子裕,10885,太守,0,0,1,,0,0,武康太守
183680,鄭靈虬,10885,太守,0,0,1,,0,0,滎陽太守
183705,鄭昌,10885,太守,0,0,1,,0,0,(隋)永熙郡太守
183779,鄭季方,10885,太守,0,0,1,,0,0,汝陽太守
183803,鄭季騧,10885,太守,0,0,1,,0,0,滎陽郡太守
183863,鄭宵,10885,太守,0,0,1,,0,0,河間太守
183960,宋恭,10885,太守,0,0,1,,0,0,(前燕)河南太守
183965,宋良,10885,太守,0,0,1,,0,0,(北齊)東郡太守
184030,宋仲羨,10885,太守,0,0,1,,0,0,(後燕)渤海太守
32244,元弘,10885,太守,0,0,1,,0,0,(隋)北平太守
184727,徐元起,10885,太守,0,0,1,,0,0,(隋)濮陽太守
184734,徐康,10885,太守,0,0,1,,0,0,譙郡太守
32201,李亮,10885,太守,0,0,1,,0,0,(隋)趙興太守
153952,李昭貴,10885,太守,0,0,1,,0,0,(隋)廣平太守
186968,李昭仲,10885,太守,0,0,1,,0,0,(周)南陽太守
160106,李禕,10885,太守,0,0,1,,0,0,(隋)陳留太守
190714,李裕,10885,太守,0,0,1,,0,0,(隋)郊州太守
191516,崔恃業,10885,太守,0,0,1,,0,0,常山郡太守
192760,韋閬,10885,太守,0,0,1,,0,0,(後魏)咸陽太守
192761,韋道珍,10885,太守,0,0,1,,0,0,(後魏)威遠將軍+扶風馮翊二郡太守
193886,裴鴻琳,10885,太守,0,0,1,,0,0,易郡太守
139652,慕容三藏,10885,太守,0,0,1,,0,0,(隋)淮南郡太守
153066,崔叔胤,10885,太守,0,0,1,,0,0,(北齊)安東將軍+濮陽太守
194392,韋千雄,10885,太守,0,0,1,,0,0,略陽太守
194399,崔標,10885,太守,0,0,1,,0,0,博陵太守
194408,李頤,10885,太守,0,0,1,0,0,0,高陽太守
194427,柳卓,10885,太守,0,0,1,,0,0,汝南太守
194679,穆尊季,10885,太守,0,0,1,,0,0,(北齊)東郡太守
195024,楊真,10885,太守,0,0,1,,0,0,(魏)天水太守
195210,韓耆,10885,太守,0,0,1,,0,0,(後魏)常山太守
195414,崔辯,10885,太守,0,0,1,,0,0,(後魏)武邑太守
195417,崔琨,10885,太守,0,0,1,,0,0,饒陽令+(行)本郡太守
195420,李祥胤,10885,太守,0,0,1,,0,0,漁陽太守
195421,李慶某,10885,太守,0,0,1,,0,0,魏郡太守
195455,鄭詮,10885,太守,0,0,1,,0,0,(周)咸陽太守
12259,蕭瑀,10885,太守,617,0,1,,0,0,河池郡
13059,李淵(唐高祖),10885,太守,605,0,1,,0,0,榮陽郡
13059,李淵(唐高祖),10885,太守,605,0,1,,0,0,樓煩郡
32158,李孝貞,10885,太守,581,0,1,,0,0,馮翊郡
93808,鄭元璹,10885,太守,617,0,1,,0,0,文城郡
339336,陳深,10885,太守,,,1,,0,0,
444901,王仁恭,10885,太守,,,1,1,0,,
139652,慕容三藏,10887,太尉,0,0,1,,0,0,office:太尉府參軍(epitaph ID:863;add par id:0)
148982,蕭嚴,10887,太尉,0,0,1,,0,0,office:太尉(epitaph ID:976;add par id:22916)
146573,蕭巖,10887,太尉,0,0,1,,0,0,(梁)太尉
150172,蕭岑,10887,太尉,0,0,1,,0,0,(梁)太尉
164581,王僧辯,10887,太尉,0,0,1,,0,0,太尉
177635,于翼,10887,太尉,0,0,1,,0,0,(隋)太尉
193926,徐湛之,10887,太尉,0,0,1,,0,0,太尉
30886,李密,10887,太尉,618,0,1,,0,0,太尉
13060,李世民(唐太宗),10887,太尉,618,,0,,0,,
178697,盧懷祖,10888,太學博士,0,0,1,,0,0,太學博士
91972,馬嘉運,10888,太學博士,637,0,1,,0,0,太學博士
93551,陸士季,10888,太學博士,627,0,1,,0,0,太學博士
92271,孔穎達,10890,太學助教,611,0,1,,0,0,太學助教
138781,段元哲,10892,太子,0,0,1,,0,0,office:行太子(epitaph ID:76;add par id:0)
138781,段元哲,10892,太子,0,0,1,,0,0,office:太子(epitaph ID:76;add par id:0)
138781,段元哲,10892,太子,0,0,1,,0,0,office:行太子(epitaph ID:76;add par id:0)
139095,張才,10892,太子,0,0,1,,0,0,office:儲貳(epitaph ID:390;add par id:0)
139122,張士貴,10892,太子,0,0,1,,0,0,office:太子內率(epitaph ID:417;add par id:0)
139166,尉遲恭,10892,太子,0,0,1,,0,0,office:太子(epitaph ID:461;add par id:0)
139233,某詮,10892,太子,0,0,1,,0,0,office:太子(epitaph ID:527;add par id:0)
139557,李爽,10892,太子,0,0,1,,0,0,office:太子大端尹(epitaph ID:767;add par id:0)
149196,柳機,10892,太子,0,0,1,,0,0,office:太子宮尹(epitaph ID:1048;add par id:24283)
149196,柳機,10892,太子,0,0,1,,0,0,office:太子宮尹(epitaph ID:1049;add par id:24324)
32210,楊昭,10892,太子,0,0,1,,0,0,元德太子+世宗孝成皇帝
174022,李緯,10892,太子,0,0,1,,0,0,(北齊)太子家令+謚曰文
175134,李纘,10892,太子,0,0,1,,0,0,太子祭酒
31948,崔從禮,10892,太子,0,0,1,,0,0,太子家令
30970,姚察,10892,太子,0,0,1,,0,0,(隋)太子內舍人
12255,蕭統,10892,太子,0,0,1,,0,0,(後梁)昭明太子
13060,李世民(唐太宗),10892,太子,626,0,1,,0,0,太子
339336,陳深,10892,太子,588,589,1,0,0,0,
18636,許敬宗,10893,太子賓客,656,0,1,,0,0,太子賓客
31535,盧赤松,10901,太子率更令,0,0,1,,0,0,office:太子率更令(epitaph ID:848;add par id:20244)
3685,歐陽詢,10901,太子率更令,627,0,1,,0,0,太子率更令
93613,陳政,10903,太子千牛備身,599,0,1,,0,0,太子千牛備身
12259,蕭瑀,10907,太子少傅,630,0,1,,0,0,太子少傅
31485,于志寧,10908,太子少師,652,0,1,0,0,0,太子少師
138774,長孫仁,10911,太子舍人,0,0,1,,0,0,office:太子舍人(epitaph ID:69;add par id:0)
146769,樂貞,10911,太子舍人,0,0,1,,0,0,office:太子舍人(epitaph ID:149;add par id:7964)
170577,裴綸,10911,太子舍人,0,0,1,,0,0,太子舍人
171054,裴揔,10911,太子舍人,0,0,1,,0,0,太常博士+太子舍人
174498,李賓王,10911,太子舍人,0,0,1,,0,0,太子舍人
176049,溫振,10911,太子舍人,0,0,1,,0,0,太子舍人
176830,褚象,10911,太子舍人,0,0,1,,0,0,太子舍人
194401,崔寅,10911,太子舍人,0,0,1,,0,0,(後魏)太子舍人+樂安郡守
30936,褚亮,10911,太子舍人,0,0,1,,0,0,太子舍人
33013,王珪,10911,太子舍人,618,0,1,,0,0,太子舍人
92899,李百藥,10911,太子舍人,0,0,1,,0,0,太子舍人
93537,張蘊古,10911,太子舍人,619,0,1,,0,0,太子舍人
93988,趙弘智,10911,太子舍人,0,0,1,,0,0,太子舍人
95124,王訓,10911,太子舍人,0,0,1,,0,0,太子舍人
31935,蕭德言,10912,太子侍讀,643,0,1,,0,0,太子侍讀
12259,蕭瑀,10917,太子太保,0,0,1,,0,0,office:太子太保(epitaph ID:978;add par id:22972)
12259,蕭瑀,10917,太子太保,0,0,1,,0,0,office:太子太保(epitaph ID:979;add par id:22998)
149356,蕭造,10917,太子太保,0,0,1,,0,0,office:太子太保(epitaph ID:1095;add par id:25311)
149356,蕭造,10917,太子太保,0,0,1,,0,0,刑禮二部尚書+太子太保
12259,蕭瑀,10917,太子太保,643,0,1,,0,0,太子太保
156042,柳敏,10919,太子太傅,0,0,1,,0,0,(周)太子太傅
31485,于志寧,10920,太子太師,656,0,1,0,0,0,太子太師
95096,魏徴,10920,太子太師,0,0,1,,0,0,太子太師
148704,楊正巒,10925,太子洗馬,0,0,1,,0,0,office:太子洗馬(epitaph ID:880;add par id:21110)
31936,蕭沈,10925,太子洗馬,0,0,1,,0,0,太子洗馬
158254,崔世濟,10925,太子洗馬,0,0,1,,0,0,太子洗馬
186884,李達摩,10925,太子洗馬,0,0,1,,0,0,(後周)羽林監+太子洗馬
152253,許叔牙,10925,太子洗馬,0,0,1,,0,0,(唐)太子洗馬
92625,劉孝孫,10925,太子洗馬,0,0,1,,0,0,太子洗馬
92738,許叔牙,10925,太子洗馬,643,0,1,,0,0,太子洗馬
94165,姚簡,10925,太子洗馬,626,0,1,,0,0,太子洗馬
94181,賀德仁,10925,太子洗馬,0,0,1,,0,0,太子洗馬
95096,魏徴,10925,太子洗馬,0,0,1,,0,0,洗馬
93580,陳子良,10929,太子學士,0,0,1,,0,0,太子學士
94815,溫彥博,10930,太子右庶子,0,0,1,,0,0,office:檢校太子右庶子(epitaph ID:62;add par id:0)
150053,崔至仁,10930,太子右庶子,0,0,1,,0,0,(隋)長安縣令+雍州司馬+尚書右丞+太子右庶子+雍州長史
18636,許敬宗,10930,太子右庶子,0,0,1,,0,0,太子右庶子
22793,虞世南,10930,太子右庶子,0,0,1,,0,0,太子右庶子
32966,令狐德棻,10930,太子右庶子,641,643,1,,0,0,太子右庶子
33013,王珪,10930,太子右庶子,627,0,1,,0,0,太子右庶子
92271,孔穎達,10930,太子右庶子,0,0,1,,0,0,太子右庶子
92899,李百藥,10930,太子右庶子,630,0,1,,0,0,太子右庶子
92899,李百藥,10930,太子右庶子,636,0,36,,0,0,太子右庶子
93988,趙弘智,10930,太子右庶子,0,0,1,,0,0,太子右庶子
94339,高儉,10930,太子右庶子,0,0,1,,0,0,太子右庶子
94348,高馮,10930,太子右庶子,643,0,1,,0,0,太子右庶子
94815,溫彥博,10930,太子右庶子,627,0,1,,0,0,太子右庶子
151477,李希仁,10937,太子詹事,0,0,1,,0,0,(北齊)太子詹事
31039,韋琨,10937,太子詹事,0,0,1,,0,0,太子詹事
31485,于志寧,10937,太子詹事,640,0,1,0,0,0,太子詹事
22793,虞世南,10941,太子中舍人,626,0,1,,0,0,太子中舍人
94181,賀德仁,10941,太子中舍人,0,0,1,,0,0,太子中舍人
147007,王敞,10942,太子中庶子,0,0,1,,0,0,office:中庶子(epitaph ID:261;add par id:9690)
95124,王訓,10942,太子中庶子,0,0,1,,0,0,太子中庶子
30936,褚亮,10943,太子中允,0,0,1,,0,0,太子中允
33013,王珪,10943,太子中允,618,0,1,,0,0,太子中允
92271,孔穎達,10943,太子中允,630,0,1,,0,0,太子中允
31544,盧昌衡,10945,太子左庶子,0,0,1,,0,0,(隋)太子左庶子
31485,于志寧,10945,太子左庶子,0,0,1,0,0,0,太子左庶子
92838,杜正倫,10945,太子左庶子,0,0,1,,0,0,太子左庶子
94815,溫彥博,10950,特進,0,0,1,,0,0,office:特進(epitaph ID:62;add par id:0)
30965,豆盧寬,10950,特進,0,0,1,,0,0,office:贈特進(epitaph ID:470;add par id:13525)
12259,蕭瑀,10950,特進,0,0,1,,0,0,office:特進(epitaph ID:978;add par id:22972)
12259,蕭瑀,10950,特進,0,0,1,,0,0,office:特進(epitaph ID:979;add par id:22998)
12259,蕭瑀,10950,特進,632,0,1,,0,0,特進
95096,魏徴,10950,特進,0,0,1,,0,0,特進
31485,于志寧,10954,天策府中郎,0,0,1,0,0,0,天策府中郎
13060,李世民(唐太宗),10955,天策上將軍,621,,0,,0,,
94815,溫彥博,10964,通事舍人,0,0,1,,0,0,office:通事舍人(epitaph ID:62;add par id:0)
138774,長孫仁,10964,通事舍人,0,0,1,,0,0,office:通事舍人(epitaph ID:69;add par id:0)
139233,某詮,10964,通事舍人,0,0,1,,0,0,office:通事舍人(epitaph ID:527;add par id:0)
146121,薛元嘏,10964,通事舍人,0,0,1,,0,0,office:通事舍人(epitaph ID:448;add par id:13009)
180830,韋福獎,10964,通事舍人,0,0,1,,0,0,(隋)通事舍人+洛州司法
183204,鄭德峯,10964,通事舍人,0,0,1,,0,0,通事舍人
184612,徐榮,10964,通事舍人,0,0,1,,0,0,(隋)通事舍人
30938,褚遂良,10964,通事舍人,617,0,1,,0,0,薛舉通事舍人
93613,陳政,10965,通事謁者,0,0,1,,0,0,通事謁者
138881,張雲,10966,通議大夫,0,0,1,,0,0,office:通議大夫(epitaph ID:176;add par id:0)
139057,崔泰,10966,通議大夫,0,0,1,,0,0,office:通議大夫(epitaph ID:352;add par id:0)
139429,梁秀,10966,通議大夫,0,0,1,,0,0,office:通議大夫(epitaph ID:639;add par id:0)
146959,孫建,10966,通議大夫,0,0,1,,0,0,office:通議大夫(epitaph ID:242;add par id:9349)
172375,封孝琰,10967,通直散騎常侍,0,0,1,,0,0,(北齊)通直散騎常侍
194284,蘇彤,10967,通直散騎常侍,0,0,1,,0,0,(後魏)通直散騎常侍
148503,段緣,10967,通直散騎常侍,0,0,1,,0,0,(魏)通直散騎常侍+司空
148354,李偉節,10968,通直散騎侍郎,0,0,1,,0,0,office:通直散騎侍郎(epitaph ID:767;add par id:18667)
173411,李瑾,10968,通直散騎侍郎,0,0,1,,0,0,(後魏)通直散騎侍郎
179430,盧文符,10968,通直散騎侍郎,0,0,1,,0,0,(後魏)通直散騎侍郎
94165,姚簡,10968,通直散騎侍郎,0,0,1,,0,0,通直散騎侍郎
94815,溫彥博,10969,通直謁者,0,0,1,,0,0,通直謁者
12259,蕭瑀,10976,同中書門下三品,643,646,1,,0,0,同中書門下三品
30938,褚遂良,10976,同中書門下三品,652,0,1,,0,0,同中書門下三品
31485,于志寧,10976,同中書門下三品,651,0,1,0,0,0,同中書門下三品
31485,于志寧,10976,同中書門下三品,656,0,1,0,0,0,同中書門下三品
92838,杜正倫,10976,同中書門下三品,0,0,1,,0,0,同中書門下三品
94339,高儉,10976,同中書門下三品,635,0,1,,0,0,同中書門下三品
178184,柳潁之,10991,屯田員外郎,0,0,1,,0,0,屯田員外郎
138810,某懷文,10996,王府參軍,0,0,1,,0,0,office:晉王府參軍(epitaph ID:105;add par id:0)
138826,何相,10996,王府參軍,0,0,1,,0,0,office:齊王府參軍事(epitaph ID:121;add par id:0)
138973,趙安,10996,王府參軍,0,0,1,,0,0,office:蔡王府參軍(epitaph ID:268;add par id:0)
139415,李文,10996,王府參軍,0,0,1,,0,0,office:晉王府參軍事(epitaph ID:625;add par id:0)
147134,王宗,10996,王府參軍,0,0,1,,0,0,"office:王府參軍, chaodai:隋, place:河南王府(epitaph ID:313;add par id:10627)"
22793,虞世南,10996,王府參軍,0,0,1,,0,0,秦府參軍
94165,姚簡,10996,王府參軍,599,606,1,,0,0,漢王府參軍
139029,席泰,10997,王府倉曹參軍,0,0,1,,0,0,office:魏王府倉曹參軍事(epitaph ID:324;add par id:0)
138809,王仁則,10999,王府典簽,0,0,1,,0,0,office:王府典簽(epitaph ID:104;add par id:0)
147592,柳遜,10999,王府典簽,0,0,1,,0,0,office:晉王府典簽(epitaph ID:486;add par id:13811)
22793,虞世南,11000,王府法曹參軍,563,0,1,,0,0,建安王法曹參軍
138788,某孝基,11003,王府記室參軍,0,0,1,,0,0,office:滕王府記室參軍(epitaph ID:83;add par id:0)
138810,某懷文,11003,王府記室參軍,0,0,1,,0,0,office:□王記室(epitaph ID:105;add par id:0)
18768,薛收,11003,王府記室參軍,621,0,1,,0,0,天策府記室參軍
32736,李玄道,11003,王府記室參軍,0,0,1,,0,0,李密記室
93551,陸士季,11003,王府記室參軍,617,0,1,,0,0,越王侗記室
93580,陳子良,11003,王府記室參軍,599,0,1,,0,0,楊素記室
94145,祖君彥,11003,王府記室參軍,618,0,1,,0,0,李密記室
94181,賀德仁,11003,王府記室參軍,599,0,1,,0,0,豫章王記室參軍
95148,徐之才,11005,王府幕僚,0,0,1,,0,0,豫章王蔣綜幕僚
139648,費胤斌,11009,王府司馬,0,0,1,,0,0,"office:王府司馬, chaodai:, place:鄧(epitaph ID:859;add par id:0)"
139648,費胤斌,11009,王府司馬,0,0,1,,0,0,office:吳王府司馬(epitaph ID:859;add par id:0)
139648,費胤斌,11009,王府司馬,0,0,1,,0,0,office:吳王府司馬(epitaph ID:859;add par id:0)
139648,費胤斌,11009,王府司馬,0,0,1,,0,0,office:曹王府司馬遷長史(epitaph ID:859;add par id:0)
183772,鄭道成,11009,王府司馬,0,0,1,,0,0,紀王府司馬
93407,張後胤,11009,王府司馬,0,0,1,,0,0,燕王府司馬
30936,褚亮,11010,王府文學,0,0,1,,0,0,秦王文學
92738,許叔牙,11010,王府文學,627,0,1,,0,0,晉王文學
93407,張後胤,11010,王府文學,618,0,1,,0,0,齊王府文學
93407,張後胤,11010,王府文學,0,0,1,,0,0,酆王府文學
94165,姚簡,11010,王府文學,0,0,1,,0,0,秦王李世民文學
92838,杜正倫,11011,王府文學館,638,0,1,,0,0,直秦王府文學館
92625,劉孝孫,11012,王府文學館博士,0,0,1,,0,0,秦王府文學館博士
32807,陸元明,11014,王府學士,0,0,1,,0,0,秦王府學士
18636,許敬宗,11014,王府學士,618,0,1,,0,0,秦王府學士
18768,薛收,11016,王府主簿,0,0,1,,0,0,秦府主簿
32736,李玄道,11016,王府主簿,621,0,1,,0,0,秦王府主簿
32736,李玄道,11017,王府屬官,599,0,1,,0,0,齊王府屬
94181,賀德仁,11017,王府屬官,604,0,1,,0,0,齊王府屬
92625,劉孝孫,11018,王府諮議參軍,641,0,1,,0,0,吳王府諮議參軍
93407,張後胤,11018,王府諮議參軍,627,0,1,,0,0,燕王諮議參軍
93551,陸士季,11020,王府左常侍,573,0,1,,0,0,桂陽王府左常侍
93537,張蘊古,11030,總管府記室,618,0,1,,0,0,廬江王李瑗幽州總管府記室
147477,王儜,11031,王友,0,0,1,,0,0,"office:孝政王友, chaodai:, place:汝南(epitaph ID:444;add par id:12922)"
32159,李太冲,11031,王友,0,0,1,0,0,0,雍王友
181799,姚最,11031,王友,0,0,1,,0,0,蜀王友
92625,劉孝孫,11031,王友,632,0,1,,0,0,吳王友
93407,張後胤,11031,王友,0,0,1,,0,0,燕王友
94181,賀德仁,11031,王友,573,0,1,,0,0,吳興王友
94181,賀德仁,11031,王友,627,0,1,,0,0,趙王李福友
95124,王訓,11031,王友,0,0,1,,0,0,宣城王友
139057,崔泰,11034,衛兵曹,0,0,1,,0,0,office:左武衛兵曹(epitaph ID:352;add par id:0)
148824,周雄,11034,衛兵曹,0,0,1,,0,0,office:左驍衛兵曹(epitaph ID:916;add par id:21805)
30861,杜淹,11035,衛兵曹参軍,618,0,1,,0,0,天策府兵曹參軍
138740,李壽,11038,衛大將軍,0,0,1,,0,0,office:右翊衛大將軍(epitaph ID:34;add par id:0)
138740,李壽,11038,衛大將軍,0,0,1,,0,0,office:左武衛大將軍(epitaph ID:34;add par id:0)
138740,李壽,11038,衛大將軍,0,0,1,,0,0,office:右翊衛大將軍(epitaph ID:34;add par id:0)
138740,李壽,11038,衛大將軍,0,0,1,,0,0,office:左武衛大將軍(epitaph ID:34;add par id:0)
139122,張士貴,11038,衛大將軍,0,0,1,,0,0,office:右屯衛大將軍(epitaph ID:417;add par id:0)
139652,慕容三藏,11038,衛大將軍,0,0,1,,0,0,office:武衛大將軍(epitaph ID:863;add par id:0)
147452,某法尚(某紹業父),11038,衛大將軍,0,0,1,,0,0,office:左武衛大將軍(epitaph ID:431;add par id:12781)
146742,段達,11038,衛大將軍,0,0,1,,0,0,office:右驍衛大將軍(epitaph ID:815;add par id:19598)
13751,張公謹,11038,衛大將軍,0,0,1,,0,0,office:左驍衛大將軍(epitaph ID:1235;add par id:28470)
170276,契苾葛,11038,衛大將軍,0,0,1,,0,0,(隋)右武衛大將軍+賀蘭州都督
31778,竇榮定,11038,衛大將軍,0,0,1,,0,0,(隋)右武候大將軍+右武衛大將軍+秦冀洛等十州刺史
173124,宇文述,11038,衛大將軍,0,0,1,,0,0,(隋)左翊衛大將軍
32029,李粲,11038,衛大將軍,0,0,1,,0,0,左武衛大將軍
32340,王長諧,11038,衛大將軍,0,0,1,,0,0,左武衛大將軍+秦州都督
31487,于仲文,11038,衛大將軍,0,0,1,,0,0,(隋)右翊衛大將軍
32212,崔弘昇,11038,衛大將軍,0,0,1,,0,0,(隋)左武衛大將軍
181296,郭廣敬,11038,衛大將軍,0,0,1,,0,0,左威衛大將軍
12198,歐陽紇,11038,衛大將軍,0,0,1,,0,0,(隋)左屯衛大將軍+廣州刺史
182073,周紹範,11038,衛大將軍,0,0,1,,0,0,左屯衛大將軍
184150,渾潭,11038,衛大將軍,0,0,1,,0,0,(隋)左玉鈐衛大將軍
184151,渾迥貴,11038,衛大將軍,0,0,1,,0,0,豹韜衛大將軍
184876,安脩仁,11038,衛大將軍,0,0,1,,0,0,左驍衛大將軍
194469,竇紹,11038,衛大將軍,0,0,1,,0,0,左武衛大將軍
195635,丘和,11038,衛大將軍,0,0,1,,0,0,(唐)左武衛大將軍
146742,段達,11038,衛大將軍,0,0,1,,0,0,(隋)右驍衛大將軍
32202,李神通,11038,衛大將軍,618,0,1,,0,0,右翊衛大將軍
138773,羅副,11039,衛將軍,0,0,1,,0,0,office:左驍衛將軍(epitaph ID:68;add par id:0)
138773,羅副,11039,衛將軍,0,0,1,,0,0,office:守左驍衛將軍(epitaph ID:68;add par id:0)
172221,竇襲,11039,衛將軍,0,0,1,,0,0,右武衛將軍
175269,李偉,11039,衛將軍,0,0,1,,0,0,左千衛將軍
196177,李廣,11039,衛將軍,0,0,1,,0,0,右武衛將軍
32202,李神通,11039,衛將軍,0,0,1,,0,0,左武衛大將軍
175838,王神念,11039,衛將軍,,,0,,0,,"普通中，大舉北伐，徵爲右衞將軍。
［唐］姚思廉 撰；中華書局編輯部 點校：《梁書·卷三十九　列傳第三十三·王神念》，中華書局，1973年5月，第1版，第556頁"
139029,席泰,11040,衛鎧曹參軍,0,0,1,,0,0,office:左屯衛鎧曹參軍事(epitaph ID:324;add par id:0)
146891,武雅,11040,衛鎧曹參軍,0,0,1,,0,0,office:右衛鎧曹參軍(epitaph ID:214;add par id:8913)
17868,唐臨,11040,衛鎧曹參軍,0,0,1,,0,0,右衛率府鎧曹參軍
172863,高正初,11041,衛郎將,0,0,1,,0,0,(隋)左金吾衛郎將
139557,李爽,11042,衛錄事參軍,0,0,1,,0,0,office:右衛錄事參軍(epitaph ID:767;add par id:0)
93580,陳子良,11044,衛率府長史,622,0,1,,0,0,右衛率府長史
31785,柳則,11045,衛騎曹參軍,0,0,1,,0,0,(隋)左衛騎曹參軍
138846,段師,11049,衛尉卿,0,0,1,,0,0,office:衛尉卿(epitaph ID:141;add par id:0)
147452,某法尚(某紹業父),11049,衛尉卿,0,0,1,,0,0,office:衛尉卿(epitaph ID:431;add par id:12781)
149095,某義慈(某隆父),11049,衛尉卿,0,0,1,,0,0,office:衛尉卿(epitaph ID:1013;add par id:23628)
171389,劉權,11049,衛尉卿,0,0,1,,0,0,(隋)衛尉卿
176148,張弘策,11049,衛尉卿,0,0,1,,0,0,(梁)衛尉卿
178580,許亨,11049,衛尉卿,0,0,1,,0,0,(陳)衛尉卿
31485,于志寧,11049,衛尉卿,644,647,1,0,0,0,
142459,唐儉,11049,衛尉卿,635,,1,,0,0,
18636,許敬宗,11049,衛尉卿,652,655,1,,0,0,
183684,鄭筠,11049,衛尉卿,,,1,,0,0,
181293,郭弘道,11049,衛尉卿,620,,1,,0,0,
172842,高正臣,11049,衛尉卿,,,1,,0,0,
31485,于志寧,11051,衛尉少卿,0,627,1,0,0,0,
20212,劉政會,11051,衛尉少卿,618,619,1,,0,0,
18636,許敬宗,11052,衛翊府中郎將,652,0,1,,0,0,衛尉卿
12259,蕭瑀,11053,衛鷹揚郎將,611,0,1,,0,0,左翊衛鷹揚郎將
444853,趙文恪,11053,衛鷹揚郎將,,,0,,0,,隋末，爲鷹揚府司馬。（［後晉］劉昫 等 撰；中華書局編輯部 點校：《舊唐書·卷五十七　列傳第七·趙文恪》，中華書局，1975年5月，第1版，第2296頁-第2297頁）
13059,李淵(唐高祖),11054,衛冑曹參軍,614,0,1,,0,0,衛尉少卿
138743,胡儼,11060,文林郎,0,0,1,,0,0,office:吏部文林郎(epitaph ID:37;add par id:0)
139222,耿文訓,11060,文林郎,0,0,1,,0,0,office:文林郎(epitaph ID:516;add par id:0)
139253,某某,11060,文林郎,0,0,1,,0,0,office:文林郎(epitaph ID:547;add par id:0)
139402,仵某,11060,文林郎,0,0,1,,0,0,office:文林郎(epitaph ID:612;add par id:0)
139496,張某,11060,文林郎,0,0,1,,0,0,office:文林郎(epitaph ID:706;add par id:0)
139595,蓋蕃,11060,文林郎,0,0,1,,0,0,office:文林郎(epitaph ID:805;add par id:0)
147434,安遠,11060,文林郎,0,0,1,,0,0,office:文林郎(epitaph ID:420;add par id:12673)
148468,某達(某碩父),11060,文林郎,0,0,1,,0,0,office:吏部文林郎(epitaph ID:807;add par id:19397)
148471,王約,11060,文林郎,0,0,1,,0,0,office:文林郎(epitaph ID:808;add par id:19419)
94815,溫彥博,11060,文林郎,600,0,1,,0,0,文林郎
18768,薛收,11062,文學館學士,623,0,1,,0,0,文學館學士
30861,杜淹,11062,文學館學士,618,0,1,,0,0,文學館學士
31485,于志寧,11062,文學館學士,0,0,1,0,0,0,文學館學士
32736,李玄道,11062,文學館學士,621,0,1,,0,0,文學館學士
92271,孔穎達,11062,文學館學士,621,0,1,,0,0,文學館學士
94165,姚簡,11062,文學館學士,0,0,1,,0,0,文學館學士
139608,張曉,11065,武賁郎將,0,0,1,,0,0,office:右武衛武賁郎將(epitaph ID:818;add par id:0)
139608,張曉,11065,武賁郎將,0,0,1,,0,0,office:武賁郎將(epitaph ID:800;add par id:19246)
148639,費清,11065,武賁郎將,0,0,1,0,0,0,office:左驍衛武賁郎將(epitaph ID:859;add par id:20604)
93808,鄭元璹,11065,武賁郎將,0,0,1,,0,0,武賁郎將
175680,王德本,11073,西臺舍人,0,0,1,,0,0,西臺舍人
146550,王珍業,11076,襲爵,0,0,1,,0,0,office:襲爵(epitaph ID:66;add par id:6452)
146891,武雅,11076,襲爵,0,0,1,,0,0,"office:襲爵公, chaodai:, place:宣城(epitaph ID:214;add par id:8913)"
147251,崔長瑜,11076,襲爵,0,0,1,,0,0,"office:襲爵男, chaodai:, place:安平(epitaph ID:352;add par id:11401)"
147302,賈憲,11076,襲爵,0,0,1,,0,0,"office:縣襲爵開國子, chaodai:, place:武鄉縣(epitaph ID:909;add par id:21692)"
148895,元善積,11076,襲爵,0,0,1,,0,0,"office:襲爵公, chaodai:隋, place:安善(epitaph ID:948;add par id:22347)"
146086,崔仲方,11087,縣伯,0,0,1,,0,9,固安縣伯
138710,某長先,11089,縣長,0,0,1,,0,0,"office:縣長, chaodai:, place:河南郡新安(epitaph ID:5;add par id:0)"
138744,某謩,11089,縣長,0,0,1,,0,0,"office:縣長, chaodai:, place:并州晉陽縣(epitaph ID:38;add par id:0)"
138803,劉政,11089,縣長,0,0,1,,0,0,"office:縣長, chaodai:隋, place:西平郡化隆縣(epitaph ID:98;add par id:0)"
138803,劉政,11089,縣長,0,0,1,,0,0,"office:縣長, chaodai:隋, place:化隆縣(epitaph ID:98;add par id:0)"
138890,侯雲,11089,縣長,0,0,1,,0,0,"office:縣長, chaodai:隋, place:樓煩郡秀容縣(epitaph ID:184;add par id:0)"
138890,侯雲,11089,縣長,0,0,1,,0,0,office:樓煩郡秀容縣長(epitaph ID:184;add par id:0)
138950,楊仁方,11089,縣長,0,0,1,,0,0,"office:縣長, chaodai:, place:冀城(epitaph ID:245;add par id:0)"
147300,韓節,11089,縣長,0,0,1,,0,0,"office:縣長, chaodai:隋, place:南陽郡果陽縣(epitaph ID:370;add par id:11731)"
148069,張弘,11089,縣長,0,0,1,,0,0,"office:縣長, chaodai:隋, place:彭城縣(epitaph ID:667;add par id:17045)"
148397,郭衡,11089,縣長,0,0,1,,0,0,"office:縣長, chaodai:隋, place:湘潭縣(epitaph ID:785;add par id:19037)"
148976,蕭寵,11089,縣長,0,0,1,,0,0,"office:縣長, chaodai:隋, place:同昌郡怙夷縣(epitaph ID:976;add par id:22937)"
149560,元叡,11089,縣長,0,0,1,,0,0,"office:縣長, chaodai:隋, place:密州巫山縣(epitaph ID:1158;add par id:26818)"
31485,于志寧,11089,縣長,617,618,1,0,0,0,冠氏縣長
138724,郭通,11090,縣丞,0,0,1,,0,0,"office:縣丞, chaodai:, place:慈州滏陽縣(epitaph ID:19;add par id:0)"
138743,胡儼,11090,縣丞,0,0,1,,0,0,"office:縣丞, chaodai:, place:新喻縣(epitaph ID:37;add par id:0)"
138743,胡儼,11090,縣丞,0,0,1,,0,0,"office:州親喻縣丞, chaodai:, place:袁州(epitaph ID:37;add par id:0)"
138760,某孝敏,11090,縣丞,0,0,1,,0,0,"office:縣丞, chaodai:, place:相州安縣(epitaph ID:54;add par id:0)"
138766,王安,11090,縣丞,0,0,1,,0,0,"office:縣丞, chaodai:, place:虞鄉縣(epitaph ID:60;add par id:0)"
138766,王安,11090,縣丞,0,0,1,,0,0,office:太僕寺典牧署丞(epitaph ID:60;add par id:0)
138796,杜各榮,11090,縣丞,0,0,1,,0,0,"office:縣丞, chaodai:, place:蘇州吳縣(epitaph ID:91;add par id:0)"
138807,某賓,11090,縣丞,0,0,1,,0,0,"office:縣丞, chaodai:, place:洪杜縣(epitaph ID:102;add par id:0)"
138854,樂善文,11090,縣丞,0,0,1,,0,0,"office:縣丞, chaodai:, place:絳州稷山縣(epitaph ID:149;add par id:0)"
138863,丘蘊,11090,縣丞,0,0,1,,0,0,"office:縣丞, chaodai:, place:益州新津縣(epitaph ID:158;add par id:0)"
138891,董柱,11090,縣丞,0,0,1,,0,0,"office:縣丞, chaodai:, place:徐州沛縣(epitaph ID:185;add par id:0)"
138936,王順孫,11090,縣丞,0,0,1,,0,0,"office:、、二縣丞, chaodai:, place:終南(epitaph ID:231;add par id:0)"
138938,支彥,11090,縣丞,0,0,1,,0,0,"office:縣丞, chaodai:隋, place:豫州保城縣(epitaph ID:233;add par id:0)"
138950,楊仁方,11090,縣丞,0,0,1,,0,0,"office:丞, chaodai:, place:玄武(epitaph ID:245;add par id:0)"
138950,楊仁方,11090,縣丞,0,0,1,,0,0,"office:縣丞, chaodai:, place:梓州玄武縣(epitaph ID:245;add par id:0)"
138965,皇甫德相,11090,縣丞,0,0,1,,0,0,"office:縣丞, chaodai:, place:歸州興山縣(epitaph ID:260;add par id:0)"
138966,王宏,11090,縣丞,0,0,1,,0,0,"office:丞, chaodai:隋, place:河內濟源(epitaph ID:261;add par id:0)"
138983,閻志雄,11090,縣丞,0,0,1,,0,0,"office:縣丞, chaodai:, place:豳州新平縣(epitaph ID:278;add par id:0)"
139021,李信,11090,縣丞,0,0,1,,0,0,"office:縣丞, chaodai:, place:羅川縣(epitaph ID:316;add par id:0)"
139057,崔泰,11090,縣丞,0,0,1,,0,0,"office:縣丞, chaodai:, place:萬年縣(epitaph ID:352;add par id:0)"
139066,高儼仁,11090,縣丞,0,0,1,,0,0,"office:縣丞, chaodai:, place:始州黃安縣(epitaph ID:361;add par id:0)"
139066,高儼仁,11090,縣丞,0,0,1,,0,0,"office:縣丞, chaodai:, place:揚州高郵(epitaph ID:361;add par id:0)"
139066,高儼仁,11090,縣丞,0,0,1,,0,0,"office:縣丞, chaodai:, place:始州黃安(epitaph ID:361;add par id:0)"
139092,王卿,11090,縣丞,0,0,1,,0,0,"office:縣丞, chaodai:, place:光州光山縣(epitaph ID:387;add par id:0)"
139101,段秀,11090,縣丞,0,0,1,,0,0,"office:縣丞, chaodai:, place:瀛州河間縣(epitaph ID:396;add par id:0)"
139105,王立,11090,縣丞,0,0,1,,0,0,"office:縣丞, chaodai:齊, place:隴州吳山縣(epitaph ID:400;add par id:0)"
139167,張弘,11090,縣丞,0,0,1,,0,0,"office:縣丞, chaodai:, place:絳州夏縣(epitaph ID:462;add par id:0)"
139187,孟普,11090,縣丞,0,0,1,,0,0,"office:縣丞, chaodai:隋, place:觀州東光縣(epitaph ID:481;add par id:0)"
139187,孟普,11090,縣丞,0,0,1,,0,0,"office:縣丞, chaodai:隋, place:絳州絳縣(epitaph ID:481;add par id:0)"
139423,宋璋,11090,縣丞,0,0,1,,0,0,"office:縣丞, chaodai:, place:深州晏城縣(epitaph ID:633;add par id:0)"
139432,喪弘毅,11090,縣丞,0,0,1,,0,0,"office:縣丞, chaodai:唐朝, place:荊州公安縣(epitaph ID:642;add par id:0)"
139496,張某,11090,縣丞,0,0,1,,0,0,"office:縣丞, chaodai:隋, place:洛州緱氏縣(epitaph ID:706;add par id:0)"
139520,張仁,11090,縣丞,0,0,1,,0,0,"office:縣丞, chaodai:, place:龍門縣(epitaph ID:730;add par id:0)"
139521,張善,11090,縣丞,0,0,1,,0,0,"office:縣丞, chaodai:, place:黔州洪杜縣(epitaph ID:731;add par id:0)"
139521,張善,11090,縣丞,0,0,1,,0,0,"office:縣丞, chaodai:, place:黔州洪杜(epitaph ID:731;add par id:0)"
139595,蓋蕃,11090,縣丞,0,0,1,,0,0,"office:縣丞, chaodai:隋, place:曹州離狐縣(epitaph ID:805;add par id:0)"
139595,蓋蕃,11090,縣丞,0,0,1,,0,0,"office:縣丞, chaodai:隋, place:西州蒲昌縣(epitaph ID:805;add par id:0)"
139603,樂玄,11090,縣丞,0,0,1,,0,0,"office:縣丞, chaodai:, place:汴州中牟縣(epitaph ID:813;add par id:0)"
139651,畢粹,11090,縣丞,0,0,1,,0,0,"office:縣丞, chaodai:, place:德州平原縣(epitaph ID:862;add par id:0)"
139651,畢粹,11090,縣丞,0,0,1,,0,0,"office:縣丞, chaodai:, place:蓬州安固縣(epitaph ID:862;add par id:0)"
139666,曹澄,11090,縣丞,0,0,1,,0,0,"office:縣丞, chaodai:, place:濟州盧縣(epitaph ID:877;add par id:0)"
139411,李辯,11090,縣丞,0,0,1,,0,0,"office:縣丞, chaodai:, place:許州長葛縣(epitaph ID:894;add par id:0)"
139698,賈整,11090,縣丞,0,0,1,,0,0,"office:縣丞, chaodai:, place:常州江陰縣(epitaph ID:909;add par id:0)"
139698,賈整,11090,縣丞,0,0,1,,0,0,"office:縣丞, chaodai:, place:豳州新平縣(epitaph ID:909;add par id:0)"
139698,賈整,11090,縣丞,0,0,1,,0,0,"office:縣丞, chaodai:, place:常州江陰縣(epitaph ID:909;add par id:0)"
139344,高夔,11090,縣丞,0,0,1,,0,0,"office:縣丞, chaodai:, place:雍州萬年縣(epitaph ID:1079;add par id:0)"
139354,李善智,11090,縣丞,0,0,1,,0,0,"office:縣丞, chaodai:, place:懷州河內縣(epitaph ID:1089;add par id:0)"
146715,班謙,11090,縣丞,0,0,1,,0,0,"office:縣丞, chaodai:隋, place:揚州江都縣(epitaph ID:125;add par id:7542)"
146727,李寶,11090,縣丞,0,0,1,,0,0,"office:縣丞, chaodai:, place:汲郡朝歌(epitaph ID:132;add par id:7618)"
146736,傅仁弘,11090,縣丞,0,0,1,,0,0,"office:丞, chaodai:隋, place:桐廬(epitaph ID:137;add par id:7702)"
146937,侯伯和,11090,縣丞,0,0,1,,0,0,"office:縣丞, chaodai:, place:深州樂壽縣(epitaph ID:234;add par id:9240)"
146994,楊威,11090,縣丞,0,0,1,,0,0,"office:縣丞, chaodai:, place:幽州安次縣(epitaph ID:257;add par id:9599)"
147070,王某(王協父),11090,縣丞,0,0,1,,0,0,"office:縣丞, chaodai:齊, place:并州太原縣(epitaph ID:284;add par id:10142)"
147134,王宗,11090,縣丞,0,0,1,,0,0,"office:縣丞, chaodai:隋, place:信都縣長樂縣(epitaph ID:313;add par id:10627)"
147159,苻達,11090,縣丞,0,0,1,,0,0,"office:縣丞, chaodai:隋, place:鄴縣(epitaph ID:322;add par id:10801)"
147176,楊弘,11090,縣丞,0,0,1,,0,0,"office:縣丞, chaodai:周, place:下博縣(epitaph ID:327;add par id:10897)"
147295,張巖,11090,縣丞,0,0,1,,0,0,"office:縣丞, chaodai:隋, place:貝州清河縣(epitaph ID:368;add par id:11698)"
139698,賈整,11090,縣丞,0,0,1,,0,0,"office:縣丞, chaodai:, place:常州江陰縣(epitaph ID:371;add par id:11756)"
147338,樂雄,11090,縣丞,0,0,1,,0,0,"office:縣丞, chaodai:隋, place:平陽縣(epitaph ID:384;add par id:11959)"
147553,王興,11090,縣丞,0,0,1,,0,0,"office:縣丞, chaodai:隋, place:豫州汝陽縣(epitaph ID:472;add par id:13572)"
147575,段達,11090,縣丞,0,0,1,,0,0,"office:縣丞, chaodai:, place:光州光山縣(epitaph ID:480;add par id:13687)"
147744,張才,11090,縣丞,0,0,1,,0,0,"office:縣丞, chaodai:隋, place:楊州江都縣(epitaph ID:553;add par id:14899)"
147851,魏巖,11090,縣丞,0,0,1,,0,0,"office:縣丞, chaodai:, place:汴州中牟縣(epitaph ID:593;add par id:15600)"
148097,王穆,11090,縣丞,0,0,1,,0,0,"office:縣丞, chaodai:隋, place:信州巴東縣(epitaph ID:683;add par id:17209)"
148120,王則,11090,縣丞,0,0,1,,0,0,"office:縣丞, chaodai:隋, place:洛陽縣(epitaph ID:691;add par id:17323)"
148173,王君素,11090,縣丞,0,0,1,,0,0,"office:縣丞, chaodai:隋, place:隨州藻陽縣(epitaph ID:711;add par id:17662)"
148204,張達,11090,縣丞,0,0,1,,0,0,"office:縣丞, chaodai:隋, place:魯山縣(epitaph ID:721;add par id:17857)"
148230,李宗,11090,縣丞,0,0,1,,0,0,"office:縣丞, chaodai:, place:相州鄴縣(epitaph ID:729;add par id:18012)"
148267,孫信,11090,縣丞,0,0,1,,0,0,"office:縣丞, chaodai:, place:虢州閿鄉縣(epitaph ID:739;add par id:18198)"
148358,朱達,11090,縣丞,0,0,1,,0,0,"office:縣行丞, chaodai:隋, place:定州義豐縣(epitaph ID:768;add par id:18753)"
138817,某鍾葵,11090,縣丞,0,0,1,,0,0,"office:縣丞, chaodai:鄭, place:上谷易縣(epitaph ID:112;add par id:0)"
148632,郭興,11090,縣丞,0,0,1,,0,0,"office:縣丞, chaodai:隋, place:并州□谷縣(epitaph ID:857;add par id:20566)"
148644,李遷,11090,縣丞,0,0,1,,0,0,"office:縣丞, chaodai:隋, place:趙州柏鄉縣(epitaph ID:861;add par id:20662)"
148737,王寶德,11090,縣丞,0,0,1,,0,0,"office:縣丞, chaodai:隋, place:滄州鹽山縣(epitaph ID:888;add par id:21293)"
138882,禹藝,11090,縣丞,0,0,1,,0,0,"office:丞, chaodai:, place:武安(epitaph ID:177;add par id:0)"
148801,王憲,11090,縣丞,0,0,1,,0,0,"office:縣丞, chaodai:隋, place:簡州金水縣(epitaph ID:908;add par id:21662)"
149485,楊德倫,11090,縣丞,0,0,1,,0,0,office:鴻臚丞(epitaph ID:1135;add par id:26246)
33019,盧同吉,11090,縣丞,0,0,1,,0,0,無極縣丞
153439,孔德紹,11090,縣丞,0,0,1,,0,0,(隋)河間郡景城縣丞
194003,陸山仁,11090,縣丞,0,0,1,,0,0,(唐)荊州當陽縣丞
17868,唐臨,11090,縣丞,626,0,1,,0,0,萬泉丞
22057,王勣,11090,縣丞,0,0,1,,0,0,揚州六合縣丞
31312,李靖,11090,縣丞,617,0,1,,0,0,馬邑郡丞
92273,孔德紹,11090,縣丞,0,0,1,,0,0,景城丞
17868,唐臨,11090,縣丞,,,0,,0,,縣丞
139652,慕容三藏,11092,縣公,0,0,1,,0,0,"office:縣公, chaodai:隋, place:河內縣(epitaph ID:863;add par id:0)"
146742,段達,11092,縣公,0,0,1,,0,0,"office:縣公, chaodai:隋, place:襄垣縣(epitaph ID:815;add par id:19598)"
148839,董翼,11092,縣公,0,0,1,,0,0,"office:縣公, chaodai:, place:武邑縣(epitaph ID:920;add par id:21909)"
146061,路詮,11092,縣公,0,0,1,,0,9,宣城縣公
22793,虞世南,11092,縣公,0,0,1,,0,0,縣公
30938,褚遂良,11092,縣公,649,0,1,,0,0,河南縣公
30886,李密,11092,縣公,618,0,1,,0,0,蒲山公
31312,李靖,11093,縣功曹參軍事,0,0,1,,0,0,長安縣功曹
138773,羅副,11094,縣侯,0,0,1,,0,0,"office:縣侯, chaodai:, place:安山縣(epitaph ID:68;add par id:0)"
139258,徐綜,11094,縣侯,0,0,1,,0,0,"office:縣侯, chaodai:陳, place:慈源縣(epitaph ID:552;add par id:0)"
146597,孟智略,11094,縣侯,0,0,1,,0,0,"office:縣侯, chaodai:, place:山陰縣(epitaph ID:81;add par id:6783)"
30936,褚亮,11094,縣侯,0,0,1,,0,0,陽翟縣侯
31935,蕭德言,11094,縣侯,638,0,1,,0,0,武陽侯
92838,杜正倫,11094,縣侯,0,0,1,,0,0,南陽縣侯
92838,杜正倫,11094,縣侯,0,0,1,,0,0,襄陽縣侯
151906,李蓐,11094,縣侯,,,0,,0,9,北齊清泉縣侯。
138714,舒懿匡伯,11095,縣開國公,0,0,1,,0,0,"office:縣開國公, chaodai:鄭, place:黃瓜縣(epitaph ID:9;add par id:0)"
138720,楊敏,11095,縣開國公,0,0,1,,0,0,"office:縣開國公, chaodai:隋, place:金鄉縣(epitaph ID:15;add par id:0)"
138744,某謩,11095,縣開國公,0,0,1,,0,0,"office:縣開國公, chaodai:, place:長道縣(epitaph ID:38;add par id:0)"
138760,某孝敏,11095,縣開國公,0,0,1,,0,0,office:清淇縣開國公(epitaph ID:54;add par id:0)
138767,蔣喜,11095,縣開國公,0,0,1,,0,0,"office:縣開國公, chaodai:, place:鄆城縣(epitaph ID:61;add par id:0)"
138888,某秀,11095,縣開國公,0,0,1,,0,0,"office:縣開國公, chaodai:, place:平輿縣(epitaph ID:183;add par id:0)"
139122,張士貴,11095,縣開國公,0,0,1,,0,0,"office:縣開國公, chaodai:, place:新野縣(epitaph ID:417;add par id:0)"
139174,某某,11095,縣開國公,0,0,1,,0,0,"office:縣開國公, chaodai:, place:呼論縣(epitaph ID:469;add par id:0)"
139233,某詮,11095,縣開國公,0,0,1,,0,0,"office:縣開國公, chaodai:, place:宣城縣(epitaph ID:527;add par id:0)"
139608,張曉,11095,縣開國公,0,0,1,,0,0,"office:縣開國公, chaodai:, place:江陽縣(epitaph ID:818;add par id:0)"
139652,慕容三藏,11095,縣開國公,0,0,1,,0,0,"office:縣開國公, chaodai:隋, place:野王縣(epitaph ID:863;add par id:0)"
146550,王珍業,11095,縣開國公,0,0,1,,0,0,"office:縣開國公, chaodai:, place:晉陽縣(epitaph ID:66;add par id:6452)"
147021,鄭元守,11095,縣開國公,0,0,1,,0,0,"office:縣開國公, chaodai:, place:烏江縣(epitaph ID:267;add par id:9779)"
147043,段偃師,11095,縣開國公,0,0,1,,0,0,"office:縣開國公, chaodai:, place:益都縣(epitaph ID:274;add par id:9924)"
148178,梁某,11095,縣開國公,0,0,1,,0,0,"office:縣開國公, chaodai:隋, place:南頓縣(epitaph ID:712;add par id:17712)"
139608,張曉,11095,縣開國公,0,0,1,,0,0,"office:縣開國公, chaodai:隋, place:江陽縣(epitaph ID:800;add par id:19246)"
148741,王基,11095,縣開國公,0,0,1,,0,0,"office:縣開國公, chaodai:, place:長道縣(epitaph ID:889;add par id:21315)"
146432,楊盛,11095,縣開國公,0,0,1,,0,0,"office:縣開國公, chaodai:周, place:襄城縣(epitaph ID:15;add par id:5409)"
149197,柳逖,11095,縣開國公,0,0,1,,0,0,"office:縣開□公, chaodai:, place:樂平縣(epitaph ID:1048;add par id:24296)"
147673,許康,11095,縣開國公,0,0,1,,0,0,"office:縣開國公, chaodai:齊, place:江夏縣(epitaph ID:1220;add par id:28165)"
139226,許緒,11095,縣開國公,0,0,1,,0,0,"office:縣開國公, chaodai:, place:真定縣(epitaph ID:1220;add par id:28172)"
149197,柳逖,11095,縣開國公,0,0,1,,0,0,"office:縣開國公, chaodai:, place:樂平縣(epitaph ID:1049;add par id:24337)"
138714,舒懿匡伯,11097,縣令,0,0,1,,0,0,"office:令, chaodai:鄭, place:德(epitaph ID:9;add par id:0)"
138724,郭通,11097,縣令,0,0,1,,0,0,"office:縣令, chaodai:, place:沁州沁源縣(epitaph ID:19;add par id:0)"
138730,毛祐,11097,縣令,0,0,1,,0,0,"office:縣令, chaodai:, place:綿州'萬安縣(epitaph ID:25;add par id:0)"
138730,毛祐,11097,縣令,0,0,1,,0,0,"office:縣令, chaodai:, place:萬安縣(epitaph ID:25;add par id:0)"
138731,李徹,11097,縣令,0,0,1,,0,0,"office:縣令, chaodai:, place:河東縣(epitaph ID:26;add par id:0)"
138731,李徹,11097,縣令,0,0,1,,0,0,"office:縣令, chaodai:, place:蒲州河東縣(epitaph ID:26;add par id:0)"
138735,某禕,11097,縣令,0,0,1,,0,0,"office:縣令, chaodai:, place:茌平縣(epitaph ID:29;add par id:0)"
138744,某謩,11097,縣令,0,0,1,,0,0,"office:縣令, chaodai:, place:博州清平縣(epitaph ID:38;add par id:0)"
138747,張伯,11097,縣令,0,0,1,,0,0,"office:縣令, chaodai:, place:將陵縣(epitaph ID:41;add par id:0)"
138747,張伯,11097,縣令,0,0,1,,0,0,"office:縣令, chaodai:, place:陵縣(epitaph ID:41;add par id:0)"
138766,王安,11097,縣令,0,0,1,,0,0,office:令(epitaph ID:60;add par id:0)
138766,王安,11097,縣令,0,0,1,,0,0,"office:縣令, chaodai:, place:宋州下邑縣(epitaph ID:60;add par id:0)"
138767,蔣喜,11097,縣令,0,0,1,,0,0,"office:縣令, chaodai:, place:禹城縣(epitaph ID:61;add par id:0)"
138779,蕭瑤,11097,縣令,0,0,1,,0,0,"office:縣令, chaodai:唐, place:滄州景城縣(epitaph ID:74;add par id:0)"
138779,蕭瑤,11097,縣令,0,0,1,,0,0,"office:縣令, chaodai:唐, place:毫州城父縣(epitaph ID:74;add par id:0)"
138779,蕭瑤,11097,縣令,0,0,1,,0,0,"office:縣令, chaodai:唐, place:滄州景城縣(epitaph ID:74;add par id:0)"
138785,雷氏(雷俊女),11097,縣令,0,0,1,,0,0,"office:令, chaodai:, place:范(epitaph ID:80;add par id:0)"
146814,霍寶,11097,縣令,0,0,1,,0,0,"office:令, chaodai:隋, place:白馬(epitaph ID:165;add par id:8229)"
138801,張孝緒,11097,縣令,0,0,1,,0,0,"office:縣令, chaodai:隋, place:鄭州陽武縣(epitaph ID:96;add par id:0)"
138806,姚孝寬,11097,縣令,0,0,1,,0,0,"office:縣令, chaodai:隋, place:毗陵郡無錫縣(epitaph ID:101;add par id:0)"
138807,某賓,11097,縣令,0,0,1,,0,0,"office:縣令, chaodai:, place:藍田縣(epitaph ID:102;add par id:0)"
138808,馬志道,11097,縣令,0,0,1,,0,0,"office:縣令, chaodai:, place:繁昌縣(epitaph ID:103;add par id:0)"
138808,馬志道,11097,縣令,0,0,1,,0,0,"office:縣令, chaodai:, place:穎川郡繁昌縣(epitaph ID:103;add par id:0)"
138809,王仁則,11097,縣令,0,0,1,,0,0,office:右尚令(epitaph ID:104;add par id:0)
138810,某懷文,11097,縣令,0,0,1,,0,0,"office:縣令, chaodai:隋, place:并州祁縣(epitaph ID:105;add par id:0)"
138829,劉德,11097,縣令,0,0,1,,0,0,"office:縣令, chaodai:, place:洛州伊闕(epitaph ID:124;add par id:0)"
138843,孫佰悅,11097,縣令,0,0,1,,0,0,"office:縣令, chaodai:, place:晉州洪洞縣(epitaph ID:138;add par id:0)"
138847,王才,11097,縣令,0,0,1,,0,0,"office:縣令, chaodai:, place:忠州墊江縣(epitaph ID:142;add par id:0)"
138847,王才,11097,縣令,0,0,1,,0,0,"office:令, chaodai:, place:弘靜(epitaph ID:142;add par id:0)"
138847,王才,11097,縣令,0,0,1,,0,0,"office:縣令, chaodai:, place:墊江(epitaph ID:142;add par id:0)"
138854,樂善文,11097,縣令,0,0,1,,0,0,"office:縣令, chaodai:, place:涪州永安縣(epitaph ID:149;add par id:0)"
138854,樂善文,11097,縣令,0,0,1,,0,0,"office:縣令, chaodai:, place:秦州長川縣(epitaph ID:149;add par id:0)"
138854,樂善文,11097,縣令,0,0,1,,0,0,"office:縣令, chaodai:, place:荊州石首縣(epitaph ID:149;add par id:0)"
138854,樂善文,11097,縣令,0,0,1,,0,0,"office:縣令, chaodai:, place:商州上洛縣(epitaph ID:149;add par id:0)"
138863,丘蘊,11097,縣令,0,0,1,,0,0,"office:縣令, chaodai:, place:西毫州轅縣(epitaph ID:158;add par id:0)"
138871,辛衡卿,11097,縣令,0,0,1,,0,0,"office:、二縣令, chaodai:隋, place:館陶(epitaph ID:166;add par id:0)"
138873,任道,11097,縣令,0,0,1,,0,0,"office:縣令, chaodai:隋, place:夷州滬溪縣(epitaph ID:168;add par id:0)"
138876,趙某,11097,縣令,0,0,1,,0,0,office:三縣令(epitaph ID:171;add par id:0)
139148,楊道綱,11097,縣令,0,0,1,,0,0,"office:令, chaodai:, place:長清(epitaph ID:443;add par id:0)"
138893,李君絢,11097,縣令,0,0,1,,0,0,"office:縣令, chaodai:隋, place:彭城縣(epitaph ID:187;add par id:0)"
138936,王順孫,11097,縣令,0,0,1,,0,0,"office:縣令, chaodai:, place:衛州親鄉縣(epitaph ID:231;add par id:0)"
138936,王順孫,11097,縣令,0,0,1,,0,0,"office:、二縣令, chaodai:, place:青州千乘(epitaph ID:231;add par id:0)"
138939,某才,11097,縣令,0,0,1,,0,0,"office:縣令, chaodai:, place:隰州永和縣(epitaph ID:234;add par id:0)"
138951,某基,11097,縣令,0,0,1,,0,0,"office:令, chaodai:, place:幽州范陽(epitaph ID:246;add par id:0)"
138966,王宏,11097,縣令,0,0,1,,0,0,
138971,王則,11097,縣令,0,0,1,,0,0,"office:縣令, chaodai:隋, place:青州博昌縣(epitaph ID:266;add par id:0)"
138980,劉建,11097,縣令,0,0,1,,0,0,"office:縣令, chaodai:, place:韋城縣(epitaph ID:275;add par id:0)"
138988,梁有意,11097,縣令,0,0,1,,0,0,"office:縣令, chaodai:, place:黃崗縣(epitaph ID:283;add par id:0)"
138988,梁有意,11097,縣令,0,0,1,,0,0,"office:縣令, chaodai:, place:黃州黃崗縣(epitaph ID:283;add par id:0)"
138999,楊逸,11097,縣令,0,0,1,,0,0,"office:縣令, chaodai:, place:曹州冤句縣(epitaph ID:294;add par id:0)"
139003,劉攬,11097,縣令,0,0,1,,0,0,"office:縣令, chaodai:, place:隰州西道縣(epitaph ID:298;add par id:0)"
139009,張皎,11097,縣令,0,0,1,,0,0,"office:縣令, chaodai:, place:慶州弘化縣(epitaph ID:304;add par id:0)"
139009,張皎,11097,縣令,0,0,1,,0,0,"office:縣令, chaodai:, place:曹州離狐縣(epitaph ID:304;add par id:0)"
139018,王素,11097,縣令,0,0,1,,0,0,"office:、二縣令, chaodai:, place:通泉(epitaph ID:313;add par id:0)"
139018,王素,11097,縣令,0,0,1,,0,0,"office:令, chaodai:, place:梓州通泉(epitaph ID:313;add par id:0)"
139018,王素,11097,縣令,0,0,1,,0,0,"office:令, chaodai:, place:蘭州金城(epitaph ID:313;add par id:0)"
139021,李信,11097,縣令,0,0,1,,0,0,"office:縣令, chaodai:, place:穎州下蔡縣(epitaph ID:316;add par id:0)"
139021,李信,11097,縣令,0,0,1,,0,0,"office:縣令, chaodai:, place:幽州昌平縣(epitaph ID:316;add par id:0)"
139029,席泰,11097,縣令,0,0,1,,0,0,"office:縣令, chaodai:, place:建陵(epitaph ID:324;add par id:0)"
139029,席泰,11097,縣令,0,0,1,,0,0,"office:縣令, chaodai:, place:桂州建陵縣(epitaph ID:324;add par id:0)"
139041,房基,11097,縣令,0,0,1,,0,0,"office:令, chaodai:隋, place:樂陵(epitaph ID:336;add par id:0)"
139041,房基,11097,縣令,0,0,1,,0,0,"office:令, chaodai:隋, place:萬壽(epitaph ID:336;add par id:0)"
139041,房基,11097,縣令,0,0,1,,0,0,"office:令, chaodai:隋, place:冀城(epitaph ID:336;add par id:0)"
139044,趙仲子,11097,縣令,0,0,1,,0,0,"office:縣令, chaodai:, place:新安縣(epitaph ID:339;add par id:0)"
139044,趙仲子,11097,縣令,0,0,1,,0,0,"office:縣令, chaodai:, place:親安縣(epitaph ID:339;add par id:0)"
139057,崔泰,11097,縣令,0,0,1,,0,0,"office:縣令, chaodai:, place:洛州長水縣(epitaph ID:352;add par id:0)"
139088,張盛,11097,縣令,0,0,1,,0,0,"office:縣令, chaodai:, place:許州鄢陵縣(epitaph ID:383;add par id:0)"
139095,張才,11097,縣令,0,0,1,,0,0,"office:縣令, chaodai:, place:汴州封丘縣(epitaph ID:390;add par id:0)"
139096,張伽,11097,縣令,0,0,1,,0,0,"office:、、三縣令, chaodai:隋, place:絳州曲沃(epitaph ID:391;add par id:0)"
146902,段龍,11097,縣令,0,0,1,,0,0,"office:令, chaodai:隋, place:定州行唐(epitaph ID:218;add par id:8975)"
139159,楊士,11097,縣令,0,0,1,,0,0,"office:縣令, chaodai:, place:石州臨泉縣(epitaph ID:454;add par id:0)"
139179,董明,11097,縣令,0,0,1,,0,0,"office:縣令, chaodai:, place:北平縣(epitaph ID:473;add par id:0)"
139179,董明,11097,縣令,0,0,1,,0,0,"office:縣令, chaodai:, place:高陽郡北平縣(epitaph ID:473;add par id:0)"
139187,孟普,11097,縣令,0,0,1,,0,0,office:都水監舟楫令(epitaph ID:481;add par id:0)
139187,孟普,11097,縣令,0,0,1,,0,0,office:舟楫令(epitaph ID:481;add par id:0)
139225,祖忠,11097,縣令,0,0,1,,0,0,"office:縣令, chaodai:, place:淄州川縣(epitaph ID:519;add par id:0)"
139258,徐綜,11097,縣令,0,0,1,,0,0,"office:縣令, chaodai:陳, place:荊州公安縣(epitaph ID:552;add par id:0)"
139258,徐綜,11097,縣令,0,0,1,,0,0,"office:縣令, chaodai:陳, place:蒲州猗氏縣(epitaph ID:552;add par id:0)"
139263,李護,11097,縣令,0,0,1,,0,0,"office:縣令, chaodai:隋, place:陝州陝縣(epitaph ID:557;add par id:0)"
139266,吳志,11097,縣令,0,0,1,,0,0,"office:鄉令, chaodai:, place:佰鄉(epitaph ID:560;add par id:0)"
139302,唐沙,11097,縣令,0,0,1,,0,0,"office:縣令, chaodai:隋, place:鄭州新鄭縣(epitaph ID:596;add par id:0)"
139302,唐沙,11097,縣令,0,0,1,,0,0,"office:縣令, chaodai:隋, place:荊州安興縣(epitaph ID:596;add par id:0)"
139401,封溫,11097,縣令,0,0,1,,0,0,"office:縣令, chaodai:, place:觀州縣(epitaph ID:611;add par id:0)"
139426,王玄,11097,縣令,0,0,1,,0,0,"office:縣令, chaodai:, place:洛州河南縣(epitaph ID:636;add par id:0)"
139429,梁秀,11097,縣令,0,0,1,,0,0,"office:縣令, chaodai:, place:涇陽縣(epitaph ID:639;add par id:0)"
147645,韓軌,11097,縣令,0,0,1,,0,0,"office:令, chaodai:, place:固安(epitaph ID:507;add par id:14201)"
139448,楊康,11097,縣令,0,0,1,,0,0,"office:縣令, chaodai:隋, place:懷州王屋縣(epitaph ID:658;add par id:0)"
139459,杜醜,11097,縣令,0,0,1,,0,0,"office:州吳縣令, chaodai:, place:豫州(epitaph ID:669;add par id:0)"
139490,來僧,11097,縣令,0,0,1,,0,0,"office:縣令, chaodai:, place:汾州靈石縣(epitaph ID:700;add par id:0)"
139505,楊元,11097,縣令,0,0,1,,0,0,"office:縣令, chaodai:, place:同州白水縣(epitaph ID:715;add par id:0)"
139518,王纂,11097,縣令,0,0,1,,0,0,"office:縣令, chaodai:, place:隰州大寧縣(epitaph ID:728;add par id:0)"
139519,王和,11097,縣令,0,0,1,,0,0,"office:縣令, chaodai:, place:箕州榆社縣(epitaph ID:729;add par id:0)"
139520,張仁,11097,縣令,0,0,1,,0,0,"office:令, chaodai:, place:蒲津關(epitaph ID:730;add par id:0)"
139535,張彥,11097,縣令,0,0,1,,0,0,"office:縣令, chaodai:, place:南和縣(epitaph ID:745;add par id:0)"
139557,李爽,11097,縣令,0,0,1,,0,0,"office:縣令, chaodai:隋, place:長安縣(epitaph ID:767;add par id:0)"
139589,樂達,11097,縣令,0,0,1,,0,0,"office:縣令, chaodai:, place:瀛州河澗縣(epitaph ID:799;add par id:0)"
139592,庫狄通,11097,縣令,0,0,1,,0,0,"office:縣令, chaodai:, place:齊州歷城縣(epitaph ID:802;add par id:0)"
139598,王君德,11097,縣令,0,0,1,,0,0,"office:縣故令, chaodai:, place:相州湯陰縣(epitaph ID:808;add par id:0)"
139629,張祖,11097,縣令,0,0,1,,0,0,"office:縣令, chaodai:, place:豫州褒信縣(epitaph ID:839;add par id:0)"
139629,張祖,11097,縣令,0,0,1,,0,0,"office:州縣令, chaodai:, place:翼州(epitaph ID:839;add par id:0)"
139629,張祖,11097,縣令,0,0,1,,0,0,"office:縣令, chaodai:, place:蘇州昆山縣(epitaph ID:839;add par id:0)"
139632,王逸,11097,縣令,0,0,1,,0,0,"office:縣令, chaodai:隋, place:汝州梁縣(epitaph ID:842;add par id:0)"
139696,杜行寶,11097,縣令,0,0,1,,0,0,"office:令, chaodai:周, place:許州□□□(epitaph ID:907;add par id:0)"
139717,楊神威,11097,縣令,0,0,1,,0,0,"office:縣令, chaodai:, place:虢州玉城縣(epitaph ID:928;add par id:0)"
139738,張曄,11097,縣令,0,0,1,,0,0,"office:縣令, chaodai:, place:鄭州管城縣(epitaph ID:949;add par id:0)"
139740,某宮,11097,縣令,0,0,1,,0,0,"office:令, chaodai:, place:齊州苑縣(epitaph ID:951;add par id:0)"
139742,管深,11097,縣令,0,0,1,,0,0,"office:縣令, chaodai:, place:綿州萬安縣(epitaph ID:953;add par id:0)"
139751,馬珍,11097,縣令,0,0,1,,0,0,"office:縣令, chaodai:隋, place:沂州丞縣(epitaph ID:962;add par id:0)"
139751,馬珍,11097,縣令,0,0,1,,0,0,"office:縣令, chaodai:隋, place:綿州昌隆縣(epitaph ID:962;add par id:0)"
138779,蕭瑤,11097,縣令,0,0,1,,0,0,"office:縣令, chaodai:, place:滄州景城縣(epitaph ID:976;add par id:0)"
138779,蕭瑤,11097,縣令,0,0,1,,0,0,"office:縣令, chaodai:, place:亳州城父縣(epitaph ID:976;add par id:0)"
138779,蕭瑤,11097,縣令,0,0,1,,0,0,"office:縣令, chaodai:, place:滄州景城縣(epitaph ID:976;add par id:0)"
139098,杜文貢,11097,縣令,0,0,1,,0,0,"office:令, chaodai:, place:河陽津(epitaph ID:393;add par id:0)"
139811,孫義普,11097,縣令,0,0,1,,0,0,"office:縣令, chaodai:, place:魏州昌樂縣(epitaph ID:1022;add par id:0)"
139826,某某,11097,縣令,0,0,1,,0,0,"office:縣令, chaodai:, place:申州義陽縣(epitaph ID:1037;add par id:0)"
139826,某某,11097,縣令,0,0,1,,0,0,"office:縣令, chaodai:, place:鄭州新息縣(epitaph ID:1037;add par id:0)"
139344,高夔,11097,縣令,0,0,1,,0,0,"office:、、三縣令, chaodai:, place:益州什方(epitaph ID:1079;add par id:0)"
139391,邢郭,11097,縣令,0,0,1,,0,0,"office:令, chaodai:, place:項城(epitaph ID:1127;add par id:0)"
139894,陳察,11097,縣令,0,0,1,,0,0,"office:縣令, chaodai:隨, place:武都郡曲水縣(epitaph ID:1191;add par id:0)"
139962,蕭遇,11097,縣令,0,0,1,,0,0,"office:縣令, chaodai:, place:趙州高邑縣(epitaph ID:1217;add par id:0)"
146413,王某(王仲父),11097,縣令,0,0,1,,0,0,"office:縣令, chaodai:齊, place:□州饒安(epitaph ID:10;add par id:5286)"
147659,耿相,11097,縣令,0,0,1,,0,0,"office:令, chaodai:隋, place:洹水(epitaph ID:516;add par id:14311)"
146429,程鑒,11097,縣令,0,0,1,,0,0,"office:令, chaodai:, place:譙(epitaph ID:14;add par id:5384)"
146459,李鸞,11097,縣令,0,0,1,,0,0,"office:縣令, chaodai:齊, place:安昌縣(epitaph ID:24;add par id:5627)"
146464,李和,11097,縣令,0,0,1,,0,0,"office:縣令, chaodai:齊, place:德州平原縣(epitaph ID:26;add par id:5668)"
146527,某豹(某孝敏父),11097,縣令,0,0,1,,0,0,"office:、二縣令, chaodai:隋, place:蒲城(epitaph ID:54;add par id:6169)"
146568,柳自然,11097,縣令,0,0,1,,0,0,"office:縣令, chaodai:, place:九門縣(epitaph ID:71;add par id:6583)"
146590,楊俊,11097,縣令,0,0,1,,0,0,"office:縣令, chaodai:周, place:上蔡縣(epitaph ID:79;add par id:6738)"
146610,范通,11097,縣令,0,0,1,,0,0,"office:縣令, chaodai:隋, place:元城縣(epitaph ID:83;add par id:6858)"
147826,高侯,11097,縣令,0,0,1,,0,0,"office:令, chaodai:隋, place:江都(epitaph ID:583;add par id:15432)"
146643,劉誕,11097,縣令,0,0,1,,0,0,"office:縣令, chaodai:, place:齊盱眙縣(epitaph ID:98;add par id:7057)"
146702,任玄,11097,縣令,0,0,1,,0,0,"office:縣令, chaodai:隋, place:渭州城紀縣(epitaph ID:120;add par id:7459)"
146724,齊某陁(齊氏父),11097,縣令,0,0,1,,0,0,"office:令, chaodai:隋, place:相州安陽(epitaph ID:130;add par id:7593)"
146731,楊頗,11097,縣令,0,0,1,,0,0,"office:縣令, chaodai:隋, place:濟州濟陰縣(epitaph ID:134;add par id:7652)"
146752,楊祚,11097,縣令,0,0,1,,0,0,"office:縣令, chaodai:唐, place:永寧縣(epitaph ID:143;add par id:7822)"
146803,張定,11097,縣令,0,0,1,,0,0,"office:令, chaodai:魏, place:靈州明沙(epitaph ID:160;add par id:8157)"
146812,某某(某昉父),11097,縣令,0,0,1,,0,0,"office:縣令, chaodai:隨, place:葉縣(epitaph ID:164;add par id:8206)"
147952,邊伯,11097,縣令,0,0,1,,0,0,"office:令, chaodai:隋, place:江寧(epitaph ID:626;add par id:16205)"
146832,賈達,11097,縣令,0,0,1,,0,0,"office:縣并令, chaodai:齊, place:州□原縣(epitaph ID:170;add par id:8338)"
146838,麴某(麴氏父),11097,縣令,0,0,1,,0,0,office:三縣令(epitaph ID:172;add par id:8376)
146854,楊裕,11097,縣令,0,0,1,,0,0,office:縣令(epitaph ID:178;add par id:8505)
146861,張琛,11097,縣令,0,0,1,,0,0,"office:縣令, chaodai:, place:上蔡縣(epitaph ID:181;add par id:8552)"
146878,國某,11097,縣令,0,0,1,,0,0,"office:縣令, chaodai:隨, place:宣州秋浦縣(epitaph ID:185;add par id:8726)"
146918,某藥子(某藥父),11097,縣令,0,0,1,,0,0,"office:縣令, chaodai:隋, place:州臨縣(epitaph ID:225;add par id:9091)"
146932,王璇,11097,縣令,0,0,1,,0,0,"office:州二縣令, chaodai:隋, place:越州(epitaph ID:231;add par id:9172)"
146945,李洛,11097,縣令,0,0,1,,0,0,"office:縣令, chaodai:, place:龍州江油縣(epitaph ID:238;add par id:9275)"
146963,楊寶,11097,縣令,0,0,1,,0,0,"office:縣令, chaodai:隋, place:瀛州清苑縣(epitaph ID:243;add par id:9380)"
146977,姚政,11097,縣令,0,0,1,,0,0,"office:令, chaodai:隋, place:開封(epitaph ID:248;add par id:9501)"
147021,鄭元守,11097,縣令,0,0,1,,0,0,"office:縣令, chaodai:, place:相州鄴縣(epitaph ID:267;add par id:9779)"
147030,顏伽,11097,縣令,0,0,1,,0,0,"office:縣令, chaodai:齊, place:幽州涿縣(epitaph ID:269;add par id:9836)"
147050,索天洛,11097,縣令,0,0,1,,0,0,"office:令, chaodai:隋, place:襄陽(epitaph ID:276;add par id:9967)"
147060,張士隆,11097,縣令,0,0,1,,0,0,"office:令, chaodai:隋, place:申州羅山(epitaph ID:280;add par id:10056)"
147084,李暉,11097,縣令,0,0,1,,0,0,office:左藏令(epitaph ID:290;add par id:10277)
147087,邢紹,11097,縣令,0,0,1,,0,0,"office:縣令, chaodai:隋, place:齊州歷城縣(epitaph ID:291;add par id:10293)"
147091,甘顯,11097,縣令,0,0,1,,0,0,"office:縣令, chaodai:隨, place:濮州甄城縣(epitaph ID:293;add par id:10324)"
147093,楊俊,11097,縣令,0,0,1,,0,0,"office:令, chaodai:, place:新蔡(epitaph ID:294;add par id:10343)"
147098,孫文,11097,縣令,0,0,1,,0,0,"office:縣令, chaodai:隋, place:河內縣(epitaph ID:296;add par id:10376)"
147162,成貴,11097,縣令,0,0,1,,0,0,"office:縣令, chaodai:隋, place:陳州項城縣(epitaph ID:323;add par id:10815)"
147179,韓恭,11097,縣令,0,0,1,,0,0,"office:縣令, chaodai:隋, place:新安縣(epitaph ID:328;add par id:10915)"
147184,韓欽,11097,縣令,0,0,1,,0,0,"office:縣令, chaodai:隋, place:懷州溫縣(epitaph ID:329;add par id:10933)"
147181,彭百,11097,縣令,0,0,1,,0,0,"office:縣令, chaodai:, place:魏州貴鄉縣(epitaph ID:329;add par id:10939)"
147193,效君恪,11097,縣令,0,0,1,,0,0,"office:令, chaodai:隋, place:渤海(epitaph ID:333;add par id:11018)"
147246,王盛,11097,縣令,0,0,1,,0,0,"office:縣令, chaodai:隋, place:隆州西水縣(epitaph ID:351;add par id:11351)"
147256,王表,11097,縣令,0,0,1,,0,0,"office:縣令, chaodai:隋, place:長葛縣(epitaph ID:353;add par id:11440)"
147260,韓和高,11097,縣令,0,0,1,,0,0,"office:縣令, chaodai:齊, place:瀛州新城縣(epitaph ID:354;add par id:11459)"
147280,高孝德,11097,縣令,0,0,1,,0,0,"office:縣令, chaodai:, place:青州益都縣(epitaph ID:361;add par id:11592)"
146599,孟光慶,11097,縣令,0,0,1,,0,0,"office:令, chaodai:唐, place:臨黃(epitaph ID:81;add par id:6800)"
147289,陰伯,11097,縣令,0,0,1,,0,0,"office:令, chaodai:隋, place:淮陽郡同陽(epitaph ID:364;add par id:11659)"
147314,車竦,11097,縣令,0,0,1,,0,0,"office:令, chaodai:, place:東海(epitaph ID:376;add par id:11829)"
147321,趙相,11097,縣令,0,0,1,,0,0,"office:縣令, chaodai:隋, place:臨漳縣(epitaph ID:379;add par id:11867)"
147330,程叉,11097,縣令,0,0,1,,0,0,"office:縣令, chaodai:, place:齊襄陽縣(epitaph ID:381;add par id:11905)"
147326,長孫某,11097,縣令,0,0,1,,0,0,"office:縣令, chaodai:, place:相州鄴縣(epitaph ID:381;add par id:11910)"
147356,杜原始,11097,縣令,0,0,1,,0,0,"office:縣令, chaodai:隋, place:鄂州江夏縣(epitaph ID:393;add par id:12104)"
147362,元大通,11097,縣令,0,0,1,,0,0,"office:縣令, chaodai:隋, place:吳郡昆山縣(epitaph ID:395;add par id:12145)"
147371,張顒,11097,縣令,0,0,1,,0,0,"office:縣令, chaodai:隋, place:魏州貴鄉縣(epitaph ID:398;add par id:12193)"
147380,緱定,11097,縣令,0,0,1,,0,0,"office:縣令, chaodai:隋, place:鄭州陽武縣(epitaph ID:403;add par id:12266)"
147385,張定景,11097,縣令,0,0,1,,0,0,"office:令, chaodai:, place:汝州魯山(epitaph ID:406;add par id:12314)"
147401,某揆(某玄父),11097,縣令,0,0,1,,0,0,"office:縣令, chaodai:隋, place:青州博昌縣(epitaph ID:410;add par id:12402)"
147419,姚榮,11097,縣令,0,0,1,,0,0,"office:縣令, chaodai:隋, place:相州湯陰縣(epitaph ID:415;add par id:12491)"
147425,張國,11097,縣令,0,0,1,,0,0,"office:令, chaodai:, place:歷陽(epitaph ID:417;add par id:12548)"
147441,高元稱,11097,縣令,0,0,1,,0,0,"office:縣令, chaodai:, place:青州臨淄縣(epitaph ID:424;add par id:12702)"
147463,韓節,11097,縣令,0,0,1,,0,0,"office:縣令, chaodai:隋, place:南陽果縣(epitaph ID:436;add par id:12840)"
147522,張朗,11097,縣令,0,0,1,,0,0,"office:縣令, chaodai:隋, place:柳州龍城縣(epitaph ID:462;add par id:13394)"
147534,萇某(萇氏父),11097,縣令,0,0,1,,0,0,"office:令, chaodai:, place:安陵(epitaph ID:466;add par id:13448)"
147556,董由,11097,縣令,0,0,1,,0,0,"office:縣令, chaodai:隋, place:永城(epitaph ID:473;add par id:13590)"
142232,孟公行,11097,縣令,0,0,1,,0,0,"office:縣令, chaodai:隋, place:咸縣(epitaph ID:481;add par id:13715)"
147583,張會,11097,縣令,0,0,1,,0,0,"office:縣令, chaodai:隋, place:陳留縣(epitaph ID:482;add par id:13748)"
147592,柳遜,11097,縣令,0,0,1,,0,0,"office:縣令, chaodai:隋, place:扶樂縣(epitaph ID:486;add par id:13811)"
147605,崔文康,11097,縣令,0,0,1,,0,0,"office:縣令, chaodai:, place:雍州池陽縣(epitaph ID:489;add par id:13913)"
147615,王機,11097,縣令,0,0,1,,0,0,"office:縣令, chaodai:隋, place:相州鄴縣(epitaph ID:495;add par id:14011)"
147620,苗先,11097,縣令,0,0,1,,0,0,"office:縣行令, chaodai:, place:長子縣(epitaph ID:496;add par id:14031)"
147666,姚元,11097,縣令,0,0,1,,0,0,"office:縣令, chaodai:隋, place:汾州大寧縣(epitaph ID:518;add par id:14367)"
147671,祖承,11097,縣令,0,0,1,,0,0,"office:縣令, chaodai:, place:臨邛縣(epitaph ID:519;add par id:14386)"
147685,某袞(某詮父),11097,縣令,0,0,1,,0,0,"office:縣令, chaodai:隋, place:大興(epitaph ID:527;add par id:14516)"
147685,某袞(某詮父),11097,縣令,0,0,1,,0,0,office:長秋令(epitaph ID:527;add par id:14516)
147688,侯孝孫,11097,縣令,0,0,1,,0,0,"office:縣令, chaodai:隋, place:黃梅縣(epitaph ID:528;add par id:14553)"
147709,譚約,11097,縣令,0,0,1,,0,0,"office:令, chaodai:隋, place:河間(epitaph ID:540;add par id:14688)"
147721,張遵,11097,縣令,0,0,1,,0,0,"office:令, chaodai:隋, place:沙河(epitaph ID:546;add par id:14771)"
147728,袁約,11097,縣令,0,0,1,,0,0,"office:縣令, chaodai:隋, place:嘉州龍游縣(epitaph ID:548;add par id:14802)"
147741,趙徽,11097,縣令,0,0,1,,0,0,"office:縣令, chaodai:, place:辰州辰溪縣(epitaph ID:553;add par id:14904)"
147764,某樂淵(某汪父),11097,縣令,0,0,1,,0,0,"office:縣令, chaodai:周, place:原州平高縣(epitaph ID:558;add par id:15000)"
147782,某爽(父),11097,縣令,0,0,1,,0,0,"office:縣令, chaodai:隋, place:青州博昌縣(epitaph ID:565;add par id:15121)"
147883,皇甫則,11097,縣令,0,0,1,,0,0,"office:縣令, chaodai:隋, place:長沙縣(epitaph ID:603;add par id:15752)"
147891,程嵩朗,11097,縣令,0,0,1,,0,0,"office:縣令, chaodai:隋, place:武陽郡冠氏縣(epitaph ID:605;add par id:15789)"
147903,張金,11097,縣令,0,0,1,,0,0,"office:縣令, chaodai:隋, place:相州清河縣(epitaph ID:609;add par id:15853)"
147908,封仲,11097,縣令,0,0,1,,0,0,"office:縣令, chaodai:隋, place:光州樂安縣(epitaph ID:611;add par id:15902)"
147911,仵德,11097,縣令,0,0,1,,0,0,"office:縣令, chaodai:, place:并州晉陽縣(epitaph ID:612;add par id:15931)"
147937,李某(李辯父),11097,縣令,0,0,1,,0,0,"office:縣令, chaodai:唐, place:揚州江陽縣(epitaph ID:621;add par id:16118)"
147992,羅穆,11097,縣令,0,0,1,,0,0,"office:縣令, chaodai:隋, place:并州太原縣(epitaph ID:641;add par id:16519)"
148010,強寶質,11097,縣令,0,0,1,,0,0,"office:縣令, chaodai:, place:始平(epitaph ID:645;add par id:16635)"
148022,邢泰,11097,縣令,0,0,1,,0,0,"office:縣令, chaodai:, place:承沁州沁源縣(epitaph ID:649;add par id:16756)"
148056,王某(王師父),11097,縣令,0,0,1,,0,0,"office:令, chaodai:隋, place:巴陵(epitaph ID:662;add par id:500013)"
148091,楊柱,11097,縣令,0,0,1,,0,0,"office:令, chaodai:隨, place:相州鄴(epitaph ID:678;add par id:17166)"
148111,張宗,11097,縣令,0,0,1,,0,0,"office:縣令, chaodai:隋, place:萊州黃縣(epitaph ID:688;add par id:17273)"
148150,某雙(某士端父),11097,縣令,0,0,1,,0,0,"office:、二縣令, chaodai:北齊, place:漁陽(epitaph ID:702;add par id:17498)"
148173,王君素,11097,縣令,0,0,1,,0,0,"office:縣令, chaodai:隋, place:豫州上蔡縣(epitaph ID:711;add par id:17662)"
148221,張達,11097,縣令,0,0,1,,0,0,"office:縣令, chaodai:隋, place:汝陽縣(epitaph ID:726;add par id:17937)"
148263,李郝,11097,縣令,0,0,1,,0,0,"office:令, chaodai:隋, place:和州歷陽(epitaph ID:738;add par id:18163)"
138947,孫遷,11097,縣令,0,0,1,,0,0,"office:縣令, chaodai:隋, place:刑州沙河縣(epitaph ID:739;add par id:18193)"
148296,張祥,11097,縣令,0,0,1,,0,0,"office:縣令, chaodai:隋, place:幽州范陽縣(epitaph ID:748;add par id:18377)"
148333,王淵,11097,縣令,0,0,1,,0,0,"office:縣令, chaodai:隋, place:博昌縣(epitaph ID:761;add par id:18541)"
148343,梁粲,11097,縣令,0,0,1,,0,0,"office:令, chaodai:, place:涇陽(epitaph ID:763;add par id:18590)"
148354,李偉節,11097,縣令,0,0,1,,0,0,"office:縣令, chaodai:隋, place:菊潭縣(epitaph ID:767;add par id:18667)"
148354,李偉節,11097,縣令,0,0,1,,0,0,"office:縣令, chaodai:隋, place:岐州渭濱縣(epitaph ID:767;add par id:18667)"
148354,李偉節,11097,縣令,0,0,1,,0,0,"office:縣令, chaodai:隋, place:洛陽縣(epitaph ID:767;add par id:18667)"
148368,王某(王德父),11097,縣令,0,0,1,,0,0,"office:縣令, chaodai:隋, place:懷州河內縣(epitaph ID:771;add par id:18812)"
148370,范懷,11097,縣令,0,0,1,,0,0,"office:令, chaodai:隋, place:枝江(epitaph ID:772;add par id:18840)"
148383,楊及,11097,縣令,0,0,1,,0,0,"office:縣令, chaodai:隋, place:河澗縣(epitaph ID:780;add par id:18938)"
148428,毛達,11097,縣令,0,0,1,,0,0,"office:令, chaodai:隋, place:鄭州滎澤(epitaph ID:796;add par id:19157)"
139592,庫狄通,11097,縣令,0,0,1,,0,0,"office:縣令, chaodai:, place:衛州黎陽縣(epitaph ID:802;add par id:19284)"
148460,蓋洪,11097,縣令,0,0,1,,0,0,"office:令, chaodai:隋, place:許昌(epitaph ID:805;add par id:19337)"
148461,蓋伯文,11097,縣令,0,0,1,,0,0,"office:縣令, chaodai:, place:洋州洋源縣(epitaph ID:805;add par id:19349)"
139097,房高,11097,縣令,0,0,1,,0,0,"office:縣令, chaodai:隋, place:上谷郡易縣(epitaph ID:392;add par id:12085)"
148483,王仁本,11097,縣令,0,0,1,,0,0,"office:令, chaodai:, place:白沙(epitaph ID:810;add par id:19486)"
148489,郭敬,11097,縣令,0,0,1,,0,0,"office:縣令, chaodai:隋, place:原州他樓縣(epitaph ID:811;add par id:19503)"
148577,某逸(父),11097,縣令,0,0,1,,0,0,"office:縣令, chaodai:隋, place:汝州梁縣(epitaph ID:843;add par id:20090)"
148586,尹貴,11097,縣令,0,0,1,,0,0,"office:縣令, chaodai:隋, place:懷州河內縣(epitaph ID:846;add par id:20146)"
148593,封德輿,11097,縣令,0,0,1,,0,0,"office:令, chaodai:隋, place:扶風南由(epitaph ID:847;add par id:20194)"
148616,陳師敏,11097,縣令,0,0,1,,0,0,"office:縣令, chaodai:, place:貝州清河縣(epitaph ID:853;add par id:20374)"
148627,張子起,11097,縣令,0,0,1,,0,0,"office:、二縣令, chaodai:皇朝, place:蚩陽(epitaph ID:856;add par id:20494)"
148635,李賢,11097,縣令,0,0,1,,0,0,"office:縣令, chaodai:隋, place:芮州縣大昌縣(epitaph ID:858;add par id:20581)"
139426,王玄,11097,縣令,0,0,1,,0,0,"office:縣令, chaodai:, place:汜水縣(epitaph ID:636;add par id:0)"
148679,張伽,11097,縣令,0,0,1,,0,0,"office:縣令, chaodai:, place:曲，縣(epitaph ID:871;add par id:20965)"
139448,楊康,11097,縣令,0,0,1,,0,0,"office:縣令, chaodai:隋, place:王屋縣(epitaph ID:658;add par id:0)"
148725,孫仕,11097,縣令,0,0,1,,0,0,"office:縣令, chaodai:隋, place:定州定城縣(epitaph ID:886;add par id:21251)"
148731,楊雄,11097,縣令,0,0,1,,0,0,"office:縣令, chaodai:隋, place:業縣(epitaph ID:887;add par id:21270)"
148759,李同,11097,縣令,0,0,1,,0,0,"office:縣袞令, chaodai:, place:州金鄉縣(epitaph ID:894;add par id:21391)"
148755,張興,11097,縣令,0,0,1,,0,0,"office:令, chaodai:, place:滑州白馬(epitaph ID:894;add par id:21406)"
148763,王賓,11097,縣令,0,0,1,,0,0,"office:縣令, chaodai:隋, place:中牟(epitaph ID:897;add par id:21454)"
148786,孟洪度,11097,縣令,0,0,1,,0,0,"office:縣令, chaodai:, place:方州石樑縣(epitaph ID:904;add par id:21573)"
148794,蔡徹,11097,縣令,0,0,1,,0,0,"office:縣令, chaodai:隋, place:相州城安縣(epitaph ID:906;add par id:21627)"
148820,王宣,11097,縣令,0,0,1,,0,0,"office:縣令, chaodai:, place:鉅鹿縣(epitaph ID:914;add par id:21786)"
148854,王勣,11097,縣令,0,0,1,,0,0,"office:縣令, chaodai:隋, place:涇州陰盤縣(epitaph ID:929;add par id:22020)"
148882,李子徽,11097,縣令,0,0,1,,0,0,"office:縣令, chaodai:隋, place:相州臨河縣(epitaph ID:943;add par id:22256)"
148898,張讓,11097,縣令,0,0,1,,0,0,"office:縣令, chaodai:隋, place:徐州琅琊縣(epitaph ID:949;add par id:22381)"
148912,王嵩,11097,縣令,0,0,1,,0,0,"office:縣令, chaodai:, place:趙州大陸縣(epitaph ID:954;add par id:22478)"
148944,顏昶,11097,縣令,0,0,1,,0,0,"office:、二縣令, chaodai:, place:□□(epitaph ID:964;add par id:22676)"
148982,蕭嚴,11097,縣令,0,0,1,,0,0,"office:縣令, chaodai:隋, place:荊州曲江縣(epitaph ID:976;add par id:22916)"
148854,王勣,11097,縣令,0,0,1,,0,0,"office:縣令, chaodai:隋, place:徑州陰縣(epitaph ID:984;add par id:23073)"
149144,皇甫仲延,11097,縣令,0,0,1,,0,0,"office:縣令, chaodai:隋, place:南頓縣(epitaph ID:1030;add par id:23940)"
149167,李德倫,11097,縣令,0,0,1,,0,0,"office:縣令, chaodai:, place:襄州荊山縣(epitaph ID:1038;add par id:24076)"
149127,孫乾,11097,縣令,0,0,1,,0,0,"office:、二縣令, chaodai:隋, place:郾城(epitaph ID:1022;add par id:23820)"
149243,張載,11097,縣令,0,0,1,,0,0,"office:縣令, chaodai:隋, place:資陽縣(epitaph ID:1060;add par id:24613)"
149240,蔡悅,11097,縣令,0,0,1,,0,0,"office:縣令, chaodai:, place:臨淄縣(epitaph ID:1060;add par id:24633)"
149300,高業,11097,縣令,0,0,1,,0,0,"office:縣令, chaodai:隋, place:徐州沛縣(epitaph ID:1079;add par id:24969)"
148882,李子徽,11097,縣令,0,0,1,,0,0,"office:縣令, chaodai:隋, place:相州臨河縣(epitaph ID:1089;add par id:25189)"
149469,董淳,11097,縣令,0,0,1,,0,0,"office:縣令, chaodai:, place:慶州弘化縣(epitaph ID:1133;add par id:26199)"
147211,盧義幹,11097,縣令,0,0,1,,0,0,"office:縣令, chaodai:, place:永寧(epitaph ID:338;add par id:11142)"
149485,楊德倫,11097,縣令,0,0,1,,0,0,"office:、二縣令, chaodai:唐, place:相州成安(epitaph ID:1135;add par id:26246)"
149479,行本,11097,縣令,0,0,1,,0,0,"office:縣令, chaodai:唐, place:趙州象城縣(epitaph ID:1135;add par id:26275)"
149511,陳酆,11097,縣令,0,0,1,,0,0,"office:縣令, chaodai:, place:鼎州弘農縣(epitaph ID:1145;add par id:26489)"
149573,某剛(某堯父),11097,縣令,0,0,1,,0,0,"office:、等五州縣令司馬, chaodai:, place:淄(epitaph ID:1161;add par id:26916)"
149585,蘇相,11097,縣令,0,0,1,,0,0,"office:、二縣令, chaodai:唐, place:荊州松滋(epitaph ID:1167;add par id:27010)"
149589,董淹,11097,縣令,0,0,1,,0,0,"office:縣令, chaodai:, place:定州北定縣(epitaph ID:1168;add par id:27051)"
149612,劉珪,11097,縣令,0,0,1,,0,0,"office:縣令, chaodai:隋, place:滑州白馬縣(epitaph ID:1174;add par id:27167)
曾祖珪，隋滑州白馬縣令"
149667,柳淮卿,11097,縣令,0,0,1,,0,0,"office:縣令, chaodai:隋, place:梁州西縣(epitaph ID:1191;add par id:27507)"
149748,陸孝友,11097,縣令,0,0,1,,0,0,"office:令, chaodai:隋, place:貝州清河(epitaph ID:1211;add par id:27985)"
149763,蕭卿,11097,縣令,0,0,1,,0,0,"office:縣令, chaodai:隋, place:雍州雍丘縣(epitaph ID:1217;add par id:28061)"
146041,裴璣,11097,縣令,0,0,1,,0,0,聞喜縣令
145958,蕭球,11097,縣令,0,0,1,,0,0,(隋)博陵深澤縣令
17129,房彥謙,11097,縣令,0,0,1,,0,0,涇陽縣令
146063,蕭汾,11097,縣令,0,0,1,,0,0,齊州亭山縣令
145916,崔忠,11097,縣令,0,0,1,,0,0,(前)萊州昌陽縣令
146092,韋孝忠,11097,縣令,0,0,1,,0,0,豐州永豐令
192177,郭才,11097,縣令,0,0,1,,0,0,(行)瓜州常樂縣令
171033,裴安石,11097,縣令,0,0,1,,0,0,朗州武陵縣令
151784,劉行之,11097,縣令,0,0,1,,0,0,(隋)常州晉陵縣令
31720,劉務本,11097,縣令,0,0,1,,0,0,陳留縣令
172386,封君夷,11097,縣令,0,0,1,,0,0,(隋)?州都督府任城縣令
173438,李玄德,11097,縣令,0,0,1,,0,0,趙州廮陶縣令
174383,李文正,11097,縣令,0,0,1,,0,0,(隋)洺州平恩縣令
152597,張則,11097,縣令,0,0,1,,0,0,澧陽縣令
149090,崔玄覽,11097,縣令,0,0,1,,0,0,雞澤縣令
177305,崔玄泰,11097,縣令,0,0,1,,0,0,益州綿竹縣令
32106,崔君昭,11097,縣令,0,0,1,,0,0,同州郃陽縣令
32214,崔儼,11097,縣令,0,0,1,,0,0,洛縣令
150762,崔德厚,11097,縣令,0,0,1,,0,0,(隋)鄧州冠車縣令
32395,崔曇首,11097,縣令,0,0,1,,0,0,萊州掖縣令
152542,崔儀表,11097,縣令,0,0,1,,0,0,相州滏陽縣令
32319,盧士繪,11097,縣令,0,0,1,,0,0,(隋)貝州清河縣令
179163,盧海相,11097,縣令,0,0,1,,0,0,宣州涇縣令
154317,盧彥恭,11097,縣令,0,0,1,,0,0,河南府伊闕縣令
147211,盧義幹,11097,縣令,0,0,1,,0,0,永寧縣令
31587,孫孝敏,11097,縣令,0,0,1,,0,0,并州晉陽縣令
182687,敬俊,11097,縣令,0,0,1,,0,0,(隋)寧州羅山縣令
182858,鄭脩松,11097,縣令,0,0,1,,0,0,魏州莘縣令
186573,李君績,11097,縣令,0,0,1,,0,0,南鄭縣令
153061,鄭孝通,11097,縣令,0,0,1,,0,0,瀛州任丘縣令
193979,蕭鳳龍,11097,縣令,0,0,1,,0,0,宋州襄邑縣令
153067,崔孝康,11097,縣令,0,0,1,,0,0,(隋)長平郡陵川縣令
194368,裴義實,11097,縣令,0,0,1,,0,0,易州遂成縣令
194383,楊則,11097,縣令,0,0,1,,0,0,邛州臨邛縣令
195424,李德久,11097,縣令,0,0,1,,0,0,邵陵縣令
195441,盧義方,11097,縣令,0,0,1,,0,0,淄州鄒平縣令
195470,鄭玄勖,11097,縣令,0,0,1,,0,0,無錫縣令
150333,杜魚石,11097,縣令,0,0,1,,0,0,(隋)懷州司功+獲嘉縣令
196335,房彥詡,11097,縣令,0,0,1,,0,0,千乘縣令
138966,王宏,11097,縣令,0,0,1,,0,0,
13060,李世民(唐太宗),11097,縣令,618,0,1,,0,0,尚書令
30886,李密,11097,縣令,618,0,1,,0,0,尚書令
93580,陳子良,11097,縣令,627,0,1,,0,0,相如縣令
94145,祖君彥,11097,縣令,0,0,1,,0,0,宿城令
94767,傅弈,11097,縣令,0,0,1,,0,0,太史令
94832,謝偃,11097,縣令,0,0,1,,0,0,湘潭令
95148,徐之才,11097,縣令,571,0,1,,0,0,尚書令
444814,蕭銑,11097,縣令,,,0,,0,,"兩唐書云“羅川令蕭銑”。通鑑胡注：按隋書帝紀，羅川縣卽巴陵郡之羅縣。（五七六〇頁）舊唐書地理志岳州條：隋巴陵郡。武德四年，平蕭銑，置巴州，領巴陵、華容、沅江、羅、湘陰五縣。六年，改爲岳州，省羅縣。（一六一一頁）
又按，《新唐書》卷四一《地理志》載，“湘陰，中下。武德八年省羅縣入焉”，知羅縣入湘陰縣。隋羅川令權處理為唐湘陰縣令。"
151906,李蓐,11097,縣令,,,1,1,0,,爲北齊陽平令，陽平縣唐時爲莘縣。
31422,元仁惠,11097,縣令,,,0,,0,,縣令
179279,盧習信,11097,縣令,,,0,,0,,縣令
174072,李德範,11097,縣令,,,0,,0,,魏縣令
182419,唐文會,11097,縣令,,,0,,0,,魏縣令
182495,唐玄道,11097,縣令,,,0,,0,,縣令
179302,盧壽童,11097,縣令,,,0,,0,,縣令
162565,李恭,11097,縣令,,,0,,0,,
138966,王宏,11097,縣令,,,0,,0,,
138966,王宏,11097,縣令,,,0,,0,,
138966,王宏,11097,縣令,,,0,,0,,
138966,王宏,11097,縣令,,,0,,0,,
138739,郭雲,11098,縣男,0,0,1,,0,0,"office:縣男, chaodai:, place:定遠縣(epitaph ID:33;add par id:0)"
146877,侯通,11098,縣男,0,0,1,,0,0,"office:縣男, chaodai:隋, place:天水縣(epitaph ID:185;add par id:8711)"
3685,歐陽詢,11098,縣男,627,0,1,,0,0,渤海縣男
18636,許敬宗,11098,縣男,643,0,1,,0,0,高陽縣男
18768,薛收,11098,縣男,0,0,1,,0,0,汾陰縣男
32966,令狐德棻,11098,縣男,632,0,1,,0,0,城縣男
33013,王珪,11098,縣男,627,0,1,,0,0,永寧縣男
33685,顧胤,11098,縣男,654,0,1,,0,0,餘杭縣男
94165,姚簡,11098,縣男,635,0,1,,0,0,豐城縣男
95030,顏游秦,11098,縣男,618,0,1,,0,0,臨沂縣男
138710,某長先,11099,縣尉,0,0,1,,0,0,"office:縣尉, chaodai:, place:黃州黃陂(epitaph ID:5;add par id:0)"
138724,郭通,11099,縣尉,0,0,1,,0,0,"office:縣尉, chaodai:, place:衛州汲縣(epitaph ID:19;add par id:0)"
138803,劉政,11099,縣尉,0,0,1,,0,0,"office:縣尉, chaodai:隋, place:普潤縣(epitaph ID:98;add par id:0)"
138808,馬志道,11099,縣尉,0,0,1,,0,0,"office:縣尉, chaodai:, place:束城縣(epitaph ID:103;add par id:0)"
138853,孔長寧,11099,縣尉,0,0,1,0,0,0,"office:縣尉, chaodai:唐, place:萬年縣(epitaph ID:148;add par id:0)"
138881,張雲,11099,縣尉,0,0,1,,0,0,"office:尉, chaodai:隋, place:秉義(epitaph ID:176;add par id:0)"
138881,張雲,11099,縣尉,0,0,1,,0,0,"office:尉, chaodai:隋, place:奮武(epitaph ID:176;add par id:0)"
138934,支茂,11099,縣尉,0,0,1,,0,0,office:康義尉(epitaph ID:229;add par id:0)
138983,閻志雄,11099,縣尉,0,0,1,,0,0,"office:縣尉, chaodai:, place:益州新繁縣(epitaph ID:278;add par id:0)"
139098,杜文貢,11099,縣尉,0,0,1,,0,0,"office:縣尉, chaodai:, place:簡州金水縣(epitaph ID:393;add par id:0)"
139118,韓政,11099,縣尉,0,0,1,,0,0,"office:縣尉, chaodai:隋, place:黃梅縣(epitaph ID:413;add par id:0)"
139129,高達,11099,縣尉,0,0,1,,0,0,"office:縣尉, chaodai:, place:宣州秋浦縣(epitaph ID:424;add par id:0)"
139166,尉遲恭,11099,縣尉,0,0,1,,0,0,office:輕都尉(epitaph ID:461;add par id:0)
139187,孟普,11099,縣尉,0,0,1,,0,0,office:景義尉(epitaph ID:481;add par id:0)
139287,袁相,11099,縣尉,0,0,1,,0,0,office:立信尉(epitaph ID:581;add par id:0)
139426,王玄,11099,縣尉,0,0,1,,0,0,"office:縣尉, chaodai:, place:雍州萬年縣(epitaph ID:636;add par id:0)"
139639,嚴朗,11099,縣尉,0,0,1,,0,0,"office:縣尉, chaodai:, place:通州宣浣縣(epitaph ID:850;add par id:0)"
139651,畢粹,11099,縣尉,0,0,1,,0,0,"office:縣尉, chaodai:, place:石州定胡縣(epitaph ID:862;add par id:0)"
139666,曹澄,11099,縣尉,0,0,1,,0,0,"office:縣尉, chaodai:, place:相州安陽縣(epitaph ID:877;add par id:0)"
139411,李辯,11099,縣尉,0,0,1,,0,0,"office:縣尉, chaodai:, place:豫州偃城縣(epitaph ID:894;add par id:0)"
139751,馬珍,11099,縣尉,0,0,1,,0,0,office:□節尉(epitaph ID:962;add par id:0)
139751,馬珍,11099,縣尉,0,0,1,,0,0,"office:縣尉, chaodai:隋, place:昌慮縣(epitaph ID:962;add par id:0)"
147186,金文,11099,縣尉,0,0,1,,0,0,"office:縣尉, chaodai:隋, place:鄭縣(epitaph ID:330;add par id:10955)"
147190,李文雅,11099,縣尉,0,0,1,,0,0,"office:縣尉, chaodai:隋, place:五台縣(epitaph ID:332;add par id:10992)"
147504,成高,11099,縣尉,0,0,1,,0,0,"office:縣尉, chaodai:隋, place:溫縣(epitaph ID:455;add par id:13111)"
147714,竹懷威,11099,縣尉,0,0,1,,0,0,"office:縣尉, chaodai:隋, place:幽州薊縣(epitaph ID:543;add par id:14722)"
147937,李某(李辯父),11099,縣尉,0,0,1,,0,0,"office:都尉, chaodai:隋, place:上庸(epitaph ID:621;add par id:16118)"
148152,崔逸元,11099,縣尉,0,0,1,,0,0,"office:縣尉, chaodai:, place:冀州武邑縣(epitaph ID:703;add par id:17532)"
148346,孫感,11099,縣尉,0,0,1,,0,0,"office:縣尉, chaodai:隋, place:汴州俊儀縣(epitaph ID:765;add par id:18620)"
148780,王秀,11099,縣尉,0,0,1,,0,0,"office:縣尉, chaodai:隋, place:懷州武陟縣(epitaph ID:902;add par id:21536)"
149837,馮材,11099,縣尉,0,0,1,,0,0,office:縣尉(epitaph ID:1237;add par id:28540)
179396,盧釋壽,11099,縣尉,0,0,1,,0,0,(隋)雍州盩厔縣尉
32430,顏師古,11099,縣尉,586,0,1,,0,0,安養縣尉
94810,溫彥弘,11099,縣尉,599,0,1,,0,0,長安縣尉
138735,某禕,11102,縣主簿,0,0,1,,0,0,"office:縣主簿, chaodai:, place:博陵縣(epitaph ID:29;add par id:0)"
138753,郭提,11102,縣主簿,0,0,1,,0,0,"office:縣主簿, chaodai:隋, place:陽平發乾縣(epitaph ID:47;add par id:0)"
138753,郭提,11102,縣主簿,0,0,1,,0,0,"office:縣主簿, chaodai:隋, place:陽平之發乾縣(epitaph ID:47;add par id:0)"
138766,王安,11102,縣主簿,0,0,1,,0,0,"office:縣主簿, chaodai:, place:恆州真定縣(epitaph ID:60;add par id:0)"
138784,楊士漢,11102,縣主簿,0,0,1,,0,0,"office:縣主簿, chaodai:, place:守節縣(epitaph ID:79;add par id:0)"
138848,李桀,11102,縣主簿,0,0,1,,0,0,"office:縣主簿, chaodai:, place:睦州桐廬縣(epitaph ID:143;add par id:0)"
138891,董柱,11102,縣主簿,0,0,1,,0,0,"office:縣主簿, chaodai:, place:戎州犍為縣(epitaph ID:185;add par id:0)"
138936,王順孫,11102,縣主簿,0,0,1,,0,0,"office:縣主簿, chaodai:, place:雍州新豐縣(epitaph ID:231;add par id:0)"
139059,韓遷,11102,縣主簿,0,0,1,,0,0,"office:縣主簿, chaodai:, place:青州博昌縣(epitaph ID:354;add par id:0)"
139098,杜文貢,11102,縣主簿,0,0,1,,0,0,"office:縣主簿, chaodai:, place:岷州當夷縣(epitaph ID:393;add par id:0)"
139520,張仁,11102,縣主簿,0,0,1,,0,0,"office:縣主簿, chaodai:, place:蒲台縣(epitaph ID:730;add par id:0)"
139562,范彥,11102,縣主簿,0,0,1,,0,0,"office:縣主簿, chaodai:, place:泗州漣水縣(epitaph ID:772;add par id:0)"
139562,范彥,11102,縣主簿,0,0,1,,0,0,"office:縣主簿, chaodai:, place:集州符陽縣(epitaph ID:772;add par id:0)"
139651,畢粹,11102,縣主簿,0,0,1,,0,0,"office:縣主簿, chaodai:, place:絳州夏縣(epitaph ID:862;add par id:0)"
139671,張傑,11102,縣主簿,0,0,1,0,0,0,"office:縣主簿, chaodai:, place:襄州襄陽縣(epitaph ID:882;add par id:0)"
138745,張濬,11102,縣主簿,0,0,1,,0,0,"office:縣主簿, chaodai:, place:河陰縣(epitaph ID:39;add par id:0)"
138799,楊玉姿,11102,縣主簿,0,0,1,,0,0,"office:縣主簿, chaodai:, place:河陰縣(epitaph ID:94;add par id:0)"
146424,劉伽,11102,縣主簿,0,0,1,,0,0,"office:縣主簿, chaodai:齊, place:蘄春縣(epitaph ID:13;add par id:5350)"
146492,張義,11102,縣主簿,0,0,1,,0,0,"office:縣主簿, chaodai:, place:東垣縣(epitaph ID:39;add par id:5936)"
146494,張亢,11102,縣主簿,0,0,1,,0,0,"office:縣主簿, chaodai:, place:東垣縣(epitaph ID:40;add par id:5953)"
146714,劉仁哲,11102,縣主簿,0,0,1,,0,0,"office:縣主簿, chaodai:隋, place:魏州貴鄉縣(epitaph ID:124;add par id:7531)"
147000,鄭達,11102,縣主簿,0,0,1,,0,0,"office:縣主簿, chaodai:隋, place:相州臨漳縣(epitaph ID:259;add par id:9632)"
147205,元華,11102,縣主簿,0,0,1,,0,0,"office:縣主簿, chaodai:隋, place:鄴縣(epitaph ID:337;add par id:11121)"
147243,姚藻,11102,縣主簿,0,0,1,,0,0,"office:縣主簿, chaodai:隋, place:滏陽縣(epitaph ID:350;add par id:11336)"
147425,張國,11102,縣主簿,0,0,1,,0,0,"office:縣主簿, chaodai:, place:陝縣(epitaph ID:417;add par id:12548)"
147500,楊郎,11102,縣主簿,0,0,1,,0,0,"office:縣主簿, chaodai:隋, place:相州臨漳縣(epitaph ID:454;add par id:13090)"
148157,梁隆,11102,縣主簿,0,0,1,,0,0,"office:縣主簿, chaodai:隋, place:陳留縣(epitaph ID:705;add par id:17560)"
148294,靖褘,11102,縣主簿,0,0,1,,0,0,"office:縣主簿, chaodai:, place:趙州贊黃縣(epitaph ID:747;add par id:18359)"
148559,張長,11102,縣主簿,0,0,1,,0,0,"office:縣主簿, chaodai:隋, place:下博縣(epitaph ID:839;add par id:20004)"
148610,張達,11102,縣主簿,0,0,1,,0,0,"office:縣主簿, chaodai:, place:衛州恭城縣(epitaph ID:851;add par id:20341)"
139751,馬珍,11102,縣主簿,0,0,1,,0,0,"office:縣主簿, chaodai:隋, place:鄶州昌慮縣(epitaph ID:962;add par id:22615)"
142447,皇甫滔,11102,縣主簿,0,0,1,,0,0,"office:縣主簿, chaodai:, place:梓州通泉縣(epitaph ID:1133;add par id:26187)"
94165,姚簡,11102,縣主簿,574,0,1,,0,0,揚州主簿
94339,高儉,11102,縣主簿,0,0,1,,0,0,朱鳶主簿
94832,謝偃,11102,縣主簿,627,0,1,,0,0,高陵主簿
138773,羅副,11103,縣子,0,0,1,,0,0,"office:縣子, chaodai:, place:安山縣(epitaph ID:68;add par id:0)"
22793,虞世南,11103,縣子,633,0,1,,0,0,永興縣子
31628,岑文本,11103,縣子,0,0,1,,0,0,江陵縣子
32430,顏師古,11103,縣子,637,0,1,,0,0,瑯琊縣子
148542,宋文,11113,校書郎,0,0,1,,0,0,office:校書郎(epitaph ID:830;add par id:19883)
31935,蕭德言,11113,校書郎,603,0,1,,0,0,校書郎
93613,陳政,11114,協律郎,611,0,1,,0,0,協律郎
148741,王基,11117,刑部郎中,0,0,1,,0,0,office:刑部郎中(epitaph ID:889;add par id:21315)
172422,楊孚,11117,刑部郎中,0,0,1,,0,0,刑部郎中
177698,崔鳳林,11117,刑部郎中,0,0,1,,0,0,刑部郎中
138722,屈突通,11118,刑部尚書,0,0,1,,0,0,office:刑部尚書(epitaph ID:17;add par id:0)
31217,楊汪,11118,刑部尚書,0,0,1,,0,0,office:刑部尚書(epitaph ID:245;add par id:9423)
146971,某汪(某基父),11118,刑部尚書,0,0,1,,0,0,office:刑部尚書(epitaph ID:246;add par id:9459)
147489,薛胄,11118,刑部尚書,0,0,1,,0,0,office:刑部尚書(epitaph ID:448;add par id:12991)
20212,劉政會,11118,刑部尚書,0,0,1,,0,0,刑部尚書
147489,薛胄,11118,刑部尚書,0,0,1,,0,0,(隋)刑部尚書
186211,鄭善果,11118,刑部尚書,0,0,1,,0,0,刑部尚書
187486,李德懋,11118,刑部尚書,0,0,1,,0,0,刑部尚書
17868,唐臨,11118,刑部尚書,0,0,1,,0,0,刑部尚書
31312,李靖,11118,刑部尚書,626,0,1,,0,0,刑部尚書
184047,源師民,11119,刑部侍郎,0,0,1,,0,0,(隋)刑部侍郎
148416,劉褐,11120,刑部員外郎,0,0,1,,0,0,office:刑部員外郎(epitaph ID:792;add par id:19098)
177491,崔行簡,11120,刑部員外郎,0,0,1,,0,0,刑部員外郎
94815,溫彥博,11121,行軍長史,0,0,1,,0,0,office:行軍長史(epitaph ID:62;add par id:0)
138781,段元哲,11121,行軍長史,0,0,1,,0,0,office:行軍長史(epitaph ID:76;add par id:0)
139155,薛忠,11121,行軍長史,0,0,1,,0,0,"office:王行軍長史, chaodai:, place:淮陽(epitaph ID:450;add par id:0)"
173308,杜正藏,11121,行軍長史,0,0,1,,0,0,(隋)行軍長史
94815,溫彥博,11121,行軍長史,625,0,1,,0,0,?州道行軍長史
31485,于志寧,11123,行軍記室,0,0,1,0,0,0,渭北道行軍元帥府記室
138766,王安,11124,行軍司馬,0,0,1,,0,0,"office:道行軍司馬, chaodai:, place:滄海道(epitaph ID:60;add par id:0)"
139636,尹達,11124,行軍司馬,0,0,1,,0,0,office:行軍司馬(epitaph ID:846;add par id:0)
139122,張士貴,11128,行軍總管,0,0,1,,0,0,"office:道行軍總管, chaodai:, place:燕州道(epitaph ID:417;add par id:0)"
139122,張士貴,11128,行軍總管,0,0,1,,0,0,"office:道使持節行軍總管, chaodai:, place:龔州道(epitaph ID:417;add par id:0)"
139122,張士貴,11128,行軍總管,0,0,1,,0,0,"office:道行軍總管, chaodai:, place:遼東道(epitaph ID:417;add par id:0)"
139122,張士貴,11128,行軍總管,0,0,1,,0,0,"office:州道行軍總管, chaodai:, place:雅州(epitaph ID:417;add par id:0)"
31312,李靖,11128,行軍總管,621,0,1,,0,0,行軍總管
31312,李靖,11128,行軍總管,625,0,1,,0,0,行軍總管
31312,李靖,11128,行軍總管,626,0,1,,0,0,靈州道行軍總管
32202,李神通,11128,行軍總管,0,0,1,,0,0,關中道行軍總管
24408,李勣,11128,行軍總管,,,0,,0,,朔方行軍總管
139166,尉遲恭,11128,行軍總管,,,0,,0,,涇州道行軍總管
24408,李勣,11128,行軍總管,,,0,,0,,朔方道行軍總管
31312,李靖,11129,行臺兵部尚書,624,0,1,,0,0,東南道行臺兵部尚書
31628,岑文本,11130,行臺考功郎中,622,0,1,,0,0,行臺考功郎中
175020,李士安,11131,行臺郎中,0,0,1,,0,0,行臺郎中
92625,劉孝孫,11131,行臺郎中,617,0,1,,0,0,王世充弟杞王辯行臺郎中
138722,屈突通,11132,行臺尚書左僕射,0,0,1,,0,0,office:陝東道大行臺尚書左僕射(epitaph ID:17;add par id:0)
32202,李神通,11132,行臺尚書左僕射,621,0,1,,0,0,河北道行臺尚書左僕射
444823,輔公祏,11132,行臺尚書左僕射,,,0,,0,,"舊唐書杜伏威傳載太宗之圍王世充，遣使招之，伏威請降。高祖遣使就拜東南道行臺尙書令、江淮以南安撫大使、上柱國，封吳王。（二二六八頁）後接武德四年杜伏威并江東、淮南地，且舊唐書高祖紀載太宗討王世充在武德三年七月，則杜伏威之任命似在武德四年以前。（一一頁）輔公祏任行臺尚書左僕射亦當在此時期內。
按：兩唐書輔公祏傳與新唐書高祖紀俱云輔公祏為淮南道行臺尚書左僕射，舊唐書高祖紀稱其為東南道行臺尚書左僕射，唐大詔令集卷一九九武德六年九月討輔公祏詔亦稱其為東南道行臺尚書左僕射（六二六頁）。舊唐書地理志“淮南道·揚州大都督府”條云：隋江都郡。武德三年，杜伏威歸國，於潤州江寧縣置揚州，以隋江都郡為兗州，置東南道行臺。（一五七一頁）輔公祏從杜伏威歸國，同就署東南道行臺的可能性較大，“淮南道行臺”不知何據。其東南道行臺似在唐之淮南道與江南道之間，姑以為是，待考。"
18636,許敬宗,11146,修國史,634,0,1,,0,0,修國史
18636,許敬宗,11146,修國史,0,0,1,,0,0,修國史
18636,許敬宗,11146,修國史,652,0,1,,0,0,修國史
32966,令狐德棻,11146,修國史,632,0,1,,0,0,修國史
33685,顧胤,11146,修國史,653,0,1,,0,0,修國史
30971,姚思廉,11149,修文館學士,0,0,1,,0,0,左散騎常侍+修文館學士
138899,范法子,11155,宣威將軍,0,0,1,,0,0,office:追贈宣威將軍(epitaph ID:194;add par id:0)
138888,某秀,11162,宣議郎,0,0,1,,0,0,office:宣議郎(epitaph ID:183;add par id:0)
139041,房基,11162,宣議郎,0,0,1,,0,0,office:宣議郎(epitaph ID:336;add par id:0)
92604,劉子翼,11166,選部侍郎,617,0,1,,0,0,選部侍郎
155090,王仁緒,11168,學士,0,0,1,,0,0,(隋)文林館學士
176158,張弋,11168,學士,0,0,1,,0,0,(周)通道館學士
18768,薛收,11168,學士,0,0,1,,0,0,秦王府十八學士
12259,蕭瑀,11173,巡省大使,634,0,1,,0,0,河南道巡省大使
178101,柳續,11195,儀曹郎中,0,0,1,,0,0,儀曹郎中
138739,郭雲,11199,銀青光祿大夫,0,0,1,,0,0,office:銀青光祿大夫(epitaph ID:33;add par id:0)
138739,郭雲,11199,銀青光祿大夫,0,0,1,,0,0,office:贈銀青光祿大夫(epitaph ID:33;add par id:0)
138846,段師,11199,銀青光祿大夫,0,0,1,,0,0,office:銀青光大夫(epitaph ID:141;add par id:0)
138926,安諒,11199,銀青光祿大夫,0,0,1,,0,0,office:追贈銀青光祿大夫(epitaph ID:221;add par id:0)
139044,趙仲子,11199,銀青光祿大夫,0,0,1,,0,0,office:銀青光祿大夫(epitaph ID:339;add par id:0)
139148,楊道綱,11199,銀青光祿大夫,0,0,1,,0,0,office:銀青光祿大夫(epitaph ID:443;add par id:0)
139233,某詮,11199,銀青光祿大夫,0,0,1,,0,0,office:銀青光祿大夫(epitaph ID:527;add par id:0)
139409,鄧威,11199,銀青光祿大夫,0,0,1,,0,0,office:銀青光祿大夫(epitaph ID:619;add par id:0)
139557,李爽,11199,銀青光祿大夫,0,0,1,,0,0,office:銀青光祿大夫(epitaph ID:767;add par id:0)
146655,李遵,11199,銀青光祿大夫,0,0,1,,0,0,office:銀青光祿大夫(epitaph ID:100;add par id:7126)
147579,孟仲康,11199,銀青光祿大夫,0,0,1,,0,0,office:銀青光祿大夫(epitaph ID:481;add par id:13708)
148064,史嵩,11199,銀青光祿大夫,0,0,1,,0,0,office:銀青光祿大夫(epitaph ID:666;add par id:17019)
139608,張曉,11199,銀青光祿大夫,0,0,1,,0,0,office:銀青光祿大夫(epitaph ID:800;add par id:19246)
148839,董翼,11199,銀青光祿大夫,0,0,1,,0,0,office:銀青光祿大夫(epitaph ID:920;add par id:21909)
149043,李壯,11199,銀青光祿大夫,0,0,1,,0,0,office:銀青光祿大夫(epitaph ID:996;add par id:23287)
17868,唐臨,11199,銀青光祿大夫,0,0,1,,0,0,銀青光祿大夫
31485,于志寧,11199,銀青光祿大夫,617,0,1,0,0,0,銀青光祿大夫
31935,蕭德言,11199,銀青光祿大夫,0,0,1,,0,0,銀青光祿大夫
138866,毛盛,11203,游擊將軍,0,0,1,,0,0,office:游擊將軍(epitaph ID:161;add par id:0)
138961,吳孝,11203,游擊將軍,0,0,1,,0,0,office:游擊將軍(epitaph ID:256;add par id:0)
138976,魏德,11203,游擊將軍,0,0,1,,0,0,office:游擊將軍(epitaph ID:271;add par id:0)
139014,韓邏,11203,游擊將軍,0,0,1,,0,0,office:游擊將軍(epitaph ID:309;add par id:0)
139294,王仁,11203,游擊將軍,0,0,1,,0,0,office:游擊將軍(epitaph ID:588;add par id:0)
139622,劉盛,11203,游擊將軍,0,0,1,,0,0,office:游擊將軍(epitaph ID:832;add par id:0)
139676,侯彪,11203,游擊將軍,0,0,1,,0,0,office:游擊將軍(epitaph ID:887;add par id:0)
148839,董翼,11203,游擊將軍,0,0,1,,0,0,office:游擊將軍(epitaph ID:920;add par id:21909)
138713,麹舉,11208,右光祿大夫,0,0,1,,0,0,office:右光祿大夫(epitaph ID:8;add par id:0)
138744,某謩,11208,右光祿大夫,0,0,1,,0,0,office:右光祿大夫(epitaph ID:38;add par id:0)
138851,元質,11208,右光祿大夫,0,0,1,,0,0,office:右光祿大夫(epitaph ID:146;add par id:0)
139122,張士貴,11208,右光祿大夫,0,0,1,,0,0,office:右光祿大夫(epitaph ID:417;add par id:0)
32183,裴兢,11208,右光祿大夫,0,0,1,,0,0,(西魏)右光祿大夫+冠軍+北地太守+驃騎將軍+?門侍郎
192875,韋景略,11208,右光祿大夫,0,0,1,,0,0,(後周)驃騎將軍+右光祿大夫+青州刺史
93808,鄭元璹,11208,右光祿大夫,0,0,1,,0,0,右光祿大夫
93808,鄭元璹,11209,右候尉將軍,0,0,1,,0,0,右候尉將軍
153613,李安,11214,右領軍大將軍,0,0,1,,0,0,(隋)右領軍大將軍
94815,溫彥博,11221,右僕射,0,0,1,,0,0,office:尚書右僕射(epitaph ID:62;add par id:0)
147589,柳惔,11221,右僕射,0,0,1,,0,0,office:尚書右僕射(epitaph ID:486;add par id:13790)
148655,慕容紹宗,11221,右僕射,0,0,1,,0,0,office:尚書右僕射(epitaph ID:863;add par id:20746)
148591,封隆之,11221,右僕射,0,0,1,,0,0,(北齊)右僕射
172354,封子繪,11221,右僕射,0,0,1,,0,0,祠部尚書+右僕射+謚簡
172876,高宗儉,11221,右僕射,0,0,1,,0,0,相太宗; 侍中+尚書右僕射
174260,李祖勳,11221,右僕射,0,0,1,,0,0,(北齊)右僕射
11599,蘇威,11221,右僕射,0,0,1,,0,0,(隋)尚書右僕射
12259,蕭瑀,11221,右僕射,621,0,1,,0,0,尚書右僕射
30861,杜淹,11221,右僕射,628,0,28,,0,0,尚書右僕射
30938,褚遂良,11221,右僕射,653,0,1,,0,0,尚書右僕射
31312,李靖,11221,右僕射,0,0,1,,0,0,尚書右僕射
94339,高儉,11221,右僕射,638,0,1,,0,0,尚書右僕射
94815,溫彥博,11221,右僕射,636,0,1,,0,0,尚書右僕射
182374,唐文舉,11222,右千牛,0,0,1,,0,0,(隋)右千牛
12259,蕭瑀,11222,右千牛,586,0,1,,0,0,右千牛
150882,李善願,11230,右衛倉曹參軍,0,0,1,,0,0,右衛倉曹參軍
146971,某汪(某基父),11232,右衛大將軍,0,0,1,,0,0,office:右衛大將軍(epitaph ID:246;add par id:9459)
146741,段嚴,11232,右衛大將軍,0,0,1,,0,0,office:右衛大將軍(epitaph ID:815;add par id:19588)
31965,李大亮,11232,右衛大將軍,0,0,1,,0,0,右衛大將軍
189853,元胄,11232,右衛大將軍,0,0,1,,0,0,右衛大將軍
146741,段嚴,11232,右衛大將軍,0,0,1,,0,0,(周)右衛大將軍+左光祿大夫+隋朔二州刺史
31217,楊汪,11233,右衛將軍,0,0,1,,0,0,office:右衛將軍(epitaph ID:245;add par id:9423)
147203,房崱,11233,右衛將軍,0,0,1,,0,0,office:右衛將軍(epitaph ID:336;add par id:11084)
148895,元善積,11233,右衛將軍,0,0,1,,0,0,office:右衛將軍(epitaph ID:948;add par id:22347)
31311,李正明,11233,右衛將軍,0,0,1,,0,0,右衛將軍
138773,羅副,11244,右翊衛,0,0,1,,0,0,office:右衛右翊衛一府中郎將(epitaph ID:68;add par id:0)
138998,甘朗,11244,右翊衛,0,0,1,,0,0,office:右翊衛隊正(epitaph ID:293;add par id:0)
139608,張曉,11244,右翊衛,0,0,1,,0,0,office:右翊衛務德府鷹揚(epitaph ID:800;add par id:19246)
173652,李行師,11252,虞部員外郎,0,0,1,,0,0,邛州刺史+虞部員外郎
92838,杜正倫,11254,羽騎尉,599,0,1,,0,0,羽騎尉
139749,杜秀,11255,御史,0,0,1,,0,0,office:御史(epitaph ID:960;add par id:0)
146569,柳彧,11255,御史,0,0,1,,0,0,office:御史治書(epitaph ID:71;add par id:6579)
146569,柳彧,11255,御史,0,0,1,,0,0,(隋)持書御史
94815,溫彥博,11256,御史大夫,0,0,1,,0,0,office:御史大夫(epitaph ID:62;add par id:0)
139557,李爽,11256,御史大夫,0,0,1,,0,0,office:御史大夫(epitaph ID:767;add par id:0)
31660,殷英童,11256,御史大夫,0,0,1,,0,0,(周)御史大夫
12259,蕭瑀,11256,御史大夫,630,0,1,,0,0,御史大夫
17868,唐臨,11256,御史大夫,650,0,1,,0,0,御史大夫
30861,杜淹,11256,御史大夫,626,0,1,,0,0,御史大夫
93871,鄭頲,11256,御史大夫,619,0,1,,0,0,御史大夫
94815,溫彥博,11256,御史大夫,628,0,1,,0,0,御史大夫
139557,李爽,11261,御史中丞,0,0,1,,0,0,office:御史中丞(epitaph ID:767;add par id:0)
152188,王德儉,11261,御史中丞,0,0,1,,0,0,御史中丞
151070,王君儒,11261,御史中丞,0,0,1,,0,0,御史中丞
176831,褚玠,11261,御史中丞,0,0,1,,0,0,(陳)御史中丞+掌東宮管記
30861,杜淹,11261,御史中丞,617,0,1,,0,0,御史中丞
13060,李世民(唐太宗),11264,元帥,618,,0,,0,,右元帥
18636,許敬宗,11265,元帥府記室,0,0,1,,0,0,李密元帥府記室
195900,趙顯和,11267,員外散騎常侍,0,0,1,,0,0,(隋)員外散騎常侍+平東將軍
92271,孔穎達,11267,員外散騎常侍,630,0,1,,0,0,員外散騎常侍
92521,朱子奢,11268,員外散騎侍郎,627,0,1,,0,0,員外散騎侍郎
93407,張後胤,11268,員外散騎侍郎,0,0,1,,0,0,員外散騎侍郎
12259,蕭瑀,11270,宰相,630,0,1,,0,0,參議朝政
12259,蕭瑀,11270,宰相,635,0,1,,0,0,參預朝政
30861,杜淹,11270,宰相,0,0,1,,0,0,參議政事
30938,褚遂良,11270,宰相,644,0,1,,0,0,參綜朝政
30938,褚遂良,11270,宰相,653,0,1,,0,0,知政事
95096,魏徴,11270,宰相,629,0,1,,0,0,參預朝政
12199,歐陽通,11270,宰相,,,1,0,0,0,
93988,趙弘智,11275,詹事府主簿,618,0,1,,0,0,詹事府主簿
139122,張士貴,11293,鎮軍大將軍,0,0,1,,0,0,office:鎮軍大將軍(epitaph ID:417;add par id:0)
95096,魏徴,11332,知門下省事,0,0,1,,0,0,知門下省事
30938,褚遂良,11336,知起居事,641,0,1,,0,0,知起居事
92838,杜正倫,11337,知起居注,628,0,1,,0,0,知起居注
17868,唐臨,11362,直典書坊,618,0,1,,0,0,直典書坊
92521,朱子奢,11364,直國子學,0,0,1,,0,0,直國子學
94815,溫彥博,11369,直内史省,617,0,1,,0,0,直?史省
93537,張蘊古,11377,直中書省,618,0,1,,0,0,直中書省
176078,温璩,11378,職方郎中,0,0,1,,0,0,職方郎中+陝州刺史
149197,柳逖,11378,職方郎中,0,0,1,,0,0,職方郎中
175981,魏士廓,11384,治書侍御史,0,0,1,,0,0,(隋)治書侍御史
184757,孔碩,11384,治書侍御史,0,0,1,,0,0,(後魏)治書侍御史
194407,李勁,11384,治書侍御史,0,0,1,,0,0,(晉)治書侍御史
17868,唐臨,11384,治書侍御史,0,0,1,,0,0,治書侍御史
139557,李爽,11385,中大夫,0,0,1,,0,0,office:中大夫(epitaph ID:767;add par id:0)
139637,封泰,11385,中大夫,0,0,1,,0,0,office:中大夫(epitaph ID:847;add par id:0)
180091,薛衍,11385,中大夫,0,0,1,,0,0,(後周)御伯中大夫
194465,張羨,11385,中大夫,0,0,1,,0,0,(後周)司成中大夫
148824,周雄,11389,中郎將,0,0,1,,0,0,office:武奔中郎將(epitaph ID:916;add par id:21805)
139018,王素,11391,中散大夫,0,0,1,,0,0,office:中散(epitaph ID:313;add par id:0)
12259,蕭瑀,11393,中書令,0,0,1,,0,0,office:中書令(epitaph ID:978;add par id:22972)
12259,蕭瑀,11393,中書令,0,0,1,,0,0,office:中書令(epitaph ID:979;add par id:22998)
175259,李根,11393,中書令,0,0,1,,0,0,(後燕)中書令
195780,鄭道邕,11393,中書令,0,0,1,,0,0,(周)中書令+...
18636,許敬宗,11393,中書令,658,0,1,,0,0,中書令
30938,褚遂良,11393,中書令,648,0,1,,0,0,中書令
31175,楊師道,11393,中書令,639,0,1,,0,0,中書令
31175,楊師道,11393,中書令,0,0,1,,0,0,中書令
31312,李靖,11393,中書令,628,0,1,,0,0,中書令
31628,岑文本,11393,中書令,0,0,1,,0,0,中書令
92273,孔德紹,11393,中書令,617,0,1,,0,0,中書令
92838,杜正倫,11393,中書令,0,0,1,,0,0,中書令
94348,高馮,11393,中書令,649,0,1,,0,0,中書令
94815,溫彥博,11393,中書令,630,0,1,,0,0,中書令
12259,蕭瑀,11393,中書令,,,1,0,0,0,office:中書令(epitaph ID:978;add par id:22972)
13060,李世民(唐太宗),11393,中書令,625,,0,,0,,
94815,溫彥博,11397,中書舍人,0,0,1,,0,0,office:中書舍人(epitaph ID:62;add par id:0)
150672,裴讓之,11397,中書舍人,0,0,1,,0,0,(齊)中書舍人
170581,裴訥之,11397,中書舍人,0,0,1,,0,0,(北齊)中書舍人
172851,高正業,11397,中書舍人,0,0,1,,0,0,中書舍人
154136,王弘讓,11397,中書舍人,0,0,1,,0,0,中書舍人+專掌機密
152868,崔君宙,11397,中書舍人,0,0,1,,0,0,中書舍人
178188,柳挺之,11397,中書舍人,0,0,1,,0,0,中書舍人
178651,辛諝,11397,中書舍人,0,0,1,,0,0,中書舍人
33058,薛文思,11397,中書舍人,0,0,1,,0,0,中書舍人
18636,許敬宗,11397,中書舍人,0,0,1,,0,0,中書舍人
31628,岑文本,11397,中書舍人,0,0,1,,0,0,中書舍人
32430,顏師古,11397,中書舍人,0,0,1,,0,0,中書舍人
92899,李百藥,11397,中書舍人,627,0,1,,0,0,中書舍人
94348,高馮,11397,中書舍人,0,0,1,,0,0,中書舍人
94815,溫彥博,11397,中書舍人,622,0,1,,0,0,中書舍人
94815,溫彥博,11398,中書侍郎,0,0,1,,0,0,office:中書侍郎(epitaph ID:62;add par id:0)
32430,顏師古,11398,中書侍郎,0,0,1,,0,0,中書侍郎+秘書監
32854,劉林甫,11398,中書侍郎,0,0,1,,0,0,中書侍郎
173760,李真,11398,中書侍郎,0,0,1,,0,0,中書侍郎
173816,李融,11398,中書侍郎,0,0,1,,0,0,(後魏)中書侍郎
174002,李友益,11398,中書侍郎,0,0,1,,0,0,中書侍郎
175049,李祥,11398,中書侍郎,0,0,1,,0,0,中書侍郎
175133,李盛,11398,中書侍郎,0,0,1,,0,0,中書侍郎
176071,温彥將,11398,中書侍郎,0,0,1,,0,0,中書侍郎
176829,褚漢,11398,中書侍郎,0,0,1,,0,0,(梁)御史中丞+中書侍郎
177347,崔肇師,11398,中書侍郎,0,0,1,,0,0,(北齊)中書侍郎
177445,崔當,11398,中書侍郎,0,0,1,,0,0,(後魏)中書侍郎
178004,崔液,11398,中書侍郎,0,0,1,,0,0,(隋)中書侍郎
178165,柳虬,11398,中書侍郎,0,0,1,,0,0,(後周)中書侍郎
178313,柳季遠,11398,中書侍郎,0,0,1,,0,0,(梁)中書侍郎+宜都太守
178981,盧道舒,11398,中書侍郎,0,0,1,,0,0,(後魏)中書侍郎
180183,薛驎,11398,中書侍郎,0,0,1,,0,0,中書侍郎+謚曰宣
162855,薛孝通,11398,中書侍郎,0,0,1,,0,0,中書侍郎
184610,徐緄,11398,中書侍郎,0,0,1,,0,0,(齊)中書侍郎
186637,崔鑒,11398,中書侍郎,0,0,1,,0,0,(後魏)中書侍郎+奮威將軍+東徐州刺史
191517,崔習,11398,中書侍郎,0,0,1,,0,0,侍中+中書侍郎
193410,孔華,11398,中書侍郎,0,0,1,,0,0,(宋)中書侍郎
194393,韋惠度,11398,中書侍郎,0,0,1,,0,0,(後魏)中書侍郎
195029,劉環雋,11398,中書侍郎,0,0,1,,0,0,(北齊)中書侍郎
195458,李希仁,11398,中書侍郎,0,0,1,,0,0,輔國將軍+中書侍郎
18636,許敬宗,11398,中書侍郎,645,0,1,,0,0,中書侍郎
31485,于志寧,11398,中書侍郎,629,0,1,0,0,0,中書侍郎
31628,岑文本,11398,中書侍郎,0,0,1,,0,0,中書侍郎
32430,顏師古,11398,中書侍郎,626,0,1,,0,0,中書侍郎
92838,杜正倫,11398,中書侍郎,630,0,1,,0,0,中書侍郎
92838,杜正倫,11398,中書侍郎,636,0,1,,0,0,中書侍郎
94815,溫彥博,11398,中書侍郎,622,0,1,,0,0,中書侍郎
94815,溫彥博,11398,中書侍郎,627,0,1,,0,0,中書侍郎
138710,某長先,11402,州別駕,0,0,1,,0,0,"office:州別駕, chaodai:, place:洛州(epitaph ID:5;add par id:0)"
138893,李君絢,11402,州別駕,0,0,1,,0,0,"office:州別駕, chaodai:唐, place:濟州(epitaph ID:187;add par id:0)"
139885,梁玄敏,11402,州別駕,0,0,1,,0,0,"office:二州別駕, chaodai:, place:舒(epitaph ID:1182;add par id:0)"
147127,郭祥,11402,州別駕,0,0,1,,0,0,"office:州別駕, chaodai:隋, place:洛州(epitaph ID:310;add par id:10589)"
148010,強寶質,11402,州別駕,0,0,1,,0,0,"office:州別駕, chaodai:, place:華州(epitaph ID:645;add par id:16635)"
148269,婁榮,11402,州別駕,0,0,1,,0,0,"office:州別駕, chaodai:隋, place:蔡州(epitaph ID:740;add par id:18222)"
148338,李亮,11402,州別駕,0,0,1,,0,0,"office:州別駕, chaodai:隋, place:陳州(epitaph ID:762;add par id:18565)"
148722,張訓,11402,州別駕,0,0,1,,0,0,"office:州靜智府別將, chaodai:, place:并州(epitaph ID:885;add par id:21226)"
149479,行本,11402,州別駕,0,0,1,,0,0,"office:州別駕, chaodai:隋, place:州(epitaph ID:1135;add par id:26275)"
149511,陳酆,11402,州別駕,0,0,1,,0,0,"office:州別駕, chaodai:, place:肅州(epitaph ID:1145;add par id:26489)"
170555,裴景惠,11402,州別駕,0,0,1,,0,0,(後魏)州別駕
149511,陳酆,11402,州別駕,0,0,1,,0,0,(唐)肅州別駕
173761,李紹,11402,州別駕,0,0,1,,0,0,殷州別駕
174276,李祖揖,11402,州別駕,0,0,1,,0,0,(北齊)冀州別駕
175009,李希彥,11402,州別駕,0,0,1,,0,0,趙州別駕
12369,張君政,11402,州別駕,0,0,1,,0,0,韶州別駕
177377,崔淊,11402,州別駕,0,0,1,,0,0,(後魏)殷州別駕
177530,崔融,11402,州別駕,0,0,1,,0,0,(後魏)定州別駕
177781,崔叔業,11402,州別駕,0,0,1,,0,0,(後魏)南兗州別駕
178190,柳艮,11402,州別駕,0,0,1,,0,0,冀州別駕+錦州長史
33022,盧寶素,11402,州別駕,0,0,1,,0,0,(隋)澤州內部長+晉州別駕
179242,盧士澈,11402,州別駕,0,0,1,,0,0,昌樂令+徐州別駕
182425,唐文獎,11402,州別駕,0,0,1,,0,0,韓州別駕
182429,唐世慎,11402,州別駕,0,0,1,,0,0,(隋)沁州別駕
182660,唐爽,11402,州別駕,0,0,1,,0,0,相州別駕
32311,鄭子柔,11402,州別駕,0,0,1,,0,0,合州別駕
183403,鄭文湛,11402,州別駕,0,0,1,,0,0,洪州別駕
184479,白君慜,11402,州別駕,0,0,1,,0,0,牢州別駕
193980,蕭瑳,11402,州別駕,0,0,1,,0,0,杞州別駕
194384,楊壽旻,11402,州別駕,0,0,1,,0,0,宜州別駕
194425,柳緝,11402,州別駕,0,0,1,,0,0,宋州別駕+宋安郡守
163178,王令思,11402,州別駕,0,0,1,,0,0,(隋)梁郡圉城縣令+呂亳二州別駕
138717,崔志,11404,州長史,0,0,1,,0,0,"office:州長史, chaodai:, place:息州(epitaph ID:12;add par id:0)"
138720,楊敏,11404,州長史,0,0,1,,0,0,"office:州長史, chaodai:隋, place:洛州(epitaph ID:15;add par id:0)"
138723,胡永,11404,州長史,0,0,1,,0,0,"office:州長史, chaodai:, place:齊州(epitaph ID:18;add par id:0)"
138770,徐純,11404,州長史,0,0,1,,0,0,"office:州長史, chaodai:隋, place:袞州(epitaph ID:65;add par id:0)"
138965,皇甫德相,11404,州長史,0,0,1,,0,0,"office:州長史, chaodai:, place:冀州(epitaph ID:260;add par id:0)"
139079,韓玄,11404,州長史,0,0,1,,0,0,"office:州長史, chaodai:, place:營州(epitaph ID:374;add par id:0)"
139148,楊道綱,11404,州長史,0,0,1,,0,0,"office:州長史, chaodai:, place:和州(epitaph ID:443;add par id:0)"
146530,張魏,11404,州長史,0,0,1,,0,0,"office:州長史, chaodai:, place:齊州(epitaph ID:55;add par id:6200)"
146683,某茂(父),11404,州長史,0,0,1,,0,0,"office:州長史, chaodai:隋, place:襄州(epitaph ID:112;add par id:7353)"
146733,某顯(某忠父),11404,州長史,0,0,1,,0,0,"office:州長史, chaodai:隋, place:幽州(epitaph ID:136;add par id:7677)"
146769,樂貞,11404,州長史,0,0,1,,0,0,"office:州長史, chaodai:隋, place:忻州(epitaph ID:149;add par id:7964)"
146959,孫建,11404,州長史,0,0,1,,0,0,"office:州長史, chaodai:隋, place:定州(epitaph ID:242;add par id:9349)"
147068,梁巘,11404,州長史,0,0,1,,0,0,"office:、、三州長史, chaodai:隋, place:慈(epitaph ID:283;add par id:10101)"
147273,徐淳,11404,州長史,0,0,1,,0,0,"office:州長史, chaodai:隋, place:袞州(epitaph ID:359;add par id:11543)"
147536,張寶,11404,州長史,0,0,1,,0,0,"office:州長史, chaodai:周, place:齊州(epitaph ID:467;add par id:13466)"
147561,皇甫良,11404,州長史,0,0,1,,0,0,"office:州長史, chaodai:隋, place:同州(epitaph ID:475;add par id:13625)"
147628,逯某,11404,州長史,0,0,1,,0,0,"office:州長史, chaodai:, place:涼州(epitaph ID:499;add par id:14089)"
147764,某樂淵(某汪父),11404,州長史,0,0,1,,0,0,"office:州長史, chaodai:周, place:肅州(epitaph ID:558;add par id:15000)"
147933,鄧方,11404,州長史,0,0,1,,0,0,"office:州長史, chaodai:周, place:蒲州(epitaph ID:619;add par id:16074)"
148064,史嵩,11404,州長史,0,0,1,,0,0,"office:州長史, chaodai:唐, place:并州(epitaph ID:666;add par id:17019)"
139503,董葵,11404,州長史,0,0,1,,0,0,"office:州長史, chaodai:隋, place:相州(epitaph ID:713;add par id:17728)"
148659,慕容正言,11404,州長史,0,0,1,,0,0,"office:州長史, chaodai:, place:衛州(epitaph ID:865;add par id:20846)"
148712,張慶,11404,州長史,0,0,1,,0,0,"office:州長史, chaodai:隋, place:定州(epitaph ID:882;add par id:21160)"
148720,贾廉,11404,州長史,0,0,1,,0,0,"office:州長史, chaodai:, place:涼州(epitaph ID:885;add par id:21237)"
33105,皇甫珍義,11404,州長史,0,0,1,,0,0,"office:州長史, chaodai:, place:資州(epitaph ID:1030;add par id:23945)"
149246,張?,11404,州長史,0,0,1,,0,0,"office:、二州長史, chaodai:, place:交(epitaph ID:1060;add par id:24620)"
169081,薛寶積,11404,州長史,0,0,1,,0,0,揚州長史
171105,裴熙勣,11404,州長史,0,0,1,,0,0,洛州長史
31989,裴之隱,11404,州長史,0,0,1,,0,0,梓州長史
150768,裴鴻智,11404,州長史,0,0,1,,0,0,襄州長史
173763,李陶駼,11404,州長史,0,0,1,,0,0,(隋)絳州長史
173764,李政藻,11404,州長史,0,0,1,,0,0,宜州長史
174036,李仁贍,11404,州長史,0,0,1,,0,0,梁州長史
174049,李徹,11404,州長史,0,0,1,,0,0,(北齊)濟州長史+迎勞使+尚書右丞
174709,李贊王,11404,州長史,0,0,1,,0,0,蘭州長史
174995,李希寔,11404,州長史,0,0,1,,0,0,通州長史
175031,李元則,11404,州長史,0,0,1,,0,0,并州長史
175062,李叔讓,11404,州長史,0,0,1,,0,0,湖州長史
176004,魏彥,11404,州長史,0,0,1,,0,0,(後魏)光州長史
179836,韋綱,11404,州長史,0,0,1,,0,0,(隋)趙州長史
17868,唐臨,11404,州長史,0,0,1,,0,0,雍州長史+工刑兵禮戶吏六尚書
181889,唐義友,11404,州長史,0,0,1,,0,0,絳州長史
26933,姚祥,11404,州長史,0,0,1,,0,0,(隋)懷州長史
182474,唐伯華,11404,州長史,0,0,1,,0,0,(北齊)徐州長史
183307,鄭德本,11404,州長史,0,0,1,,0,0,晉州長史
183709,鄭衡,11404,州長史,0,0,1,,0,0,(隋)潞州長史
184740,徐羌,11404,州長史,0,0,1,,0,0,鄭州長史
32532,李孝斌,11404,州長史,0,0,1,,0,0,原州長史
31422,元仁惠,11404,州長史,0,0,1,,0,0,涼州長史
193882,裴規,11404,州長史,0,0,1,,0,0,幽州新平、洺州雞澤二縣令+普、博二州長史
30859,杜徽,11404,州長史,0,0,1,,0,0,(隋)懷州長史
195053,鄭玄度,11404,州長史,0,0,1,,0,0,廣州長史
31312,李靖,11404,州長史,624,0,1,,0,0,揚州長史
32736,李玄道,11404,州長史,0,0,1,,0,0,幽州長史
93871,鄭頲,11404,州長史,0,0,1,,0,0,長史
138713,麹舉,11405,州刺史,0,0,1,,0,0,"office:贈、、、、、、、、十州刺史, chaodai:鄭, place:(epitaph ID:8;add par id:0)"
138720,楊敏,11405,州刺史,0,0,1,,0,0,"office:州刺史, chaodai:隋, place:德州(epitaph ID:15;add par id:0)"
138722,屈突通,11405,州刺史,626,628,1,,0,0,"office:州刺史, chaodai:, place:洛州(epitaph ID:17;add par id:0)出處另有：唐刺史考全編，第574頁。"
138739,郭雲,11405,州刺史,0,0,1,,0,0,"office:州刺史, chaodai:, place:涼州(epitaph ID:33;add par id:0)"
138744,某謩,11405,州刺史,0,0,1,,0,0,"office:州刺史, chaodai:, place:秦州(epitaph ID:38;add par id:0)"
138744,某謩,11405,州刺史,0,0,1,,0,0,"office:州刺史, chaodai:, place:隴州(epitaph ID:38;add par id:0)"
138767,蔣喜,11405,州刺史,0,0,1,,0,0,"office:州刺史, chaodai:, place:鄆州(epitaph ID:61;add par id:0)"
138767,蔣喜,11405,州刺史,0,0,1,,0,0,office:持節州刺史(epitaph ID:61;add par id:0)
138801,張孝緒,11405,州刺史,0,0,1,,0,0,"office:州刺史, chaodai:隋, place:沙州(epitaph ID:96;add par id:0)"
138846,段師,11405,州刺史,0,0,1,,0,0,"office:州刺史, chaodai:, place:殷州(epitaph ID:141;add par id:0)"
138888,某秀,11405,州刺史,0,0,1,,0,0,"office:州刺史, chaodai:, place:唐州(epitaph ID:183;add par id:0)"
138888,某秀,11405,州刺史,0,0,1,,0,0,"office:州刺史, chaodai:, place:平州(epitaph ID:183;add par id:0)"
138888,某秀,11405,州刺史,0,0,1,,0,0,"office:州刺史, chaodai:, place:蓬州(epitaph ID:183;add par id:0)"
138888,某秀,11405,州刺史,0,0,1,,0,0,"office:州刺史, chaodai:, place:浦州(epitaph ID:183;add par id:0)"
138888,某秀,11405,州刺史,0,0,1,,0,0,"office:州刺史, chaodai:, place:雅州(epitaph ID:183;add par id:0)"
138893,李君絢,11405,州刺史,0,0,1,,0,0,"office:州刺史, chaodai:唐, place:西徐州(epitaph ID:187;add par id:0)"
139105,王立,11405,州刺史,0,0,1,,0,0,"office:、二州刺史, chaodai:齊, place:廉(epitaph ID:400;add par id:0)"
139122,張士貴,11405,州刺史,0,0,1,,0,0,"office:州刺史, chaodai:, place:通州(epitaph ID:417;add par id:0)"
139122,張士貴,11405,州刺史,0,0,1,,0,0,"office:州刺史, chaodai:, place:虢州(epitaph ID:417;add par id:0)"
139122,張士貴,11405,州刺史,0,0,1,,0,0,"office:州刺史, chaodai:, place:州(epitaph ID:417;add par id:0)"
139122,張士貴,11405,州刺史,0,0,1,,0,0,"office:州刺史, chaodai:, place:荊州(epitaph ID:417;add par id:0)"
139166,尉遲恭,11405,州刺史,0,0,1,,0,0,"office:州刺史, chaodai:, place:靈州(epitaph ID:461;add par id:0)"
139166,尉遲恭,11405,州刺史,0,0,1,,0,0,"office:州行刺史, chaodai:, place:同州(epitaph ID:461;add par id:0)"
139166,尉遲恭,11405,州刺史,0,0,1,,0,0,"office:州刺史, chaodai:, place:宣州(epitaph ID:461;add par id:0)"
139166,尉遲恭,11405,州刺史,0,0,1,,0,0,"office:州刺史, chaodai:, place:鄜州(epitaph ID:461;add par id:0)"
139166,尉遲恭,11405,州刺史,0,0,1,,0,0,"office:州刺史, chaodai:, place:夏州(epitaph ID:461;add par id:0)"
139166,尉遲恭,11405,州刺史,0,0,1,,0,0,"office:州刺史, chaodai:, place:并州(epitaph ID:461;add par id:0)"
139226,許緒,11405,州刺史,0,0,1,,0,0,"office:、三州刺史, chaodai:, place:鄂(epitaph ID:520;add par id:0)"
139233,某詮,11405,州刺史,0,0,1,,0,0,"office:州刺史, chaodai:, place:泰州(epitaph ID:527;add par id:0)"
139557,李爽,11405,州刺史,0,0,1,,0,0,"office:州刺史, chaodai:隋, place:刑州(epitaph ID:767;add par id:0)"
139557,李爽,11405,州刺史,0,0,1,,0,0,"office:州守刺史, chaodai:隋, place:思州(epitaph ID:767;add par id:0)"
139557,李爽,11405,州刺史,0,0,1,,0,0,"office:州刺史, chaodai:隋, place:交州(epitaph ID:767;add par id:0)"
139557,李爽,11405,州刺史,0,0,1,,0,0,"office:刺史, chaodai:隋, place:滄洲(epitaph ID:767;add par id:0)"
139637,封泰,11405,州刺史,0,0,1,,0,0,"office:州刺史, chaodai:, place:湖州(epitaph ID:847;add par id:0)"
139637,封泰,11405,州刺史,0,0,1,,0,0,"office:、二州刺史, chaodai:, place:豪(epitaph ID:847;add par id:0)"
139648,費胤斌,11405,州刺史,0,0,1,,0,0,office:□州刺史(epitaph ID:859;add par id:0)
139648,費胤斌,11405,州刺史,0,0,1,,0,0,"office:州刺史, chaodai:, place:巴州(epitaph ID:859;add par id:0)"
139648,費胤斌,11405,州刺史,0,0,1,,0,0,"office:州刺名, chaodai:, place:辰州(epitaph ID:859;add par id:0)"
139652,慕容三藏,11405,州刺史,0,0,1,,0,0,"office:州刺史, chaodai:隋, place:晉州(epitaph ID:863;add par id:0)"
139652,慕容三藏,11405,州刺史,0,0,1,,0,0,"office:州刺史, chaodai:隋, place:□州(epitaph ID:863;add par id:0)"
139652,慕容三藏,11405,州刺史,0,0,1,,0,0,"office:州刺史, chaodai:隋, place:和州(epitaph ID:863;add par id:0)"
139696,杜行寶,11405,州刺史,0,0,1,,0,0,"office:州刺史, chaodai:周, place:豫州(epitaph ID:907;add par id:0)"
139737,元仁師,11405,州刺史,0,0,1,,0,0,"office:州刺史, chaodai:, place:嘉州(epitaph ID:948;add par id:0)"
139894,陳察,11405,州刺史,0,0,1,,0,0,office:文州刺史(epitaph ID:1191;add par id:0)
146387,庫狄洛,11405,州刺史,0,0,1,,0,0,"office:州刺史, chaodai:, place:和州(epitaph ID:3;add par id:5073)"
146432,楊盛,11405,州刺史,0,0,1,,0,0,"office:開府三州刺史, chaodai:周, place:資(epitaph ID:15;add par id:5409)"
146433,張賓,11405,州刺史,0,0,1,,0,0,"office:州刺史, chaodai:齊, place:□州(epitaph ID:16;add par id:5439)"
146440,屈突長卿,11405,州刺史,0,0,1,,0,0,"office:州刺史, chaodai:周, place:邛州(epitaph ID:17;add par id:5469)"
146443,胡邕,11405,州刺史,0,0,1,,0,0,"office:州南刺史, chaodai:魏, place:青州(epitaph ID:18;add par id:5517)"
146443,胡邕,11405,州刺史,0,0,1,,0,0,"office:州南刺史, chaodai:東魏, place:青州(epitaph ID:23;add par id:5594)"
146473,郭振武,11405,州刺史,0,0,1,,0,0,"office:、二州刺史, chaodai:, place:幽(epitaph ID:33;add par id:5759)"
146488,某景(某謩父),11405,州刺史,0,0,1,,0,0,"office:、、、四州刺史, chaodai:, place:武(epitaph ID:38;add par id:5876)"
146546,徐瑜,11405,州刺史,0,0,1,,0,0,"office:州刺史, chaodai:周, place:魏州(epitaph ID:65;add par id:6419)"
146578,段榮,11405,州刺史,0,0,1,,0,0,"office:州刺史, chaodai:齊, place:潤州(epitaph ID:76;add par id:6667)"
146668,某熾(某懷文父),11405,州刺史,0,0,1,,0,0,"office:州刺史, chaodai:周, place:寧州(epitaph ID:105;add par id:7245)"
146691,趙祖連,11405,州刺史,0,0,1,,0,0,"office:州刺史, chaodai:齊, place:汝州(epitaph ID:113;add par id:7391)"
146776,某貞(某達父),11405,州刺史,0,0,1,,0,0,"office:州刺史, chaodai:隋, place:懷州(epitaph ID:152;add par id:8016)"
146781,趙慶,11405,州刺史,0,0,1,,0,0,"office:州刺史, chaodai:, place:燕州(epitaph ID:154;add par id:8059)"
146847,薛通,11405,州刺史,0,0,1,,0,0,"office:州□刺史, chaodai:隋, place:州(epitaph ID:175;add par id:8434)"
162682,阮奏,11405,州刺史,0,0,1,,0,0,"office:州刺史, chaodai:陳, place:豐州(epitaph ID:183;add par id:8664)"
146882,斛斯士操,11405,州刺史,0,0,1,,0,0,"office:州刺史, chaodai:梁, place:南袞州(epitaph ID:187;add par id:8764)"
146894,金達,11405,州刺史,0,0,1,,0,0,"office:州刺史, chaodai:周, place:芳州(epitaph ID:215;add par id:8926)"
146909,安林,11405,州刺史,0,0,1,,0,0,"office:州刺史, chaodai:齊, place:定州(epitaph ID:221;add par id:9022)"
146921,傷薄俱,11405,州刺史,0,0,1,,0,0,"office:州刺史, chaodai:隋, place:成州(epitaph ID:228;add par id:9117)"
146967,楊琛,11405,州刺史,0,0,1,,0,0,"office:使持節三州刺史, chaodai:周, place:和(epitaph ID:245;add par id:9414)"
147018,王伯仁,11405,州刺史,0,0,1,,0,0,"office:州刺史, chaodai:齊, place:德州(epitaph ID:266;add par id:9759)"
147043,段偃師,11405,州刺史,0,0,1,,0,0,"office:州刺史, chaodai:, place:郢州(epitaph ID:274;add par id:9924)"
147068,梁巘,11405,州刺史,0,0,1,,0,0,"office:、二州刺史, chaodai:隋, place:(epitaph ID:283;add par id:10101)"
147126,韓護,11405,州刺史,0,0,1,,0,0,"office:州刺史, chaodai:隋, place:滁州(epitaph ID:309;add par id:10557)"
147203,房崱,11405,州刺史,0,0,1,,0,0,"office:、二州刺史, chaodai:隋, place:朗(epitaph ID:336;add par id:11084)"
147218,王義,11405,州刺史,0,0,1,,0,0,"office:州刺史, chaodai:隋, place:岐州(epitaph ID:341;add par id:11198)"
147252,崔子博,11405,州刺史,0,0,1,,0,0,office:四州刺史(epitaph ID:352;add par id:11408)
147264,王理,11405,州刺史,0,0,1,,0,0,"office:州刺史, chaodai:梁, place:徐州(epitaph ID:355;add par id:11479)"
147454,徐升,11405,州刺史,0,0,1,,0,0,"office:州刺史, chaodai:隋, place:襄州(epitaph ID:432;add par id:12800)"
147490,薛獻,11405,州刺史,0,0,1,0,0,0,"office:四州刺史, chaodai:, place:泉(epitaph ID:448;add par id:12997)"
147512,蘇謙,11405,州刺史,0,0,1,,0,0,"office:州刺史, chaodai:隋, place:檀州(epitaph ID:457;add par id:13182)"
30947,尉遲伽,11405,州刺史,0,0,1,,0,0,"office:州贈刺史, chaodai:隋, place:汾州(epitaph ID:461;add par id:13272)"
30947,尉遲伽,11405,州刺史,0,0,1,,0,0,"office:州刺史, chaodai:隋, place:幽州(epitaph ID:461;add par id:13272)"
30965,豆盧寬,11405,州刺史,0,0,1,,0,0,"office:州行刺史, chaodai:, place:歧州(epitaph ID:470;add par id:13525)"
147589,柳惔,11405,州刺史,0,0,1,,0,0,"office:州刺史, chaodai:梁, place:相州(epitaph ID:486;add par id:13790)"
147252,崔子博,11405,州刺史,0,0,1,,0,0,"office:州刺史, chaodai:隋, place:泗州(epitaph ID:489;add par id:13906)"
147616,馮科,11405,州刺史,0,0,1,,0,0,"office:州刺史, chaodai:隋, place:潞州(epitaph ID:496;add par id:14042)"
147627,王褘,11405,州刺史,0,0,1,,0,0,"office:州刺史, chaodai:隋, place:倉州(epitaph ID:499;add par id:14078)"
147629,王寧,11405,州刺史,0,0,1,0,0,0,"office:、二州刺史, chaodai:齊, place:廉(epitaph ID:500;add par id:14111)"
147766,王相,11405,州刺史,0,0,1,,0,0,"office:州刺史, chaodai:周, place:青州(epitaph ID:559;add par id:15029)"
147831,秦朗,11405,州刺史,0,0,1,,0,0,office:司隸刺史(epitaph ID:584;add par id:15456)
147880,竇明,11405,州刺史,0,0,1,,0,0,"office:州刺史, chaodai:隋, place:并州(epitaph ID:603;add par id:15761)"
147978,鄭德通,11405,州刺史,0,0,1,,0,0,office:平州刺史(epitaph ID:637;add par id:16390)
148010,強寶質,11405,州刺史,0,0,1,,0,0,"office:州刺史, chaodai:, place:永州(epitaph ID:645;add par id:16635)"
148178,梁某,11405,州刺史,0,0,1,,0,0,office:司隸刺史(epitaph ID:712;add par id:17712)
148211,董璨,11405,州刺史,0,0,1,,0,0,"office:州刺史, chaodai:隋, place:河州(epitaph ID:723;add par id:17896)"
146959,孫建,11405,州刺史,0,0,1,,0,0,"office:州刺史, chaodai:周, place:恆州(epitaph ID:739;add par id:18187)"
148353,鄭景山,11405,州刺史,0,0,1,,0,0,"office:州刺史, chaodai:, place:光州(epitaph ID:767;add par id:18728)"
148441,張仲,11405,州刺史,0,0,1,,0,0,"office:州刺史, chaodai:隋, place:信州(epitaph ID:800;add par id:19230)"
146741,段嚴,11405,州刺史,0,0,1,,0,0,"office:州刺史, chaodai:周, place:朔州(epitaph ID:815;add par id:19588)"
138846,段師,11405,州刺史,0,0,1,,0,0,"office:州刺史, chaodai:隋, place:殷州(epitaph ID:815;add par id:19604)"
148441,張仲,11405,州刺史,0,0,1,,0,0,"office:州刺史, chaodai:陳, place:□州(epitaph ID:818;add par id:19653)"
148592,封子繡,11405,州刺史,0,0,1,,0,0,"office:州刺史, chaodai:隋, place:通州(epitaph ID:847;add par id:20186)"
148741,王基,11405,州刺史,0,0,1,,0,0,"office:、二州刺史, chaodai:, place:隰(epitaph ID:889;add par id:21315)"
148775,王伽,11405,州刺史,0,0,1,,0,0,"office:州刺史, chaodai:隋, place:灃州(epitaph ID:900;add par id:21504)"
148895,元善積,11405,州刺史,0,0,1,,0,0,"office:州刺史, chaodai:隋, place:渝州(epitaph ID:948;add par id:22347)"
149195,柳慶,11405,州刺史,0,0,1,,0,0,"office:、二州刺史, chaodai:後周, place:萬(epitaph ID:1048;add par id:24266)"
149197,柳逖,11405,州刺史,0,0,1,,0,0,"office:州刺史, chaodai:, place:泉州(epitaph ID:1048;add par id:24296)"
149197,柳逖,11405,州刺史,0,0,1,,0,0,"office:州刺史, chaodai:, place:泉州(epitaph ID:1049;add par id:24337)"
149323,裴爽,11405,州刺史,0,0,1,,0,0,"office:州刺史, chaodai:, place:婺州(epitaph ID:1085;add par id:25108)"
149496,崔弈,11405,州刺史,0,0,1,,0,0,"office:州刺史, chaodai:, place:芮州(epitaph ID:1138;add par id:26374)"
149510,陳伯謀,11405,州刺史,0,0,1,,0,0,"office:州刺史, chaodai:陳, place:龍州(epitaph ID:1145;add par id:26478)"
149643,梁衍,11405,州刺史,0,0,1,,0,0,"office:使持節、、三州刺史, chaodai:隋, place:洵(epitaph ID:1182;add par id:27329)"
149670,陳伯義,11405,州刺史,0,0,1,,0,0,"office:州東刺史, chaodai:隋, place:揚州(epitaph ID:1191;add par id:27490)"
149670,陳伯義,11405,州刺史,0,0,1,,0,0,"office:州刺史, chaodai:隋, place:蘭州(epitaph ID:1191;add par id:27490)"
147673,許康,11405,州刺史,0,0,1,,0,0,"office:州刺史, chaodai:齊, place:梁州(epitaph ID:1220;add par id:28165)"
139226,許緒,11405,州刺史,0,0,1,,0,0,"office:州刺史, chaodai:, place:豫州(epitaph ID:1220;add par id:28172)"
13751,張公謹,11405,州刺史,0,0,1,,0,0,"office:州刺史, chaodai:, place:荊州(epitaph ID:1235;add par id:28470)"
17129,房彥謙,11405,州刺史,0,0,1,,0,0,徐州刺史
146111,李蕤,11405,州刺史,0,0,1,,0,0,豫州刺史
146112,李憲,11405,州刺史,0,0,1,,0,0,揚州刺史
146112,李憲,11405,州刺史,0,0,1,,0,0,定州刺史
145761,李希禮,11405,州刺史,0,0,1,,0,0,(北齊)豫州刺史
145761,李希禮,11405,州刺史,0,0,1,,0,0,贏州刺史
145948,崔幹,11405,州刺史,0,0,1,,0,0,幽州刺史
145923,崔昂,11405,州刺史,0,0,1,,0,0,趙州刺史
146217,盧承基,11405,州刺史,0,0,1,,0,0,郢州刺史
146061,路詮,11405,州刺史,0,0,1,,0,0,泰州刺史
145768,李敬族,11405,州刺史,0,0,1,,0,0,[贈定州刺史]
145768,李敬族,11405,州刺史,0,0,1,,0,0,定州刺史
161971,韋旭,11405,州刺史,0,0,1,,0,0,南幽州刺史
156932,楊峻,11405,州刺史,0,0,1,,0,0,瀛州刺史
170530,黎瑠{王解},11405,州刺史,0,0,1,,0,0,(隋)戎州刺史
170538,令狐整,11405,州刺史,0,0,1,,0,0,豐始二州刺史
170573,裴他,11405,州刺史,0,0,1,,0,0,(後魏)中軍將軍+荊州刺史
170591,裴善昌,11405,州刺史,0,0,1,,0,0,河州刺史
170634,裴倫,11405,州刺史,0,0,1,,0,0,(隋)鳳州刺史
170657,裴善政,11405,州刺史,0,0,1,,0,0,(隋)黎州刺史
170734,裴簡之,11405,州刺史,0,0,1,,0,0,(後魏)岐州刺史
170926,裴宣明,11405,州刺史,0,0,1,,0,0,華州刺史+謚簡
170927,裴景鸞,11405,州刺史,0,0,1,,0,0,華州刺史
170951,裴文舉,11405,州刺史,0,0,1,,0,0,(後周)青州刺史
170968,裴伯鳳,11405,州刺史,0,0,1,,0,0,(後周)光汾二州刺史
154967,裴德超,11405,州刺史,0,0,1,,0,0,秦州刺史
171019,裴世清,11405,州刺史,0,0,1,0,0,0,江州刺史
171095,裴澄,11405,州刺史,0,0,1,,0,0,(後魏)汾州刺史
162299,裴懷節,11405,州刺史,0,0,1,,0,0,洛州刺史+謚定
171282,裴懷煚,11405,州刺史,0,0,1,,0,0,忠州刺史
171348,劉慶,11405,州刺史,0,0,1,,0,0,(後魏)東徐州刺史謚曰簡
171379,劉德智,11405,州刺史,0,0,1,,0,0,滁州刺史
171392,劉世明,11405,州刺史,0,0,1,,0,0,南兗州刺史
171393,劉偉,11405,州刺史,0,0,1,,0,0,(北齊)睢州刺史+諡曰懿
171395,劉胤之,11405,州刺史,0,0,1,,0,0,楚州刺史
171444,劉懿,11405,州刺史,0,0,1,,0,0,(後周)石州刺史
171453,劉子威,11405,州刺史,0,0,1,,0,0,曹州刺史
162731,劉矜,11405,州刺史,0,0,1,,0,0,(魏)太尉司馬+青徐光?四州刺史
171761,竇毅,11405,州刺史,0,0,1,,0,0,(後周)大司馬+襄州刺史
171826,竇德冲,11405,州刺史,0,0,1,0,0,0,陝州刺史
31779,竇抗,11405,州刺史,0,0,1,,0,0,相高祖; 幽州刺史
172194,竇智純,11405,州刺史,0,0,1,,0,0,蒲州刺史
172203,竇智圓,11405,州刺史,0,0,1,,0,0,開州刺史
172205,竇普行,11405,州刺史,0,0,1,,0,0,饒州刺史
172236,竇惲,11405,州刺史,0,0,1,,0,0,岐州刺史
172268,陳君通,11405,州刺史,0,0,1,,0,0,淄州刺史
172270,陳君賓,11405,州刺史,0,0,1,,0,0,虔州刺史
172272,陳願,11405,州刺史,0,0,1,,0,0,萬州刺史
172279,陳憲,11405,州刺史,0,0,1,,0,0,忠州刺史
149510,陳伯謀,11405,州刺史,0,0,1,,0,0,(隋)龍州刺史
21304,陳伯信,11405,州刺史,0,0,1,,0,0,西衡州刺史
21305,陳法會,11405,州刺史,0,0,1,,0,0,梁州刺史
148592,封子繡,11405,州刺史,0,0,1,,0,0,(隋)通州刺史
151100,封道弘,11405,州刺史,0,0,1,,0,0,右司郎中+虢州刺史
172419,楊君操,11405,州刺史,0,0,1,,0,0,陳州刺史
172425,楊處樂,11405,州刺史,0,0,1,,0,0,(隋)洛州刺史
172452,楊定,11405,州刺史,0,0,1,,0,0,并州刺史
31432,楊士貴,11405,州刺史,0,0,1,,0,0,(隋)道撫二州刺史
172528,楊福,11405,州刺史,0,0,1,,0,0,蒲州刺史
31434,楊譽,11405,州刺史,0,0,1,,0,0,汾州刺史
172567,楊孝仁,11405,州刺史,0,0,1,,0,0,濟+汝二州刺史
172573,楊懿,11405,州刺史,0,0,1,,0,0,洛州刺史
172574,楊順,11405,州刺史,0,0,1,,0,0,冀州刺史
172599,楊岐,11405,州刺史,0,0,1,,0,0,呂州刺史
172623,楊鈞,11405,州刺史,0,0,1,,0,0,恆州刺史
172625,楊敷,11405,州刺史,0,0,1,,0,0,(後周)汾州刺史
22571,楊文偉,11405,州刺史,0,0,1,,0,0,(隋)安溫二州刺史
172773,楊安,11405,州刺史,0,0,1,,0,0,濟州刺史
172842,高正臣,11405,州刺史,0,0,1,,0,0,襄州刺史
172870,高勱,11405,州刺史,0,0,1,,0,0,(隋)洮州刺史
17134,房恭懿,11405,州刺史,0,0,1,,0,0,(隋)海州刺史
173057,杜景恭,11405,州刺史,0,0,1,,0,0,廓州刺史
173103,宇文賢,11405,州刺史,0,0,1,,0,0,定州刺史
173104,宇文瑋,11405,州刺史,0,0,1,,0,0,(後周)宕州刺史
173119,宇文定及,11405,州刺史,0,0,1,,0,0,德州刺史
173140,長孫洪,11405,州刺史,0,0,1,,0,0,普州刺史
173148,長孫龕,11405,州刺史,0,0,1,,0,0,房州刺史
173161,長孫兕,11405,州刺史,0,0,1,,0,0,(後周)絳州刺史
173231,長孫義莊,11405,州刺史,0,0,1,,0,0,邢州刺史
173263,杜愛同,11405,州刺史,0,0,1,,0,0,易州刺史
173277,杜顒,11405,州刺史,0,0,1,,0,0,(後周)雍州刺史
173278,杜景仲,11405,州刺史,0,0,1,,0,0,鄜州刺史
173287,杜景秀,11405,州刺史,0,0,1,,0,0,(後周)渭州刺史
173330,杜伽,11405,州刺史,0,0,1,,0,0,(北齊)膠州刺史
173367,李剛,11405,州刺史,0,0,1,,0,0,宜州刺史
31126,李充節,11405,州刺史,0,0,1,,0,0,(隋)朔州刺史
31129,李充穎,11405,州刺史,0,0,1,,0,0,(後周)滑州刺史
31131,李玄明,11405,州刺史,0,0,1,,0,0,濟州刺史
173392,李嘉,11405,州刺史,0,0,1,,0,0,蘇州刺史
158248,李韶,11405,州刺史,0,0,1,,0,0,定州刺史
173556,李君平,11405,州刺史,0,0,1,,0,0,冀州刺史
173578,李彥,11405,州刺史,0,0,1,,0,0,(後魏)秦州刺史+諡曰孝貞
173629,李士操,11405,州刺史,0,0,1,,0,0,安東將軍+南兗州刺史+梁郡太守
173686,李權,11405,州刺史,0,0,1,,0,0,(後魏)河秦二州刺史
148354,李偉節,11405,州刺史,0,0,1,,0,0,(隋)司隸州刺史+河南郡洛陽縣令
173762,李義深,11405,州刺史,0,0,1,,0,0,(北齊)(行)梁州刺史
173836,李顯達,11405,州刺史,0,0,1,,0,0,(隋)潁州刺史
173837,李遷,11405,州刺史,0,0,1,,0,0,德州刺史
173866,李靈,11405,州刺史,0,0,1,,0,0,(後魏)洛州刺史
173867,李恢,11405,州刺史,0,0,1,,0,0,定州刺史
173998,李渾,11405,州刺史,0,0,1,,0,0,(北齊)海州刺史
174028,李元茂,11405,州刺史,0,0,1,,0,0,徐州刺史
174047,李宣茂,11405,州刺史,0,0,1,,0,0,(後魏)幽州刺史+謚曰惠
153784,李純,11405,州刺史,0,0,1,,0,0,(隋)介州刺史
174133,李志之,11405,州刺史,0,0,1,,0,0,郢州刺史
174134,李璡,11405,州刺史,0,0,1,,0,0,青州刺史
174174,李翼,11405,州刺史,0,0,1,,0,0,定州刺史
174180,李仲胤,11405,州刺史,0,0,1,,0,0,光州刺史
174187,李仁元,11405,州刺史,0,0,1,,0,0,虔州刺史
174198,李式,11405,州刺史,0,0,1,,0,0,西兗州刺史
174228,李祖昇,11405,州刺史,0,0,1,,0,0,齊州刺史
174229,李德璉,11405,州刺史,0,0,1,,0,0,殷州刺史
174700,李覲王,11405,州刺史,0,0,1,,0,0,晉州刺史
174743,李大真,11405,州刺史,0,0,1,,0,0,趙州刺史
175050,李安世,11405,州刺史,0,0,1,,0,0,相州刺史+假節
175051,李瑒,11405,州刺史,0,0,1,,0,0,岐州刺史
175060,李孝伯,11405,州刺史,0,0,1,,0,0,(後魏)秦州刺史
175116,李子行,11405,州刺史,0,0,1,,0,0,豫州刺史
175161,李裔,11405,州刺史,0,0,1,,0,0,陝州刺史
175393,王弘直,11405,州刺史,0,0,1,,0,0,魏州刺史+謚曰孝
175662,王猛,11405,州刺史,0,0,1,,0,0,(陳)東衡州刺史
175663,王繕,11405,州刺史,0,0,1,,0,0,(隋)普州刺史
175664,王纊,11405,州刺史,0,0,1,,0,0,鼓旗將軍+楚州刺史
153383,王德素,11405,州刺史,0,0,1,,0,0,閬州刺史
175763,王野父,11405,州刺史,0,0,1,,0,0,(北齊)膠州刺史
32336,王直,11405,州刺史,0,0,1,,0,0,瓜州刺史
32337,王武宣,11405,州刺史,0,0,1,,0,0,岳州刺史
176044,温釋胤,11405,州刺史,0,0,1,,0,0,坊州刺史
176066,温挺,11405,州刺史,0,0,1,,0,0,延州刺史+駙馬都尉
176141,張穆之,11405,州刺史,0,0,1,,0,0,(宋)交州刺史
176143,張纘,11405,州刺史,0,0,1,,0,0,(梁)雍州刺史
176655,張晏之,11405,州刺史,0,0,1,,0,0,(北齊)兗州刺史
176699,張祖政,11405,州刺史,0,0,1,,0,0,杭州刺史
176701,張祖令,11405,州刺史,0,0,1,,0,0,巫州刺史
176860,崔蔚,11405,州刺史,0,0,1,,0,0,(後魏)郢州刺史
151969,崔公禮,11405,州刺史,0,0,1,,0,0,泗州刺史
150265,崔彥穆,11405,州刺史,0,0,1,,0,0,(後周)齊陳二國大使+金安襄三州刺史
150992,崔樞,11405,州刺史,0,0,1,,0,0,利州刺史
177044,崔羣,11405,州刺史,0,0,1,,0,0,(後魏)冀州刺史+始居藍田
177136,崔叔仁,11405,州刺史,0,0,1,,0,0,(後魏)潁州刺史
177148,崔彥武,11405,州刺史,0,0,1,,0,0,(隋)魏州刺史
32633,崔大質,11405,州刺史,0,0,1,,0,0,復州刺史
177302,崔玄機,11405,州刺史,0,0,1,,0,0,陳州刺史
177364,崔弘道,11405,州刺史,0,0,1,,0,0,濟州刺史
177379,崔信明,11405,州刺史,0,0,1,,0,0,懷州刺史
177382,崔僧淵,11405,州刺史,0,0,1,,0,0,(後魏)南青州刺史
31488,于欽明,11405,州刺史,0,0,1,,0,0,彭州刺史
177640,于詮,11405,州刺史,0,0,1,,0,0,(隋)澤州刺史
177711,崔元嗣,11405,州刺史,0,0,1,,0,0,隰州刺史
147252,崔子博,11405,州刺史,0,0,1,,0,0,(隋)泗州刺史
177785,崔楷,11405,州刺史,0,0,1,,0,0,(後魏)殷州刺史+後將軍
154507,崔曠,11405,州刺史,0,0,1,,0,0,(隋)浙州刺史
154508,崔順,11405,州刺史,0,0,1,,0,0,湖州刺史
32288,崔確,11405,州刺史,0,0,1,,0,0,隴州刺史
177866,崔知機,11405,州刺史,0,0,1,,0,0,洛州刺史
177868,崔曄,11405,州刺史,0,0,1,,0,0,虔蘆二州刺史
177877,崔奉賢,11405,州刺史,0,0,1,,0,0,沔州刺史
153042,崔萬善,11405,州刺史,0,0,1,,0,0,閬州刺史+謚曰信
177926,崔挺,11405,州刺史,0,0,1,,0,0,(後魏)司徒+光州刺史
177997,崔謀,11405,州刺史,0,0,1,,0,0,瀛州刺史
178027,崔纂,11405,州刺史,0,0,1,,0,0,(後魏)冀州刺史+謚曰簡
31787,柳楷,11405,州刺史,0,0,1,,0,0,(隋)廓州刺史
178164,柳大隱,11405,州刺史,0,0,1,,0,0,台州刺史
178171,柳蔡年,11405,州刺史,0,0,1,,0,0,(後周)順州刺史
178189,柳止戈,11405,州刺史,0,0,1,,0,0,(後周)洛州刺史
146567,柳仲禮,11405,州刺史,0,0,1,,0,0,司州刺史+(西魏)侍中
178314,柳遐,11405,州刺史,0,0,1,,0,0,(後周)霍州刺史
178345,柳贊,11405,州刺史,0,0,1,,0,0,翼州刺史
178400,韓胄,11405,州刺史,0,0,1,,0,0,(北齊)膠州刺史
178401,韓護,11405,州刺史,0,0,1,,0,0,(後周)商州刺史
33244,韓賢,11405,州刺史,0,0,1,,0,0,(隋)鄧州刺史
178593,許弘周,11405,州刺史,0,0,1,,0,0,楚州刺史
178594,許法光,11405,州刺史,0,0,1,,0,0,(後周)岳州刺史
178595,許紹,11405,州刺史,0,0,1,,0,0,峽州刺史
178631,辛元忠,11405,州刺史,0,0,1,,0,0,青州刺史
178632,辛迪,11405,州刺史,0,0,1,,0,0,(隋)龍州刺史
178633,辛德本,11405,州刺史,0,0,1,,0,0,?州刺史
178665,辛徽,11405,州刺史,0,0,1,,0,0,(後魏)徐州刺史
154450,盧道虔,11405,州刺史,0,0,1,,0,0,(後魏)幽州刺史+謚曰文恭
152585,盧君胤,11405,州刺史,0,0,1,,0,0,忠州刺史
179139,盧景開,11405,州刺史,0,0,1,,0,0,(北齊)城皋郡太守+郢州刺史+謚約簡
179153,盧景柔,11405,州刺史,0,0,1,,0,0,蘭陵太守+南州刺史
179268,盧世矩,11405,州刺史,0,0,1,,0,0,梓慎七州刺史
179298,盧尚之,11405,州刺史,0,0,1,,0,0,(後魏)濟州刺史
179447,樂恂,11405,州刺史,0,0,1,,0,0,(梁)西揚州刺史
179459,孫伯禮,11405,州刺史,0,0,1,,0,0,(後魏)巴州刺史
179613,趙乾贊,11405,州刺史,0,0,1,,0,0,(隋)幽州刺史
179614,趙玄極,11405,州刺史,0,0,1,,0,0,忻州刺史
179743,姜明,11405,州刺史,0,0,1,,0,0,(後魏)兗州刺史
179744,姜遠,11405,州刺史,0,0,1,,0,0,(後周)荊秦二州刺史
32808,陸敬義,11405,州刺史,0,0,1,,0,0,蓬州刺史
179833,韋子粲,11405,州刺史,0,0,1,,0,0,(北齊)豫州刺史
179834,韋孝謇,11405,州刺史,0,0,1,,0,0,集州刺史
179868,韋暮,11405,州刺史,0,0,1,,0,0,(隋)蒲州刺史
31021,韋澄,11405,州刺史,0,0,1,,0,0,綿州刺史
180078,薛顯,11405,州刺史,0,0,1,,0,0,晉州刺史
180080,薛伯琳,11405,州刺史,0,0,1,,0,0,靜州刺史
180184,薛慶集,11405,州刺史,0,0,1,,0,0,滄州刺史
180240,薛溫周,11405,州刺史,0,0,1,,0,0,鄯州刺史
180458,薛和,11405,州刺史,0,0,1,,0,0,(後魏)南州刺史+謚文
180461,薛大鼎,11405,州刺史,0,0,1,,0,0,貝州刺史
180469,薛敬仁,11405,州刺史,0,0,1,,0,0,閬州刺史
33030,薛敬德,11405,州刺史,0,0,1,,0,0,果州刺史
180482,薛廉,11405,州刺史,0,0,1,,0,0,吉州刺史
180487,薛文度,11405,州刺史,0,0,1,,0,0,曹州刺史
180493,薛昭,11405,州刺史,0,0,1,,0,0,澤州刺史
180521,薛德元,11405,州刺史,0,0,1,,0,0,相州刺史
180589,薛馥,11405,州刺史,0,0,1,,0,0,(後周)荊州刺史
180688,薛仲玉,11405,州刺史,0,0,1,,0,0,東夏州刺史
31236,韋師,11405,州刺史,0,0,1,,0,0,(隋)汴州刺史
180843,韋恊,11405,州刺史,0,0,1,,0,0,秦州刺史
162954,韋瓘,11405,州刺史,0,0,1,,0,0,隨州刺史
180859,韋仁基,11405,州刺史,0,0,1,,0,0,龍州刺史
180878,韋藝,11405,州刺史,0,0,1,,0,0,(隋)齊州刺史
180879,韋彤,11405,州刺史,0,0,1,,0,0,(隋)齊陵二州刺史
181003,韋壽,11405,州刺史,0,0,1,,0,0,(隋)毛州刺史
31041,韋瑜,11405,州刺史,0,0,1,,0,0,歙州刺史
31184,韋仁,11405,州刺史,0,0,1,,0,0,(隋)坊州刺史
181293,郭弘道,11405,州刺史,0,0,1,,0,0,同州刺史
181525,騫威,11405,州刺史,0,0,1,,0,0,(後魏)鄯州刺史
181538,蘇振,11405,州刺史,0,0,1,,0,0,(周)宕州刺史
181539,蘇世長,11405,州刺史,0,0,1,,0,0,巴州刺史
181646,格顯,11405,州刺史,0,0,1,,0,0,(後魏)青州刺史
181694,歐陽胤,11405,州刺史,0,0,1,,0,0,光州刺史
181801,姚慎盈,11405,州刺史,0,0,1,,0,0,壽州刺史
32569,敬長瑜,11405,州刺史,0,0,1,,0,0,合州刺史
182051,周表,11405,州刺史,0,0,1,,0,0,(梁)衡州刺史
182052,周才卿,11405,州刺史,0,0,1,,0,0,(隋)延州刺史
182056,周靈超,11405,州刺史,0,0,1,,0,0,(梁)桂州刺史
182058,周孝節,11405,州刺史,0,0,1,,0,0,嘉州刺史
182352,唐褒,11405,州刺史,0,0,1,,0,0,(後魏)華州刺史
182378,唐文度,11405,州刺史,0,0,1,,0,0,鄆州刺史
182402,唐世徹,11405,州刺史,0,0,1,,0,0,(後周)鄭州刺史
182456,唐旭,11405,州刺史,0,0,1,,0,0,(後周)瓜州刺史
182509,唐令世,11405,州刺史,0,0,1,,0,0,(後魏)肆州刺史
182512,唐羲,11405,州刺史,0,0,1,,0,0,(隋)應州刺史
182573,唐和,11405,州刺史,0,0,1,,0,0,(後魏)兗州刺史
182629,唐懿,11405,州刺史,0,0,1,,0,0,隋+相二州刺史
183188,鄭敬道,11405,州刺史,0,0,1,,0,0,開州刺史
32369,鄭正則,11405,州刺史,0,0,1,,0,0,復州刺史
183406,鄭敬德,11405,州刺史,0,0,1,,0,0,(後周)青州刺史
159874,鄭世斌,11405,州刺史,0,0,1,,0,0,左司郎中+?隰二州刺史
183682,鄭鼎,11405,州刺史,0,0,1,,0,0,(後周)西豫州刺史
183683,鄭常,11405,州刺史,0,0,1,,0,0,(隋)郢州刺史
183684,鄭筠,11405,州刺史,0,0,1,,0,0,綿州刺史
183732,鄭道德,11405,州刺史,0,0,1,,0,0,安州刺史
183733,鄭希義,11405,州刺史,0,0,1,,0,0,兗州刺史
183765,鄭尚仁,11405,州刺史,0,0,1,,0,0,吉州刺史
183771,鄭寶,11405,州刺史,0,0,1,,0,0,(隋)和州刺史
183780,鄭盆生,11405,州刺史,0,0,1,,0,0,(後周)光州刺史
183781,鄭鴻猛,11405,州刺史,0,0,1,,0,0,和州刺史
183782,鄭士則,11405,州刺史,0,0,1,,0,0,(隋)閬州刺史
183783,鄭文表,11405,州刺史,0,0,1,,0,0,蓬州刺史
183805,鄭子規,11405,州刺史,0,0,1,,0,0,(後周)溫州刺史
183806,鄭海,11405,州刺史,0,0,1,,0,0,陟州刺史
183864,鄭伯欽,11405,州刺史,0,0,1,,0,0,冀州刺史
152356,宋大辯,11405,州刺史,0,0,1,,0,0,邛州刺史
31678,齊虔,11405,州刺史,0,0,1,,0,0,光州刺史
184241,賈敬忠,11405,州刺史,0,0,1,,0,0,歸州刺史
31648,權文誕,11405,州刺史,0,0,1,,0,0,涪常二州刺史
33105,皇甫珍義,11405,州刺史,0,0,1,,0,0,建州刺史
184359,元寶琳,11405,州刺史,0,0,1,,0,0,綏州刺史
184410,路濤,11405,州刺史,0,0,1,,0,0,(後魏)青州刺史
184412,路恃慶,11405,州刺史,0,0,1,,0,0,安州刺史
184423,路神龜,11405,州刺史,0,0,1,,0,0,恆州刺史
184441,路彩,11405,州刺史,0,0,1,,0,0,(後周)夏州刺史
184726,徐懋,11405,州刺史,0,0,1,,0,0,(梁)荊州刺史
184728,徐蓋,11405,州刺史,0,0,1,,0,0,陵州刺史
184797,獨孤冀,11405,州刺史,0,0,1,,0,0,定州刺史
32912,獨孤子佳,11405,州刺史,0,0,1,,0,0,(隋)淮州刺史
32942,獨孤義恭,11405,州刺史,0,0,1,,0,0,婺州刺史
32919,獨孤義順,11405,州刺史,0,0,1,,0,0,簡州刺史
156128,李乞豆,11405,州刺史,0,0,1,,0,0,(後魏)定州刺史
163133,李貞,11405,州刺史,0,0,1,,0,0,(後周)秦河渭三州刺史
186974,李岡,11405,州刺史,0,0,1,,0,0,(周)朔州總管+相州總管+相燕恆三州刺史
187230,李璋,11405,州刺史,0,0,1,,0,0,(周)梁州刺史
32202,李神通,11405,州刺史,0,0,1,,0,0,山東道行臺+尚書+海州刺史
32736,李玄道,11405,州刺史,0,0,1,,0,0,秦府學士+常州刺史
189786,柳務,11405,州刺史,0,0,1,,0,0,(隋)唐州刺史
189788,柳懿,11405,州刺史,0,0,1,,0,0,(後魏)車騎將軍+汾州刺史
151291,元義全,11405,州刺史,0,0,1,,0,0,巴州刺史
151271,張敏,11405,州刺史,0,0,1,,0,0,(隋)亳州刺史
190446,苑璋,11405,州刺史,0,0,1,,0,0,安州刺史+謚曰忠
190452,姚安仁,11405,州刺史,0,0,1,,0,0,(隋)汾州刺史
191266,王景肅,11405,州刺史,0,0,1,,0,0,澧州刺史
191436,李隨,11405,州刺史,0,0,1,,0,0,洛州刺史
95030,顏游秦,11405,州刺史,0,0,1,,0,0,鄆州刺史
192456,張大師,11405,州刺史,0,0,1,,0,0,華州刺史
192669,權某,11405,州刺史,0,0,1,,0,0,華州刺史+千囗囗
193430,徐瓌,11405,州刺史,0,0,1,,0,0,(周)宣州刺史
193756,張謙,11405,州刺史,0,0,1,,0,0,青州刺史
162237,郭智,11405,州刺史,0,0,1,,0,0,(後魏)秘書郎+郢州刺史
194033,源彪,11405,州刺史,0,0,1,,0,0,(隋)莒州刺史
152706,張偉度,11405,州刺史,0,0,1,,0,0,鄆州刺史
194245,姜真,11405,州刺史,0,0,1,,0,0,(後魏)南秦州刺史
194375,裴定宗,11405,州刺史,0,0,1,,0,0,涼州刺史
194391,韋鄭子,11405,州刺史,0,0,1,,0,0,代郡守+兗州刺史
194400,崔長謙,11405,州刺史,0,0,1,,0,0,給事中+青州刺史
194403,裴叔業,11405,州刺史,0,0,1,,0,0,(後魏)豫州刺史+謚忠武
194415,裴冲,11405,州刺史,0,0,1,0,0,0,(後秦)?州刺史
194416,裴道子,11405,州刺史,0,0,1,,0,0,(魏)南梁州刺史
194420,裴德歡,11405,州刺史,0,0,1,,0,0,豫、鄭、廣、坊四州刺史+謚曰康
194464,張照,11405,州刺史,0,0,1,,0,0,(隋)冀州刺史
194475,李明,11405,州刺史,0,0,1,,0,0,綏州刺史
194610,馬士儒,11405,州刺史,0,0,1,,0,0,(隋)江亳二州刺史
194680,穆韶,11405,州刺史,0,0,1,,0,0,冀州刺史
195023,楊承寶,11405,州刺史,0,0,1,,0,0,商直淅三州刺史
195026,房法壽,11405,州刺史,0,0,1,,0,0,(後魏)冀州刺史
195266,樊儒,11405,州刺史,0,0,1,,0,0,(北齊)仁州刺史
195267,樊道則,11405,州刺史,0,0,1,,0,0,(梁)越州刺史
195413,宋維,11405,州刺史,0,0,1,,0,0,洛州刺史
195454,鄭仲達,11405,州刺史,0,0,1,,0,0,閬州刺史
195472,鄭孝穆,11405,州刺史,0,0,1,,0,0,(西魏)少司空+岐州刺史
195487,若干金明,11405,州刺史,0,0,1,,0,0,瀛州刺史
195899,趙世立,11405,州刺史,0,0,1,,0,0,博州刺史
195920,鮮于明,11405,州刺史,0,0,1,,0,0,(唐)蒲州刺史
155468,鮮于匡紹,11405,州刺史,0,0,1,,0,0,閬同河利四州刺史
195936,鮮于緒,11405,州刺史,0,0,1,,0,0,(後周)懷州刺史
138846,段師,11405,州刺史,0,0,1,,0,0,(隋)左千牛東宮左內率大常卿+殷州刺史
196266,元禎,11405,州刺史,0,0,1,,0,0,(魏)敷州刺史
12259,蕭瑀,11405,州刺史,636,0,1,,0,0,岐州刺史
12259,蕭瑀,11405,州刺史,646,0,1,,0,0,商州刺史
13059,李淵(唐高祖),11405,州刺史,591,0,1,,0,0,譙州刺史
13059,李淵(唐高祖),11405,州刺史,591,0,1,,0,0,隴州刺史
13059,李淵(唐高祖),11405,州刺史,591,0,1,,0,0,岐州刺史
17868,唐臨,11405,州刺史,659,0,1,,0,0,潮州刺史
18636,許敬宗,11405,州刺史,0,0,1,,0,0,鄭州刺史
30938,褚遂良,11405,州刺史,0,0,1,,0,0,同州刺史
30938,褚遂良,11405,州刺史,0,0,1,,0,0,愛州刺史
31312,李靖,11405,州刺史,0,0,1,,0,0,荊州刺史
31485,于志寧,11405,州刺史,659,0,1,0,0,0,榮州刺史
31485,于志寧,11405,州刺史,0,0,1,0,0,0,岐州刺史
31485,于志寧,11405,州刺史,0,0,1,0,0,0,華州刺史
32158,李孝貞,11405,州刺史,0,0,1,,0,0,蒙州刺史
32158,李孝貞,11405,州刺史,0,0,1,,0,0,刺金州
32736,李玄道,11405,州刺史,0,629,36,,0,0,常州刺史
32966,令狐德棻,11405,州刺史,644,0,1,,0,0,雅州刺史
33013,王珪,11405,州刺史,633,0,1,,0,0,同州刺史
92838,杜正倫,11405,州刺史,658,0,1,,0,0,?州刺史
93407,張後胤,11405,州刺史,0,0,1,,0,0,睦州刺史
93808,鄭元璹,11405,州刺史,0,0,1,,0,0,宜州刺史
93988,趙弘智,11405,州刺史,0,0,1,,0,0,萊州刺史
93988,趙弘智,11405,州刺史,0,0,1,,0,0,光州刺史
95030,顏游秦,11405,州刺史,618,0,1,,0,0,廉州刺史
13060,李世民(唐太宗),11405,州刺史,618,626,1,1,0,0,
12259,蕭瑀,11405,州刺史,618,,1,1,0,0,
31168,楊恭仁,11405,州刺史,626,628,1,1,0,0,
139552,李泰,11405,州刺史,634,643,1,1,0,0,
150360,楊纂,11405,州刺史,644,645,1,1,0,0,
31485,于志寧,11405,州刺史,645,646,1,1,0,0,
150360,楊纂,11405,州刺史,646,649,1,1,0,0,
31536,盧承慶,11405,州刺史,649,,1,1,0,0,
17868,唐臨,11405,州刺史,650,651,1,1,0,0,
32855,劉祥道,11405,州刺史,663,664,1,1,0,0,
31536,盧承慶,11405,州刺史,665,669,1,1,0,0,
31485,于志寧,11405,州刺史,664,665,1,1,0,0,
173127,宇文士及,11405,州刺史,628,,1,1,0,0,
139166,尉遲恭,11405,州刺史,634,637,1,1,0,0,
30938,褚遂良,11405,州刺史,650,652,1,1,0,0,
155468,鮮于匡紹,11405,州刺史,679,,1,1,0,0,
32202,李神通,11405,州刺史,623,,1,1,0,0,
186211,鄭善果,11405,州刺史,627,,1,1,0,0,
30965,豆盧寬,11405,州刺史,639,,1,1,0,0,
188071,李元祥,11405,州刺史,636,,1,1,0,0,
195256,馮長命,11405,州刺史,639,,1,1,0,0,
31071,長孫操,11405,州刺史,649,,1,1,0,0,
31485,于志寧,11405,州刺史,662,0,1,1,0,0,
142498,張亮,11405,州刺史,631,,1,1,0,0,
170229,郭澄,11405,州刺史,639,,1,1,0,0,
142498,張亮,11405,州刺史,632,,1,1,0,0,
139552,李泰,11405,州刺史,633,,1,1,0,0,
139166,尉遲恭,11405,州刺史,639,642,1,1,0,0,
188071,李元祥,11405,州刺史,664,,1,1,0,0,
170229,郭澄,11405,州刺史,639,,1,1,0,0,
170229,郭澄,11405,州刺史,639,,1,1,0,0,
170229,郭澄,11405,州刺史,639,,1,1,0,0,
154967,裴德超,11405,州刺史,639,,1,1,0,0,
13751,張公謹,11405,州刺史,625,,1,1,0,0,
170229,郭澄,11405,州刺史,639,,1,1,0,0,
170229,郭澄,11405,州刺史,639,,1,1,0,0,
31311,李正明,11405,州刺史,654,,1,1,0,0,
147490,薛獻,11405,州刺史,644,0,1,1,0,0,
31815,竇靜,11405,州刺史,628,631,1,1,0,0,
142498,張亮,11405,州刺史,632,,1,1,0,0,
170229,郭澄,11405,州刺史,639,,1,1,0,0,
139122,張士貴,11405,州刺史,641,642,1,1,0,0,
139166,尉遲恭,11405,州刺史,642,643,1,1,0,0,
187282,李道宗,11405,州刺史,622,623,1,1,0,0,
187282,李道宗,11405,州刺史,625,627,1,1,0,0,
187282,李道宗,11405,州刺史,629,,1,1,0,0,
139166,尉遲恭,11405,州刺史,631,634,1,1,0,0,
31311,李正明,11405,州刺史,639,,1,1,0,0,
142590,張臣合,11405,州刺史,633,,1,1,0,0,
32340,王長諧,11405,州刺史,626,627,1,1,0,0,
31817,竇師綸,11405,州刺史,660,,1,1,0,0,
177559,崔智辨,11405,州刺史,683,,1,1,0,0,
192457,張儉,11405,州刺史,630,,1,1,0,0,
172209,竇軌,11405,州刺史,618,619,1,1,0,0,
32340,王長諧,11405,州刺史,628,,1,1,0,0,
154967,裴德超,11405,州刺史,628,,1,1,0,0,
178355,韓仲良,11405,州刺史,633,637,1,1,0,0,
139122,張士貴,11405,州刺史,642,643,1,1,0,0,
31787,柳楷,11405,州刺史,639,,1,1,0,0,
155468,鮮于匡紹,11405,州刺史,667,,1,1,0,0,
177559,崔智辨,11405,州刺史,691,,1,1,0,0,
31787,柳楷,11405,州刺史,639,,1,1,0,0,
13060,李世民(唐太宗),11405,州刺史,619,621,1,1,0,0,
31168,楊恭仁,11405,州刺史,620,623,1,1,0,0,
32919,獨孤義順,11405,州刺史,623,,1,1,0,0,
173127,宇文士及,11405,州刺史,627,,1,1,0,0,
31965,李大亮,11405,州刺史,629,635,1,1,0,0,
142590,張臣合,11405,州刺史,642,649,1,1,0,0,
142590,張臣合,11405,州刺史,649,656,1,1,0,0,
12259,蕭瑀,11405,州刺史,643,,1,1,0,0,
13060,李世民(唐太宗),11405,州刺史,621,626,1,1,0,0,
172209,竇軌,11405,州刺史,628,630,1,1,0,0,
31168,楊恭仁,11405,州刺史,634,,1,1,0,0,
142498,張亮,11405,州刺史,643,,1,1,0,0,
162299,裴懷節,11405,州刺史,643,647,1,1,0,0,
31071,長孫操,11405,州刺史,625,,1,1,0,0,
150992,崔樞,11405,州刺史,626,,1,1,0,0,
31071,長孫操,11405,州刺史,651,,1,1,0,0,
142498,張亮,11405,州刺史,626,631,1,1,0,0,
142498,張亮,11405,州刺史,619,,1,1,0,0,
187929,李元禮,11405,州刺史,632,,1,1,0,0,
188057,李元名,11405,州刺史,646,,1,1,0,0,
31536,盧承慶,11405,州刺史,657,,1,1,0,0,
172567,楊孝仁,11405,州刺史,667,,1,1,0,0,
173162,長孫敞,11405,州刺史,623,,1,1,0,0,
17130,房玄齡,11405,州刺史,637,,1,5,0,0,
145948,崔幹,11405,州刺史,639,,1,1,0,0,
188057,李元名,11405,州刺史,647,649,1,1,0,0,
188057,李元名,11405,州刺史,647,,1,1,0,0,
139122,張士貴,11405,州刺史,621,,1,1,0,0,
151100,封道弘,11405,州刺史,667,,1,1,0,0,
188057,李元名,11405,州刺史,643,,1,1,0,0,
187945,李元則,11405,州刺史,633,636,1,1,0,0,
187929,李元禮,11405,州刺史,636,642,1,1,0,0,
180461,薛大鼎,11405,州刺史,639,,1,1,0,0,
138767,蔣喜,11405,州刺史,621,623,1,1,0,0,
32202,李神通,11405,州刺史,637,,1,1,0,0,
31111,楊德裔,11405,州刺史,667,,1,1,0,0,
188055,李元裕,11405,州刺史,665,,1,1,0,0,
31071,長孫操,11405,州刺史,639,,1,1,0,0,
169081,薛寶積,11405,州刺史,669,,1,1,0,0,
32584,柳範,11405,州刺史,651,,1,1,0,0,
31787,柳楷,11405,州刺史,639,,1,1,0,0,
169081,薛寶積,11405,州刺史,667,,1,1,0,0,
172567,楊孝仁,11405,州刺史,667,,1,1,0,0,
178633,辛德本,11405,州刺史,623,,1,1,0,0,
93988,趙弘智,11405,州刺史,639,,1,1,0,0,
160233,李琛,11405,州刺史,619,,1,1,0,0,
162035,段綸,11405,州刺史,,,1,1,0,0,
13060,李世民(唐太宗),11405,州刺史,626,,1,1,0,0,
173127,宇文士及,11405,州刺史,628,,1,1,0,0,
173236,杜楚客,11405,州刺史,630,,1,1,0,0,
31485,于志寧,11405,州刺史,633,0,1,5,0,0,
32855,劉祥道,11405,州刺史,661,,1,1,0,0,
172194,竇智純,11405,州刺史,662,,1,1,0,0,
160233,李琛,11405,州刺史,619,,1,1,0,0,
187929,李元禮,11405,州刺史,647,653,1,1,0,0,
12259,蕭瑀,11405,州刺史,630,631,1,1,0,0,
153614,李孝恭,11405,州刺史,637,,1,1,0,0,
187282,李道宗,11405,州刺史,639,640,1,1,0,0,
31434,楊譽,11405,州刺史,639,,1,1,0,0,
159874,鄭世斌,11405,州刺史,704,,1,1,0,0,
160233,李琛,11405,州刺史,620,,1,1,0,0,
142498,張亮,11405,州刺史,637,,1,1,0,0,
159874,鄭世斌,11405,州刺史,704,,1,1,0,0,
32942,獨孤義恭,11405,州刺史,623,,1,1,0,0,
31434,楊譽,11405,州刺史,639,,1,1,0,0,
187929,李元禮,11405,州刺史,653,671,1,1,0,0,
31815,竇靜,11405,州刺史,618,619,1,1,0,0,
20212,劉政會,11405,州刺史,619,,1,1,0,0,
31815,竇靜,11405,州刺史,623,626,1,1,0,0,
13751,張公謹,11405,州刺史,627,629,1,1,0,0,
192457,張儉,11405,州刺史,630,,1,1,0,0,
30965,豆盧寬,11405,州刺史,648,,1,1,0,0,
32584,柳範,11405,州刺史,667,,1,1,0,0,
92838,杜正倫,11405,州刺史,648,,1,1,0,0,
188057,李元名,11405,州刺史,649,669,1,1,0,0,
192457,張儉,11405,州刺史,627,630,1,1,0,0,
139557,李爽,11405,州刺史,654,,1,1,0,0,
182629,唐懿,11405,州刺史,623,,1,1,0,0,
139552,李泰,11405,州刺史,636,643,1,1,0,0,
142498,張亮,11405,州刺史,633,637,1,1,0,0,
180461,薛大鼎,11405,州刺史,647,,1,1,0,0,
172270,陳君賓,11405,州刺史,618,619,1,1,0,0,
173231,長孫義莊,11405,州刺史,639,,1,1,0,0,
139557,李爽,11405,州刺史,651,,1,1,0,0,
31989,裴之隱,11405,州刺史,618,,1,1,0,0,
172270,陳君賓,11405,州刺史,621,,1,1,0,0,
31071,長孫操,11405,州刺史,639,,1,1,0,0,
139122,張士貴,11405,州刺史,644,645,1,1,0,0,
31111,楊德裔,11405,州刺史,667,,1,1,0,0,
178345,柳贊,11405,州刺史,,,1,1,0,0,
180461,薛大鼎,11405,州刺史,649,650,1,1,0,0,
139557,李爽,11405,州刺史,666,,1,1,0,0,
194906,元白澤,11405,州刺史,623,,1,1,0,0,
150992,崔樞,11405,州刺史,623,,1,1,0,0,
31111,楊德裔,11405,州刺史,667,,1,1,0,0,
147490,薛獻,11405,州刺史,641,0,1,1,0,0,
173236,杜楚客,11405,州刺史,634,,1,1,0,0,
32736,李玄道,11405,州刺史,627,,1,1,0,0,
139122,張士貴,11405,州刺史,643,644,1,1,0,0,
145948,崔幹,11405,州刺史,639,,1,1,0,0,
138889,周仲隱,11405,州刺史,621,,1,1,0,0,
154508,崔順,11405,州刺史,625,,1,1,0,0,
192457,張儉,11405,州刺史,640,653,1,1,0,0,
139552,李泰,11405,州刺史,628,633,1,1,0,0,
31168,楊恭仁,11405,州刺史,628,633,1,1,0,0,
162299,裴懷節,11405,州刺史,639,642,1,1,0,0,
195256,馮長命,11405,州刺史,639,,1,1,0,0,
31071,長孫操,11405,州刺史,639,,1,1,0,0,
139122,張士貴,11405,州刺史,648,651,1,1,0,0,
32584,柳範,11405,州刺史,667,,1,1,0,0,
169081,薛寶積,11405,州刺史,693,,1,1,0,0,
171379,劉德智,11405,州刺史,639,,1,1,0,0,
139637,封泰,11405,州刺史,668,,1,1,0,0,
188057,李元名,11405,州刺史,636,642,1,1,0,0,
188055,李元裕,11405,州刺史,654,658,1,1,0,0,
32736,李玄道,11405,州刺史,628,,1,1,0,0,
181694,歐陽胤,11405,州刺史,639,,1,1,0,0,
93988,趙弘智,11405,州刺史,645,650,1,1,0,0,
94339,高儉,11405,州刺史,637,,1,1,0,0,
186479,周法明,11405,州刺史,621,623,1,1,0,0,
178633,辛德本,11405,州刺史,639,,1,1,0,0,
188055,李元裕,11405,州刺史,648,,1,1,0,0,
186479,周法明,11405,州刺史,621,,1,1,0,0,
31965,李大亮,11405,州刺史,621,624,1,1,0,0,
32202,李神通,11405,州刺史,625,626,1,1,0,0,
178355,韓仲良,11405,州刺史,626,627,1,1,0,0,
94339,高儉,11405,州刺史,627,,1,1,0,0,
31536,盧承慶,11405,州刺史,659,,1,1,0,0,
169081,薛寶積,11405,州刺史,688,,1,1,0,0,
32736,李玄道,11405,州刺史,628,629,1,1,0,0,
171764,竇德明,11405,州刺史,629,,1,1,0,0,
31648,權文誕,11405,州刺史,639,,1,1,0,0,
188071,李元祥,11405,州刺史,637,645,1,1,0,0,
154508,崔順,11405,州刺史,628,,1,1,0,0,
139637,封泰,11405,州刺史,669,671,1,1,0,0,
32919,獨孤義順,11405,州刺史,623,,1,1,0,0,
31965,李大亮,11405,州刺史,624,627,1,1,0,0,
32942,獨孤義恭,11405,州刺史,628,,1,1,0,0,
187945,李元則,11405,州刺史,628,,1,1,0,0,
32584,柳範,11405,州刺史,651,,1,1,0,0,
142448,夏侯絢,11405,州刺史,653,654,1,1,0,0,
182058,周孝節,11405,州刺史,623,,1,1,0,0,
182058,周孝節,11405,州刺史,623,,1,1,0,0,
147490,薛獻,11405,州刺史,639,0,1,1,0,0,
142590,張臣合,11405,州刺史,663,664,1,1,0,0,
33105,皇甫珍義,11405,州刺史,639,,1,1,0,0,
139166,尉遲恭,11405,州刺史,637,,1,1,0,0,
20212,劉政會,11405,州刺史,628,,1,1,0,0,
186211,鄭善果,11405,州刺史,629,,1,1,0,0,
142448,夏侯絢,11405,州刺史,653,,1,5,0,0,
92838,杜正倫,11405,州刺史,662,,1,1,0,0,
172270,陳君賓,11405,州刺史,639,,1,1,0,0,
187282,李道宗,11405,州刺史,637,,1,1,0,0,
182591,唐儉,11405,州刺史,639,,1,1,0,0,
30938,褚遂良,11405,州刺史,655,657,1,1,0,0,
147203,房崱,11405,州刺史,623,,1,1,0,0,
142448,夏侯絢,11405,州刺史,639,648,1,1,0,0,
142590,張臣合,11405,州刺史,656,663,1,1,0,0,
142498,張亮,11405,州刺史,637,,1,1,0,0,
187945,李元則,11405,州刺史,643,652,1,1,0,0,
181694,歐陽胤,11405,州刺史,639,,1,1,0,0,
171379,劉德智,11405,州刺史,667,,1,1,0,0,
139648,費胤斌,11405,州刺史,667,,1,1,0,0,
139737,元仁師,11405,州刺史,646,,1,1,0,0,
139557,李爽,11405,州刺史,660,,1,5,0,0,
153614,李孝恭,11405,州刺史,623,624,1,1,0,0,
139166,尉遲恭,11405,州刺史,629,,1,1,0,0,
13751,張公謹,11405,州刺史,632,,1,1,0,0,
188055,李元裕,11405,州刺史,658,,1,1,0,0,
151100,封道弘,11405,州刺史,662,,1,1,0,0,
172270,陳君賓,11405,州刺史,627,628,1,1,0,0,
188055,李元裕,11405,州刺史,636,,1,1,0,0,
188071,李元祥,11405,州刺史,664,,1,1,0,0,
138889,周仲隱,11405,州刺史,647,649,1,1,0,0,
182629,唐懿,11405,州刺史,623,,1,1,0,0,
92838,杜正倫,11405,州刺史,639,,1,1,0,0,
32202,李神通,11405,州刺史,621,,1,1,0,0,
153614,李孝恭,11405,州刺史,622,624,1,1,0,0,
175121,李瓌,11405,州刺史,624,,1,1,0,0,
162299,裴懷節,11405,州刺史,639,,1,1,0,0,
31648,權文誕,11405,州刺史,639,,1,1,0,0,
173231,長孫義莊,11405,州刺史,639,,1,1,0,0,
180461,薛大鼎,11405,州刺史,653,654,1,1,0,0,
31648,權文誕,11405,州刺史,619,,1,1,0,0,
31787,柳楷,11405,州刺史,639,,1,1,0,0,
26934,姚懿,11405,州刺史,660,,1,1,0,0,
32942,獨孤義恭,11405,州刺史,623,,1,1,0,0,
153614,李孝恭,11405,州刺史,619,622,1,1,0,0,
138889,周仲隱,11405,州刺史,632,637,1,1,0,0,
152585,盧君胤,11405,州刺史,628,,1,1,0,0,
12259,蕭瑀,11405,州刺史,646,647,1,1,0,0,
32584,柳範,11405,州刺史,,,1,1,0,0,
172209,竇軌,11405,州刺史,627,,1,1,0,0,
194906,元白澤,11405,州刺史,628,,1,1,0,0,
153614,李孝恭,11405,州刺史,628,,1,1,0,0,
188055,李元裕,11405,州刺史,643,,1,1,0,0,
160233,李琛,11405,州刺史,619,,1,1,0,0,
194906,元白澤,11405,州刺史,623,,1,1,0,0,
150992,崔樞,11405,州刺史,623,,1,1,0,0,
150992,崔樞,11405,州刺史,639,,1,1,0,0,
142448,夏侯絢,11405,州刺史,648,650,1,1,0,0,
155468,鮮于匡紹,11405,州刺史,683,,1,1,0,0,
139122,張士貴,11405,州刺史,619,,1,1,0,0,
172194,竇智純,11405,州刺史,639,,1,1,0,0,
173162,長孫敞,11405,州刺史,631,,1,1,0,0,
139648,費胤斌,11405,州刺史,667,,1,1,0,0,
138889,周仲隱,11405,州刺史,621,632,1,1,0,0,
180469,薛敬仁,11405,州刺史,639,,1,1,0,0,
155468,鮮于匡紹,11405,州刺史,677,,1,1,0,0,
180469,薛敬仁,11405,州刺史,623,,1,1,0,0,
154508,崔順,11405,州刺史,631,,1,1,0,0,
31648,權文誕,11405,州刺史,639,,1,1,0,0,
142448,夏侯絢,11405,州刺史,650,652,1,1,0,0,
162035,段綸,11405,州刺史,618,,1,1,0,0,
172209,竇軌,11405,州刺史,620,627,1,1,0,0,
94339,高儉,11405,州刺史,628,631,1,1,0,0,
31989,裴之隱,11405,州刺史,639,,1,1,0,0,
31071,長孫操,11405,州刺史,639,,1,1,0,0,
31536,盧承慶,11405,州刺史,651,,1,1,0,0,
183684,鄭筠,11405,州刺史,639,,1,1,0,0,
183684,鄭筠,11405,州刺史,639,,1,1,0,0,
31989,裴之隱,11405,州刺史,631,,1,1,0,0,
181694,歐陽胤,11405,州刺史,639,,1,1,0,0,
183684,鄭筠,11405,州刺史,639,,1,1,0,0,
182591,唐儉,11405,州刺史,627,,1,1,0,0,
187945,李元則,11405,州刺史,636,637,1,1,0,0,
147490,薛獻,11405,州刺史,638,0,1,1,0,0,
33105,皇甫珍義,11405,州刺史,639,,1,1,0,0,
32919,獨孤義順,11405,州刺史,623,,1,1,0,0,
182058,周孝節,11405,州刺史,623,,1,1,0,0,
139737,元仁師,11405,州刺史,639,,1,1,0,0,
183684,鄭筠,11405,州刺史,639,,1,1,0,0,
152585,盧君胤,11405,州刺史,639,,1,1,0,0,
31817,竇師綸,11405,州刺史,667,,1,1,0,0,
138889,周仲隱,11405,州刺史,637,,1,1,0,0,
32584,柳範,11405,州刺史,651,,1,1,0,0,
139203,趙軌,11405,州刺史,667,,1,1,0,0,
187282,李道宗,11405,州刺史,639,,1,5,0,0,
139122,張士貴,11405,州刺史,648,,1,1,0,0,
26934,姚懿,11405,州刺史,661,662,1,1,0,0,
154508,崔順,11405,州刺史,623,,1,1,0,0,
138767,蔣喜,11405,州刺史,629,634,1,1,0,0,
139203,趙軌,11405,州刺史,651,,1,1,0,0,
138767,蔣喜,11405,州刺史,623,629,1,1,0,0,
32202,李神通,11405,州刺史,622,623,1,1,0,0,
139122,張士貴,11405,州刺史,633,,1,1,0,0,
30938,褚遂良,11405,州刺史,657,,1,1,0,0,
139557,李爽,11405,州刺史,667,,1,1,0,0,
92838,杜正倫,11405,州刺史,658,,1,1,0,0,
195635,丘和,11405,州刺史,622,,1,1,0,0,
31965,李大亮,11405,州刺史,627,,1,1,0,0,
92838,杜正倫,11405,州刺史,643,,1,1,0,0,
171764,竇德明,11405,州刺史,628,,1,1,0,0,
30938,褚遂良,11405,州刺史,657,658,1,1,0,0,
195635,丘和,11405,州刺史,627,,1,1,0,0,
175121,李瓌,11405,州刺史,630,,1,1,0,0,
13751,張公謹,11405,州刺史,623,,1,1,0,0,
92838,杜正倫,11405,州刺史,643,651,1,1,0,0,
162035,段綸,11405,州刺史,623,,1,1,0,0,
138889,周仲隱,11405,州刺史,621,,1,1,0,0,
173162,長孫敞,11405,州刺史,623,627,1,1,0,0,
150992,崔樞,11405,州刺史,620,,1,1,0,0,
31071,長孫操,11405,州刺史,623,,1,1,0,0,
32919,獨孤義順,11405,州刺史,623,,1,1,0,0,
153614,李孝恭,11405,州刺史,637,,1,1,0,0,
153614,李孝恭,11405,州刺史,624,625,1,1,0,0,
154508,崔順,11405,州刺史,622,625,1,1,0,0,
180461,薛大鼎,11405,州刺史,622,625,1,1,0,0,
32942,獨孤義恭,11405,州刺史,623,,1,1,0,0,
147203,房崱,11405,州刺史,631,,1,1,0,0,
31118,李重耳,11405,州刺史,,,1,,0,,(後魏)安南將軍+豫州刺史
175838,王神念,11405,州刺史,,,0,,0,,
24408,李勣,11405,州刺史,619,621,1,1,0,6,
24408,李勣,11405,州刺史,622,623,1,1,0,6,
24408,李勣,11405,州刺史,626,628,1,1,0,6,
24408,李勣,11405,州刺史,629,641,1,1,0,6,
24408,李勣,11405,州刺史,637,,1,,0,6,
24408,李勣,11405,州刺史,649,,1,1,0,6,
24408,李勣,11405,州刺史,649,,1,1,0,6,
151906,李蓐,11405,州刺史,,,1,1,0,6,北齊永州刺史。
150443,高伯堅,11405,州刺史,,,22,1,0,6,
195256,馮長命,11405,州刺史,,,0,,0,,岐州刺史
142562,程知節,11405,州刺史,,,0,,0,,岐州刺史
135651,柴紹,11405,州刺史,,,0,,0,,華州刺史
188233,李元嬰,11405,州刺史,,,0,,0,,金州刺史;滕王
188071,李元祥,11405,州刺史,,,0,,0,,金州刺史;江王
162552,王湛,11405,州刺史,,,0,,0,,鄜州刺史
188071,李元祥,11405,州刺史,,,0,,0,,鄜州刺史;江王
162552,王湛,11405,州刺史,,,0,,0,,商州刺史
176066,温挺,11405,州刺史,,,0,,0,,延州刺史
139381,張雄,11405,州刺史,,,0,,0,,昇州刺史
169081,薛寶積,11405,州刺史,,,0,,0,,潤州刺史
142659,張琮,11405,州刺史,,,0,,0,,刺史
173392,李嘉,11405,州刺史,,,0,,0,,刺史
139711,王式,11405,州刺史,,,0,,0,,刺史
31965,李大亮,11405,州刺史,,,0,,0,,刺史
30587,馮盎,11405,州刺史,622,649,1,1,0,,"髙州刺史
《唐刺史考全編》，安徽大學出版社2000年版，第3225頁。"
150661,劉裕,11405,州刺史,,,0,,0,,
150662,劉霸,11405,州刺史,,,0,,0,,祖霸，隋括州刺史
138750,賈通,11411,州從事,0,0,1,,0,0,"office:州從事, chaodai:隋, place:本州(epitaph ID:44;add par id:0)"
146492,張義,11411,州從事,0,0,1,,0,0,"office:州從事, chaodai:, place:洛州(epitaph ID:39;add par id:5936)"
146494,張亢,11411,州從事,0,0,1,,0,0,"office:州從事, chaodai:, place:洛州(epitaph ID:40;add par id:5953)"
176087,戴景珍,11411,州從事,0,0,1,,0,0,(後魏)司州從事
194706,田堪,11411,州從事,0,0,1,,0,0,隋州從事
139648,費胤斌,11412,州都督府司馬,0,0,1,,0,0,office:行梁州都督府司馬(epitaph ID:859;add par id:0)
139648,費胤斌,11412,州都督府司馬,0,0,1,,0,0,"office:州都督府司馬, chaodai:, place:安州(epitaph ID:859;add par id:0)"
148659,慕容正言,11412,州都督府司馬,0,0,1,,0,0,"office:州都督府司馬, chaodai:, place:袞州(epitaph ID:865;add par id:20846)"
146121,薛元嘏,11412,州都督府司馬,0,0,1,,0,0,瀘州都督府司馬
162724,竇恭,11416,州牧,0,0,1,,0,0,(後周)雍州牧
31168,楊恭仁,11416,州牧,,,0,,0,,雍州牧
138810,某懷文,11422,州司兵,0,0,1,,0,0,"office:州司兵, chaodai:隋, place:揚州(epitaph ID:105;add par id:0)"
139155,薛忠,11422,州司兵,0,0,1,,0,0,"office:州司兵, chaodai:, place:洛州(epitaph ID:450;add par id:0)"
139172,張義,11422,州司兵,0,0,1,,0,0,"office:州司兵, chaodai:隋, place:并州(epitaph ID:467;add par id:0)"
138710,某長先,11423,州司兵參軍,0,0,1,,0,0,"office:州司兵參軍, chaodai:, place:許州(epitaph ID:5;add par id:0)"
138881,張雲,11423,州司兵參軍,0,0,1,,0,0,"office:州司兵參軍事, chaodai:隋, place:浙州(epitaph ID:176;add par id:0)"
139155,薛忠,11423,州司兵參軍,0,0,1,,0,0,"office:州司兵參軍, chaodai:, place:熊州(epitaph ID:450;add par id:0)"
139155,薛忠,11423,州司兵參軍,0,0,1,,0,0,"office:州司兵參軍, chaodai:, place:洛州(epitaph ID:450;add par id:0)"
149056,胡玉竭,11423,州司兵參軍,0,0,1,,0,0,"office:州司兵參軍事, chaodai:, place:晉州(epitaph ID:1001;add par id:23387)"
32633,崔大質,11423,州司兵參軍,0,0,1,,0,0,"office:州司兵參軍事, chaodai:隋, place:復州(epitaph ID:1011;add par id:23567)"
173872,李世起,11423,州司兵參軍,0,0,1,,0,0,深州司兵參軍
151913,敬舉,11423,州司兵參軍,0,0,1,,0,0,鹽州司兵參軍
138891,董柱,11424,州司倉參軍,0,0,1,,0,0,"office:州司倉參軍, chaodai:, place:坊州(epitaph ID:185;add par id:0)"
138891,董柱,11424,州司倉參軍,0,0,1,,0,0,"office:州司倉參軍事, chaodai:, place:坊州(epitaph ID:185;add par id:0)"
139187,孟普,11424,州司倉參軍,0,0,1,,0,0,"office:州司倉參軍, chaodai:隋, place:江州(epitaph ID:481;add par id:0)"
147772,王猛略,11424,州司倉參軍,0,0,1,,0,0,"office:州司倉參軍事, chaodai:, place:重州(epitaph ID:562;add par id:15070)"
149547,張念祖,11424,州司倉參軍,0,0,1,,0,0,"office:州司倉參軍, chaodai:, place:越州(epitaph ID:1156;add par id:26783)"
174190,李玄明,11424,州司倉參軍,0,0,1,,0,0,潭州司倉參軍
181299,郭履球,11424,州司倉參軍,0,0,1,,0,0,金州司倉參軍
183768,鄭伯愛,11424,州司倉參軍,0,0,1,,0,0,"鄆州司倉參軍唐代墓誌彙編作鄂州司倉：office:州司倉, chaodai:隋, place:鄂州(epitaph ID:767;add par id:18732)"
194720,王元素,11424,州司倉參軍,0,0,1,,0,0,集州司倉參軍
138936,王順孫,11425,州司法參軍,0,0,1,,0,0,"office:州司法參軍, chaodai:, place:楚州(epitaph ID:231;add par id:0)"
138950,楊仁方,11425,州司法參軍,0,0,1,,0,0,"office:州司法, chaodai:, place:和州(epitaph ID:245;add par id:0)"
139266,吳志,11425,州司法參軍,0,0,1,,0,0,"office:州司法參事, chaodai:, place:□州(epitaph ID:560;add par id:0)"
139519,王和,11425,州司法參軍,0,0,1,,0,0,"office:州司法, chaodai:, place:郴州(epitaph ID:729;add par id:0)"
139519,王和,11425,州司法參軍,0,0,1,,0,0,"office:州司法, chaodai:, place:淄州(epitaph ID:729;add par id:0)"
138728,胡質,11425,州司法參軍,0,0,1,,0,0,"office:州司法, chaodai:, place:豐州(epitaph ID:18;add par id:5542)"
138728,胡質,11425,州司法參軍,0,0,1,,0,0,"office:州司法參軍事, chaodai:唐, place:北澧州(epitaph ID:167;add par id:8283)"
147196,王恭,11425,州司法參軍,0,0,1,,0,0,"office:州司法, chaodai:隋, place:汴州(epitaph ID:334;add par id:11036)"
147230,李通,11425,州司法參軍,0,0,1,,0,0,"office:州司法參軍, chaodai:隋, place:青州(epitaph ID:345;add par id:11274)"
147645,韓軌,11425,州司法參軍,0,0,1,,0,0,"office:州司法, chaodai:, place:申州(epitaph ID:507;add par id:14201)"
148032,李慧,11425,州司法參軍,0,0,1,,0,0,"office:州司法, chaodai:隋, place:定州(epitaph ID:652;add par id:16812)"
148627,張子起,11425,州司法參軍,0,0,1,,0,0,"office:州司法參軍事, chaodai:隋, place:□州(epitaph ID:856;add par id:20494)"
149463,李儒,11425,州司法參軍,0,0,1,,0,0,"office:州司法參軍事, chaodai:隋, place:洛州(epitaph ID:1130;add par id:26122)"
149585,蘇相,11425,州司法參軍,0,0,1,,0,0,"office:州司法, chaodai:唐, place:潤州(epitaph ID:1167;add par id:27010)"
173886,李文幹,11425,州司法參軍,0,0,1,,0,0,冀州司法參軍
174146,李輔仁,11425,州司法參軍,0,0,1,,0,0,箕州司法參軍
174225,李稚昌,11425,州司法參軍,0,0,1,,0,0,青州司法參軍
183001,鄭弘諒,11425,州司法參軍,0,0,1,,0,0,涇州司法參軍
183784,鄭思忠,11425,州司法參軍,0,0,1,,0,0,桂州司法參軍
192663,鄭道瑗,11425,州司法參軍,0,0,1,,0,0,(隋)朗州司法參軍
94181,賀德仁,11425,州司法參軍,0,0,1,,0,0,河東郡司法
18636,許敬宗,11426,州司法參軍書佐,0,0,1,,0,0,淮陽郡
94165,姚簡,11426,州司法參軍書佐,0,0,1,,0,0,河閒郡
94339,高儉,11426,州司法參軍書佐,0,0,1,,0,0,司法書佐
146932,王璇,11427,州司功参軍,0,0,1,,0,0,"office:州司功參軍, chaodai:隋, place:豫州(epitaph ID:231;add par id:9172)"
146953,張昂,11427,州司功参軍,0,0,1,,0,0,"office:州司功, chaodai:隋, place:廣州(epitaph ID:240;add par id:9307)"
147862,宗太,11427,州司功参軍,0,0,1,,0,0,"office:州司功, chaodai:隋, place:相州(epitaph ID:597;add par id:15647)"
148140,趙雅,11427,州司功参軍,0,0,1,,0,0,"office:州司功, chaodai:隋, place:州(epitaph ID:699;add par id:17444)"
148236,宋倫,11427,州司功参軍,0,0,1,,0,0,"office:州司功, chaodai:隋, place:袞州(epitaph ID:730;add par id:18049)"
148321,張貴,11427,州司功参軍,0,0,1,,0,0,"office:州司功參軍, chaodai:隋, place:常州(epitaph ID:755;add par id:18473)"
149748,陸孝友,11427,州司功参軍,0,0,1,,0,0,"office:州司功, chaodai:隋, place:顯州(epitaph ID:1211;add par id:27985)"
138728,胡質,11428,州司戶參軍事,0,0,1,,0,0,"office:州司戶參軍, chaodai:, place:燕州(epitaph ID:23;add par id:0)"
138823,明雅,11428,州司戶參軍事,0,0,1,,0,0,"office:州司戶參軍, chaodai:隋, place:邛州(epitaph ID:118;add par id:0)"
138823,明雅,11428,州司戶參軍事,0,0,1,,0,0,"office:州司戶, chaodai:隋, place:邛州(epitaph ID:118;add par id:0)"
138951,某基,11428,州司戶參軍事,0,0,1,,0,0,"office:州司戶, chaodai:, place:汴州(epitaph ID:246;add par id:0)"
139021,李信,11428,州司戶參軍事,0,0,1,,0,0,"office:州司戶, chaodai:, place:宋州(epitaph ID:316;add par id:0)"
139599,趙德令,11428,州司戶參軍事,0,0,1,,0,0,"office:州司戶, chaodai:, place:梓州(epitaph ID:809;add par id:0)"
146780,張達,11428,州司戶參軍事,0,0,1,,0,0,"office:州司戶, chaodai:齊, place:燕州(epitaph ID:154;add par id:8049)"
138728,胡質,11428,州司戶參軍事,0,0,1,,0,0,"office:州司戶, chaodai:唐, place:燕州(epitaph ID:167;add par id:8283)"
146982,馬義,11428,州司戶參軍事,0,0,1,,0,0,"office:州司戶參軍, chaodai:隋, place:綿州(epitaph ID:251;add par id:9530)"
147005,皇甫道,11428,州司戶參軍事,0,0,1,,0,0,"office:州司戶, chaodai:隋, place:晉州(epitaph ID:260;add par id:9659)"
147145,顏和,11428,州司戶參軍事,0,0,1,,0,0,"office:州司戶參軍, chaodai:隋, place:并州(epitaph ID:318;add par id:10724)"
147235,趙璨,11428,州司戶參軍事,0,0,1,,0,0,"office:州司戶參軍, chaodai:隋, place:黎州(epitaph ID:347;add par id:11299)"
147407,張和,11428,州司戶參軍事,0,0,1,,0,0,"office:州司戶, chaodai:齊, place:襄州(epitaph ID:412;add par id:12435)"
147496,李通,11428,州司戶參軍事,0,0,1,,0,0,"office:州司戶, chaodai:, place:齊州(epitaph ID:452;add par id:13068)"
147507,張嘉,11428,州司戶參軍事,0,0,1,,0,0,"office:州司戶, chaodai:隋, place:荊州(epitaph ID:456;add par id:13137)"
147637,解寶,11428,州司戶參軍事,0,0,1,,0,0,"office:州司戶書佐, chaodai:隋, place:衡州(epitaph ID:502;add par id:14148)"
147778,張超,11428,州司戶參軍事,0,0,1,,0,0,"office:州司戶參軍, chaodai:隋, place:冀州(epitaph ID:564;add par id:15104)"
147943,陳和,11428,州司戶參軍事,0,0,1,,0,0,"office:州司戶, chaodai:, place:曹州(epitaph ID:623;add par id:16170)"
149348,某感(某威父),11428,州司戶參軍事,0,0,1,,0,0,"office:州司戶, chaodai:, place:潤州(epitaph ID:1092;add par id:25245)"
149558,張公,11428,州司戶參軍事,0,0,1,,0,0,"office:州司戶參軍事, chaodai:, place:汾州(epitaph ID:1158;add par id:26827)"
92899,李百藥,11428,州司戶參軍事,618,0,1,,0,0,涇州司戶
138794,劉氏(劉岡女),11431,州司馬,0,0,1,,0,0,"office:州司馬, chaodai:隋, place:易州(epitaph ID:89;add par id:0)"
138950,楊仁方,11431,州司馬,0,0,1,,0,0,"office:州司馬, chaodai:, place:楚州(epitaph ID:245;add par id:0)"
139057,崔泰,11431,州司馬,0,0,1,,0,0,"office:州司馬, chaodai:, place:蘇州(epitaph ID:352;add par id:0)"
139426,王玄,11431,州司馬,0,0,1,,0,0,"office:州司馬, chaodai:, place:衛州(epitaph ID:636;add par id:0)"
139490,來僧,11431,州司馬,0,0,1,,0,0,"office:州司馬, chaodai:, place:歙州(epitaph ID:700;add par id:0)"
139646,郭遷,11431,州司馬,0,0,1,,0,0,"office:州司馬, chaodai:, place:陝州(epitaph ID:857;add par id:0)"
139648,費胤斌,11431,州司馬,0,0,1,,0,0,"office:、、三州司馬, chaodai:, place:原(epitaph ID:859;add par id:0)"
139648,費胤斌,11431,州司馬,0,0,1,,0,0,"office:州司馬, chaodai:, place:婺州(epitaph ID:859;add par id:0)"
139695,蔡君長,11431,州司馬,0,0,1,,0,0,"office:州司馬, chaodai:隋, place:定州(epitaph ID:906;add par id:0)"
139717,楊神威,11431,州司馬,0,0,1,,0,0,"office:州司馬, chaodai:, place:汝州(epitaph ID:928;add par id:0)"
139338,崔某,11431,州司馬,0,0,1,,0,0,"office:州司馬, chaodai:隋, place:齊州(epitaph ID:1073;add par id:0)"
138723,胡永,11431,州司馬,0,0,1,,0,0,"office:州司馬, chaodai:北齊, place:兗州(epitaph ID:23;add par id:5600)"
146547,廣之,11431,州司馬,0,0,1,,0,0,"office:州司馬, chaodai:, place:并州(epitaph ID:65;add par id:6435)"
146850,張恭,11431,州司馬,0,0,1,,0,0,"office:州司馬, chaodai:隋, place:徐州(epitaph ID:176;add par id:8459)"
146852,禹康,11431,州司馬,0,0,1,,0,0,"office:州司馬, chaodai:魏, place:名州(epitaph ID:177;add par id:8488)"
147105,曹剛,11431,州司馬,0,0,1,,0,0,"office:州司馬, chaodai:隋, place:鹽州(epitaph ID:300;add par id:10429)"
147218,王義,11431,州司馬,0,0,1,,0,0,"office:州司馬, chaodai:隋, place:蘇州(epitaph ID:341;add par id:11198)"
147394,柳唐,11431,州司馬,0,0,1,,0,0,"office:州司馬, chaodai:, place:紫州(epitaph ID:408;add par id:12371)"
147605,崔文康,11431,州司馬,0,0,1,,0,0,"office:州司馬, chaodai:, place:和州(epitaph ID:489;add par id:13913)"
147965,某良(某仁父),11431,州司馬,0,0,1,,0,0,"office:州司馬, chaodai:齊, place:魏州(epitaph ID:631;add par id:16272)"
148183,張貴,11431,州司馬,0,0,1,,0,0,"office:州司馬, chaodai:隋, place:德州(epitaph ID:714;add par id:17750)"
148211,董璨,11431,州司馬,0,0,1,,0,0,"office:州司馬, chaodai:唐, place:蒲州(epitaph ID:723;add par id:17896)"
148479,趙澄,11431,州司馬,0,0,1,,0,0,"office:州司馬, chaodai:隋, place:楚州(epitaph ID:809;add par id:19449)"
148489,郭敬,11431,州司馬,0,0,1,,0,0,"office:州司馬, chaodai:隋, place:定州(epitaph ID:811;add par id:19503)"
148665,朱寬,11431,州司馬,0,0,1,,0,0,"office:州司馬, chaodai:隋, place:嵐州(epitaph ID:866;add par id:20868)"
148701,李瓊,11431,州司馬,0,0,1,,0,0,"office:州司馬, chaodai:, place:涇州(epitaph ID:880;add par id:21119)"
148775,王伽,11431,州司馬,0,0,1,,0,0,"office:州司馬, chaodai:隋, place:□州(epitaph ID:900;add par id:21504)"
148887,樂緒,11431,州司馬,0,0,1,,0,0,"office:州司馬, chaodai:隋, place:宋州(epitaph ID:944;add par id:22283)"
148892,某行莊(某旦父),11431,州司馬,0,0,1,,0,0,"office:州司馬, chaodai:, place:岐州(epitaph ID:947;add par id:22321)"
149319,寵師,11431,州司馬,0,0,1,,0,0,"office:州司馬, chaodai:隋, place:廣州(epitaph ID:1084;add par id:25074)"
146727,李寶,11431,州司馬,0,0,1,,0,0,"office:州司馬, chaodai:隋, place:趙州(epitaph ID:1086;add par id:25130)"
149180,成寬,11431,州司馬,0,0,1,,0,0,"office:州司馬, chaodai:, place:幽州(epitaph ID:1091;add par id:25219)"
149789,齊隆,11431,州司馬,0,0,1,,0,0,"office:州司馬, chaodai:, place:徐州(epitaph ID:1222;add par id:28222)"
171020,裴嘉陵,11431,州司馬,0,0,1,,0,0,齊州司馬
171056,裴世節,11431,州司馬,0,0,1,,0,0,(隋)營州司馬
32798,楊榮,11431,州司馬,0,0,1,,0,0,沙州司馬
30860,杜吒,11431,州司馬,0,0,1,,0,0,(隋)昌州司馬
173990,李君武,11431,州司馬,0,0,1,,0,0,蔚州司馬
174019,李挺立,11431,州司馬,0,0,1,,0,0,梓州司馬
174114,李公緒,11431,州司馬,0,0,1,,0,0,(後魏)冀州司馬
174185,李全節,11431,州司馬,0,0,1,,0,0,唐州司馬
174775,李太初,11431,州司馬,0,0,1,,0,0,許州司馬
151071,王孝遠,11431,州司馬,0,0,1,,0,0,雍州司馬
155121,王寶倫,11431,州司馬,0,0,1,,0,0,(北齊)汾州司馬
150802,王子景,11431,州司馬,0,0,1,,0,0,北豫州司馬
176039,温君攸,11431,州司馬,0,0,1,,0,0,(隋)泗州司馬
176072,温瓚,11431,州司馬,0,0,1,,0,0,易州司馬
176698,張惠瑤,11431,州司馬,0,0,1,,0,0,瓜州司馬
31358,崔君實,11431,州司馬,0,0,1,,0,0,許州司馬
177355,崔思韶,11431,州司馬,0,0,1,,0,0,冀州司馬
177447,崔淵,11431,州司馬,0,0,1,,0,0,青+冀二州司馬
179338,盧士偉,11431,州司馬,0,0,1,,0,0,齊州司馬
182361,唐秀實,11431,州司馬,0,0,1,,0,0,成州司馬
182400,唐玄通,11431,州司馬,0,0,1,,0,0,遂州司馬
182462,唐仕超,11431,州司馬,0,0,1,,0,0,(隋)雍州司馬
32571,敬昶,11431,州司馬,0,0,1,,0,0,許州司馬
183399,鄭正義,11431,州司馬,0,0,1,,0,0,隰州司馬
31846,源誠心,11431,州司馬,0,0,1,,0,0,洛州司馬
193428,徐宴,11431,州司馬,0,0,1,,0,0,(隋)江州司馬
193938,薛玄祐,11431,州司馬,0,0,1,,0,0,(隋)弘農縣長+邢州司馬
147605,崔文康,11431,州司馬,0,0,1,,0,0,(唐)和州司馬
155561,李贖,11431,州司馬,0,0,1,,0,0,(隋)連州司馬
139651,畢粹,11437,州學博士,0,0,1,,0,0,"office:州博士, chaodai:, place:密州(epitaph ID:862;add par id:0)"
149611,劉某(劉善寂祖),11437,州學博士,0,0,1,,0,0,"office:州博士, chaodai:隋, place:汴州(epitaph ID:1174;add par id:27172)"
138710,某長先,11443,州總管,0,0,1,,0,0,"office:州總管府司馬, chaodai:, place:洛州(epitaph ID:5;add par id:0)"
138713,麹舉,11443,州總管,0,0,1,,0,0,office:十州總管(epitaph ID:8;add par id:0)
139652,慕容三藏,11443,州總管,0,0,1,,0,0,"office:州總管, chaodai:隋, place:疊州(epitaph ID:863;add par id:0)"
146488,某景(某謩父),11443,州總管,0,0,1,,0,0,"office:、二州總管, chaodai:, place:梁(epitaph ID:38;add par id:5876)"
146766,孝通,11443,州總管,0,0,1,,0,0,"office:、、等十三州總管顯不, chaodai:, place:齊(epitaph ID:148;add par id:7909)"
147230,李通,11443,州總管,0,0,1,,0,0,"office:州總管府錄事, chaodai:隋, place:楊州(epitaph ID:345;add par id:11274)"
30961,豆盧通,11443,州總管,0,0,1,,0,0,"office:州總管, chaodai:, place:洪州(epitaph ID:470;add par id:13519)"
148620,韓擒某(韓昭父),11443,州總管,0,0,1,,0,0,"office:、□、、四州總管, chaodai:, place:盧(epitaph ID:854;add par id:20411)"
162726,竇琮,11443,州總管,0,0,1,,0,0,晉州總管
172416,楊處綱,11443,州總管,0,0,1,,0,0,秦州總管
172675,楊文异,11443,州總管,0,0,1,,0,0,(隋)邢部尚書+吳州總管
172790,楊文紀,11443,州總管,0,0,1,,0,0,(隋)荊州總管
174012,李損之,11443,州總管,0,0,1,,0,0,洛州總管府典籤
161865,李寬,11443,州總管,0,0,1,,0,0,(隋)梁州總管
13751,張公謹,11443,州總管,0,0,1,,0,0,襄州總管
177349,崔道淹,11443,州總管,0,0,1,,0,0,(北齊)安州總管府掾
177561,于顗,11443,州總管,0,0,1,,0,0,(隋)黔州總管
178645,辛昂,11443,州總管,0,0,1,,0,0,(後周)潼州總管
180209,薛彌敏,11443,州總管,0,0,1,,0,0,(隋)通州總管
162856,薛道衡,11443,州總管,0,0,1,,0,0,(隋)益州總管
31016,韋世康,11443,州總管,0,0,1,,0,0,(隋)荊州總管
180842,韋洸,11443,州總管,0,0,1,,0,0,(隋)廣州總管
182081,周炅,11443,州總管,0,0,1,,0,0,?州總管
182446,唐紹伯,11443,州總管,0,0,1,,0,0,(隋)朔州總管
182460,唐奉義,11443,州總管,0,0,1,,0,0,靈州總管
155021,獨孤永業,11443,州總管,0,0,1,,0,0,(周)大司寇+襄州總管
166528,獨孤楷,11443,州總管,0,0,1,,0,0,(隋)并州總管
31456,姜景,11443,州總管,0,0,1,,0,0,(周)梁州總管
31312,李靖,11443,州總管,0,0,1,,0,0,桂州總管
93613,陳政,11443,州總管,0,0,1,,0,0,梁州總管
31476,于義,11443,州總管,,,1,,0,0,(隋)潼州總管
186479,周法明,11443,州總管,,,0,,0,,黃州總管
13060,李世民(唐太宗),11443,州總管,618,,0,,0,,
138900,麴慶瑜,11458,主簿,0,0,1,,0,0,office:帶閣主簿(epitaph ID:195;add par id:0)
138902,某某,11458,主簿,0,0,1,,0,0,"office:郡客曹主簿, chaodai:, place:鎮西□□□郡(epitaph ID:197;add par id:0)"
138918,蘇某相,11458,主簿,0,0,1,,0,0,"office:曹主簿, chaodai:, place:新田(epitaph ID:213;add par id:0)"
139226,許緒,11458,主簿,0,0,1,,0,0,office:州主簿(epitaph ID:520;add par id:0)
139496,張某,11458,主簿,0,0,1,,0,0,"office:縣守主簿, chaodai:隋, place:益州導江縣(epitaph ID:706;add par id:0)"
139702,某元,11458,主簿,0,0,1,,0,0,"office:州主簿, chaodai:, place:并州(epitaph ID:913;add par id:0)"
146541,王仁則,11458,主簿,0,0,1,,0,0,"office:主簿, chaodai:齊, place:太原(epitaph ID:63;add par id:6392)"
146557,羅曠,11458,主簿,0,0,1,,0,0,"office:州主簿, chaodai:, place:本州(epitaph ID:68;add par id:6500)"
146661,馬廉,11458,主簿,0,0,1,,0,0,office:司州主簿(epitaph ID:103;add par id:7182)
147142,李貴,11458,主簿,0,0,1,,0,0,"office:主簿, chaodai:隋, place:相州臨漳(epitaph ID:316;add par id:10688)"
147634,桓卿信,11458,主簿,0,0,1,,0,0,office:州主簿(epitaph ID:501;add par id:14128)
149159,王機,11458,主簿,0,0,1,,0,0,"office:主簿, chaodai:, place:朱陽(epitaph ID:1036;add par id:24041)"
149488,斛斯叔,11458,主簿,0,0,1,,0,0,"office:州主簿, chaodai:, place:懷州(epitaph ID:1136;add par id:26298)"
173437,李武卿,11458,主簿,0,0,1,,0,0,齊州主簿+陽夏太守
173579,李燮,11458,主簿,0,0,1,,0,0,司徒主簿
173638,李大師,11458,主簿,0,0,1,,0,0,渤海郡主簿
173871,李伏惠,11458,主簿,0,0,1,,0,0,主簿
174135,李公節,11458,主簿,0,0,1,,0,0,上蔡主簿
174149,李輔智,11458,主簿,0,0,1,,0,0,九隴主簿
174176,李積善,11458,主簿,0,0,1,,0,0,本州主簿
174191,李固,11458,主簿,0,0,1,,0,0,本州主簿
174203,李君弘,11458,主簿,0,0,1,,0,0,趙郡主簿
174272,李德珽,11458,主簿,0,0,1,,0,0,州主簿
174370,李大衍,11458,主簿,0,0,1,,0,0,雲夢主簿
175021,李士儁,11458,主簿,0,0,1,,0,0,本州主簿
175159,李龜,11458,主簿,0,0,1,,0,0,(後魏)州主簿
175938,王壽,11458,主簿,0,0,1,,0,0,隋州都七職主簿
176147,張安之,11458,主簿,0,0,1,,0,0,(宋)青州主簿
165500,馬喬卿,11458,主簿,0,0,1,,0,0,(梁)襄州主簿
176914,崔子今,11458,主簿,0,0,1,,0,0,(隋)本州主簿
178023,崔穆,11458,主簿,0,0,1,,0,0,(後魏)州主簿
179278,盧正師,11458,主簿,0,0,1,,0,0,真定主簿
33746,陸從典,11458,主簿,0,0,1,,0,0,(隋)南陽主簿
182754,鄭希儁,11458,主簿,0,0,1,,0,0,州主簿
194333,房熊,11458,主簿,0,0,1,,0,0,本州主簿
149088,崔公華,11459,主客郎中,0,0,1,,0,0,office:主客郎中接陳使(epitaph ID:1011;add par id:23563)
146217,盧承基,11459,主客郎中,0,0,1,,0,0,主客郎中
149088,崔公華,11459,主客郎中,0,0,1,,0,0,(齊)主客郎中+接陳使
138720,楊敏,11463,柱國,0,0,1,,0,0,office:柱國(epitaph ID:15;add par id:0)
138781,段元哲,11463,柱國,0,0,1,,0,0,office:柱國(epitaph ID:76;add par id:0)
138888,某秀,11463,柱國,0,0,1,,0,0,office:柱國(epitaph ID:183;add par id:0)
139037,李強,11463,柱國,0,0,1,,0,0,office:柱國(epitaph ID:332;add par id:0)
139737,元仁師,11463,柱國,0,0,1,,0,0,office:柱國(epitaph ID:948;add par id:0)
146408,舒懿總,11463,柱國,0,0,1,,0,0,office:柱國(epitaph ID:9;add par id:5255)
147512,蘇謙,11463,柱國,0,0,1,,0,0,office:柱國(epitaph ID:457;add par id:13182)
31535,盧赤松,11463,柱國,0,0,1,,0,0,office:柱國(epitaph ID:848;add par id:20244)
148895,元善積,11463,柱國,0,0,1,,0,0,office:柱國(epitaph ID:948;add par id:22347)
148593,封德輿,11465,著作郎,0,0,1,,0,0,office:著作郎(epitaph ID:847;add par id:20194)
33685,顧胤,11465,著作郎,0,0,1,,0,0,著作郎
157372,高覲王,11465,著作郎,0,0,1,,0,0,通事會人+著作郎
193925,徐聿之,11465,著作郎,0,0,1,,0,0,(宋)著作郎
162480,王朗,11465,著作郎,0,0,1,,0,0,(隋)隴西郡掾+著作郎
18636,許敬宗,11465,著作郎,634,0,1,,0,0,著作郎
22793,虞世南,11465,著作郎,626,0,1,,0,0,著作郎
31935,蕭德言,11465,著作郎,638,0,1,,0,0,著作郎
92604,劉子翼,11465,著作郎,0,0,1,,0,0,著作郎
93551,陸士季,11465,著作郎,0,0,1,,0,0,著作郎
94165,姚簡,11465,著作郎,627,0,1,,0,0,著作郎
32736,李玄道,11467,著作佐郎,0,0,1,,0,0,著作佐郎
92625,劉孝孫,11467,著作佐郎,632,0,1,,0,0,著作佐郎
138748,盧野客,11480,諮議參軍,0,0,1,,0,0,office:諮議參軍(epitaph ID:42;add par id:0)
174048,李籍之,11480,諮議參軍,0,0,1,,0,0,司徒諮議參軍
177376,崔光伯,11480,諮議參軍,0,0,1,,0,0,(後魏)太傅諮議參軍
183679,鄭簡,11480,諮議參軍,0,0,1,,0,0,(後魏)平南諮議參軍
196270,武儉,11480,諮議參軍,0,0,1,,0,0,(後周)永昌王諮議參軍
138740,李壽,11485,宗正卿,0,0,1,,0,0,office:宗正卿(epitaph ID:34;add par id:0)
180464,薛克勤,11485,宗正卿,0,0,1,,0,0,(周)宗正卿
32202,李神通,11485,宗正卿,618,0,1,,0,0,宗正卿
153614,李孝恭,11485,宗正卿,,,1,,0,0,
187486,李德懋,11485,宗正卿,,,1,,0,0,
92899,李百藥,11485,宗正卿,629,,1,,0,0,
92899,李百藥,11485,宗正卿,636,,1,,0,0,
32202,李神通,11485,宗正卿,618,619,1,,0,0,
32029,李粲,11485,宗正卿,,,1,,0,0,
162035,段綸,11485,宗正卿,,,1,,0,0,
31780,竇誕,11485,宗正卿,644,,1,,0,0,
172849,高季通,11487,宗正少卿,0,0,1,,0,0,宗正少卿
173162,長孫敞,11487,宗正少卿,0,0,1,,0,0,宗正少卿
138710,某長先,11488,總管府長史,0,0,1,,0,0,"office:州檢校總管府長史, chaodai:, place:陝州(epitaph ID:5;add par id:0)"
138760,某孝敏,11488,總管府長史,0,0,1,,0,0,"office:州總管府長史, chaodai:, place:相州(epitaph ID:54;add par id:0)"
94815,溫彥博,11488,總管府長史,0,0,1,,0,0,"office:州總管府長史, chaodai:, place:幽州(epitaph ID:62;add par id:0)"
174183,李善慶,11488,總管府長史,0,0,1,,0,0,汴州總管府長史
151746,李祖欽,11488,總管府長史,0,0,1,,0,0,(隋)總管府長史
94815,溫彥博,11488,總管府長史,0,0,1,,0,0,幽州總管府長史
94348,高馮,11489,總管府戸曹參軍,618,0,1,,0,0,陟州總管府?曹參軍
138744,某謩,11502,左光祿大夫,0,0,1,,0,0,office:左光祿大夫(epitaph ID:38;add par id:0)
146741,段嚴,11502,左光祿大夫,0,0,1,,0,0,office:左光祿大夫(epitaph ID:815;add par id:19588)
145961,蕭瑒,11502,左光祿大夫,0,0,1,,0,0,左光祿大夫
95096,魏徴,11502,左光祿大夫,633,0,1,,0,0,左光祿大夫
138740,李壽,11507,左僕射,0,0,1,,0,0,"office:道行台左僕射, chaodai:, place:河北道(epitaph ID:34;add par id:0)"
138740,李壽,11507,左僕射,0,0,1,,0,0,"office:道行台尚書左僕射, chaodai:, place:河北道(epitaph ID:34;add par id:0)"
148655,慕容紹宗,11507,左僕射,0,0,1,,0,0,office:尚書左僕射(epitaph ID:864;add par id:20808)
148655,慕容紹宗,11507,左僕射,0,0,1,,0,0,office:尚書左僕射(epitaph ID:865;add par id:20833)
31485,于志寧,11507,左僕射,0,0,1,0,0,0,相太宗+高宗; 尚書左僕射+囗侍中
149195,柳慶,11507,左僕射,0,0,1,,0,0,(後魏)侍中+左僕射
147589,柳惔,11507,左僕射,0,0,1,,0,0,(梁)左僕射
152492,鄭述祖,11507,左僕射,0,0,1,,0,0,(北齊)侍中+尚書左僕射
195476,鄭偉,11507,左僕射,0,0,1,,0,0,(後魏)尚書左僕射
196294,封延之,11507,左僕射,0,0,1,,0,0,侍中司徒+尚書左僕射
12259,蕭瑀,11507,左僕射,626,0,1,,0,0,尚書左僕射
31485,于志寧,11507,左僕射,651,0,1,0,0,0,尚書左僕射
95148,徐之才,11507,左僕射,571,0,1,,0,0,尚書左僕射
31121,李虎,11507,左僕射,,,1,1,0,6,
148005,辛昌,11508,左千牛,0,0,1,,0,0,office:左千牛(epitaph ID:645;add par id:16683)
177917,崔璡,11508,左千牛,0,0,1,,0,0,(隋)左千牛
30886,李密,11512,左親衛府大都督,599,0,1,,0,0,左親衛府大都督
30936,褚亮,11514,左散騎常侍,0,0,1,,0,0,左散騎常侍
139226,許緒,11518,左侍極,0,0,1,,0,0,office:左侍極外府(epitaph ID:1220;add par id:28172)
181800,姚思聰,11519,左庶子,0,0,1,,0,0,左庶子
31485,于志寧,11519,左庶子,640,0,1,0,0,0,左庶子
139051,權開善,11521,左司馬,0,0,1,,0,0,"office:府左司馬, chaodai:, place:翊衛金谷府(epitaph ID:346;add par id:0)"
93871,鄭頲,11521,左司馬,618,0,1,,0,0,李密左司馬
139166,尉遲恭,11529,左衛大將軍,0,0,1,,0,0,office:左衛大將軍(epitaph ID:461;add par id:0)
139381,張雄,11529,左衛大將軍,0,0,1,,0,0,office:左衛大將軍(epitaph ID:1117;add par id:0)
30965,豆盧寬,11529,左衛大將軍,0,0,1,,0,0,office:左衛大將軍(epitaph ID:470;add par id:13525)
179835,韋榮亮,11529,左衛大將軍,0,0,1,,0,0,(北齊)左衛大將軍
181737,袁子溫,11529,左衛大將軍,0,0,1,,0,0,(隋)左衛大將軍
159827,李奉慈,11529,左衛大將軍,0,0,1,,0,0,左衛大將軍
191148,李粲,11529,左衛大將軍,0,0,1,,0,0,(隋)左衛大將軍+慶州道廿四州總管+宗正卿
192458,張延師,11529,左衛大將軍,0,0,1,,0,0,左衛大將軍
139148,楊道綱,11530,左衛將軍,0,0,1,,0,0,office:左衛將軍(epitaph ID:443;add par id:0)
145764,李祖牧,11530,左衛將軍,0,0,1,,0,0,左衛將軍
139737,元仁師,11531,左衛郎將,0,0,1,,0,0,office:左衛郎將(epitaph ID:948;add par id:0)
93808,鄭元璹,11536,左武侯大將軍,0,0,1,,0,0,左武候大將軍
12259,蕭瑀,11538,左右僕射,0,0,1,,0,0,office:尚書左右僕射(epitaph ID:978;add par id:22972)
12259,蕭瑀,11538,左右僕射,0,0,1,,0,0,office:尚書左右僕射(epitaph ID:979;add par id:22998)
149195,柳慶,11538,左右僕射,0,0,1,,0,0,office:左右僕射(epitaph ID:1048;add par id:24266)
139064,徐漢,11548,佐,0,0,1,,0,0,"office:郡書佐, chaodai:隋, place:清河郡(epitaph ID:359;add par id:0)"
139114,孔玉,11548,佐,0,0,1,,0,0,"office:郡書佐, chaodai:隋, place:魏郡(epitaph ID:409;add par id:500001)"
139074,趙通,11548,佐,0,0,1,,0,0,"office:書佐, chaodai:齊, place:濟陽(epitaph ID:369;add par id:11715)"
147306,張光,11548,佐,0,0,1,,0,0,"office:郡書佐, chaodai:隋, place:魏郡(epitaph ID:373;add par id:11779)"
147415,李曹仁,11548,佐,0,0,1,,0,0,"office:州書佐, chaodai:隋, place:本州(epitaph ID:414;add par id:12469)"
149141,王子紹,11548,佐,0,0,1,,0,0,"office:郡書佐, chaodai:隋, place:竟陵郡(epitaph ID:1029;add par id:23918)"
176893,崔君綽,11559,丞相,0,0,1,,0,0,丞相府賓曹參軍
138720,楊敏,11561,司士參軍,0,0,1,,0,0,office:大都晉王府司士參軍(epitaph ID:15;add par id:0)
139698,賈整,11561,司士參軍,0,0,1,,0,0,"office:州司士參軍, chaodai:, place:巴州(epitaph ID:909;add par id:0)"
139648,費胤斌,11562,郎中,0,0,1,,0,0,office:東南道行台捨部郎中(epitaph ID:859;add par id:0)
149428,張端,11562,郎中,0,0,1,,0,0,office:綰曹郎中(epitaph ID:1117;add par id:25866)
149428,張端,11562,郎中,0,0,1,,0,0,office:都綰曹郎中(epitaph ID:1203;add par id:27805)
32830,楊綱,11562,郎中,0,0,1,,0,0,主爵郎中
32991,崔寶德,11562,郎中,0,0,1,,0,0,主爵郎中
177985,崔輪王,11562,郎中,0,0,1,,0,0,司部郎中
31784,柳燮,11562,郎中,0,0,1,,0,0,都官郎中
178213,柳贊,11562,郎中,0,0,1,,0,0,都官郎中
183843,鄭德崇,11562,郎中,0,0,1,,0,0,憲部郎中
179432,盧正力,11570,屯田郎中,0,0,1,,0,0,屯田郎中
138713,麹舉,11577,將軍,0,0,1,,0,0,office:龍驤將軍(epitaph ID:8;add par id:0)
138722,屈突通,11577,將軍,0,0,1,,0,0,office:左候衛將軍(epitaph ID:17;add par id:0)
138751,張明,11577,將軍,0,0,1,,0,0,office:將軍(epitaph ID:45;add par id:0)
138773,羅副,11577,將軍,0,0,1,,0,0,office:壯武將軍(epitaph ID:68;add par id:0)
138781,段元哲,11577,將軍,0,0,1,,0,0,office:壯武將軍(epitaph ID:76;add par id:0)
138832,左法,11577,將軍,0,0,1,,0,0,office:將軍(epitaph ID:127;add par id:0)
138913,任法悅,11577,將軍,0,0,1,,0,0,office:虎牙將軍(epitaph ID:208;add par id:0)
138990,顏人,11577,將軍,0,0,1,,0,0,office:將軍(epitaph ID:285;add par id:0)
139116,張貞,11577,將軍,0,0,1,,0,0,office:龍驤將軍(epitaph ID:411;add par id:0)
139122,張士貴,11577,將軍,0,0,1,,0,0,office:右武候將軍(epitaph ID:417;add par id:0)
139258,徐綜,11577,將軍,0,0,1,,0,0,office:威虜將軍(epitaph ID:552;add par id:0)
139381,張雄,11577,將軍,0,0,1,,0,0,office:威遠將軍(epitaph ID:1117;add par id:0)
146520,李顯,11577,將軍,0,0,1,,0,0,office:平東將軍(epitaph ID:52;add par id:6133)
146546,徐瑜,11577,將軍,0,0,1,,0,0,office:龍驤將軍(epitaph ID:65;add par id:6419)
146578,段榮,11577,將軍,0,0,1,,0,0,office:直將軍(epitaph ID:76;add par id:6667)
146597,孟智略,11577,將軍,0,0,1,,0,0,office:開遠將軍(epitaph ID:81;add par id:6783)
146694,楊貴,11577,將軍,0,0,1,,0,0,office:冠軍將軍(epitaph ID:117;add par id:7419)
146760,元崇略,11577,將軍,0,0,1,,0,0,office:冠軍將軍(epitaph ID:146;add par id:7864)
146832,賈達,11577,將軍,0,0,1,,0,0,office:橫野將軍(epitaph ID:170;add par id:8338)
146867,某暉(某秀父),11577,將軍,0,0,1,,0,0,office:雄信將軍(epitaph ID:183;add par id:8619)
146874,周彥,11577,將軍,0,0,1,,0,0,office:定遠將軍(epitaph ID:184;add par id:8690)
146882,斛斯士操,11577,將軍,0,0,1,,0,0,office:安東將軍(epitaph ID:187;add par id:8764)
147075,韓達,11577,將軍,0,0,1,,0,0,office:襄威將軍(epitaph ID:287;add par id:10194)
147250,崔仲哲,11577,將軍,0,0,1,,0,0,office:龍驤將軍(epitaph ID:352;add par id:11389)
147250,崔仲哲,11577,將軍,0,0,1,,0,0,office:鎮遠將軍(epitaph ID:352;add par id:11389)
147421,李蓋,11577,將軍,0,0,1,,0,0,office:伏波將軍(epitaph ID:416;add par id:12508)
147589,柳惔,11577,將軍,0,0,1,,0,0,office:安南將軍(epitaph ID:486;add par id:13790)
147589,柳惔,11577,將軍,0,0,1,,0,0,"office:縣贈撫將軍穆公, chaodai:梁, place:曲江縣(epitaph ID:486;add par id:13790)"
147673,許康,11577,將軍,0,0,1,,0,0,office:鎮西將軍(epitaph ID:520;add par id:14409)
147685,某袞(某詮父),11577,將軍,0,0,1,,0,0,office:左武候將軍(epitaph ID:527;add par id:14516)
147738,徐文整,11577,將軍,0,0,1,,0,0,office:雲騎將軍(epitaph ID:552;add par id:14865)
148441,張仲,11577,將軍,0,0,1,,0,0,office:雄勇將軍(epitaph ID:800;add par id:19230)
148441,張仲,11577,將軍,0,0,1,,0,0,office:雲騎將軍(epitaph ID:800;add par id:19230)
148441,張仲,11577,將軍,0,0,1,,0,0,office:雄勇將軍(epitaph ID:818;add par id:19653)
148681,康仵相,11577,將軍,0,0,1,,0,0,office:龍驤將軍(epitaph ID:873;add par id:20984)
148722,張訓,11577,將軍,0,0,1,,0,0,office:定遠將軍(epitaph ID:885;add par id:21226)
149428,張端,11577,將軍,0,0,1,,0,0,office:建義將軍(epitaph ID:1117;add par id:25866)
149424,麴明,11577,將軍,0,0,1,,0,0,office:寧朔將軍(epitaph ID:1117;add par id:25878)
149510,陳伯謀,11577,將軍,0,0,1,,0,0,office:智武將軍(epitaph ID:1145;add par id:26478)
149670,陳伯義,11577,將軍,0,0,1,,0,0,office:宣惠將軍(epitaph ID:1191;add par id:27490)
149428,張端,11577,將軍,0,0,1,,0,0,office:建義將軍(epitaph ID:1203;add par id:27805)
146111,李蕤,11577,將軍,0,0,1,,0,0,假節龍驤將軍
170726,裴譚,11577,將軍,0,0,1,,0,0,輔國將軍
171451,劉能,11577,將軍,0,0,1,,0,0,(北齊)冠軍將軍
172111,竇衍,11577,將軍,0,0,1,,0,0,(唐)左右武侯將軍+默營兩州都督
172240,竇善衡,11577,將軍,0,0,1,,0,0,左?將軍
172264,陳談先,11577,將軍,0,0,1,,0,0,(梁)東宮直閤將軍
172598,楊暐,11577,將軍,0,0,1,,0,0,(後魏)安南將軍
172823,高顥,11577,將軍,0,0,1,,0,0,輔國將軍
172852,高湖,11577,將軍,0,0,1,,0,0,(後魏)寧西右將軍
173398,李璵,11577,將軍,0,0,1,,0,0,(北齊)前將軍
162495,李道宗,11577,將軍,0,0,1,,0,0,直閤將軍+駙馬都尉
174144,李士高,11577,將軍,0,0,1,,0,0,征虜將軍
174330,李祖稱,11577,將軍,0,0,1,,0,0,征虜將軍
175260,李宣,11577,將軍,0,0,1,,0,0,鄴郡守+龍驤將軍
175261,李貴,11577,將軍,0,0,1,,0,0,(後魏)征東將軍
155127,王廣業,11577,將軍,0,0,1,,0,0,(後魏)征虜將軍
175928,王慶遠,11577,將軍,0,0,1,,0,0,直閤將軍
153041,崔弘壽,11577,將軍,0,0,1,,0,0,左監門將軍
179199,盧昶,11577,將軍,0,0,1,,0,0,(後魏)鎮西將軍+謚曰穆
179337,盧文翼,11577,將軍,0,0,1,,0,0,(後魏)右將軍
179579,陸珣,11577,將軍,0,0,1,,0,0,(陳)右軍將軍
179728,孫方嗣,11577,將軍,0,0,1,,0,0,(後魏)建威將軍
180076,薛安都,11577,將軍,0,0,1,,0,0,(後魏)鎮南將軍
31239,韋懷敬,11577,將軍,0,0,1,,0,0,左領軍將軍
182467,唐仕琰,11577,將軍,0,0,1,,0,0,(隋)車騎將軍
182575,唐歡,11577,將軍,0,0,1,,0,0,龍驤將軍
148353,鄭景山,11577,將軍,0,0,1,,0,0,(北齊)雄毅將軍
190447,苑禮,11577,將軍,0,0,1,,0,0,(周)振威將軍
190453,姚宣業,11577,將軍,0,0,1,,0,0,(梁)征東將軍
192668,權文某,11577,將軍,0,0,1,,0,0,右監門將軍+千金伯
194334,房翼,11577,將軍,0,0,1,,0,0,鎮遠將軍
194374,裴訛,11577,將軍,0,0,1,,0,0,(後魏)冠軍將軍
194376,裴舒,11577,將軍,0,0,1,,0,0,(周)車騎將軍
195642,丘壽,11577,將軍,0,0,1,,0,0,(魏)鎮軍將軍
195935,鮮于匡濟,11577,將軍,0,0,1,,0,0,左騎將軍
150444,高王臣,11577,將軍,,,1,1,0,4,廣德將軍
138713,麹舉,11578,國公,0,0,1,,0,0,office:國公(epitaph ID:8;add par id:0)
138714,舒懿匡伯,11578,國公,0,0,1,,0,0,office:襲祖封鄖國公(epitaph ID:9;add par id:0)
138972,鄭滿,11578,國公,0,0,1,,0,0,office:蔣國公參軍事(epitaph ID:267;add par id:0)
139122,張士貴,11578,國公,0,0,1,,0,0,"office:國公, chaodai:, place:虢國(epitaph ID:417;add par id:0)"
139166,尉遲恭,11578,國公,0,0,1,,0,0,"office:國公, chaodai:, place:鄂國(epitaph ID:461;add par id:0)"
139166,尉遲恭,11578,國公,0,0,1,,0,0,"office:國公, chaodai:, place:吳國(epitaph ID:461;add par id:0)"
139166,尉遲恭,11578,國公,0,0,1,,0,0,office:鄂國公(epitaph ID:461;add par id:0)
147203,房崱,11578,國公,0,0,1,,0,0,"office:國公, chaodai:隋, place:崇國(epitaph ID:336;add par id:11084)"
30965,豆盧寬,11578,國公,0,0,1,,0,0,office:國公(epitaph ID:470;add par id:13525)
12259,蕭瑀,11578,國公,0,0,1,,0,0,office:國公(epitaph ID:978;add par id:22972)
12259,蕭瑀,11578,國公,0,0,1,,0,0,office:宋國公(epitaph ID:979;add par id:22998)
13751,張公謹,11578,國公,0,0,1,,0,0,office:郯國公(epitaph ID:1235;add par id:28470)
12259,蕭瑀,11578,國公,0,0,1,,0,0,宋國公
12259,蕭瑀,11578,國公,647,0,1,,0,0,宋國公
13059,李淵(唐高祖),11578,國公,0,0,1,,0,0,唐國公
30886,李密,11578,國公,0,0,1,,0,0,魏公
30886,李密,11578,國公,618,0,1,,0,0,魏國公
31312,李靖,11578,國公,0,0,1,,0,0,代國公
31312,李靖,11578,國公,637,0,1,,0,0,衛國公
31485,于志寧,11578,國公,650,0,1,0,0,0,燕國公
93608,陳叔達,11578,國公,621,0,1,,0,0,江國公
93808,鄭元璹,11578,國公,0,0,1,,0,0,沛國公
93808,鄭元璹,11578,國公,0,0,1,,0,0,莘國公
93808,鄭元璹,11578,國公,0,0,1,,0,0,沛國公
94339,高儉,11578,國公,638,0,1,,0,0,申國公
94815,溫彥博,11578,國公,630,0,1,,0,0,虞國公
95096,魏徴,11578,國公,633,0,1,,0,0,鄭國公
13060,李世民(唐太宗),11578,國公,,,0,,0,,秦國公
13060,李世民(唐太宗),11578,國公,,,0,,0,,趙國公
147335,張穆,11583,從事,0,0,1,,0,0,"office:從事, chaodai:齊, place:穎川(epitaph ID:383;add par id:11944)"
148627,張子起,11583,從事,0,0,1,,0,0,office:司隸從事(epitaph ID:856;add par id:20494)
173533,李疑之,11583,從事,0,0,1,,0,0,光州中從事
174051,李德饒,11583,從事,0,0,1,,0,0,司隸從事
20678,馬瑗,11583,從事,0,0,1,,0,0,本郡戶曹從事
194471,張俊,11583,從事,0,0,1,,0,0,河東從事
195419,李壽,11583,從事,0,0,1,,0,0,胡州戶曹從事
138712,元買得,11586,開國伯,0,0,1,,0,0,"office:縣開國伯, chaodai:魏, place:襄武縣(epitaph ID:7;add par id:0)"
139737,元仁師,11586,開國伯,0,0,1,,0,0,"office:縣開國伯, chaodai:, place:襄鄉縣(epitaph ID:948;add par id:0)"
146590,楊俊,11586,開國伯,0,0,1,,0,0,"office:縣開國伯, chaodai:周, place:廩丘縣(epitaph ID:79;add par id:6738)"
147093,楊俊,11586,開國伯,0,0,1,,0,0,office:開國伯(epitaph ID:294;add par id:10343)
13060,李世民(唐太宗),11590,諸王,0,0,1,,0,0,秦王
32202,李神通,11590,諸王,618,0,1,,0,0,永康王
32202,李神通,11590,諸王,0,0,1,,0,0,淮安王
93608,陳叔達,11590,諸王,573,0,1,,0,0,義陽王
176828,褚炫,11591,王師,0,0,1,,0,0,(齊)安成王師+謚曰貞
195044,許胤,11591,王師,0,0,1,,0,0,(隋)蜀王師
33013,王珪,11591,王師,0,0,1,,0,0,魏王泰師
93988,趙弘智,11591,王師,650,0,1,,0,0,陳王師
138719,程锺,11592,鎮將,0,0,1,,0,0,"office:鎮將, chaodai:隋, place:黎陽(epitaph ID:14;add par id:0)"
147564,安定,11592,鎮將,0,0,1,,0,0,"office:郡鎮將, chaodai:隋, place:河陽郡(epitaph ID:477;add par id:13650)"
146757,某稱(某舉父),11592,鎮將,0,0,1,,0,0,"office:州鎮將, chaodai:隋, place:幽州(epitaph ID:145;add par id:7847)"
146974,唐達,11592,鎮將,0,0,1,,0,0,"office:州鎮將, chaodai:隋, place:幽州(epitaph ID:247;add par id:9479)"
147023,王貴,11592,鎮將,0,0,1,,0,0,office:平夷鎮將(epitaph ID:268;add par id:9823)
147525,王鑒,11592,鎮將,0,0,1,,0,0,"office:州鎮將, chaodai:隋, place:幽州(epitaph ID:463;add par id:13413)"
147984,梁達,11592,鎮將,0,0,1,,0,0,"office:鎮將, chaodai:隋, place:灑陽(epitaph ID:639;add par id:16475)"
148549,劉勝,11592,鎮將,0,0,1,,0,0,"office:鎮將, chaodai:隋, place:白沙(epitaph ID:832;add par id:19923)"
149001,羅令祖,11592,鎮將,0,0,1,,0,0,"office:州納款鎮將, chaodai:, place:幽州(epitaph ID:982;add par id:23042)"
186880,李熙,11592,鎮將,0,0,1,,0,0,(後魏)金門鎮將
145766,李君穎,11594,王府長史,0,0,1,,0,0,安德王開府長史
150266,崔君肅,11594,王府長史,0,0,1,,0,0,(隋)?門侍郎+秦王府長史+襄州刺史
32213,崔弘峻,11594,王府長史,0,0,1,,0,0,(隋)趙王府長史
92604,劉子翼,11596,王府功曹參軍,0,0,1,,0,0,吳王府功曹參軍
94832,謝偃,11596,王府功曹參軍,0,0,1,,0,0,魏王府功曹參軍
32966,令狐德棻,11601,秘書丞,622,0,1,,0,0,秘書丞
95096,魏徴,11601,秘書丞,0,0,1,,0,0,秘書丞
138744,某謩,11602,員外郎,0,0,1,,0,0,office:員外(epitaph ID:38;add par id:0)
138832,左法,11602,員外郎,0,0,1,,0,0,office:員外(epitaph ID:127;add par id:0)
138871,辛衡卿,11602,員外郎,0,0,1,,0,0,office:民部員外侍郎(epitaph ID:166;add par id:0)
138879,楊昭,11602,員外郎,0,0,1,,0,0,office:散員外郎(epitaph ID:174;add par id:0)
139102,吳素,11602,員外郎,0,0,1,,0,0,office:奉信員外郎(epitaph ID:397;add par id:0)
139432,喪弘毅,11602,員外郎,0,0,1,,0,0,office:散從員外郎(epitaph ID:642;add par id:0)
139557,李爽,11602,員外郎,0,0,1,,0,0,office:謁者台將事員外郎(epitaph ID:767;add par id:0)
139989,王定,11602,員外郎,0,0,1,,0,0,office:竭者台奉信員外郎(epitaph ID:1244;add par id:0)
170913,裴錫,11602,員外郎,0,0,1,,0,0,司勳員外郎
31980,裴大方,11602,員外郎,0,0,1,,0,0,司列員外郎
172841,高志廉,11602,員外郎,0,0,1,,0,0,都官員外郎
179577,陸逖之,11602,員外郎,0,0,1,,0,0,都官員外郎
192871,徐景初,11602,員外郎,0,0,1,,0,0,尚書正員外郎
164923,鄭乾政,11608,兵曹參軍,0,0,1,,0,0,(隋)左衛兵曹參軍
182409,唐文哲,11608,兵曹參軍,0,0,1,,0,0,(隋)右衛兵曹參軍
139411,李辯,11614,王府錄事參軍,0,0,1,,0,0,office:韓王府錄事參軍(epitaph ID:621;add par id:0)
138810,某懷文,11617,郡丞,0,0,1,,0,0,"office:郡丞, chaodai:隋, place:東郡(epitaph ID:105;add par id:0)"
146666,王思武,11617,郡丞,0,0,1,,0,0,"office:郡丞, chaodai:隋, place:東郡(epitaph ID:104;add par id:7220)"
148248,靖鄭,11617,郡丞,0,0,1,,0,0,office:廬江郡丞(epitaph ID:732;add par id:18092)
31882,裴羅,11617,郡丞,0,0,1,,0,0,(隋)魏郡丞
173824,李萬安,11617,郡丞,0,0,1,,0,0,鄒平郡丞
32570,敬肅,11617,郡丞,0,0,1,,0,0,(隋)潁川郡丞
193883,裴詢,11617,郡丞,0,0,1,,0,0,(隋)武陽、河南、上黨郡丞
92899,李百藥,11617,郡丞,0,0,1,,0,0,建安郡丞
31312,李靖,11621,州大都督,625,0,1,,0,0,安州大都督
13059,李淵(唐高祖),11624,太上皇,626,0,1,,0,0,太上皇
138722,屈突通,11630,司馬,0,0,1,,0,0,office:左衛府司馬(epitaph ID:17;add par id:0)
138723,胡永,11630,司馬,0,0,1,,0,0,"office:州南司馬, chaodai:, place:兗州(epitaph ID:18;add par id:0)"
138762,孫隆,11630,司馬,0,0,1,,0,0,"office:府司馬, chaodai:隋, place:江都安德府(epitaph ID:56;add par id:0)"
138796,杜各榮,11630,司馬,0,0,1,,0,0,"office:府司馬, chaodai:, place:慈潤府(epitaph ID:91;add par id:0)"
138900,麴慶瑜,11630,司馬,0,0,1,,0,0,"office:司馬, chaodai:, place:田□(epitaph ID:195;add par id:0)"
139037,李強,11630,司馬,0,0,1,,0,0,"office:州行司馬, chaodai:, place:愛州(epitaph ID:332;add par id:0)"
139091,程騭,11630,司馬,0,0,1,,0,0,"office:府左武候司馬, chaodai:, place:桑泉府(epitaph ID:386;add par id:0)"
139426,王玄,11630,司馬,0,0,1,,0,0,"office:州故司馬, chaodai:, place:衛州(epitaph ID:636;add par id:0)"
139595,蓋蕃,11630,司馬,0,0,1,,0,0,office:堯台府司馬(epitaph ID:805;add par id:0)
138853,孔長寧,11630,司馬,0,0,1,0,0,0,"office:府司馬, chaodai:隋, place:弘化郡龍泉府(epitaph ID:148;add par id:0)"
147138,趙達,11630,司馬,0,0,1,,0,0,"office:府司馬, chaodai:隋, place:相州巖城府(epitaph ID:314;add par id:10657)"
147430,某吉(某登寶父),11630,司馬,0,0,1,,0,0,"office:府司馬, chaodai:齊, place:光鄴府(epitaph ID:418;add par id:12645)"
148051,王遜,11630,司馬,0,0,1,,0,0,"office:司馬, chaodai:, place:琅琊(epitaph ID:659;add par id:16934)"
172365,封德如,11630,司馬,0,0,1,,0,0,(隋)河南王司馬
183681,鄭悅,11630,司馬,0,0,1,,0,0,安遠司馬
92899,李百藥,11630,司馬,604,0,1,,0,0,桂州司馬
94339,高儉,11630,司馬,0,0,1,,0,0,雍州治中
94815,溫彥博,11630,司馬,617,0,1,,0,0,幽州司馬
94815,溫彥博,11630,司馬,626,0,1,,0,0,雍州治中
162325,梁祐,11630,司馬,,,0,,0,,司馬
162552,王湛,11630,司馬,,,0,,0,,司馬
94815,溫彥博,11631,治中,0,0,1,,0,0,"office:州治中, chaodai:, place:雍州(epitaph ID:62;add par id:0)"
138810,某懷文,11631,治中,0,0,1,,0,0,"office:州治中, chaodai:隋, place:滑州(epitaph ID:105;add par id:0)"
146666,王思武,11631,治中,0,0,1,,0,0,"office:州治中, chaodai:唐, place:滑州(epitaph ID:104;add par id:7220)"
173838,李孝卿,11631,治中,0,0,1,,0,0,穀州治中
177521,崔載,11631,治中,0,0,1,,0,0,深州治中
177929,崔龍子,11631,治中,0,0,1,,0,0,司州治中
195027,歐陽景達,11631,治中,0,0,1,,0,0,(齊)本州治中
31358,崔君實,11631,治中,0,0,1,,0,0,許州治中
93988,趙弘智,11644,司隷從事,611,0,1,,0,0,司?從事
138740,李壽,11656,軍將,0,0,1,,0,0,office:玄戈軍將(epitaph ID:34;add par id:0)
138744,某謩,11658,參軍,0,0,1,,0,0,office:相國府賓曹參軍事(epitaph ID:38;add par id:0)
138750,賈通,11658,參軍,0,0,1,,0,0,office:越王府司兵參軍事(epitaph ID:44;add par id:0)
138841,某忠,11658,參軍,0,0,1,,0,0,office:左禦衛司兵參軍事(epitaph ID:136;add par id:0)
138871,辛衡卿,11658,參軍,0,0,1,,0,0,office:參軍事(epitaph ID:166;add par id:0)
138898,張保守,11658,參軍,0,0,1,,0,0,"office:府客曹參軍, chaodai:, place:鎮西府(epitaph ID:193;add par id:0)"
138909,趙充賢,11658,參軍,0,0,1,,0,0,"office:府田曹參軍, chaodai:, place:鎮西府(epitaph ID:204;add par id:0)"
138915,唐阿朋,11658,參軍,0,0,1,,0,0,"office:郡□為交河坼上博士田曹參軍, chaodai:, place:鎮西府交河郡(epitaph ID:210;add par id:0)"
138951,某基,11658,參軍,0,0,1,,0,0,"office:州行參軍, chaodai:, place:隴州(epitaph ID:246;add par id:0)"
138965,皇甫德相,11658,參軍,0,0,1,,0,0,"office:州行參軍, chaodai:, place:檀州(epitaph ID:260;add par id:0)"
139021,李信,11658,參軍,0,0,1,,0,0,"office:州行參軍, chaodai:, place:洛州(epitaph ID:316;add par id:0)"
139021,李信,11658,參軍,0,0,1,,0,0,office:參軍事(epitaph ID:316;add par id:0)
139114,孔玉,11658,參軍,0,0,1,,0,0,"office:府參軍, chaodai:北齊, place:淮安□府(epitaph ID:409;add par id:500000)"
139148,楊道綱,11658,參軍,0,0,1,,0,0,office:參軍事(epitaph ID:443;add par id:0)
139426,王玄,11658,參軍,0,0,1,,0,0,"office:州參軍事, chaodai:, place:韓州(epitaph ID:636;add par id:0)"
139535,張彥,11658,參軍,0,0,1,,0,0,"office:府參軍, chaodai:, place:秦府(epitaph ID:745;add par id:0)"
139637,封泰,11658,參軍,0,0,1,,0,0,office:秦府參軍(epitaph ID:847;add par id:0)
139741,朱憲,11658,參軍,0,0,1,,0,0,"office:州參軍, chaodai:, place:營州(epitaph ID:952;add par id:0)"
139741,朱憲,11658,參軍,0,0,1,,0,0,"office:州參軍, chaodai:, place:幽州(epitaph ID:952;add par id:0)"
138728,胡質,11658,參軍,0,0,1,,0,0,office:參軍事(epitaph ID:18;add par id:5542)
146533,耿深,11658,參軍,0,0,1,,0,0,office:□□衛司兵參軍(epitaph ID:58;add par id:6236)
146538,蔣子虞,11658,參軍,0,0,1,,0,0,"office:州戶曹參軍, chaodai:, place:濟州(epitaph ID:61;add par id:6307)"
146571,潘國,11658,參軍,0,0,1,,0,0,office:行參軍(epitaph ID:73;add par id:6601)
146620,梁喜,11658,參軍,0,0,1,,0,0,"office:王參軍事, chaodai:魏, place:隴東(epitaph ID:88;add par id:6905)"
146765,孔香,11658,參軍,0,0,1,,0,0,"office:州行台司兵參軍事, chaodai:齊, place:洛州(epitaph ID:148;add par id:7896)"
147005,皇甫道,11658,參軍,0,0,1,,0,0,office:參軍事(epitaph ID:260;add par id:9659)
147078,趙弘仁,11658,參軍,0,0,1,,0,0,"office:州行參軍, chaodai:, place:揚州(epitaph ID:288;add par id:10232)"
147105,曹剛,11658,參軍,0,0,1,,0,0,"office:州綠事參軍, chaodai:隋, place:海州(epitaph ID:300;add par id:10429)"
147875,常某(常開父),11658,參軍,0,0,1,,0,0,office:行參軍(epitaph ID:601;add par id:15722)
147921,李弘,11658,參軍,0,0,1,,0,0,"office:州司□參軍, chaodai:隋, place:黎州(epitaph ID:615;add par id:15997)"
147924,劉仁崱,11658,參軍,0,0,1,,0,0,"office:州行參軍, chaodai:, place:懷州(epitaph ID:616;add par id:16023)"
148245,張陁,11658,參軍,0,0,1,,0,0,"office:州參軍, chaodai:隋, place:豫州(epitaph ID:731;add par id:18073)"
148648,畢仕政,11658,參軍,0,0,1,,0,0,office:廣寧王府行參軍(epitaph ID:862;add par id:20698)
148753,黃滿,11658,參軍,0,0,1,,0,0,"office:州參軍事, chaodai:隋, place:曹州(epitaph ID:893;add par id:21370)"
149108,張緒,11658,參軍,0,0,1,,0,0,"office:州戶曹參軍, chaodai:隋, place:汾州(epitaph ID:1016;add par id:23711)"
149180,成寬,11658,參軍,0,0,1,,0,0,"office:州司鎧參軍, chaodai:, place:函州(epitaph ID:1043;add par id:24179)"
149188,張濟,11658,參軍,0,0,1,,0,0,"office:州參軍, chaodai:, place:同州(epitaph ID:1046;add par id:24223)"
147257,王弘道,11658,參軍,0,0,1,,0,0,office:巴山王府田曹參軍(epitaph ID:1244;add par id:28647)
170924,裴子瑩,11658,參軍,0,0,1,,0,0,太尉司參軍
171452,劉熾,11658,參軍,0,0,1,,0,0,淮陽王參軍+梁州西曹錄
157644,李瓚,11658,參軍,0,0,1,,0,0,(後魏)司徒參軍事
173988,李君壽,11658,參軍,0,0,1,,0,0,安州司功參軍
174033,李文尚,11658,參軍,0,0,1,,0,0,華州司功參軍
174083,李德矩,11658,參軍,0,0,1,,0,0,許州司功參軍
174115,李少連,11658,參軍,0,0,1,,0,0,邵州司戶參軍
174226,李君盛,11658,參軍,0,0,1,,0,0,青州司戶參軍
174261,李德璋,11658,參軍,0,0,1,,0,0,(隋)寧州司戶參軍
174315,李德瑋,11658,參軍,0,0,1,,0,0,(隋)鄂州司戶參軍
175022,李叔綦,11658,參軍,0,0,1,,0,0,秦州外軍參軍
150692,李放之,11658,參軍,0,0,1,,0,0,(隋)開府參軍
175702,王孝京,11658,參軍,0,0,1,,0,0,(隋)揚州戶曹參軍
176142,張弘籍,11658,參軍,0,0,1,,0,0,齊鎮西參軍
147250,崔仲哲,11658,參軍,0,0,1,,0,0,(後魏)司徒+(行)參軍
147251,崔長瑜,11658,參軍,0,0,1,,0,0,開府中兵參軍
177918,崔士順,11658,參軍,0,0,1,,0,0,(周)同開府行參軍
178279,柳叔宗,11658,參軍,0,0,1,,0,0,(宋)建威參軍
179105,盧君胄,11658,參軍,0,0,1,,0,0,虢州參軍
179136,盧息之,11658,參軍,0,0,1,,0,0,(後魏)開府參軍
179137,盧彥博,11658,參軍,0,0,1,,0,0,雍州參軍
179299,盧文甫,11658,參軍,0,0,1,,0,0,司空+(行)參軍
179416,盧珣,11658,參軍,0,0,1,,0,0,(隋)同州參軍
179417,盧虔壽,11658,參軍,0,0,1,,0,0,(隋)司騎參軍
181835,唐歆,11658,參軍,0,0,1,,0,0,岐州參軍
182461,唐惲,11658,參軍,0,0,1,,0,0,雍州參軍
183400,鄭文沾,11658,參軍,0,0,1,,0,0,并州司戶參軍
183753,鄭德猷,11658,參軍,0,0,1,,0,0,司徒中兵參軍
183953,鍾寶慎,11658,參軍,0,0,1,,0,0,(隋)睦州參軍
164178,唐安,11658,參軍,0,0,1,,0,0,(齊)揚州外賓參軍
194533,崔文孺,11658,參軍,0,0,1,,0,0,(齊)開府參軍
195460,李長鈞,11658,參軍,0,0,1,,0,0,開府參軍事
195461,李譚亮,11658,參軍,0,0,1,,0,0,開府參軍事
163179,王元慎,11658,參軍,0,0,1,,0,0,(唐)復州司戶參軍+博州堂邑縣令
31536,盧承慶,11658,參軍,,,0,,0,,州參軍
138900,麴慶瑜,11660,功曹參軍,0,0,1,,0,0,office:功曹吏(epitaph ID:195;add par id:0)
139101,段秀,11660,功曹參軍,0,0,1,,0,0,office:郡功曹(epitaph ID:396;add par id:0)
138728,胡質,11660,功曹參軍,0,0,1,,0,0,"office:功曹, chaodai:, place:巴都(epitaph ID:37;add par id:5853)"
148162,張洪獻,11660,功曹參軍,0,0,1,0,0,0,office:功曹(epitaph ID:707;add par id:17597)
139021,李信,11661,法曹參軍,0,0,1,,0,0,"office:法曹, chaodai:, place:巴西西水(epitaph ID:316;add par id:0)"
148436,楊某(楊湯父),11661,法曹參軍,0,0,1,,0,0,"office:州法曹, chaodai:隋, place:陽州(epitaph ID:798;add par id:19194)"
184758,孔安,11661,法曹參軍,0,0,1,,0,0,(北齊)青州法曹參軍
94832,謝偃,11664,散從正員郎,599,0,1,,0,0,散從正員郎
30886,李密,11674,大行臺行軍元帥,618,0,1,,0,0,東南道大行臺行軍元帥
146573,蕭巖,11681,安平王,0,0,1,,0,0,office:安平王(epitaph ID:74;add par id:6619)
148982,蕭嚴,11681,安平王,0,0,1,,0,0,office:安平王(epitaph ID:976;add par id:22916)
147585,翟道生干,11683,百工監丞,0,0,1,,0,0,office:百工監丞(epitaph ID:483;add par id:13762)
138722,屈突通,11685,備身郎將,0,0,1,,0,0,office:備身郎將(epitaph ID:17;add par id:0)
138781,段元哲,11687,別將,0,0,1,,0,0,office:秦王府別將(epitaph ID:76;add par id:0)
139264,某汪,11687,別將,0,0,1,,0,0,office:右武衛九峻府別將(epitaph ID:558;add par id:0)
139751,馬珍,11687,別將,0,0,1,,0,0,"office:州別將, chaodai:隋, place:益州(epitaph ID:962;add par id:22615)"
177346,崔士泰,11687,別將,0,0,1,,0,0,征蠻別將
182441,唐文軌,11687,別將,0,0,1,,0,0,(隋)五泉府別將
182492,唐世進,11687,別將,0,0,1,,0,0,懷舊府別將
138947,孫遷,11688,兵曹,0,0,1,,0,0,office:左琥候兵曹(epitaph ID:242;add par id:0)
156043,柳煥,11688,兵曹,0,0,1,,0,0,(隋)監門兵曹
138916,王闍桂,11689,兵將,0,0,1,,0,0,"office:府兵將, chaodai:, place:鎮西府(epitaph ID:211;add par id:0)"
173985,李子遠,11689,兵將,0,0,1,,0,0,騎兵將軍
174143,李粹之,11690,步兵校尉,0,0,1,,0,0,步兵校尉
139041,房基,11691,倉曹,0,0,1,,0,0,office:右衛倉曹(epitaph ID:336;add par id:0)
139557,李爽,11691,倉曹,0,0,1,,0,0,office:右武候倉曹(epitaph ID:767;add par id:0)
147898,樊榮,11691,倉曹,0,0,1,,0,0,office:潭府倉曹(epitaph ID:607;add par id:15829)
138888,某秀,11692,曹掾,0,0,1,,0,0,"office:郡東曹掾, chaodai:, place:房陵郡(epitaph ID:183;add par id:0)"
146785,趙拏,11692,曹掾,0,0,1,,0,0,"office:曹掾, chaodai:, place:河內西(epitaph ID:155;add par id:8077)"
174001,李世寶,11692,曹掾,0,0,1,,0,0,河南郡東曹掾
138773,羅副,11693,長槍馬軍副總管,0,0,1,,0,0,office:長槍馬軍副總管(epitaph ID:68;add par id:0)
139309,皇甫某,11694,長上,0,0,1,,0,0,office:長上校尉(epitaph ID:603;add par id:0)
139737,元仁師,11695,長上別將,0,0,1,,0,0,office:長上別將(epitaph ID:948;add par id:0)
138832,左法,11698,長上左果毅,0,0,1,,0,0,office:常侍(epitaph ID:127;add par id:0)
146443,胡邕,11698,長上左果毅,0,0,1,,0,0,office:常侍(epitaph ID:18;add par id:5517)
170725,裴蒨之,11698,長上左果毅,0,0,1,,0,0,(北齊)隋王左常侍
170727,裴測,11698,長上左果毅,0,0,1,,0,0,(後周)常侍
177165,崔子侃,11698,長上左果毅,0,0,1,,0,0,(後魏)通直常侍
184611,徐君敷,11698,長上左果毅,0,0,1,,0,0,(陳)常侍
148441,張仲,11700,長水校尉,0,0,1,,0,0,office:長水校尉(epitaph ID:800;add par id:19230)
148546,鄧霞,11702,朝義郎,0,0,1,,0,0,office:朝請(epitaph ID:831;add par id:19906)
138773,羅副,11704,車騎,0,0,1,,0,0,office:左四府右車騎將軍，(epitaph ID:68;add par id:0)
138866,毛盛,11704,車騎,0,0,1,,0,0,office:車騎將軍(epitaph ID:161;add par id:0)
138920,金行舉,11704,車騎,0,0,1,,0,0,office:車騎將軍(epitaph ID:215;add par id:0)
138979,段會,11704,車騎,0,0,1,,0,0,office:志節車騎將軍(epitaph ID:274;add par id:0)
139012,段會,11704,車騎,0,0,1,,0,0,"office:府左車騎將軍, chaodai:, place:并州節府(epitaph ID:307;add par id:0)"
139290,秦義,11704,車騎,0,0,1,,0,0,office:車騎將軍(epitaph ID:584;add par id:0)
139436,王君,11704,車騎,0,0,1,,0,0,"office:州先賢府車騎, chaodai:隋, place:幽州(epitaph ID:646;add par id:0)"
139436,王君,11704,車騎,0,0,1,,0,0,"office:州先賢府車騎將軍, chaodai:隋, place:幽州(epitaph ID:646;add par id:0)"
139515,王端,11704,車騎,0,0,1,,0,0,office:車騎(epitaph ID:725;add par id:0)
139600,呂道,11704,車騎,0,0,1,,0,0,office:車騎將軍(epitaph ID:810;add par id:0)
139695,蔡君長,11704,車騎,0,0,1,,0,0,office:□車騎(epitaph ID:906;add par id:0)
139705,周廣,11704,車騎,0,0,1,,0,0,office:車騎(epitaph ID:916;add par id:0)
146874,周彥,11704,車騎,0,0,1,,0,0,office:上輕車左一步軍車騎將軍(epitaph ID:184;add par id:8690)
147253,張明,11704,車騎,0,0,1,,0,0,office:車騎將軍(epitaph ID:353;add par id:11451)
148499,仵德,11704,車騎,0,0,1,,0,0,office:懷信府車騎(epitaph ID:814;add par id:19556)
32456,李孝端,11706,丞,0,0,1,,0,0,(隋)獲嘉丞
174481,李文乂,11706,丞,0,0,1,,0,0,酇丞
174381,李文立,11706,丞,0,0,1,,0,0,九門丞
175065,李璣衡,11706,丞,0,0,1,,0,0,荊山丞
176697,張惠寶,11706,丞,0,0,1,,0,0,(隋)絳丞
179722,孫廣烈,11706,丞,0,0,1,,0,0,汧陽丞
32544,郭處範,11706,丞,0,0,1,,0,0,諸城丞
24632,武華,11706,丞,0,0,1,,0,0,(隋)東都丞
183140,鄭弘簡,11706,丞,0,0,1,,0,0,鄴丞
183741,鄭元恭,11706,丞,0,0,1,,0,0,(隋)義興丞
183993,宋弘峻,11706,丞,0,0,1,,0,0,大理丞
195442,盧嶷,11706,丞,0,0,1,,0,0,汴州尉氏丞
147823,辛正臣,11707,承奉郎,0,0,1,,0,0,office:承奉郎(epitaph ID:582;add par id:15397)
138740,李壽,11710,持節,0,0,1,,0,0,"office:道持節尉撫大使, chaodai:, place:山東道(epitaph ID:34;add par id:0)"
139122,張士貴,11710,持節,0,0,1,,0,0,office:使持節都督(epitaph ID:417;add par id:0)
139557,李爽,11710,持節,0,0,1,,0,0,"office:使持節守都督、、、三州, chaodai:隋, place:交(epitaph ID:767;add par id:0)"
146419,崔會仁,11710,持節,0,0,1,,0,0,"office:州使持節刺史, chaodai:齊, place:青州(epitaph ID:12;add par id:5321)"
146432,楊盛,11710,持節,0,0,1,,0,0,office:使持節(epitaph ID:15;add par id:5409)
175838,王神念,11710,持節,,,0,,0,,
138722,屈突通,11713,大行臺,0,0,1,,0,0,office:陝東道大行台尚書右僕射(epitaph ID:17;add par id:0)
148655,慕容紹宗,11713,大行臺,0,0,1,,0,0,office:東南道大行台(epitaph ID:863;add par id:20746)
148655,慕容紹宗,11713,大行臺,0,0,1,,0,0,office:東南道大行台(epitaph ID:864;add par id:20808)
148655,慕容紹宗,11713,大行臺,0,0,1,,0,0,office:東南道大行台(epitaph ID:865;add par id:20833)
139021,李信,11714,大行臺刑部主事,0,0,1,,0,0,office:陝東道大行台刑部主事(epitaph ID:316;add par id:0)
138809,王仁則,11717,大中正,0,0,1,,0,0,office:縣中正(epitaph ID:104;add par id:0)
148639,費清,11717,大中正,0,0,1,0,0,0,office:本州大中正(epitaph ID:859;add par id:20604)
173687,李崇義,11717,大中正,0,0,1,,0,0,(後周)雍州大中正+廣和復硤殷五州刺史
175167,李秀林,11717,大中正,0,0,1,,0,0,(後魏)定州大中正
150803,王元季,11717,大中正,0,0,1,,0,0,(隋)大中正
175937,王明遠,11717,大中正,0,0,1,,0,0,(隋)雍州大中正弘化郡守司金上士
177788,崔蔚,11717,大中正,0,0,1,,0,0,本州大中正
177928,崔勉,11717,大中正,0,0,1,,0,0,定州大中正
152493,鄭武叔,11717,大中正,0,0,1,,0,0,北豫州大中正+青州刺史+光州刺史
194273,李儉,11717,大中正,0,0,1,,0,0,(隋)宣州涇縣令+本州大中正宗
194409,李勗,11717,大中正,0,0,1,,0,0,頓丘太守+大中正
194424,柳僧習,11717,大中正,0,0,1,,0,0,(後魏)揚州大中正+尚書右丞
194528,李仲恭,11717,大中正,0,0,1,,0,0,(隋)本州大中正
163177,王緝,11717,大中正,0,0,1,,0,0,(北齊)徐州大中正+太常卿+冀州刺史
139122,張士貴,11718,大總管,0,0,1,,0,0,office:大總管懷義公(epitaph ID:417;add par id:0)
170229,郭澄,11718,大總管,0,0,1,,0,0,涇州刺史+朔方道大總管
31922,裴正,11718,大總管,0,0,1,,0,0,(隋)蘇州大總管府贊治
153614,李孝恭,11718,大總管,0,0,1,,0,0,(行)尚書左僕射+三十州大總管+謚曰元
139648,費胤斌,11719,大總管府屬,0,0,1,,0,0,"office:州大總管府屬, chaodai:, place:秦州(epitaph ID:859;add par id:0)"
139608,張曉,11720,大夫,0,0,1,,0,0,office:朝□大夫(epitaph ID:800;add par id:19246)
178026,崔達挐,11720,大夫,0,0,1,,0,0,(後周)御府大夫
193916,于文雅,11720,大夫,0,0,1,,0,0,開府+光囗大夫
139167,張弘,11724,典倉署丞,0,0,1,,0,0,office:東宮典倉署丞(epitaph ID:462;add par id:0)
138749,樂陟,11726,典簽,0,0,1,,0,0,office:太尉府典簽(epitaph ID:43;add par id:0)
139018,王素,11726,典簽,0,0,1,,0,0,"office:州都督府典簽, chaodai:, place:魏州(epitaph ID:313;add par id:0)"
139057,崔泰,11726,典簽,0,0,1,,0,0,office:漢府典簽(epitaph ID:352;add par id:0)
139557,李爽,11726,典簽,0,0,1,,0,0,office:典簽(epitaph ID:767;add par id:0)
138865,張通,11727,殿中,0,0,1,,0,0,office:殿中(epitaph ID:160;add par id:0)
139212,張懷文,11727,殿中,0,0,1,,0,0,office:殿中別駕(epitaph ID:506;add par id:0)
147868,陰才,11727,殿中,0,0,1,,0,0,office:殿中(epitaph ID:600;add par id:15701)
148817,某洛(某元父),11727,殿中,0,0,1,,0,0,office:殿中御史(epitaph ID:913;add par id:21767)
179377,盧士朗,11727,殿中,0,0,1,,0,0,殿中郎
138882,禹藝,11730,東宮,0,0,1,,0,0,office:東宮(epitaph ID:177;add par id:0)
139205,王力士,11730,東宮,0,0,1,,0,0,office:東宮(epitaph ID:499;add par id:0)
172374,封孝琬,11730,東宮,0,0,1,,0,0,(北齊)東宮洗馬
182418,唐文琮,11730,東宮,0,0,1,,0,0,東宮勳衛
194413,李吉,11730,東宮,0,0,1,,0,0,東宮舍人
138765,長孫家慶,11732,東宮門大夫,0,0,1,,0,0,office:東宮門大夫(epitaph ID:59;add par id:0)
139043,盧萬春,11735,東宮左親侍,0,0,1,,0,0,office:東宮左親侍(epitaph ID:338;add par id:0)
139029,席泰,11736,東宮左親衛,0,0,1,,0,0,office:東宮左親衛(epitaph ID:324;add par id:0)
139235,王敏,11743,隊正,0,0,1,,0,0,"office:府隊正, chaodai:, place:永嘉府(epitaph ID:529;add par id:0)"
139751,馬珍,11743,隊正,0,0,1,,0,0,office:江南府隊正(epitaph ID:962;add par id:22615)
138857,某達,11744,飛騎尉,0,0,1,,0,0,office:飛騎尉(epitaph ID:152;add par id:0)
139496,張某,11744,飛騎尉,0,0,1,,0,0,office:飛騎尉(epitaph ID:706;add par id:0)
139677,王則,11744,飛騎尉,0,0,1,,0,0,office:飛騎尉(epitaph ID:888;add par id:0)
138866,毛盛,11745,飛騎校尉,0,0,1,,0,0,office:飛騎校尉(epitaph ID:161;add par id:0)
138871,辛衡卿,11746,奉朝請,0,0,1,,0,0,office:奉朝請(epitaph ID:166;add par id:0)
148150,某雙(某士端父),11746,奉朝請,0,0,1,,0,0,office:奉朝請(epitaph ID:702;add par id:17498)
139605,段瑋,11747,奉車都尉,0,0,1,,0,0,office:奉車都尉(epitaph ID:815;add par id:0)
149335,劉運,11747,奉車都尉,0,0,1,,0,0,office:奉車都尉(epitaph ID:1089;add par id:25197)
177664,于宣敏,11747,奉車都尉,0,0,1,,0,0,(隋)奉車都尉
195423,李氏(李敬族女),11747,奉車都尉,0,0,1,,0,0,(魏)故奉車都尉
139025,某某,11748,奉誠尉,0,0,1,,0,0,office:奉誠尉(epitaph ID:320;add par id:0)
139439,邢𧦬,11748,奉誠尉,0,0,1,,0,0,office:奉誠尉(epitaph ID:649;add par id:0)
139492,某士端,11748,奉誠尉,0,0,1,,0,0,office:奉誠尉(epitaph ID:702;add par id:0)
139557,李爽,11751,奉議郎,0,0,1,,0,0,office:奉議郎(epitaph ID:767;add par id:0)
139518,王纂,11754,副隊正,0,0,1,,0,0,office:副隊正(epitaph ID:728;add par id:0)
138846,段師,11755,副郎將,0,0,1,,0,0,office:龍水府副郎將(epitaph ID:141;add par id:0)
138773,羅副,11756,副率,0,0,1,,0,0,office:副率(epitaph ID:68;add par id:0)
138781,段元哲,11756,副率,0,0,1,,0,0,office:副率(epitaph ID:76;add par id:0)
181004,韋保巒,11756,副率,0,0,1,,0,0,右衛副率
147050,索天洛,11761,給事郎,0,0,1,,0,0,office:給事郎(epitaph ID:276;add par id:9967)
147068,梁巘,11761,給事郎,0,0,1,,0,0,office:給事郎(epitaph ID:283;add par id:10101)
17129,房彥謙,11762,公,0,0,1,,0,9,臨淄定公
145764,李祖牧,11762,公,0,0,1,,0,9,襲濮陽文公
146168,李希宗,11762,公,0,0,1,,0,9,文簡公
145761,李希禮,11762,公,0,0,1,,0,9,文公
146121,薛元嘏,11762,公,0,0,1,,0,9,內陽公
31034,韋匡伯,11762,公,0,0,1,,0,9,舒國懿公
26934,姚懿,11762,公,0,0,1,,0,9,長沙文獻公
138740,李壽,11765,光祿大夫,0,0,1,,0,0,office:光祿大夫(epitaph ID:34;add par id:0)
138744,某謩,11765,光祿大夫,0,0,1,,0,0,office:光祿大夫(epitaph ID:38;add par id:0)
138846,段師,11765,光祿大夫,0,0,1,,0,0,office:光祿(epitaph ID:141;add par id:0)
139166,尉遲恭,11765,光祿大夫,0,0,1,,0,0,office:光祿大夫(epitaph ID:461;add par id:0)
30965,豆盧寬,11765,光祿大夫,0,0,1,,0,0,office:光祿大夫(epitaph ID:470;add par id:13525)
147627,王褘,11765,光祿大夫,0,0,1,,0,0,office:金精光祿大夫(epitaph ID:499;add par id:14078)
138727,某氏(蔣國夫人),11767,國夫人,0,0,1,,0,0,office:蔣國夫人(epitaph ID:22;add par id:0)
139162,蘇娬,11767,國夫人,0,0,1,,0,0,office:贈鄂國夫人(epitaph ID:457;add par id:0)
138866,毛盛,11768,果毅,0,0,1,,0,0,office:開福府果毅(epitaph ID:161;add par id:0)
138976,魏德,11768,果毅,0,0,1,,0,0,"office:府果毅, chaodai:, place:幽州潞城府(epitaph ID:271;add par id:0)"
138976,魏德,11768,果毅,0,0,1,,0,0,"office:府果毅, chaodai:, place:州洛安府(epitaph ID:271;add par id:0)"
139174,某某,11768,果毅,0,0,1,,0,0,"office:府果毅, chaodai:, place:新林府(epitaph ID:469;add par id:0)"
139655,朱遠,11768,果毅,0,0,1,,0,0,"office:州同鄉府果毅, chaodai:, place:絳州(epitaph ID:866;add par id:0)"
146928,潘富,11768,果毅,0,0,1,,0,0,"office:府果毅, chaodai:周, place:華州渭南府(epitaph ID:230;add par id:9145)"
148209,楊神通,11768,果毅,0,0,1,,0,0,"office:府果毅, chaodai:, place:居義府(epitaph ID:722;add par id:17879)"
182448,唐萬壽,11768,果毅,0,0,1,,0,0,純德府果毅
138976,魏德,11769,果毅都尉,0,0,1,,0,0,"office:府果毅都尉, chaodai:, place:幽州潞城府(epitaph ID:271;add par id:0)"
139264,某汪,11769,果毅都尉,0,0,1,,0,0,"office:府果毅都尉, chaodai:, place:寧州蒲州府(epitaph ID:558;add par id:0)"
139041,房基,11770,國子監生,0,0,1,,0,0,office:國學生(epitaph ID:336;add par id:0)
148169,裴灌頂,11770,國子監生,0,0,1,,0,0,office:國子生(epitaph ID:710;add par id:17638)
146706,何孝緒,11772,河間王,0,0,1,,0,0,office:河間王記室(epitaph ID:121;add par id:7476)
148146,來威,11773,鴻臚寺丞,0,0,1,,0,0,office:鴻臚寺丞(epitaph ID:700;add par id:17467)
147252,崔子博,11775,戶部,0,0,1,,0,0,office:戶部(epitaph ID:352;add par id:11408)
149246,張?,11775,戶部,0,0,1,,0,0,office:戶部、刑部二郎中(epitaph ID:1060;add par id:24620)
139442,李遠,11776,護軍,0,0,1,,0,0,office:護軍(epitaph ID:652;add par id:0)
139381,張雄,11776,護軍,0,0,1,,0,0,office:追贈南平太守護軍大將(epitaph ID:1117;add par id:0)
444855,龐卿惲,11776,護軍,,,0,,0,,虞世南《左武候將軍龎某碑序》：七年授秦王左一副護軍
146403,元乂,11777,濟南王,0,0,1,,0,0,office:濟南王(epitaph ID:7;add par id:5176)
138782,張騷,11779,建節尉,0,0,1,,0,0,office:建節尉(epitaph ID:77;add par id:0)
139087,王師感,11779,建節尉,0,0,1,,0,0,office:建節尉(epitaph ID:382;add par id:0)
139096,張伽,11779,建節尉,0,0,1,,0,0,office:建節尉(epitaph ID:391;add par id:0)
139277,索玄,11779,建節尉,0,0,1,,0,0,office:建節尉(epitaph ID:571;add par id:0)
139434,霍達,11779,建節尉,0,0,1,,0,0,office:建節尉(epitaph ID:644;add par id:0)
139473,王宣,11779,建節尉,0,0,1,,0,0,office:建節尉(epitaph ID:683;add par id:0)
139605,段瑋,11779,建節尉,0,0,1,,0,0,office:建節尉(epitaph ID:815;add par id:0)
139669,楊晟,11779,建節尉,0,0,1,,0,0,office:建節尉(epitaph ID:880;add par id:0)
147131,郭合,11779,建節尉,0,0,1,,0,0,office:建節尉(epitaph ID:310;add par id:10583)
147156,孫興,11779,建節尉,0,0,1,,0,0,office:建節尉(epitaph ID:321;add par id:10781)
147654,高洛,11779,建節尉,0,0,1,,0,0,office:建節尉(epitaph ID:512;add par id:14272)
182468,唐孝感,11779,建節尉,0,0,1,,0,0,建節尉
182475,唐德宗,11779,建節尉,0,0,1,,0,0,(隋)領勳衛都督+建節尉
138773,羅副,11780,監門,0,0,1,,0,0,office:監門(epitaph ID:68;add par id:0)
138880,薛朗,11780,監門,0,0,1,,0,0,office:□左監門校尉(epitaph ID:175;add par id:0)
139473,王宣,11780,監門,0,0,1,,0,0,office:右監門校尉(epitaph ID:683;add par id:0)
146578,段榮,11780,監門,0,0,1,,0,0,office:右監門郎將(epitaph ID:76;add par id:6667)
146657,李世權,11780,監門,0,0,1,,0,0,office:監門(epitaph ID:100;add par id:7136)
147027,趙伯,11780,監門,0,0,1,,0,0,office:左監門校尉(epitaph ID:268;add par id:9807)
148672,侯華,11780,監門,0,0,1,,0,0,office:左監門兵□參軍(epitaph ID:869;add par id:20927)
182424,唐世恭,11780,監門,0,0,1,,0,0,(隋)左監門將
182439,唐仕遵,11780,監門,0,0,1,,0,0,(隋)監門直長
138766,王安,11781,檢校 is part of a title or a verb: 檢校….office,0,0,1,,0,0,"office:國檢校, chaodai:, place:秦國(epitaph ID:60;add par id:0)"
138774,長孫仁,11781,檢校 is part of a title or a verb: 檢校….office,0,0,1,,0,0,office:檢校河南郡陝縣令事(epitaph ID:69;add par id:0)
139122,張士貴,11781,檢校 is part of a title or a verb: 檢校….office,0,0,1,,0,0,"office:州檢校都督, chaodai:, place:桂州(epitaph ID:417;add par id:0)"
139122,張士貴,11781,檢校 is part of a title or a verb: 檢校….office,0,0,1,,0,0,"office:州檢校都督, chaodai:, place:夏州(epitaph ID:417;add par id:0)"
139166,尉遲恭,11781,檢校 is part of a title or a verb: 檢校….office,0,0,1,,0,0,"office:州檢校都督, chaodai:, place:夏州(epitaph ID:461;add par id:0)"
139652,慕容三藏,11781,檢校 is part of a title or a verb: 檢校….office,0,0,1,,0,0,"office:州檢校都督, chaodai:隋, place:廣州(epitaph ID:863;add par id:0)"
139751,馬珍,11781,檢校 is part of a title or a verb: 檢校….office,0,0,1,,0,0,"office:鄉檢校長, chaodai:隋, place:善固鄉(epitaph ID:962;add par id:0)"
138988,梁有意,11789,檢校州功曹,0,0,1,,0,0,"office:州檢校功曹, chaodai:, place:定州(epitaph ID:283;add par id:0)"
147422,李康,11799,節公,0,0,1,,0,0,"office:國節公, chaodai:, place:舒國(epitaph ID:416;add par id:12514)"
139081,車詵,11800,晉王,0,0,1,,0,0,office:晉王(epitaph ID:376;add par id:0)
146877,侯通,11800,晉王,0,0,1,,0,0,office:晉王(epitaph ID:185;add par id:8711)
31572,李孝基,11800,晉王,0,0,1,,0,0,(隋)晉王文學
146541,王仁則,11801,景陵王,0,0,1,,0,0,office:景陵王(epitaph ID:63;add par id:6392)
138740,李壽,11802,靖王,0,0,1,,0,0,"office:靖王, chaodai:, place:淮安(epitaph ID:34;add par id:0)"
146454,譚亮,11806,郡戶曹掾,0,0,1,,0,0,"office:郡掾, chaodai:齊, place:東平郡(epitaph ID:21;add par id:5581)"
148016,王光,11806,郡戶曹掾,0,0,1,,0,0,"office:郡掾, chaodai:周, place:樂陵郡(epitaph ID:646;add par id:16705)"
148286,張莊,11806,郡戶曹掾,0,0,1,,0,0,"office:郡戶曹, chaodai:北齊, place:魏郡(epitaph ID:745;add par id:18316)"
138747,張伯,11808,郡將,0,0,1,,0,0,"office:郡將, chaodai:, place:平原(epitaph ID:41;add par id:0)"
182408,唐世榮,11808,郡將,0,0,1,,0,0,(後周)武始郡將
138728,胡質,11810,郡司法参軍,0,0,1,,0,0,"office:州北司法參軍事, chaodai:, place:澧州(epitaph ID:23;add par id:0)"
138728,胡質,11810,郡司法参軍,0,0,1,,0,0,"office:州北司法參軍事, chaodai:, place:澧州(epitaph ID:37;add par id:5853)"
147078,趙弘仁,11810,郡司法参軍,0,0,1,,0,0,"office:司法, chaodai:, place:宕渠(epitaph ID:288;add par id:10232)"
147823,辛正臣,11810,郡司法参軍,0,0,1,,0,0,"office:郡司法書佐, chaodai:隋, place:餘杭郡(epitaph ID:582;add par id:15397)"
138728,胡質,11811,郡司功参軍,0,0,1,,0,0,"office:郡司功書佐, chaodai:, place:巴郡(epitaph ID:23;add par id:0)"
138756,邢弁,11811,郡司功参軍,0,0,1,,0,0,office:君司功(epitaph ID:50;add par id:0)
138966,王宏,11811,郡司功参軍,0,0,1,,0,0,
139233,某詮,11811,郡司功参軍,0,0,1,,0,0,"office:郡司功書佐, chaodai:, place:南海郡(epitaph ID:527;add par id:0)"
139648,費胤斌,11811,郡司功参軍,0,0,1,,0,0,office:本郡司功書佐(epitaph ID:859;add par id:0)
138893,李君絢,11812,郡司戶参軍,0,0,1,,0,0,"office:郡司戶, chaodai:隋, place:彭城郡(epitaph ID:187;add par id:0)"
139029,席泰,11812,郡司戶参軍,0,0,1,,0,0,"office:郡司戶, chaodai:, place:漁陽郡(epitaph ID:324;add par id:0)"
139403,趙氏(趙士政女),11812,郡司戶参軍,0,0,1,,0,0,"office:郡司戶書佐, chaodai:隋, place:清河郡(epitaph ID:613;add par id:0)"
147792,索沙,11812,郡司戶参軍,0,0,1,,0,0,"office:郡司戶書佐, chaodai:隋, place:淮陽郡(epitaph ID:571;add par id:15181)"
138712,元買得,11813,郡太夫人,0,0,1,,0,0,"office:郡太夫人, chaodai:魏, place:義安郡(epitaph ID:7;add par id:0)"
138710,某長先,11815,郡正,0,0,1,,0,0,"office:郡主簿, chaodai:, place:襄城郡(epitaph ID:5;add par id:0)"
146659,某客(某賓父),11815,郡正,0,0,1,,0,0,"office:郡正, chaodai:, place:武陽郡(epitaph ID:102;add par id:7159)"
146751,李貴,11815,郡正,0,0,1,,0,0,"office:郡主簿, chaodai:, place:本郡(epitaph ID:143;add par id:7809)"
146997,李貴,11815,郡正,0,0,1,,0,0,"office:郡正, chaodai:隋, place:長平(epitaph ID:258;add par id:9614)"
147611,張之信,11815,郡正,0,0,1,,0,0,"office:、二郡主簿, chaodai:隋, place:沔陽(epitaph ID:492;add par id:13957)"
147620,苗先,11815,郡正,0,0,1,,0,0,"office:郡主簿, chaodai:, place:上黨郡(epitaph ID:496;add par id:14031)"
147819,袁摩,11815,郡正,0,0,1,,0,0,"office:郡主簿, chaodai:隋, place:□都郡(epitaph ID:581;add par id:15360)"
138786,孟保同,11818,開府,0,0,1,,0,0,"office:開府太守, chaodai:, place:漳川(epitaph ID:81;add par id:0)"
138786,孟保同,11818,開府,0,0,1,,0,0,"office:郡開府太守, chaodai:前梁, place:漳川郡(epitaph ID:81;add par id:0)"
138809,王仁則,11818,開府,0,0,1,,0,0,office:開府(epitaph ID:104;add par id:0)
138871,辛衡卿,11818,開府,0,0,1,,0,0,office:開府(epitaph ID:166;add par id:0)
139263,李護,11818,開府,0,0,1,,0,0,office:開府(epitaph ID:557;add par id:0)
139277,索玄,11818,開府,0,0,1,,0,0,office:開府(epitaph ID:571;add par id:0)
146443,胡邕,11818,開府,0,0,1,,0,0,office:開府(epitaph ID:18;add par id:5517)
146488,某景(某謩父),11818,開府,0,0,1,,0,0,office:廿四開府(epitaph ID:38;add par id:5876)
146609,某珍國(某孝基父),11818,開府,0,0,1,,0,0,office:開府長兼行參軍(epitaph ID:83;add par id:6853)
146620,梁喜,11818,開府,0,0,1,,0,0,office:開府參軍事(epitaph ID:88;add par id:6905)
139751,馬珍,11818,開府,0,0,1,,0,0,office:左開府司兵參軍(epitaph ID:962;add par id:22615)
145949,崔大善,11819,開國男,0,0,1,,0,0,[伯陽縣開國男]
139205,王力士,11820,郎將,0,0,1,,0,0,office:郎將(epitaph ID:499;add par id:0)
146593,雷俊,11820,郎將,0,0,1,,0,0,office:虎賁郎將(epitaph ID:80;add par id:6756)
147801,李素,11820,郎將,0,0,1,,0,0,office:溫池府膺擊郎將(epitaph ID:574;add par id:15244)
148050,楊臨,11820,郎將,0,0,1,,0,0,office:虎賁郎將(epitaph ID:658;add par id:16923)
148234,王護,11820,郎將,0,0,1,,0,0,"office:府擊郎將, chaodai:隋, place:大寧府(epitaph ID:729;add par id:17998)"
182403,唐朝政,11820,郎將,0,0,1,,0,0,(隋)薊府郎將
146121,薛元嘏,11823,令,0,0,1,,0,0,"office:行令, chaodai:, place:益州晉源(epitaph ID:448;add par id:13009)"
170592,裴謁之,11823,令,0,0,1,,0,0,(齊)壺關令
170597,裴安祖,11823,令,0,0,1,,0,0,安邑令
170616,裴幼雋,11823,令,0,0,1,,0,0,猗氏令
170736,裴景,11823,令,0,0,1,,0,0,富平令
170934,裴叔卿,11823,令,0,0,1,,0,0,貝丘令
171394,劉瑗,11823,令,0,0,1,,0,0,(齊)本縣彭城令
171468,劉虬,11823,令,0,0,1,,0,0,(宋)當陽令+文藝先生
172267,陳君範,11823,令,0,0,1,,0,0,(隋)溫令
172274,陳蕃,11823,令,0,0,1,,0,0,(隋)資陽令
172278,陳元基,11823,令,0,0,1,,0,0,(隋)穀熟令
172359,封德潤,11823,令,0,0,1,,0,0,青城令
148593,封德輿,11823,令,0,0,1,,0,0,(隋)南田令
22491,楊約,11823,令,0,0,1,,0,0,(隋)萬年令
172649,楊岳,11823,令,0,0,1,,0,0,(隋)萬年令
156924,楊德立,11823,令,0,0,1,,0,0,賀州臨賀令
172844,高衡,11823,令,0,0,1,,0,0,(隋)萬年令
172845,高元道,11823,令,0,0,1,,0,0,汲令
22624,杜遜,11823,令,0,0,1,,0,0,柏仁令
173306,杜子裕,11823,令,0,0,1,,0,0,(隋)樂陵令
173637,李超,11823,令,0,0,1,,0,0,(隋)冀州清江令
173999,李汪,11823,令,0,0,1,,0,0,廣宗令
174008,李智積,11823,令,0,0,1,,0,0,海陵令
174011,李人寶,11823,令,0,0,1,,0,0,真定令
174017,李君章,11823,令,0,0,1,,0,0,雍丘令
174018,李師表,11823,令,0,0,1,,0,0,?安令
174024,李納義,11823,令,0,0,1,,0,0,考城令
174072,李德範,11823,令,0,0,1,,0,0,魏令
174080,李德紹,11823,令,0,0,1,,0,0,陵水令
174148,李輔義,11823,令,0,0,1,,0,0,單父令
174184,李行充,11823,令,0,0,1,,0,0,陽翟令
174193,李客師,11823,令,0,0,1,,0,0,富水令
174196,李系,11823,令,0,0,1,,0,0,(後魏)平棘令
174265,李德瑞,11823,令,0,0,1,,0,0,江陵令
174324,李德瑛,11823,令,0,0,1,,0,0,河間令
174329,李慶業,11823,令,0,0,1,,0,0,館陶令
151688,李元卿,11823,令,0,0,1,,0,0,(隋)淮陽令
174482,李文友,11823,令,0,0,1,,0,0,東城令
174667,李東王,11823,令,0,0,1,,0,0,衡水令
174677,李孝俊,11823,令,0,0,1,,0,0,(隋)清池令
174682,李勤王,11823,令,0,0,1,,0,0,襄令
175038,李德延,11823,令,0,0,1,,0,0,漳南令
175053,李君正,11823,令,0,0,1,,0,0,南皮令
175057,李陳師,11823,令,0,0,1,,0,0,清河令
175063,李孝緒,11823,令,0,0,1,,0,0,(後周)芮城令
175148,李搏,11823,令,0,0,1,,0,0,固始令
175206,李隆,11823,令,0,0,1,,0,0,(後魏)阜城令
175207,李謀,11823,令,0,0,1,,0,0,幕令
175659,王弘道,11823,令,0,0,1,,0,0,丹徒令
175778,王友札,11823,令,0,0,1,,0,0,安陸令
175906,王真,11823,令,0,0,1,,0,0,葉令
155856,魏乂,11823,令,0,0,1,,0,0,濮陽令
176007,魏長賢,11823,令,0,0,1,,0,0,(北齊)屯留令
31626,岑之象,11823,令,0,0,1,,0,0,邯鄲令
176190,張守禮,11823,令,0,0,1,,0,0,(隋)鍾離郡塗山令
12405,張虔雄,11823,令,0,0,1,,0,0,(隋)陽城令
176818,馬暹,11823,令,0,0,1,,0,0,(北齊)茌平令
177182,崔子令,11823,令,0,0,1,,0,0,高唐令
177448,崔綜,11823,令,0,0,1,,0,0,長安令
177520,崔琬,11823,令,0,0,1,,0,0,祝阿令
165637,崔燾,11823,令,0,0,1,,0,0,鳳泉令
177995,崔長昇,11823,令,0,0,1,,0,0,魯山令
178016,崔治,11823,令,0,0,1,,0,0,武彊令
178754,盧彥章,11823,令,0,0,1,,0,0,武彊令
156236,盧處實,11823,令,0,0,1,,0,0,衢州常山令
179098,盧君亮,11823,令,0,0,1,,0,0,冤句令
179117,盧慈龍,11823,令,0,0,1,,0,0,濟源令
179222,盧子哲,11823,令,0,0,1,,0,0,靈昌+伏陸二令
179279,盧習信,11823,令,0,0,1,,0,0,東陽令
179301,盧正觀,11823,令,0,0,1,,0,0,龍丘令
179302,盧壽童,11823,令,0,0,1,,0,0,當陽令
179310,盧羽客,11823,令,0,0,1,,0,0,馮翊韓城令
179339,盧德基,11823,令,0,0,1,,0,0,南安令
179357,盧真相,11823,令,0,0,1,,0,0,諸城令
179398,盧輔臣,11823,令,0,0,1,,0,0,館陶令
179724,孫希業,11823,令,0,0,1,,0,0,永陽令
31417,韋晏,11823,令,0,0,1,,0,0,馬嶺令
31078,韋弘瑗,11823,令,0,0,1,,0,0,(隋)武陽令
31079,韋德倫,11823,令,0,0,1,,0,0,任丘令
181831,唐讓德,11823,令,0,0,1,,0,0,宋城令
181839,唐簡,11823,令,0,0,1,,0,0,河南令
181887,唐義謙,11823,令,0,0,1,,0,0,百泉令
182381,唐文壽,11823,令,0,0,1,,0,0,雍令
182414,唐文毓,11823,令,0,0,1,,0,0,臨城令
182419,唐文會,11823,令,0,0,1,,0,0,魏令
182430,唐乾蓋,11823,令,0,0,1,,0,0,博野令
182463,唐修文,11823,令,0,0,1,,0,0,清流令
182472,唐毖,11823,令,0,0,1,,0,0,(隋)宜陽令
182495,唐玄道,11823,令,0,0,1,,0,0,清水令
182578,唐世宗,11823,令,0,0,1,,0,0,(隋)洛陽令
182630,唐傑,11823,令,0,0,1,0,0,0,安鄉令
182757,鄭玄瑾,11823,令,0,0,1,,0,0,蒲圻令
182791,鄭玄珽,11823,令,0,0,1,,0,0,翼水令
182817,鄭德眘,11823,令,0,0,1,,0,0,固安令
182818,鄭元將,11823,令,0,0,1,,0,0,武昌令
32312,鄭師萬,11823,令,0,0,1,,0,0,靈山令
183113,鄭穆先,11823,令,0,0,1,,0,0,(隋)夷陵令
153140,鄭德秀,11823,令,0,0,1,,0,0,江陵令
183464,鄭機,11823,令,0,0,1,,0,0,義寧令
183543,鄭弼諧,11823,令,0,0,1,,0,0,東莞令
183548,鄭弼誠,11823,令,0,0,1,,0,0,解令
183735,鄭元長,11823,令,0,0,1,,0,0,(隋)洛南令
183754,鄭元直,11823,令,0,0,1,,0,0,(隋)新安令
183798,鄭貴,11823,令,0,0,1,,0,0,永城令
183804,鄭潁,11823,令,0,0,1,,0,0,宛陵令
183807,鄭德仁,11823,令,0,0,1,,0,0,藍田令
183844,鄭德玄,11823,令,0,0,1,,0,0,藍田令
183994,宋務本,11823,令,0,0,1,,0,0,櫟陽令
184242,賈處澄,11823,令,0,0,1,,0,0,涇陽令
184370,元顧道,11823,令,0,0,1,,0,0,明堂令
184714,徐文達,11823,令,0,0,1,,0,0,金山令
184717,徐昌時,11823,令,0,0,1,,0,0,天長令
184738,徐元隱,11823,令,0,0,1,,0,0,彭澤令
184739,徐唐,11823,令,0,0,1,,0,0,沛令
164927,崔公牧,11823,令,0,0,1,,0,0,定州毋極令
189334,馮早惠,11823,令,0,0,1,,0,0,婺州常山令
192874,鍾寵,11823,令,0,0,1,,0,0,臨海令
194337,歐陽僧寶,11823,令,0,0,1,,0,0,荔浦令
11525,劉晉,11823,令,0,0,1,0,0,0,(隋)東萊令
149144,皇甫仲延,11823,令,0,0,1,,0,0,(隋)南頓令
194529,李伏陁,11823,令,0,0,1,,0,0,(隋)始平令
194677,穆伽,11823,令,0,0,1,,0,0,殷州安陽令
194982,李大經,11823,令,0,0,1,,0,0,(隋)下邑令
195043,傅冲,11823,令,0,0,1,0,0,0,(北齊)許州長社令
164354,李義玄,11823,令,0,0,1,,0,0,靈昌令
195922,鮮于匡贊,11823,令,0,0,1,,0,0,魏州冠氏令
175065,李璣衡,11823,令,,,0,,0,,荆山令
138908,趙悅子,11824,領兵將,0,0,1,,0,0,"office:府領兵將, chaodai:, place:鎮西府(epitaph ID:203;add par id:0)"
138914,侯慶伯,11824,領兵將,0,0,1,,0,0,office:領兵將(epitaph ID:209;add par id:0)
138739,郭雲,11828,率更令,0,0,1,,0,0,office:率更令(epitaph ID:33;add par id:0)
3685,歐陽詢,11828,率更令,0,0,1,,0,0,率更令
138990,顏人,11829,旅帥,0,0,1,,0,0,office:親事府旅帥(epitaph ID:285;add par id:0)
138990,顏人,11829,旅帥,0,0,1,,0,0,"office:府旅帥, chaodai:, place:翊衛府(epitaph ID:285;add par id:0)"
139622,劉盛,11829,旅帥,0,0,1,,0,0,office:行左衛率親衛旅帥(epitaph ID:832;add par id:0)
174204,李師大,11829,旅帥,0,0,1,,0,0,恆安府旅帥
139122,張士貴,11831,馬軍總管,0,0,1,,0,0,office:馬軍總管(epitaph ID:417;add par id:0)
147203,房崱,11834,男,0,0,1,,0,0,"office:男, chaodai:隋, place:饒陽(epitaph ID:336;add par id:11084)"
147250,崔仲哲,11834,男,0,0,1,,0,0,"office:男, chaodai:後魏, place:安平(epitaph ID:352;add par id:11389)"
147448,趙玄,11834,男,0,0,1,,0,0,"office:男, chaodai:, place:浚儀(epitaph ID:431;add par id:12790)"
148209,楊神通,11834,男,0,0,1,,0,0,"office:男, chaodai:, place:商河(epitaph ID:722;add par id:17879)"
138789,劉氏(任阿悅妻),11836,內將,0,0,1,,0,0,"office:府內將, chaodai:, place:交河縣民鎮西府(epitaph ID:84;add par id:0)"
147264,王理,11838,內史,0,0,1,,0,0,office:內史(epitaph ID:355;add par id:11479)
12259,蕭瑀,11838,內史,0,0,1,,0,0,office:行內史(epitaph ID:979;add par id:22998)
149196,柳機,11838,內史,0,0,1,,0,0,office:內史(epitaph ID:1048;add par id:24283)
149196,柳機,11838,內史,0,0,1,,0,0,office:內史(epitaph ID:1049;add par id:24324)
175331,李德林,11838,內史,0,0,1,,0,0,(隋)內史
31477,于宣道,11838,內史,0,0,1,,0,0,(隋)內史
178300,柳叔珍,11838,內史,0,0,1,,0,0,義陽內史
182617,唐怡,11838,內史,0,0,1,,0,0,內史大夫
193927,徐逵之,11838,內史,0,0,1,,0,0,(宋)彭城內史
194485,皇甫明,11838,內史,0,0,1,,0,0,(梁)武陵內史
175838,王神念,11838,內史,,,0,,0,,"頃之，除安成內史，又歷武陽、宣城內史，皆著治績。
［唐］姚思廉 撰；中華書局編輯部 點校：《梁書·卷三十九　列傳第三十三·王神念》，中華書局，1973年5月，第1版，第556頁"
138785,雷氏(雷俊女),11842,女史,0,0,1,,0,0,office:女史(epitaph ID:80;add par id:0)
138784,楊士漢,11844,陪戎副尉,0,0,1,,0,0,office:陪戎副尉(epitaph ID:79;add par id:0)
139033,韓懷,11844,陪戎副尉,0,0,1,,0,0,office:陪戎副尉(epitaph ID:328;add par id:0)
139046,王孝瑜,11844,陪戎副尉,0,0,1,,0,0,office:陪戎副尉(epitaph ID:341;add par id:0)
139047,張才,11844,陪戎副尉,0,0,1,,0,0,office:陪戎副尉(epitaph ID:342;add par id:0)
139120,姚某,11844,陪戎副尉,0,0,1,,0,0,office:陪戎副尉(epitaph ID:415;add par id:0)
139183,安度,11844,陪戎副尉,0,0,1,,0,0,office:陪戎副尉(epitaph ID:477;add par id:0)
139270,張伯通,11844,陪戎副尉,0,0,1,,0,0,office:陪戎副尉(epitaph ID:564;add par id:0)
139489,趙宗,11844,陪戎副尉,0,0,1,,0,0,office:陪戎副尉(epitaph ID:699;add par id:0)
139571,曹德,11844,陪戎副尉,0,0,1,,0,0,office:□戎副尉(epitaph ID:781;add par id:0)
139630,康武通,11844,陪戎副尉,0,0,1,,0,0,office:陪戎副尉(epitaph ID:840;add par id:0)
139718,王文曉,11844,陪戎副尉,0,0,1,,0,0,office:陪戎副尉(epitaph ID:929;add par id:0)
139747,羅甑生,11844,陪戎副尉,0,0,1,,0,0,office:陪戎副尉(epitaph ID:958;add par id:0)
139774,康杴,11844,陪戎副尉,0,0,1,,0,0,office:陪戎副尉(epitaph ID:985;add par id:0)
148889,王滿,11844,陪戎副尉,0,0,1,,0,0,office:陪戎副尉(epitaph ID:945;add par id:22298)
139718,王文曉,11844,陪戎副尉,0,0,1,,0,0,office:陪戎副尉(epitaph ID:984;add par id:23078)
139056,王瑗達,11845,陪戎尉,0,0,1,,0,0,office:陪戎尉(epitaph ID:351;add par id:0)
139412,焦寶,11846,陪戎校尉,0,0,1,,0,0,office:陪戎校尉(epitaph ID:622;add par id:0)
138863,丘蘊,11848,騎都尉,0,0,1,,0,0,office:上騎都尉(epitaph ID:158;add par id:0)
138928,呂買,11848,騎都尉,0,0,1,,0,0,office:騎都尉(epitaph ID:223;add par id:0)
138934,支茂,11848,騎都尉,0,0,1,,0,0,office:戶曹騎都尉(epitaph ID:229;add par id:0)
138960,楊佰隴,11848,騎都尉,0,0,1,,0,0,office:上騎都尉(epitaph ID:255;add par id:0)
138968,張萬善,11848,騎都尉,0,0,1,,0,0,office:騎都尉(epitaph ID:263;add par id:0)
138983,閻志雄,11848,騎都尉,0,0,1,,0,0,office:騎都尉(epitaph ID:278;add par id:0)
138983,閻志雄,11848,騎都尉,0,0,1,,0,0,office:騎□尉(epitaph ID:278;add par id:0)
139018,王素,11848,騎都尉,0,0,1,,0,0,office:上騎都尉(epitaph ID:313;add par id:0)
139018,王素,11848,騎都尉,0,0,1,,0,0,office:騎都尉(epitaph ID:313;add par id:0)
139018,王素,11848,騎都尉,0,0,1,,0,0,office:上騎都尉(epitaph ID:313;add par id:0)
139037,李強,11848,騎都尉,0,0,1,,0,0,office:騎都尉(epitaph ID:332;add par id:0)
139237,由慶延,11848,騎都尉,0,0,1,,0,0,office:騎都尉(epitaph ID:531;add par id:0)
139250,靖徹,11848,騎都尉,0,0,1,,0,0,office:騎都尉(epitaph ID:544;add par id:0)
139415,李文,11848,騎都尉,0,0,1,,0,0,office:騎都尉(epitaph ID:625;add par id:0)
139698,賈整,11848,騎都尉,0,0,1,,0,0,office:騎都尉(epitaph ID:909;add par id:0)
139711,王式,11848,騎都尉,0,0,1,,0,0,office:上騎都尉(epitaph ID:922;add par id:0)
139557,李爽,11851,齊王,0,0,1,,0,0,office:齊王(epitaph ID:767;add par id:0)
139669,楊晟,11851,齊王,0,0,1,,0,0,office:齊王府直司(epitaph ID:880;add par id:0)
147867,獨孤達,11851,齊王,0,0,1,,0,0,office:齊王府庫真(epitaph ID:599;add par id:15684)
148707,王獎,11851,齊王,0,0,1,,0,0,office:齊王府親事(epitaph ID:881;add par id:21138)
182484,唐君謩,11853,秦王,0,0,1,,0,0,秦王府虞候總管
146766,孝通,11854,親衛大督,0,0,1,,0,0,office:親衛大督(epitaph ID:148;add par id:7909)
138911,曹武宣,11858,曲盡將,0,0,1,,0,0,"office:府曲盡將, chaodai:, place:鎮西府(epitaph ID:206;add par id:0)"
138764,耿某,11861,仁勇校尉,0,0,1,,0,0,office:仁勇校尉(epitaph ID:58;add par id:0)
139785,李聞禮,11862,戎昭果毅,0,0,1,,0,0,office:戎昭果毅(epitaph ID:996;add par id:0)
139564,李氏(李某(李氏夫)妻),11863,儒林郎,0,0,1,,0,0,office:儒林郎(epitaph ID:774;add par id:0)
148364,劉亮,11863,儒林郎,0,0,1,,0,0,office:儒林郎(epitaph ID:771;add par id:18824)
139285,麴善岳,11864,散常侍,0,0,1,,0,0,office:內散常侍(epitaph ID:579;add par id:0)
138766,王安,11865,散員郎,0,0,1,,0,0,office:散員郎(epitaph ID:60;add par id:0)
139021,李信,11866,膳部主事,0,0,1,,0,0,office:膳部主事(epitaph ID:316;add par id:0)
138973,趙安,11868,善政府校尉,0,0,1,,0,0,office:善政府校尉(epitaph ID:268;add par id:0)
138847,王才,11869,上護軍,0,0,1,,0,0,office:上護軍(epitaph ID:142;add par id:0)
138888,某秀,11869,上護軍,0,0,1,,0,0,office:上護軍(epitaph ID:183;add par id:0)
139294,王仁,11869,上護軍,0,0,1,,0,0,office:上護軍(epitaph ID:588;add par id:0)
139648,費胤斌,11869,上護軍,0,0,1,,0,0,office:上護軍(epitaph ID:859;add par id:0)
139349,寵德威,11869,上護軍,0,0,1,,0,0,office:上護軍(epitaph ID:1084;add par id:0)
147394,柳唐,11869,上護軍,0,0,1,,0,0,office:上護軍(epitaph ID:408;add par id:12371)
138712,元買得,11870,上開府,0,0,1,,0,0,office:上開府(epitaph ID:7;add par id:0)
138773,羅副,11870,上開府,0,0,1,,0,0,office:上開府(epitaph ID:68;add par id:0)
138994,安延,11870,上開府,0,0,1,,0,0,office:上開府(epitaph ID:289;add par id:0)
139225,祖忠,11871,上林署令,0,0,1,,0,0,office:上林署令(epitaph ID:519;add par id:0)
138865,張通,11872,上輕車都尉,0,0,1,,0,0,office:上輕車都尉(epitaph ID:160;add par id:0)
138946,蕭勝,11872,上輕車都尉,0,0,1,,0,0,office:上輕車都尉(epitaph ID:241;add par id:0)
139046,王孝瑜,11872,上輕車都尉,0,0,1,,0,0,office:上輕車都尉(epitaph ID:341;add par id:0)
139490,來僧,11872,上輕車都尉,0,0,1,,0,0,office:上輕車都尉(epitaph ID:700;add par id:0)
139671,張傑,11872,上輕車都尉,0,0,1,0,0,0,office:上輕車都尉(epitaph ID:882;add par id:0)
147326,長孫某,11872,上輕車都尉,0,0,1,,0,0,office:上輕車都尉(epitaph ID:381;add par id:11910)
147632,張令賓,11872,上輕車都尉,0,0,1,,0,0,office:上輕車都尉(epitaph ID:500;add par id:14105)
147879,王煥,11872,上輕車都尉,0,0,1,,0,0,office:上輕車都尉(epitaph ID:602;add par id:15736)
148125,田進,11872,上輕車都尉,0,0,1,,0,0,office:上輕車都尉(epitaph ID:693;add par id:17348)
138920,金行舉,11873,上士,0,0,1,,0,0,office:御上士(epitaph ID:215;add par id:0)
178635,辛加陵,11873,上士,0,0,1,,0,0,(後周)主寢上士
194274,李辯言,11873,上士,0,0,1,,0,0,(周)掌朝上士
139885,梁玄敏,11874,尚食直長,0,0,1,,0,0,office:尚食直長(epitaph ID:1182;add par id:0)
184613,徐恕,11874,尚食直長,0,0,1,,0,0,尚食直長
184724,徐弘師,11879,舍人,0,0,1,,0,0,(南齊)直閤舍人
184737,徐珍,11879,舍人,0,0,1,,0,0,(隋)閤下舍人
148354,李偉節,11880,史,0,0,1,,0,0,office:司隸束史(epitaph ID:767;add par id:18667)
147596,袁梵,11881,始安王,0,0,1,,0,0,office:始安王文學(epitaph ID:487;add par id:13849)
138740,李壽,11882,食五百戶,0,0,1,,0,0,office:別食益州五百戶(epitaph ID:34;add par id:0)
138853,孔長寧,11885,署大農,0,0,1,0,0,0,office:署大農(epitaph ID:148;add par id:0)
139037,李強,11887,朔方右二監,0,0,1,,0,0,office:行朔方右二監(epitaph ID:332;add par id:0)
149489,斛斯禮,11888,司賓寺司儀署令,0,0,1,,0,0,office:司賓寺司儀署令(epitaph ID:1136;add par id:26295)
147068,梁巘,11890,司服上士,0,0,1,,0,0,office:司服上士(epitaph ID:283;add par id:10101)
138760,某孝敏,11895,四門學生,0,0,1,,0,0,office:四門學生(epitaph ID:54;add par id:0)
170558,裴融,11896,司木大夫,0,0,1,,0,0,(後周)司木大夫
138722,屈突通,11899,司衛都中士,0,0,1,,0,0,office:司衛都中士(epitaph ID:17;add par id:0)
148572,楊藏,11908,太府寺卿,0,0,1,,0,0,office:太府寺錄事(epitaph ID:843;add par id:20101)
146699,明晞,11909,太府寺少卿,0,0,1,,0,0,office:太府寺丞(epitaph ID:118;add par id:7438)
139291,周師,11910,太史監候,0,0,1,,0,0,office:太史監候(epitaph ID:585;add par id:0)
175231,李元稱,11913,廷尉,0,0,1,,0,0,(後魏)廷尉
139652,慕容三藏,11914,統軍,0,0,1,,0,0,office:總統軍事(epitaph ID:863;add par id:0)
192178,郭悊,11914,統軍,0,0,1,,0,0,(隋)大?府統軍
444853,趙文恪,11914,統軍,,,0,,0,,義師之舉，授右三統軍。（［後晉］劉昫 等 撰；中華書局編輯部 點校：《舊唐書·卷五十七　列傳第七·趙文恪》，中華書局，1975年5月，第1版，第2296頁-第2297頁）
138973,趙安,11916,通義大夫,0,0,1,,0,0,office:通義大夫(epitaph ID:268;add par id:0)
138888,某秀,11917,通直郎,0,0,1,,0,0,office:通直(epitaph ID:183;add par id:0)
138779,蕭瑤,11917,通直郎,0,0,1,,0,0,office:通直郎(epitaph ID:976;add par id:0)
146443,胡邕,11917,通直郎,0,0,1,,0,0,office:通直(epitaph ID:18;add par id:5517)
147075,韓達,11917,通直郎,0,0,1,,0,0,office:通直(epitaph ID:287;add par id:10194)
148503,段緣,11917,通直郎,0,0,1,,0,0,office:通直(epitaph ID:815;add par id:19579)
138983,閻志雄,11918,屯田,0,0,1,,0,0,office:屯田(epitaph ID:278;add par id:0)
149197,柳逖,11918,屯田,0,0,1,,0,0,office:屯田、職方二郎中(epitaph ID:1048;add par id:24296)
149197,柳逖,11918,屯田,0,0,1,,0,0,office:屯田、職方二郎中(epitaph ID:1049;add par id:24337)
138888,某秀,11920,挽郎,0,0,1,,0,0,office:獻皇后挽郎(epitaph ID:183;add par id:0)
139233,某詮,11920,挽郎,0,0,1,,0,0,office:挽郎(epitaph ID:527;add par id:0)
139652,慕容三藏,11920,挽郎,0,0,1,,0,0,office:齊孝昭帝挽郎(epitaph ID:863;add par id:0)
139489,趙宗,11921,萬年宮監農圃監事,0,0,1,,0,0,office:萬年宮□監農圃監監事(epitaph ID:699;add par id:0)
139489,趙宗,11922,萬年宮監事,0,0,1,,0,0,office:萬年宮監事(epitaph ID:699;add par id:0)
148655,慕容紹宗,11923,王,0,0,1,,0,0,"office:王, chaodai:魏, place:武威(epitaph ID:865;add par id:20833)"
149510,陳伯謀,11923,王,0,0,1,,0,0,"office:王, chaodai:陳, place:桂陽(epitaph ID:1145;add par id:26478)"
173307,杜正玄,11923,王,0,0,1,,0,0,豫章王記室
175646,王弘義,11923,王,0,0,1,,0,0,荊王屬
178079,柳鷟,11923,王,0,0,1,,0,0,(後魏)臨淮王記室
179763,陸雍,11923,王,0,0,1,,0,0,(陳)豫章王諮議
183983,宋孝王,11923,王,0,0,1,,0,0,(北齊)北平王文學
12259,蕭瑀,11923,王,,,1,0,0,0,office:新安王(epitaph ID:978;add par id:22972)
139294,王仁,11926,王府典軍,0,0,1,,0,0,office:舒王府典軍(epitaph ID:588;add par id:0)
139655,朱遠,11926,王府典軍,0,0,1,,0,0,office:道王府典軍(epitaph ID:866;add par id:0)
138976,魏德,11928,王府隊正,0,0,1,,0,0,"office:王府隊正, chaodai:, place:秦王府(epitaph ID:271;add par id:0)"
139608,張曉,11932,王府庫直,0,0,1,,0,0,office:□王府庫直(epitaph ID:818;add par id:0)
138948,楊藝,11932,王府庫直,0,0,1,,0,0,office:秦府庫真(epitaph ID:852;add par id:20361)
147512,蘇謙,11933,王府西曹祭酒,0,0,1,,0,0,"office:王府西曹祭酒, chaodai:齊, place:南安(epitaph ID:457;add par id:13182)"
139122,張士貴,11934,王府右庫直,0,0,1,,0,0,office:秦王府右庫真(epitaph ID:417;add par id:0)
146631,劉神,11937,王府左親侍,0,0,1,,0,0,office:齊左親侍(epitaph ID:93;add par id:6995)
138773,羅副,11938,王府左統軍,0,0,1,,0,0,office:秦王府左統軍(epitaph ID:68;add par id:0)
138881,張雲,11939,王府左右,0,0,1,,0,0,office:秦府左右(epitaph ID:176;add par id:0)
138744,某謩,11941,王右府司兵,0,0,1,,0,0,office:秦王右府司兵(epitaph ID:38;add par id:0)
184735,徐弼,11944,衛正,0,0,1,,0,0,司衛正卿
138739,郭雲,11946,武騎尉,0,0,1,,0,0,office:武騎尉(epitaph ID:33;add par id:0)
138864,命某,11946,武騎尉,0,0,1,,0,0,office:武騎尉(epitaph ID:159;add par id:0)
139555,孫君,11946,武騎尉,0,0,1,,0,0,office:武騎尉(epitaph ID:765;add par id:0)
139562,范彥,11946,武騎尉,0,0,1,,0,0,office:武騎尉(epitaph ID:772;add par id:0)
138851,元質,11949,武尉,0,0,1,,0,0,office:武尉(epitaph ID:146;add par id:0)
148651,叱李氏(慕容三藏妻),11950,武威王國妃,0,0,1,,0,0,office:武威王國妃(epitaph ID:863;add par id:20791)
139737,元仁師,11952,西府長史,0,0,1,,0,0,office:西府庫真、長史(epitaph ID:948;add par id:0)
138853,孔長寧,11955,縣法曹參軍,0,0,1,0,0,0,"office:縣法曹, chaodai:隋, place:并州樂平縣(epitaph ID:148;add par id:0)"
146809,翟休,11955,縣法曹參軍,0,0,1,,0,0,"office:縣法曹, chaodai:, place:洛州洛陽縣(epitaph ID:164;add par id:8212)"
147096,朱達,11955,縣法曹參軍,0,0,1,,0,0,"office:縣法曹, chaodai:, place:定州北平縣(epitaph ID:295;add par id:10363)"
138854,樂善文,11957,縣戶曹,0,0,1,,0,0,"office:縣戶曹, chaodai:, place:馮翊郡馮翊縣(epitaph ID:149;add par id:0)"
138934,支茂,11957,縣戶曹,0,0,1,,0,0,"office:縣戶曹, chaodai:唐, place:本縣(epitaph ID:229;add par id:0)"
139354,李善智,11958,縣檢校丞,0,0,1,,0,0,"office:縣檢校丞, chaodai:, place:懷州河內縣(epitaph ID:1089;add par id:0)"
139354,李善智,11958,縣檢校丞,0,0,1,,0,0,"office:縣檢校丞, chaodai:, place:懷州河內縣(epitaph ID:943;add par id:22261)"
138739,郭雲,11959,縣君,0,0,1,,0,0,"office:縣君, chaodai:, place:定遠縣(epitaph ID:33;add par id:0)"
138979,段會,11960,縣開國男,0,0,1,,0,0,"office:縣開國男, chaodai:, place:曲沃縣(epitaph ID:274;add par id:0)"
139012,段會,11960,縣開國男,0,0,1,,0,0,"office:縣開國男, chaodai:, place:曲沃縣(epitaph ID:307;add par id:0)"
146422,崔義深,11960,縣開國男,0,0,1,,0,0,"office:縣開國男, chaodai:, place:昌平縣(epitaph ID:12;add par id:5333)"
146553,劉神,11960,縣開國男,0,0,1,,0,0,"office:縣開國男, chaodai:, place:河東縣(epitaph ID:67;add par id:6476)"
148064,史嵩,11960,縣開國男,0,0,1,,0,0,"office:縣開國男, chaodai:唐, place:須昌縣(epitaph ID:666;add par id:17019)"
138739,郭雲,11961,縣開國子,0,0,1,,0,0,"office:縣開國子, chaodai:, place:定遠縣(epitaph ID:33;add par id:0)"
146882,斛斯士操,11961,縣開國子,0,0,1,,0,0,"office:縣開國子, chaodai:梁, place:富平縣(epitaph ID:187;add par id:8764)"
148639,費清,11961,縣開國子,0,0,1,0,0,0,"office:縣開國子, chaodai:隋, place:澠池縣(epitaph ID:859;add par id:20604)"
139630,康武通,11961,縣開國子,0,0,1,,0,0,"office:縣開國子, chaodai:, place:陽城縣(epitaph ID:840;add par id:0)"
138756,邢弁,11962,縣錄事參軍,0,0,1,,0,0,"office:縣錄事, chaodai:唐, place:河南縣(epitaph ID:50;add par id:0)"
138878,關英,11962,縣錄事參軍,0,0,1,,0,0,"office:縣錄事, chaodai:, place:河南縣(epitaph ID:173;add par id:0)"
139239,王寬,11962,縣錄事參軍,0,0,1,,0,0,"office:縣錄事, chaodai:, place:洛州河南縣(epitaph ID:533;add par id:0)"
147827,張才,11963,縣鄉長,0,0,1,,0,0,"office:縣鄉長, chaodai:, place:本縣(epitaph ID:584;add par id:15468)"
146967,楊琛,11964,鄉公,0,0,1,,0,0,"office:鄉公, chaodai:周, place:互鄉(epitaph ID:245;add par id:9414)"
138763,慕容氏,11965,鄉君,0,0,1,,0,0,"office:鄉君, chaodai:, place:洛州河南縣從政鄉(epitaph ID:57;add par id:0)"
138835,齊氏(齊某陁(齊氏父)女),11965,鄉君,0,0,1,,0,0,"office:鄉君, chaodai:, place:洛州河南縣崇政鄉(epitaph ID:130;add par id:0)"
138835,齊氏(齊某陁(齊氏父)女),11965,鄉君,0,0,1,,0,0,"office:鄉君, chaodai:, place:崇政鄉(epitaph ID:130;add par id:0)"
138949,和姬,11965,鄉君,0,0,1,,0,0,"office:鄉君, chaodai:, place:鞏縣大德鄉(epitaph ID:244;add par id:0)"
138949,和姬,11965,鄉君,0,0,1,,0,0,"office:鄉君, chaodai:, place:河南縣金谷鄉(epitaph ID:244;add par id:0)"
138955,馬壽,11965,鄉君,0,0,1,,0,0,"office:鄉君, chaodai:, place:河南縣仁風鄉(epitaph ID:250;add par id:0)"
139011,張伯,11965,鄉君,0,0,1,,0,0,"office:鄉君, chaodai:, place:水(epitaph ID:306;add par id:0)"
139038,效姬,11965,鄉君,0,0,1,,0,0,"office:鄉君, chaodai:, place:洛陽縣淳俗鄉(epitaph ID:333;add par id:0)"
139080,呂華,11965,鄉君,0,0,1,,0,0,"office:鄉君, chaodai:, place:安平鄉(epitaph ID:375;add par id:0)"
139246,譚二娘,11965,鄉君,0,0,1,,0,0,"office:鄉君, chaodai:, place:義明鄉(epitaph ID:540;add par id:0)"
139658,侯氏(侯華女),11965,鄉君,0,0,1,,0,0,"office:鄉君, chaodai:, place:安定鄉(epitaph ID:869;add par id:0)"
146500,王氏(張伯妻),11965,鄉君,0,0,1,,0,0,"office:鄉君, chaodai:, place:福昌縣太平鄉(epitaph ID:41;add par id:5981)"
146907,安氏(安諒妻),11965,鄉君,0,0,1,,0,0,"office:及鄉君, chaodai:, place:洛濱(epitaph ID:221;add par id:9036)"
139114,孔玉,11965,鄉君,0,0,1,,0,0,"office:鄉君, chaodai:, place:陽城縣白土鄉(epitaph ID:409;add par id:0)"
139425,皇甫璧,11966,鄉長,0,0,1,,0,0,"office:鄉鄉長, chaodai:, place:本縣洛邑鄉(epitaph ID:635;add par id:0)"
146515,張貳郎,11966,鄉長,0,0,1,,0,0,office:鄉長(epitaph ID:49;add par id:6096)
146701,霍勝,11966,鄉長,0,0,1,,0,0,office:鄉長(epitaph ID:119;add par id:7453)
138866,毛盛,11967,驍果校尉,0,0,1,,0,0,office:驍果校尉(epitaph ID:161;add par id:0)
139046,王孝瑜,11967,驍果校尉,0,0,1,,0,0,office:驍果校尉(epitaph ID:341;add par id:0)
147896,安豹,11967,驍果校尉,0,0,1,,0,0,office:驍果校尉(epitaph ID:606;add par id:15809)
147918,某瑜(某敬父),11967,驍果校尉,0,0,1,,0,0,office:驍果校尉(epitaph ID:614;add par id:15972)
139151,宋義,11968,驍騎尉,0,0,1,,0,0,office:驍騎尉(epitaph ID:446;add par id:0)
139202,苗明,11968,驍騎尉,0,0,1,,0,0,office:驍騎尉(epitaph ID:496;add par id:0)
139425,皇甫璧,11968,驍騎尉,0,0,1,,0,0,office:驍騎尉(epitaph ID:635;add par id:0)
139477,馮貞,11968,驍騎尉,0,0,1,,0,0,office:驍騎尉(epitaph ID:687;add par id:0)
139545,張願,11968,驍騎尉,0,0,1,,0,0,office:驍騎尉(epitaph ID:755;add par id:0)
147393,常達摩,11968,驍騎尉,0,0,1,,0,0,office:驍騎尉(epitaph ID:408;add par id:12351)
139037,李強,11969,校尉,0,0,1,,0,0,"office:府校尉, chaodai:, place:金墉府(epitaph ID:332;add par id:0)"
147679,賈興,11969,校尉,0,0,1,,0,0,"office:府校尉, chaodai:隋, place:伊川府(epitaph ID:522;add par id:14447)"
148546,鄧霞,11969,校尉,0,0,1,,0,0,office:清胡府校尉(epitaph ID:831;add par id:19906)
148554,牛明,11969,校尉,0,0,1,,0,0,office:豹騎領備身校尉(epitaph ID:836;add par id:19975)
31169,楊綝,11969,校尉,0,0,1,,0,0,(隋)司隸校尉
444796,薛舉,11969,校尉,,617,0,1,0,,
12259,蕭瑀,11971,新安王,0,0,1,,0,0,office:新安王(epitaph ID:978;add par id:22972)
12259,蕭瑀,11971,新安王,0,0,1,,0,0,office:新安王(epitaph ID:979;add par id:22998)
32994,鄭撝,11973,行臺左丞,0,0,1,,0,0,(後周)行臺左丞
138779,蕭瑤,11975,宣德郎,0,0,1,,0,0,office:吏部宣德郎(epitaph ID:976;add par id:0)
138968,張萬善,11977,宣節尉,0,0,1,,0,0,office:宣節尉(epitaph ID:263;add par id:0)
148591,封隆之,11978,宣懿公,0,0,1,,0,0,office:宣懿公(epitaph ID:847;add par id:20182)
148115,董則,11981,鹽池監,0,0,1,,0,0,office:鹽池監(epitaph ID:690;add par id:17293)
148115,董則,11981,鹽池監,0,0,1,,0,0,office:鹽池監(epitaph ID:884;add par id:21185)
139248,斛斯師德,11984,翊麾校尉,0,0,1,,0,0,office:翊麾校尉(epitaph ID:542;add par id:0)
138738,劉節,11985,儀同三司,0,0,1,,0,0,office:儀同(epitaph ID:32;add par id:0)
138770,徐純,11985,儀同三司,0,0,1,,0,0,office:儀同三司(epitaph ID:65;add par id:0)
138770,徐純,11985,儀同三司,0,0,1,,0,0,office:三司儀同(epitaph ID:65;add par id:0)
138771,王護,11985,儀同三司,0,0,1,,0,0,office:儀同三司(epitaph ID:66;add par id:0)
138928,呂買,11985,儀同三司,0,0,1,,0,0,office:儀同(epitaph ID:223;add par id:0)
139020,王才,11985,儀同三司,0,0,1,,0,0,office:儀同(epitaph ID:315;add par id:0)
139037,李強,11985,儀同三司,0,0,1,,0,0,office:儀同(epitaph ID:332;add par id:0)
139277,索玄,11985,儀同三司,0,0,1,,0,0,office:儀同(epitaph ID:571;add par id:0)
139673,董仁,11985,儀同三司,0,0,1,,0,0,office:儀同三司(epitaph ID:884;add par id:0)
139718,王文曉,11985,儀同三司,0,0,1,,0,0,office:儀同(epitaph ID:929;add par id:0)
146733,某顯(某忠父),11985,儀同三司,0,0,1,,0,0,office:儀同三司(epitaph ID:136;add par id:7677)
147512,蘇謙,11985,儀同三司,0,0,1,,0,0,office:儀同三司(epitaph ID:457;add par id:13182)
30947,尉遲伽,11985,儀同三司,0,0,1,,0,0,office:儀同(epitaph ID:461;add par id:13272)
147905,古合,11985,儀同三司,0,0,1,,0,0,office:儀同(epitaph ID:610;add par id:15870)
147984,梁達,11985,儀同三司,0,0,1,,0,0,office:儀同(epitaph ID:763;add par id:18586)
148441,張仲,11985,儀同三司,0,0,1,,0,0,office:儀同三司(epitaph ID:800;add par id:19230)
139751,馬珍,11985,儀同三司,0,0,1,,0,0,office:儀同三司(epitaph ID:962;add par id:22615)
149195,柳慶,11985,儀同三司,0,0,1,,0,0,office:儀同三司(epitaph ID:1048;add par id:24266)
172014,竇文殊,11985,儀同三司,0,0,1,,0,0,(隋)儀同三司
172015,竇招賢,11985,儀同三司,0,0,1,,0,0,(隋)遷州刺史+儀同三司
146967,楊琛,11985,儀同三司,0,0,1,,0,0,儀同三司
156199,李虔,11985,儀同三司,0,0,1,,0,0,(後魏)儀同三司
178025,崔暹,11985,儀同三司,0,0,1,,0,0,(北齊)尚書右僕射+儀同三司+謚曰貞節
179881,韋鴻胄,11985,儀同三司,0,0,1,,0,0,(後周)儀同三司+本州大都督
30994,韋峻,11985,儀同三司,0,0,1,,0,0,(後周)車騎大將軍+儀同三司
182356,唐懷義,11985,儀同三司,0,0,1,,0,0,儀同三司+賓部大夫
164177,唐永,11985,儀同三司,0,0,1,,0,0,(後周)儀同三司+雍州刺史
182616,唐陵,11985,儀同三司,0,0,1,,0,0,儀同三司
195457,李寶,11985,儀同三司,0,0,1,,0,0,儀同三司
138781,段元哲,11986,翊衛,0,0,1,,0,0,office:翊衛府中郎(epitaph ID:76;add par id:0)
139518,王纂,11986,翊衛,0,0,1,,0,0,office:翊衛司階(epitaph ID:728;add par id:0)
174381,李文立,11986,翊衛,0,0,1,,0,0,右衛翊衛
139431,羅端,11987,翊衛大督,0,0,1,,0,0,office:翊衛大督(epitaph ID:641;add par id:0)
147801,李素,11989,鷹擊郎將,0,0,1,,0,0,"office:府鷹擊郎將, chaodai:隋, place:溫池府(epitaph ID:654;add par id:16842)"
138846,段師,11992,鷹揚,0,0,1,,0,0,office:鄧城府鷹揚(epitaph ID:141;add par id:0)
138892,斛斯達,11992,鷹揚,0,0,1,,0,0,office:府鷹揚後任(epitaph ID:186;add par id:0)
138926,安諒,11992,鷹揚,0,0,1,,0,0,"office:府鷹揚, chaodai:隋, place:酋城府(epitaph ID:221;add par id:0)"
138926,安諒,11992,鷹揚,0,0,1,,0,0,"office:府鷹揚, chaodai:隋, place:涇州酋城府(epitaph ID:221;add par id:0)"
147149,某宜生(某隴父),11992,鷹揚,0,0,1,,0,0,"office:府鷹揚, chaodai:隋, place:雍州真化府(epitaph ID:319;add par id:10743)"
148386,淳于悤,11992,鷹揚,0,0,1,,0,0,office:鷹揚(epitaph ID:781;add par id:18966)
444800,劉武周,11992,鷹揚,,,1,1,0,,馬邑附近鷹揚府校尉
139264,某汪,11993,膺揚郎,0,0,1,,0,0,office:膺揚郎(epitaph ID:558;add par id:0)
139425,皇甫璧,11993,膺揚郎,0,0,1,,0,0,office:膺揚絳郡(epitaph ID:635;add par id:0)
147482,宋師,11993,膺揚郎,0,0,1,,0,0,office:膺揚(epitaph ID:446;add par id:12955)
147760,梁寵,11993,膺揚郎,0,0,1,,0,0,office:隋膺揚郎(epitaph ID:558;add par id:15016)
147892,康府君(安師岳父),11993,膺揚郎,0,0,1,,0,0,office:三川府膺揚(epitaph ID:606;add par id:15815)
148396,惠達,11993,膺揚郎,0,0,1,,0,0,office:三鄉府膺揚(epitaph ID:784;add par id:19003)
139264,某汪,11995,膺揚郎將,0,0,1,,0,0,office:膺揚郎將(epitaph ID:558;add par id:0)
147550,楊某(楊媛父),11995,膺揚郎將,0,0,1,,0,0,"office:府膺揚郎將, chaodai:, place:安陸郡寶城府(epitaph ID:471;add par id:13557)"
147754,喬雲,11995,膺揚郎將,0,0,1,,0,0,office:膺揚郎將(epitaph ID:556;add par id:14951)
147880,竇明,11995,膺揚郎將,0,0,1,,0,0,office:膺揚郎將(epitaph ID:603;add par id:15761)
148380,斛斯誕,11995,膺揚郎將,0,0,1,,0,0,"office:府膺揚郎將, chaodai:, place:濟口府(epitaph ID:776;add par id:18900)"
138781,段元哲,11996,鷹揚郎將,0,0,1,,0,0,office:鷹揚郎將(epitaph ID:76;add par id:0)
146896,祁信,11996,鷹揚郎將,0,0,1,,0,0,office:鷹揚郎將(epitaph ID:216;add par id:8947)
146940,某恭(某才父),11996,鷹揚郎將,0,0,1,,0,0,"office:府鷹揚郎將, chaodai:隋, place:慈閏府(epitaph ID:234;add par id:9231)"
147691,王穆,11996,鷹揚郎將,0,0,1,,0,0,"office:府鷹揚郎將, chaodai:隋, place:恆安府(epitaph ID:529;add par id:14576)"
148515,康仁,11996,鷹揚郎將,0,0,1,,0,0,office:左驍衛三川府鷹揚郎將(epitaph ID:819;add par id:19676)
148515,康仁,11996,鷹揚郎將,0,0,1,,0,0,office:左衛三川府鷹揚郎將(epitaph ID:840;add par id:20029)
148895,元善積,11996,鷹揚郎將,0,0,1,,0,0,"office:州善政府鷹揚郎將, chaodai:隋, place:同州(epitaph ID:948;add par id:22347)"
148921,羅季樂,11996,鷹揚郎將,0,0,1,,0,0,office:鷹揚郎將(epitaph ID:958;add par id:22549)
149270,郭儉,11996,鷹揚郎將,0,0,1,,0,0,office:右千牛鷹揚郎將(epitaph ID:1070;add par id:24773)
179806,趙子遷,11996,鷹揚郎將,0,0,1,,0,0,(隋)鷹揚郎將
182489,唐晟,11996,鷹揚郎將,0,0,1,,0,0,(隋)普濟府鷹揚郎將
444852,梁師都,11996,鷹揚郎將,,,1,1,0,,
139014,韓邏,11999,右果毅,0,0,1,,0,0,"office:府右武衛右果毅, chaodai:, place:信義府(epitaph ID:309;add par id:0)"
139014,韓邏,12000,右果毅都尉,0,0,1,,0,0,"office:府右果毅都尉, chaodai:, place:信義府(epitaph ID:309;add par id:0)"
139014,韓邏,12001,右琥衛翊衛校尉,0,0,1,,0,0,office:右琥衛翊衛校尉(epitaph ID:309;add par id:0)
147198,沈弘,12002,右監門直長,0,0,1,,0,0,office:右監門直長(epitaph ID:335;add par id:11051)
138781,段元哲,12004,右郎將,0,0,1,,0,0,office:左武衛翊衛府右郎將(epitaph ID:76;add par id:0)
138866,毛盛,12005,右領軍果毅,0,0,1,,0,0,office:右領軍果毅(epitaph ID:161;add par id:0)
148424,劉明,12008,右領軍翊府親衛,0,0,1,,0,0,office:右領軍翊府親衛(epitaph ID:795;add par id:19143)
147620,苗先,12010,游騎尉,0,0,1,,0,0,office:游騎尉(epitaph ID:496;add par id:14031)
138846,段師,12011,右親衛,0,0,1,,0,0,office:右親衛(epitaph ID:141;add par id:0)
139737,元仁師,12011,右親衛,0,0,1,,0,0,office:右親衛中郎將(epitaph ID:948;add par id:0)
147009,秦景,12011,右親衛,0,0,1,,0,0,office:右親衛(epitaph ID:262;add par id:9715)
138973,趙安,12013,右屯衛,0,0,1,,0,0,office:右屯衛司騎(epitaph ID:268;add par id:0)
139122,張士貴,12013,右屯衛,0,0,1,,0,0,office:右屯衛將軍(epitaph ID:417;add par id:0)
190546,獨孤盛,12013,右屯衛,0,0,1,,0,0,(隋)右屯衛將軍
139122,張士貴,12023,右驍衛,0,0,1,,0,0,office:右驍衛將軍(epitaph ID:417;add par id:0)
138846,段師,12024,右勳侍校尉,0,0,1,,0,0,office:右勳侍校尉(epitaph ID:141;add par id:0)
182520,唐茂純,12025,右勳衛,0,0,1,,0,0,右勳衛將軍
146450,郭略,12030,羽林監,0,0,1,,0,0,office:羽林監(epitaph ID:19;add par id:5556)
171391,劉僧利,12030,羽林監,0,0,1,,0,0,(後魏)羽林監
138755,張岳,12031,羽林軍,0,0,1,,0,0,office:永嘉府羽林(epitaph ID:49;add par id:0)
151586,裴尼,12032,御正大夫,0,0,1,,0,0,(後周)御正大夫
139242,王朗,12034,雲騎尉,0,0,1,,0,0,office:雲騎尉(epitaph ID:536;add par id:0)
139520,張仁,12034,雲騎尉,0,0,1,,0,0,office:雲騎尉(epitaph ID:730;add par id:0)
138918,蘇某相,12035,雜曹參,0,0,1,,0,0,office:雜曹參(epitaph ID:213;add par id:0)
138720,楊敏,12036,長史,0,0,1,,0,0,office:府長史(epitaph ID:15;add par id:0)
138722,屈突通,12036,長史,0,0,1,,0,0,office:長史(epitaph ID:17;add par id:0)
138839,楊士達,12036,長史,0,0,1,,0,0,"office:府長史, chaodai:, place:洛府(epitaph ID:134;add par id:0)"
138879,楊昭,12036,長史,0,0,1,,0,0,"office:府長史, chaodai:隋, place:府(epitaph ID:174;add par id:0)"
138881,張雲,12036,長史,0,0,1,,0,0,"office:府長史, chaodai:唐, place:和州香林府(epitaph ID:176;add par id:0)"
138948,楊藝,12036,長史,0,0,1,,0,0,"office:府長史, chaodai:隋, place:岐州永建府(epitaph ID:243;add par id:0)"
147679,賈興,12036,長史,0,0,1,,0,0,office:長史(epitaph ID:522;add par id:14447)
147767,吳某(吳志父),12036,長史,0,0,1,,0,0,office:左七衛長史(epitaph ID:560;add par id:15039)
147981,孟暉,12036,長史,0,0,1,,0,0,"office:長史, chaodai:, place:和川(epitaph ID:638;add par id:16459)"
148010,強寶質,12036,長史,0,0,1,,0,0,office:□州□都府長史(epitaph ID:645;add par id:16635)
172373,封興之,12036,長史,0,0,1,,0,0,(後魏)平北府長史+謚曰文
177354,崔敬默,12036,長史,0,0,1,,0,0,(魏)征虜長史
182416,唐世雅,12036,長史,0,0,1,,0,0,(隋)右衛長史
138736,麻氏,12037,掌闈,0,0,1,,0,0,office:掌闈(epitaph ID:30;add par id:0)
139622,劉盛,12040,昭武副尉,0,0,1,,0,0,office:昭武副尉(epitaph ID:832;add par id:0)
139209,任德,12042,昭武校尉,0,0,1,,0,0,office:昭武校尉(epitaph ID:503;add par id:0)
139209,任德,12042,昭武校尉,0,0,1,,0,0,office:昭武陵校尉(epitaph ID:503;add par id:0)
139290,秦義,12042,昭武校尉,0,0,1,,0,0,office:昭武校尉(epitaph ID:584;add par id:0)
138979,段會,12044,折沖都尉,0,0,1,,0,0,"office:府沖都尉, chaodai:, place:朔陂府(epitaph ID:274;add par id:0)"
139012,段會,12045,折衝都尉,0,0,1,,0,0,"office:府右驍衛故折衝都尉, chaodai:, place:朔坡府(epitaph ID:307;add par id:0)"
139012,段會,12045,折衝都尉,0,0,1,,0,0,"office:府右驍衛折衝都尉, chaodai:, place:朔坡府(epitaph ID:307;add par id:0)"
182579,唐壽,12045,折衝都尉,0,0,1,,0,0,折衝都尉
138900,麴慶瑜,12046,鎮西府省事,0,0,1,,0,0,"office:鎮西府省事, chaodai:, place:薪除鎮(epitaph ID:195;add par id:0)"
138713,麹舉,12049,正議大夫,0,0,1,,0,0,office:正議大夫(epitaph ID:8;add par id:0)
138744,某謩,12049,正議大夫,0,0,1,,0,0,office:正議大夫(epitaph ID:38;add par id:0)
138926,安諒,12049,正議大夫,0,0,1,,0,0,office:正議大夫(epitaph ID:221;add par id:0)
139166,尉遲恭,12049,正議大夫,0,0,1,,0,0,office:正議大夫(epitaph ID:461;add par id:0)
139480,董師,12049,正議大夫,0,0,1,,0,0,office:正議大夫(epitaph ID:690;add par id:0)
139785,李聞禮,12049,正議大夫,0,0,1,,0,0,office:正議大夫(epitaph ID:996;add par id:0)
147776,賈宜,12049,正議大夫,0,0,1,,0,0,office:正議大夫(epitaph ID:563;add par id:15085)
138865,張通,12051,直長,0,0,1,,0,0,office:直長(epitaph ID:160;add par id:0)
139160,成願壽,12051,直長,0,0,1,,0,0,office:內騎直長(epitaph ID:455;add par id:0)
146657,李世權,12051,直長,0,0,1,,0,0,office:直長(epitaph ID:100;add par id:7136)
149354,陸仁徵,12051,直長,0,0,1,,0,0,office:尚衣直長(epitaph ID:1094;add par id:25297)
139285,麴善岳,12053,致果副尉,0,0,1,,0,0,office:致果副尉(epitaph ID:579;add par id:0)
30861,杜淹,12060,中正,0,0,1,,0,0,本縣中正
183865,鄭孝紀,12060,中正,0,0,1,,0,0,郡中正
175039,李治端,12061,州倉曹參軍,0,0,1,,0,0,同州倉曹參軍
182838,鄭元器,12061,州倉曹參軍,0,0,1,,0,0,易州倉曹參軍
146680,陳毅,12063,州功曹參軍,0,0,1,,0,0,"office:州功曹, chaodai:, place:黎州(epitaph ID:111;add par id:7337)"
148239,張長,12063,州功曹參軍,0,0,1,,0,0,"office:州功曹, chaodai:隋, place:荊州(epitaph ID:730;add par id:18033)"
174128,李逖,12063,州功曹參軍,0,0,1,,0,0,越州功曹參軍
174131,李㮣,12063,州功曹參軍,0,0,1,,0,0,(北齊)并州功曹參軍
139528,李弘,12065,州河令,0,0,1,,0,0,"office:州交河令, chaodai:, place:西州(epitaph ID:738;add par id:0)"
138807,某賓,12066,州錄事參事,0,0,1,,0,0,"office:州錄事, chaodai:, place:黔州(epitaph ID:102;add par id:0)"
139484,楊達,12066,州錄事參事,0,0,1,,0,0,"office:州錄事, chaodai:, place:洛州(epitaph ID:694;add par id:0)"
139666,曹澄,12066,州錄事參事,0,0,1,,0,0,"office:州錄事, chaodai:, place:溱州(epitaph ID:877;add par id:0)"
147104,田伯,12066,州錄事參事,0,0,1,,0,0,"office:州錄事, chaodai:隋, place:寧州(epitaph ID:299;add par id:10418)"
146747,王開,12068,州司士参軍,0,0,1,,0,0,"office:州司士, chaodai:隋, place:石州(epitaph ID:142;add par id:7782)"
147908,封仲,12068,州司士参軍,0,0,1,,0,0,"office:州司士, chaodai:隋, place:通州(epitaph ID:611;add par id:15902)"
138832,左法,12069,周王,0,0,1,,0,0,office:周王(epitaph ID:127;add par id:0)
138756,邢弁,12070,州學生,0,0,1,,0,0,office:州學生(epitaph ID:50;add par id:0)
138760,某孝敏,12071,州中正,0,0,1,,0,0,"office:州都督, chaodai:, place:慶州(epitaph ID:54;add par id:0)"
138847,王才,12071,州中正,0,0,1,,0,0,"office:州都督府戶曹參軍事, chaodai:, place:黔州(epitaph ID:142;add par id:0)"
138988,梁有意,12071,州中正,0,0,1,,0,0,"office:州都督府兵軍, chaodai:, place:荊州(epitaph ID:283;add par id:0)"
139122,張士貴,12071,州中正,0,0,1,,0,0,"office:州都督, chaodai:, place:荊州(epitaph ID:417;add par id:0)"
139122,張士貴,12071,州中正,0,0,1,,0,0,"office:州都督, chaodai:, place:蘭州(epitaph ID:417;add par id:0)"
139122,張士貴,12071,州中正,0,0,1,,0,0,"office:州都督, chaodai:, place:幽州(epitaph ID:417;add par id:0)"
139122,張士貴,12071,州中正,0,0,1,,0,0,"office:州都督, chaodai:, place:茂州(epitaph ID:417;add par id:0)"
139166,尉遲恭,12071,州中正,0,0,1,,0,0,"office:州都督, chaodai:, place:并州(epitaph ID:461;add par id:0)"
139166,尉遲恭,12071,州中正,0,0,1,,0,0,"office:州都督, chaodai:, place:襄州(epitaph ID:461;add par id:0)"
139166,尉遲恭,12071,州中正,0,0,1,,0,0,"office:州都督, chaodai:, place:靈州(epitaph ID:461;add par id:0)"
139166,尉遲恭,12071,州中正,0,0,1,,0,0,"office:州都督, chaodai:, place:鄜州(epitaph ID:461;add par id:0)"
139226,許緒,12071,州中正,0,0,1,,0,0,office:追贈靈州都督(epitaph ID:520;add par id:0)
139599,趙德令,12071,州中正,0,0,1,,0,0,"office:州都督府戶曹, chaodai:, place:歙州(epitaph ID:809;add par id:0)"
139737,元仁師,12071,州中正,0,0,1,,0,0,office:郎州都督(epitaph ID:948;add par id:0)
139741,朱憲,12071,州中正,0,0,1,,0,0,"office:州都督參軍事, chaodai:, place:幽州(epitaph ID:952;add par id:0)"
146425,何環,12071,州中正,0,0,1,,0,0,office:州都(epitaph ID:13;add par id:5362)
146762,萬周,12071,州中正,0,0,1,,0,0,"office:州都督, chaodai:隋, place:益州(epitaph ID:147;add par id:7881)"
147041,孫叉,12071,州中正,0,0,1,,0,0,"office:州州都, chaodai:, place:本州(epitaph ID:272;add par id:9898)"
147422,李康,12071,州中正,0,0,1,,0,0,"office:州都督, chaodai:, place:潭州(epitaph ID:416;add par id:12514)"
30947,尉遲伽,12071,州中正,0,0,1,,0,0,"office:州都督, chaodai:隋, place:幽州(epitaph ID:461;add par id:13272)"
147892,康府君(安師岳父),12071,州中正,0,0,1,,0,0,"office:州都督, chaodai:隋, place:刑州(epitaph ID:606;add par id:15815)"
147947,呂買,12071,州中正,0,0,1,,0,0,"office:州都督府錄參軍, chaodai:隋, place:桂州(epitaph ID:623;add par id:16160)"
148813,曹毗沙,12071,州中正,0,0,1,,0,0,office:勝州都督(epitaph ID:912;add par id:21753)
149585,蘇相,12071,州中正,0,0,1,,0,0,"office:州都督府戶曹, chaodai:隋, place:蘭州(epitaph ID:1167;add par id:27010)"
139226,許緒,12071,州中正,0,0,1,,0,0,"office:州都督, chaodai:, place:瓜州(epitaph ID:1220;add par id:28172)"
138722,屈突通,12073,州諸軍事,0,0,1,,0,0,office:使持節十一州諸軍事(epitaph ID:17;add par id:0)
138744,某謩,12073,州諸軍事,0,0,1,,0,0,"office:州持節諸軍事, chaodai:, place:秦州(epitaph ID:38;add par id:0)"
138846,段師,12073,州諸軍事,0,0,1,,0,0,"office:州諸軍事刺史, chaodai:, place:殷州(epitaph ID:141;add par id:0)"
138888,某秀,12073,州諸軍事,0,0,1,,0,0,"office:州使持節諸軍事, chaodai:, place:唐州(epitaph ID:183;add par id:0)"
138888,某秀,12073,州諸軍事,0,0,1,,0,0,"office:州諸軍事, chaodai:, place:浦州(epitaph ID:183;add par id:0)"
138888,某秀,12073,州諸軍事,0,0,1,,0,0,"office:州諸軍事, chaodai:, place:雅州(epitaph ID:183;add par id:0)"
139122,張士貴,12073,州諸軍事,0,0,1,,0,0,"office:、等四州諸軍事, chaodai:, place:荊(epitaph ID:417;add par id:0)"
139166,尉遲恭,12073,州諸軍事,0,0,1,,0,0,"office:、、、、五州諸軍事, chaodai:, place:襄(epitaph ID:461;add par id:0)"
139166,尉遲恭,12073,州諸軍事,0,0,1,,0,0,"office:、等四州諸軍事, chaodai:, place:鹽(epitaph ID:461;add par id:0)"
139166,尉遲恭,12073,州諸軍事,0,0,1,,0,0,"office:州使持節諸軍事, chaodai:, place:宣州(epitaph ID:461;add par id:0)"
139166,尉遲恭,12073,州諸軍事,0,0,1,,0,0,"office:、、、四州諸軍事, chaodai:, place:(epitaph ID:461;add par id:0)"
139166,尉遲恭,12073,州諸軍事,0,0,1,,0,0,"office:、、三州諸軍事, chaodai:, place:夏、綏、銀(epitaph ID:461;add par id:0)"
139166,尉遲恭,12073,州諸軍事,0,0,1,,0,0,"office:使持節都督、、等四州諸軍事, chaodai:, place:並(epitaph ID:461;add par id:0)"
139233,某詮,12073,州諸軍事,0,0,1,,0,0,"office:州使持節諸軍事, chaodai:, place:泰州(epitaph ID:527;add par id:0)"
139557,李爽,12073,州諸軍事,0,0,1,,0,0,"office:州都督府等諸軍事, chaodai:隋, place:州(epitaph ID:767;add par id:0)"
139637,封泰,12073,州諸軍事,0,0,1,,0,0,"office:州使持節諸軍事, chaodai:, place:湖州(epitaph ID:847;add par id:0)"
139648,費胤斌,12073,州諸軍事,0,0,1,,0,0,"office:州使持節諸軍事, chaodai:, place:巴州(epitaph ID:859;add par id:0)"
139652,慕容三藏,12073,州諸軍事,0,0,1,,0,0,"office:、、、、、、等七州諸軍事, chaodai:隋, place:洮(epitaph ID:863;add par id:0)"
139696,杜行寶,12073,州諸軍事,0,0,1,,0,0,"office:州刺史諸軍事, chaodai:周, place:豫州(epitaph ID:907;add par id:0)"
139894,陳察,12073,州諸軍事,0,0,1,,0,0,office:使持節文州諸軍事(epitaph ID:1191;add par id:0)
147452,某法尚(某紹業父),12073,州諸軍事,0,0,1,,0,0,office:卅八州諸軍事(epitaph ID:431;add par id:12781)
147512,蘇謙,12073,州諸軍事,0,0,1,,0,0,"office:州諸軍事, chaodai:隋, place:檀州(epitaph ID:457;add par id:13182)"
30947,尉遲伽,12073,州諸軍事,0,0,1,,0,0,"office:、、、、、等六州諸軍事, chaodai:隋, place:幽(epitaph ID:461;add par id:13272)"
147978,鄭德通,12073,州諸軍事,0,0,1,,0,0,"office:州贈使持節諸軍事, chaodai:隋, place:平州(epitaph ID:637;add par id:16390)"
148441,張仲,12073,州諸軍事,0,0,1,,0,0,"office:州使持節諸軍事, chaodai:隋, place:信州(epitaph ID:800;add par id:19230)"
139608,張曉,12073,州諸軍事,0,0,1,,0,0,"office:州使持節諸軍事總管, chaodai:隋, place:虢州(epitaph ID:800;add par id:19246)"
148620,韓擒某(韓昭父),12073,州諸軍事,0,0,1,,0,0,"office:、二州諸軍事二州刺史, chaodai:, place:和(epitaph ID:854;add par id:20411)"
13751,張公謹,12073,州諸軍事,0,0,1,,0,0,office:使持節都諸軍事(epitaph ID:1235;add par id:28470)
172789,楊寬,12073,州諸軍事,0,0,1,,0,0,(周)總管梁興等州諸軍事
161982,竇善,12073,州諸軍事,0,0,1,,0,0,(魏)衛尉卿+侍中+北華州諸軍事+北華州刺史
162725,竇熾,12073,州諸軍事,0,0,1,,0,0,雍州牧+南兗囗州諸軍事+亳州總管
147250,崔仲哲,12075,主客,0,0,1,,0,0,office:主客(epitaph ID:352;add par id:11389)
138983,閻志雄,12077,主事,0,0,1,,0,0,office:主事(epitaph ID:278;add par id:0)
139582,劉德閏,12077,主事,0,0,1,,0,0,office:吏部主事(epitaph ID:792;add par id:0)
147608,樊匡,12077,主事,0,0,1,,0,0,office:主事(epitaph ID:490;add par id:13932)
138739,郭雲,12078,子,0,0,1,,0,0,office:進爵為子(epitaph ID:33;add par id:0)
138723,胡永,12079,諮議軍事,0,0,1,,0,0,office:司徒府諮議(epitaph ID:18;add par id:0)
138744,某謩,12080,總管,0,0,1,,0,0,office:左七總管(epitaph ID:38;add par id:0)
139122,張士貴,12080,總管,0,0,1,,0,0,office:第一軍總管(epitaph ID:417;add par id:0)
148722,張訓,12080,總管,0,0,1,,0,0,"office:總管, chaodai:, place:河陽城(epitaph ID:885;add par id:21226)"
177636,于璽,12080,總管,0,0,1,,0,0,江陵總管
177800,崔士謙,12080,總管,0,0,1,,0,0,(周)江陵總管
186479,周法明,12080,總管,0,0,1,,0,0,總管蘄安十六州軍事
187266,李繪,12080,總管,0,0,1,,0,0,(隋)江夏總管
381857,張善安,12080,總管,622,,1,1,0,0,
172209,竇軌,12080,總管,,,0,,0,,總管
138740,李壽,12081,總知皇城宿衛,0,0,1,,0,0,office:總知皇城宿衛(epitaph ID:34;add par id:0)
146874,周彥,12088,左果毅都尉,0,0,1,,0,0,office:左屯衛安西府左果毅都尉(epitaph ID:184;add par id:8690)
146874,周彥,12088,左果毅都尉,0,0,1,,0,0,office:左驍衛大順府左果毅都尉(epitaph ID:184;add par id:8690)
148628,張見,12090,左監門錄事參軍,0,0,1,,0,0,office:左監門錄事(epitaph ID:856;add par id:20463)
139608,張曉,12094,左監門直長,0,0,1,,0,0,office:左監門直長(epitaph ID:818;add par id:0)
139585,劉朗,12097,左領軍翊府親衛,0,0,1,,0,0,office:左領軍翊府親衛(epitaph ID:795;add par id:0)
138866,毛盛,12100,左親衛,0,0,1,,0,0,office:左親衛(epitaph ID:161;add par id:0)
147166,席鄆,12100,左親衛,0,0,1,,0,0,office:左親衛(epitaph ID:324;add par id:10843)
139733,樂玉,12101,左親衛長上校尉,0,0,1,,0,0,office:左親衛長上校尉(epitaph ID:944;add par id:0)
138976,魏德,12102,左親衛隊正,0,0,1,,0,0,office:左親衛隊正(epitaph ID:271;add par id:0)
139264,某汪,12103,左親衛校尉北門長上,0,0,1,,0,0,office:左親衛校尉北門長上(epitaph ID:558;add par id:0)
138744,某謩,12105,左侍上士,0,0,1,,0,0,office:左侍上士(epitaph ID:38;add par id:0)
138881,張雲,12106,左屯衛,0,0,1,,0,0,office:左屯衛進德府司馬(epitaph ID:176;add par id:0)
139018,王素,12106,左屯衛,0,0,1,,0,0,office:左屯衛兵曹(epitaph ID:313;add par id:0)
139122,張士貴,12106,左屯衛,0,0,1,,0,0,office:行左屯衛將軍(epitaph ID:417;add par id:0)
146702,任玄,12106,左屯衛,0,0,1,,0,0,office:左屯衛司倉參軍(epitaph ID:120;add par id:7459)
139179,董明,12108,左屯衛府長史,0,0,1,,0,0,office:左屯衛府長史(epitaph ID:473;add par id:0)
147810,韓阿金,12110,左屯翊衛,0,0,1,,0,0,office:左屯翊衛(epitaph ID:576;add par id:15295)
149551,王才,12119,左武候某府統軍,0,0,1,,0,0,office:左武候疑山府統軍(epitaph ID:1156;add par id:26775)
444855,龐卿惲,12119,左武候某府統軍,,,0,,0,,虞世南《左武候將軍龎某碑序》：貞觀元年七月詔授左武候將軍。
138760,某孝敏,12120,左武候長史,0,0,1,,0,0,office:左武候長史(epitaph ID:54;add par id:0)
139226,許緒,12120,左武候長史,0,0,1,,0,0,office:左武候長史(epitaph ID:520;add par id:0)
138760,某孝敏,12123,左武衛長史,0,0,1,,0,0,office:左武衛長史(epitaph ID:54;add par id:0)
148455,樊頭,12123,左武衛長史,0,0,1,,0,0,office:左武衛長史(epitaph ID:804;add par id:19310)
138979,段會,12128,左驍衛折衝都尉,0,0,1,,0,0,"office:府左驍衛折衝都尉, chaodai:, place:朔陂府(epitaph ID:274;add par id:0)"
138722,屈突通,12129,左勳衛,0,0,1,,0,0,office:左勳衛車騎將軍(epitaph ID:17;add par id:0)
138771,王護,12129,左勳衛,0,0,1,,0,0,office:左勳衛(epitaph ID:66;add par id:0)
138773,羅副,12129,左勳衛,0,0,1,,0,0,office:左勳衛四府中郎將(epitaph ID:68;add par id:0)
138806,姚孝寬,12129,左勳衛,0,0,1,,0,0,office:左勳衛(epitaph ID:101;add par id:0)
182447,唐楷,12129,左勳衛,0,0,1,,0,0,左勳衛將軍
182450,唐師,12129,左勳衛,0,0,1,,0,0,(隋)左勳衛將軍
139248,斛斯師德,12131,左翊衛,0,0,1,,0,0,office:左翊衛(epitaph ID:542;add par id:0)
139431,羅端,12132,左翊衛大督,0,0,1,,0,0,office:左翊衛大督(epitaph ID:641;add par id:0)
138998,甘朗,12133,左翊衛隊正,0,0,1,,0,0,office:左翊衛隊正(epitaph ID:293;add par id:0)
146879,董訶通,12134,左翊衛校尉,0,0,1,,0,0,office:左翊衛校尉(epitaph ID:186;add par id:8740)
138912,任阿慶,12137,左右有親侍,0,0,1,,0,0,"office:府官左右有親侍, chaodai:, place:鎮西府(epitaph ID:207;add par id:0)"
146631,劉神,12139,左直長,0,0,1,,0,0,office:左直長(epitaph ID:93;add par id:6995)
138713,麹舉,12140,公,0,0,1,,0,0,"office:公, chaodai:鄭, place:郢(epitaph ID:8;add par id:0)"
138760,某孝敏,12140,公,0,0,1,,0,0,office:清淇公(epitaph ID:54;add par id:0)
94815,溫彥博,12140,公,0,0,1,,0,0,office:虞恭公(epitaph ID:62;add par id:0)
138973,趙安,12140,公,0,0,1,,0,0,office:清河公軍事(epitaph ID:268;add par id:0)
139166,尉遲恭,12140,公,0,0,1,,0,0,"office:國忠開公, chaodai:, place:鄂國(epitaph ID:461;add par id:0)"
139233,某詮,12140,公,0,0,1,,0,0,"office:公, chaodai:, place:宣城(epitaph ID:527;add par id:0)"
31535,盧赤松,12140,公,0,0,1,,0,0,"office:公, chaodai:, place:范陽(epitaph ID:848;add par id:20244)"
139608,張曉,12140,公,0,0,1,,0,0,"office:公, chaodai:, place:江陽(epitaph ID:818;add par id:0)"
139652,慕容三藏,12140,公,0,0,1,,0,0,"office:公, chaodai:隋, place:河內(epitaph ID:863;add par id:0)"
139696,杜行寶,12140,公,0,0,1,,0,0,"office:公, chaodai:周, place:淮南(epitaph ID:907;add par id:0)"
149196,柳機,12140,公,0,0,1,,0,0,"office:公, chaodai:隋, place:建安(epitaph ID:1048;add par id:24283)"
149196,柳機,12140,公,0,0,1,,0,0,"office:公, chaodai:隋, place:建安(epitaph ID:1049;add par id:24324)"
146921,傷薄俱,12140,公,0,0,1,,0,0,office:懷遠公(epitaph ID:228;add par id:9117)
147489,薛胄,12140,公,0,0,1,,0,0,"office:文公, chaodai:, place:內陽(epitaph ID:448;add par id:12991)"
147490,薛獻,12140,公,0,0,1,0,0,0,"office:穆公, chaodai:, place:內陽(epitaph ID:448;add par id:12997)"
30947,尉遲伽,12140,公,0,0,1,,0,0,"office:安公, chaodai:隋, place:常寧(epitaph ID:461;add par id:13272)"
30961,豆盧通,12140,公,0,0,1,,0,0,office:沃野公(epitaph ID:470;add par id:13519)
147685,某袞(某詮父),12140,公,0,0,1,,0,0,"office:縣開國良公, chaodai:隋, place:閿鄉縣(epitaph ID:527;add par id:14516)"
146741,段嚴,12140,公,0,0,1,,0,0,"office:縣簡穆公, chaodai:周, place:襄垣縣(epitaph ID:815;add par id:19588)"
149195,柳慶,12140,公,0,0,1,,0,0,"office:公, chaodai:後周, place:平齊(epitaph ID:1048;add par id:24266)"
138712,元買得,12141,開國公,0,0,1,,0,0,"office:郡開國公, chaodai:魏, place:太原郡(epitaph ID:7;add par id:0)"
138713,麹舉,12141,開國公,0,0,1,,0,0,"office:郡開國公, chaodai:鄭, place:延安郡(epitaph ID:8;add par id:0)"
138740,李壽,12141,開國公,0,0,1,,0,0,"office:郡開國公, chaodai:, place:趙興郡(epitaph ID:34;add par id:0)"
94815,溫彥博,12141,開國公,0,0,1,,0,0,"office:郡開國公, chaodai:, place:西河郡(epitaph ID:62;add par id:0)"
146867,某暉(某秀父),12141,開國公,0,0,1,,0,0,"office:郡開國公, chaodai:隋, place:義寧郡(epitaph ID:183;add par id:8619)"
147068,梁巘,12141,開國公,0,0,1,,0,0,"office:郡開國公, chaodai:隋, place:安定郡(epitaph ID:283;add par id:10101)"
148620,韓擒某(韓昭父),12141,開國公,0,0,1,,0,0,"office:郡開國公, chaodai:, place:新義郡(epitaph ID:854;add par id:20411)"
149356,蕭造,12141,開國公,0,0,1,,0,0,"office:郡開國公, chaodai:, place:梁郡(epitaph ID:1095;add par id:25311)"
149643,梁衍,12141,開國公,0,0,1,,0,0,"office:郡開國公, chaodai:隋, place:宜陽郡(epitaph ID:1182;add par id:27329)"
145948,崔幹,12151,郡開國公,0,0,1,,0,9,博陵郡開國公
139652,慕容三藏,12154,郡夫人,0,0,1,,0,0,"office:郡夫人, chaodai:隋, place:河內郡(epitaph ID:863;add par id:0)"
32455,李仲通,12168,京兆尹,,,0,,0,,京兆尹
145962,蕭瑾,12203,(隋)親衛大將軍,0,0,1,,0,0,(隋)親衛大將軍
139309,皇甫某,12204,三衛,0,0,1,,0,0,office:三衛(epitaph ID:603;add par id:0)
31034,韋匡伯,12262,尚衣奉御,0,0,1,,0,0,(隋)尚衣奉御
444874,馬三寶,12279,左驍衛將軍,618,,0,,0,,"又從平薛仁杲，遷左驍衞將軍。
［後晉］劉昫 等 撰；中華書局編輯部 點校：《舊唐書·卷五十八　列傳第八·馬三寶》，中華書局，1975年5月，第1版，第2316頁

平薛仁杲在武德元年十一月乙酉"
145957,蕭沈,12291,書佐,0,0,1,,0,0,(隋)上黨郡司功書佐
145923,崔昂,12308,祠部尚書,0,0,1,,0,0,(齊)祠部尚書
31977,裴鏡民,12316,總管府司馬,0,0,1,,0,0,(隋)益州總管府司馬
139253,某某,12357,丁罰,0,0,1,,0,0,office:丁罰(epitaph ID:547;add par id:0)
138719,程锺,12359,三司,0,0,1,,0,0,office:三司(epitaph ID:14;add par id:0)
139751,馬珍,12361,上輕車,0,0,1,,0,0,office:上輕車(epitaph ID:962;add par id:0)
139172,張義,12365,儀岵司,0,0,1,,0,0,office:儀岵司(epitaph ID:467;add par id:0)
139989,王定,12367,前齊府直文學館,0,0,1,,0,0,office:前齊府直文學館(epitaph ID:1244;add par id:0)
147027,趙伯,12368,勳衛大督,0,0,1,,0,0,office:勳衛大督(epitaph ID:268;add par id:9807)
139122,張士貴,12369,受節度,0,0,1,,0,0,office:受節度(epitaph ID:417;add par id:0)
138947,孫遷,12370,右勳侍,0,0,1,,0,0,office:右勳侍(epitaph ID:242;add par id:0)
138781,段元哲,12371,右庫真左右,0,0,1,,0,0,office:右庫真左右(epitaph ID:76;add par id:0)
138976,魏德,12373,右武衛,0,0,1,,0,0,office:右武衛(epitaph ID:271;add par id:0)
138781,段元哲,12374,右衛,0,0,1,,0,0,office:右衛(epitaph ID:76;add par id:0)
149195,柳慶,12377,大塚宰,0,0,1,,0,0,office:大塚宰(epitaph ID:1048;add par id:24266)
139710,某氏,12383,宮者,0,0,1,,0,0,office:宮者(epitaph ID:921;add par id:0)
139187,孟普,12384,將事郎,0,0,1,,0,0,office:將事郎(epitaph ID:481;add par id:0)
138905,唐某,12386,將府門散望將,0,0,1,,0,0,"office:將府門散望將, chaodai:, place:鎮西(epitaph ID:200;add par id:0)"
146984,趙弘略,12387,崇訓府司兵,0,0,1,,0,0,office:崇訓府司兵(epitaph ID:252;add par id:9548)
138767,蔣喜,12389,州寺節諸中,0,0,1,,0,0,"office:州寺節諸中, chaodai:, place:鄆州(epitaph ID:61;add par id:0)"
146932,王璇,12390,州平棘,0,0,1,,0,0,"office:州平棘, chaodai:隋, place:趙州(epitaph ID:231;add par id:9172)"
148640,薛會,12391,州戶曹,0,0,1,,0,0,"office:州戶曹, chaodai:隋, place:汴州(epitaph ID:861;add par id:20672)"
148999,王彥,12391,州戶曹,0,0,1,,0,0,"office:州戶曹, chaodai:隋, place:并州(epitaph ID:981;add par id:23028)"
148681,康仵相,12393,州摩訶大薩寶,0,0,1,,0,0,"office:州摩訶大薩寶, chaodai:齊, place:□州(epitaph ID:873;add par id:20984)"
146764,康和,12394,州薩寶,0,0,1,,0,0,"office:州薩寶, chaodai:隋, place:定州(epitaph ID:148;add par id:7931)"
148010,強寶質,12395,州諸中,0,0,1,,0,0,"office:州諸中, chaodai:, place:永州(epitaph ID:645;add par id:16635)"
138781,段元哲,12397,左衛,0,0,1,,0,0,office:左衛(epitaph ID:76;add par id:0)
139166,尉遲恭,12397,左衛,0,0,1,,0,0,office:左衛(epitaph ID:461;add par id:0)
444855,龐卿惲,12397,左衛,,,0,,0,,虞世南《左武候將軍龎某碑序》：（武德）九年六月以業預艱難。効彰忠款。蒙授左衞副率。
138890,侯雲,12399,左親侍,0,0,1,,0,0,office:左親侍(epitaph ID:184;add par id:0)
147530,田運,12400,左驍衛,0,0,1,,0,0,office:左驍衛(epitaph ID:465;add par id:13435)
138823,明雅,12401,平原,0,0,1,,0,0,office:平原(epitaph ID:118;add par id:0)
139046,王孝瑜,12403,府鷹聲,0,0,1,,0,0,"office:府鷹聲, chaodai:隋, place:晉陽府(epitaph ID:341;add par id:0)"
147311,呂方賢,12404,度支郎,0,0,1,,0,0,office:度支郎(epitaph ID:375;add par id:11811)
138946,蕭勝,12407,授散騎郎,0,0,1,,0,0,office:授散騎郎(epitaph ID:241;add par id:0)
149270,郭儉,12410,武賁中郎,0,0,1,,0,0,office:武賁中郎(epitaph ID:1070;add par id:24773)
139263,李護,12411,武騎,0,0,1,,0,0,office:武騎(epitaph ID:557;add par id:0)
149573,某剛(某堯父),12412,泗,0,0,1,,0,0,office:泗(epitaph ID:1161;add par id:26916)
146527,某豹(某孝敏父),12413,營東都土工副監,0,0,1,,0,0,office:營東都土工副監(epitaph ID:54;add par id:6169)
138723,胡永,12417,相國府中兵,0,0,1,,0,0,office:相國府中兵(epitaph ID:18;add par id:0)
139148,楊道綱,12418,知,0,0,1,,0,0,"office:知, chaodai:, place:慎(epitaph ID:443;add par id:0)"
138755,張岳,12419,社平正,0,0,1,,0,0,office:社平正(epitaph ID:49;add par id:0)
147068,梁巘,12423,符璽監,0,0,1,,0,0,office:符璽監(epitaph ID:283;add par id:10101)
146515,張貳郎,12425,縣平正,0,0,1,,0,0,office:縣平正(epitaph ID:49;add par id:6096)
146840,關生,12425,縣平正,0,0,1,,0,0,"office:縣平正, chaodai:齊, place:河陰縣(epitaph ID:173;add par id:8392)"
139652,慕容三藏,12427,縣食,0,0,1,,0,0,"office:縣食, chaodai:隋, place:北豫州熒陽縣(epitaph ID:863;add par id:0)"
148003,霍寶,12429,膺,0,0,1,,0,0,office:膺(epitaph ID:644;add par id:16587)
138770,徐純,12431,著作,0,0,1,,0,0,office:著作(epitaph ID:65;add par id:0)
147252,崔子博,12432,虞部,0,0,1,,0,0,office:虞部(epitaph ID:352;add par id:11408)
147252,崔子博,12432,虞部,0,0,1,,0,0,office:虞部(epitaph ID:489;add par id:13906)
138803,劉政,12433,行,0,0,1,,0,0,"office:行, chaodai:隋, place:化隆縣丞(epitaph ID:98;add par id:0)"
138966,王宏,12435,謁者台散從郎,0,0,1,,0,0,office:謁者台散從郎(epitaph ID:261;add par id:0)
147171,姬讓,12439,郡贊治,0,0,1,,0,0,"office:郡贊治, chaodai:隋, place:商州商陽郡(epitaph ID:325;add par id:10872)"
146773,向榮,12440,郡錄事,0,0,1,,0,0,"office:郡錄事, chaodai:隋, place:河南郡(epitaph ID:151;add par id:7999)"
139103,張相,12443,門下坊錄事,0,0,1,,0,0,office:門下坊錄事(epitaph ID:398;add par id:0)
139064,徐漢,12446,飛騎府司兵,0,0,1,,0,0,office:飛騎府司兵(epitaph ID:359;add par id:0)
138803,劉政,12448,鴻廬掌客,0,0,1,,0,0,office:鴻廬掌客(epitaph ID:98;add par id:0)
148388,曹賓,12449,鷹陽,0,0,1,,0,0,office:鷹陽(epitaph ID:781;add par id:18961)
139669,楊晟,12451,齊府直司,0,0,1,,0,0,office:齊府直司(epitaph ID:880;add par id:0)
139595,蓋蕃,12452,齋郎,0,0,1,,0,0,office:齋郎(epitaph ID:805;add par id:0)
138801,張孝緒,19999,未詳,0,0,1,,0,0,"office:null, chaodai:隋, place:袞州曲阜(epitaph ID:96;add par id:0)"
138847,王才,19999,未詳,0,0,1,,0,0,"office:null, chaodai:, place:蒲台(epitaph ID:142;add par id:0)"
138866,毛盛,19999,未詳,0,0,1,,0,0,"office:null, chaodai:, place:北門長上(epitaph ID:161;add par id:0)"
138907,麴延紹,19999,未詳,0,0,1,,0,0,"office:府府門散□□, chaodai:, place:鎮西府(epitaph ID:202;add par id:0)"
138910,麴悅子,19999,未詳,0,0,1,,0,0,"office:府□□□□將, chaodai:, place:鎮西府(epitaph ID:205;add par id:0)"
139174,某某,19999,未詳,0,0,1,,0,0,office:null(epitaph ID:469;add par id:0)
139473,王宣,19999,未詳,0,0,1,,0,0,office:null(epitaph ID:683;add par id:0)
139557,李爽,19999,未詳,0,0,1,,0,0,"office:州null, chaodai:隋, place:魏州(epitaph ID:767;add par id:0)"
139608,張曉,19999,未詳,0,0,1,,0,0,office:null(epitaph ID:818;add par id:0)
139705,周廣,19999,未詳,0,0,1,,0,0,office:null(epitaph ID:916;add par id:0)
146533,耿深,19999,未詳,0,0,1,,0,0,office:營東都□工監(epitaph ID:58;add par id:6236)
146867,某暉(某秀父),19999,未詳,0,0,1,,0,0,office:□門□將(epitaph ID:183;add par id:8590)
147250,崔仲哲,19999,未詳,0,0,1,,0,0,"office:州□□, chaodai:後魏, place:營州(epitaph ID:352;add par id:11389)"
147340,張秦師,19999,未詳,0,0,1,,0,0,office:左親□(epitaph ID:385;add par id:11982)
147597,袁弘略,19999,未詳,0,0,1,,0,0,"office:□, chaodai:陳, place:丹陽(epitaph ID:487;add par id:13854)"
139608,張曉,19999,未詳,0,0,1,,0,0,office:右軍八總□(epitaph ID:800;add par id:19246)
148627,張子起,19999,未詳,0,0,1,,0,0,"office:郡司□□□, chaodai:隋, place:襄城郡(epitaph ID:856;add par id:20494)"
160860,曹治,19999,未詳,0,0,1,,0,0,易州囗將
154143,王鼒,19999,未詳,0,0,1,,0,0,(隋)安都通守
170535,沈客卿,19999,未詳,0,0,1,,0,0,五禮博士
31917,裴寂,19999,未詳,0,0,1,,0,0,相高祖
170587,裴矩,19999,未詳,0,0,1,,0,0,相高祖
31894,裴大同,19999,未詳,0,0,1,,0,0,洛交府折衝
170652,裴天壽,19999,未詳,0,0,1,,0,0,(後魏)中書博士
170735,裴某,19999,未詳,0,0,1,,0,0,昭義振囗重休...
170928,裴文端,19999,未詳,0,0,1,,0,0,(北齊)行臺郎
170953,裴神,19999,未詳,0,0,1,,0,0,安邑通守
171053,裴訢,19999,未詳,0,0,1,,0,0,赤尉
32855,劉祥道,19999,未詳,0,0,1,,0,0,相高宗
152897,蕭巋,19999,未詳,0,0,1,,0,0,梁明帝
12259,蕭瑀,19999,未詳,0,0,1,,0,0,相高祖
171896,竇德玄,19999,未詳,0,0,1,,0,0,相高宗
172209,竇軌,19999,未詳,0,0,1,,0,0,益州都督
172235,竇威,19999,未詳,0,0,1,,0,0,相高祖
172367,封倫,19999,未詳,0,0,1,,0,0,相高祖+太宗
172430,楊廣,19999,未詳,0,0,1,,0,0,隋煬帝
31168,楊恭仁,19999,未詳,0,0,1,,0,0,相高祖
32329,楊行表,19999,未詳,0,0,1,,0,0,長安尉
172822,高和璧,19999,未詳,0,0,1,,0,0,(後魏)中書博士
172850,高馮,19999,未詳,0,0,1,,0,0,相太宗+高宗
172868,高飜,19999,未詳,0,0,1,,0,0,(後魏)侍御中散
173127,宇文士及,19999,未詳,0,0,1,,0,0,相高祖
30864,杜如晦,19999,未詳,0,0,1,,0,0,相太宗
30861,杜淹,19999,未詳,0,0,1,,0,0,相太宗
32485,杜懿,19999,未詳,0,0,1,,0,0,(隋)殿內監
92838,杜正倫,19999,未詳,0,0,1,,0,0,相高宗
31312,李靖,19999,未詳,0,0,1,,0,0,相太宗
173876,李君昂,19999,未詳,0,0,1,,0,0,濟陽長
173877,李仁方,19999,未詳,0,0,1,,0,0,洛陽尉
173948,李知隱,19999,未詳,0,0,1,,0,0,伊闕尉
173973,李知約,19999,未詳,0,0,1,,0,0,偃師尉
173996,李綜,19999,未詳,0,0,1,,0,0,(行)河間郡
174155,李士瑜,19999,未詳,0,0,1,,0,0,趙郡功曹
174157,李德源,19999,未詳,0,0,1,,0,0,丹川尉
174162,李士瓘,19999,未詳,0,0,1,,0,0,趙郡功曹
174182,李述,19999,未詳,0,0,1,,0,0,瀛州鎧曹
174201,李胤卿,19999,未詳,0,0,1,,0,0,高陵尉
174206,李師稚,19999,未詳,0,0,1,,0,0,(隋)謁者臺
32754,李仲卿,19999,未詳,0,0,1,,0,0,(後周)閣內諮議
152234,李允王,19999,未詳,0,0,1,,0,0,武安尉
164061,李野王,19999,未詳,0,0,1,,0,0,魯郡功曹
151148,李素王,19999,未詳,0,0,1,,0,0,(隋)左親仗
175698,王遵業,19999,未詳,0,0,1,,0,0,?門郎
15610,魏徵,19999,未詳,0,0,1,,0,0,相太宗
176048,温彥博,19999,未詳,0,0,1,,0,0,相太宗
31628,岑文本,19999,未詳,0,0,1,,0,0,相太宗
12404,張虔威,19999,未詳,0,0,1,,0,0,(隋)江都贊務
12406,張文瓘,19999,未詳,0,0,1,,0,0,相高宗
31225,張行成,19999,未詳,0,0,1,,0,0,相太宗+高宗
30938,褚遂良,19999,未詳,0,0,1,,0,0,相高宗
176861,崔暹,19999,未詳,0,0,1,,0,0,武川鎮都督
31955,崔仁師,19999,未詳,0,0,1,,0,0,相太宗+高宗
177531,崔鴻翻,19999,未詳,0,0,1,,0,0,本郡功曹
177559,崔智辨,19999,未詳,0,0,1,,0,0,豐+洮等州都督
177787,崔育王,19999,未詳,0,0,1,,0,0,(北齊)起部郎
177916,崔弘舟,19999,未詳,0,0,1,,0,0,(隋)內府監
178353,韓褒,19999,未詳,0,0,1,,0,0,(後周)少保
18636,許敬宗,19999,未詳,0,0,1,,0,0,相高宗
178780,盧彥高,19999,未詳,0,0,1,,0,0,萬年長
31536,盧承慶,19999,未詳,0,0,1,,0,0,相高宗
157670,盧敏,19999,未詳,0,0,1,,0,0,(後魏)議郎+謚曰靖
179140,盧仲俊,19999,未詳,0,0,1,,0,0,瀛州持中+河間郡贊持
179296,盧師智,19999,未詳,0,0,1,,0,0,?其尉
179397,盧買臣,19999,未詳,0,0,1,,0,0,(隋)楚州鹽城正
179399,盧士嬰,19999,未詳,0,0,1,,0,0,(齊)左司郎
179460,孫元琥,19999,未詳,0,0,1,,0,0,(北齊)文宣帝相國騎曹
179588,陸雲公,19999,未詳,0,0,1,,0,0,(梁)中書?門郎
32809,陸敦信,19999,未詳,0,0,1,,0,0,相高宗
33740,陸玄之,19999,未詳,0,0,1,,0,0,豫章尉
180092,薛軌,19999,未詳,0,0,1,,0,0,(隋)襄城郡贊治
180459,薛善周,19999,未詳,0,0,1,,0,0,京兆尹
180719,韋貞,19999,未詳,0,0,1,,0,0,(隋)監遼東城西面軍事
180953,韋約,19999,未詳,0,0,1,,0,0,(隋)儀同
31033,韋總,19999,未詳,0,0,1,,0,0,(後周)京兆尹
32545,郭待舉,19999,未詳,0,0,1,,0,0,相高宗
19238,郭昶,19999,未詳,0,0,1,,0,0,(隋)涼州法曹
12199,歐陽通,19999,未詳,0,0,1,,0,0,相武后
181720,袁令喜,19999,未詳,0,0,1,,0,0,同州持中
181733,袁憲,19999,未詳,0,0,1,,0,0,(隋)謚曰簡
181749,袁朗,19999,未詳,0,0,1,,0,0,給軍中
181752,袁敬,19999,未詳,0,0,1,,0,0,(陳)謚曰靖德
181767,袁泌,19999,未詳,0,0,1,,0,0,(陳)謚曰質
181868,唐嚴,19999,未詳,0,0,1,,0,0,記室
182358,唐翼,19999,未詳,0,0,1,,0,0,(後魏)涼州守
182360,唐世達,19999,未詳,0,0,1,,0,0,光州守
182397,唐玄德,19999,未詳,0,0,1,,0,0,(隋)親衛
182457,唐仲璨,19999,未詳,0,0,1,,0,0,秦州守
182458,唐遐顯,19999,未詳,0,0,1,,0,0,(隋)邠亳二州守
182470,唐保建,19999,未詳,0,0,1,,0,0,(後周)綏夏二州守
182483,唐詢明,19999,未詳,0,0,1,,0,0,(隋)新州守
182574,唐欽,19999,未詳,0,0,1,,0,0,陝州守
183712,鄭威,19999,未詳,0,0,1,,0,0,(隋)涿郡掾
183728,鄭冑,19999,未詳,0,0,1,,0,0,儀曹郎
31291,宋元節,19999,未詳,0,0,1,,0,0,定州田曹
184256,權榮,19999,未詳,0,0,1,,0,0,(隋)儀同
32218,白士通,19999,未詳,0,0,1,,0,0,利州都督
191518,崔綽,19999,未詳,0,0,1,,0,0,(後魏)謚曰貞靖先生
192320,契苾歌楞,19999,未詳,0,0,1,,0,0,莫賀可汗
153745,張立德,19999,未詳,0,0,1,,0,0,秦城都尉
192457,張儉,19999,未詳,0,0,1,,0,0,營州都督
193653,張儔,19999,未詳,0,0,1,,0,0,(隋)吳郡都督
193943,于子安,19999,未詳,0,0,1,,0,0,高平郡都將
162162,蕭順之,19999,未詳,0,0,1,,0,0,(齊)丹楊尹
194120,蕭某,19999,未詳,0,0,1,,0,0,雅州都督
194402,裴慬,19999,未詳,0,0,1,,0,0,(前秦)大鴻臚
194532,崔邃,19999,未詳,0,0,1,,0,0,(隋)宣惠尉
194817,安某,19999,未詳,0,0,1,,0,0,涼州武威薩寶
194906,元白澤,19999,未詳,0,0,1,,0,0,(武德中)梁、利十一州都督
195871,韓倫,19999,未詳,0,0,1,,0,0,左衛率
196272,源子恭,19999,未詳,0,0,1,,0,0,(周)中書監
444855,龐卿惲,19999,未詳,,,0,,0,,虞世南《左武候將軍龎某碑序》：蒙授秦王府左三翊衞府右車騎將軍。
444855,龐卿惲,19999,未詳,,,0,,0,,虞世南《左武候將軍龎某碑序》：其年（武德七年）又補左內馬軍副總管。
31070,長孫覽,63058,縣尹,,,0,,0,,縣令
32967,令狐整,63058,縣尹,,,0,,0,,縣令
31779,竇抗,63058,縣尹,,,0,,0,,縣令
31544,盧昌衡,63058,縣尹,,,0,,0,,縣令
32211,崔弘度,63058,縣尹,,,0,,0,,縣令
32968,令狐熙,70311,副千戶,,,0,,0,,副千戸
34006,蕭長懋,70566,教授,,,0,,0,,敎授
170538,令狐整,70566,教授,,,0,,0,,敎授
34006,蕭長懋,70569,教諭,,,0,,0,,敎諭
18633,許懋,70569,教諭,,,0,,0,,敎諭
32836,裴鴻,70569,教諭,,,0,,0,,敎諭
32967,令狐整,70569,教諭,,,0,,0,,敎諭
170538,令狐整,70569,教諭,,,0,,0,,敎諭
153614,李孝恭,70569,教諭,,,0,,0,,敎諭
139652,慕容三藏,71506,知州,,,0,,0,,知州
444940,龐茂,87376,鎮西將軍,,,0,,0,,全唐文補遺7-327《龐同本墓誌》
12828,陳霸先,87609,州吏目,,,0,,0,,吏目
21300,陳蒨,87609,州吏目,,,0,,0,,吏目
450734,張氏(李淵妻),88052,美人,,,0,,0,,
148741,王基,88298,太子僕,0,0,1,,0,0,office:太子僕(epitaph ID:889;add par id:21315)
444874,馬三寶,88406,太子左監門率府率,617,,0,,0,,"初以平京城功拜太子監門率。
［後晉］劉昫 等 撰；中華書局編輯部 點校：《舊唐書·卷五十八　列傳第八·馬三寶》，中華書局，1975年5月，第1版，第2316頁

入長安在義寧元年十一月"
13060,李世民(唐太宗),88494,尚書令,618,,0,,0,,
444874,馬三寶,89040,左驍衛大將軍,,,0,,0,,"累除左驍衞大將軍
［後晉］劉昫 等 撰；中華書局編輯部 點校：《舊唐書·卷五十八　列傳第八·馬三寶》，中華書局，1975年5月，第1版，第2316頁"
175838,王神念,89504,某郡太守,,,0,,0,,
