人物ID,姓名,亲属ID,亲属姓名,亲属关系码
155468,鮮于匡紹,141271,李氏(李亨女),0
156321,張元濟,141409,張寧,0
32855,劉祥道,141521,劉媛,0
138903,馬某,146887,趙悅子,0
12369,張君政,12368,張華,2
32028,丙明,15904,李陵,2
17133,房謨,17132,房倫,2
20677,馬暹,20676,馬漢傑,2
21305,陳法會,21304,陳伯信,2
26931,姚宣業,26929,姚敷,2
32042,遼熾,32041,牛崇,2
33090,張紹,33089,張睦,2
138809,王仁則,146663,王吉,2
139252,張獎,147722,張協,2
139253,某某,147724,爨習,2
142539,某貞,162306,薛懿,2
142539,某貞,162307,薛興,2
142677,趙欣,162706,趙廣漢,2
142749,任智才,162984,任峻,2
138805,李仲賓,146652,劉遵,3
138880,薛朗,146844,王粲,3
142603,李釋,162493,崔季鸞,3
142621,王韋,162534,王玄謨,3
142246,楊溫,161928,楊震,17
138781,段元哲,146575,段塵之,23
21298,陳文讚,12827,陳達,24
142239,蔣合,161907,蔣濟,24
31621,岑惠甫,31620,岑軻,26
31828,源賀,31827,拓跋詰汾,26
31954,崔昂,31953,崔均,26
33683,顧越,33682,顧徽,26
138938,支彥,146934,支陸,26
32664,裴魯師,32663,裴道護,29
12195,歐陽景達,12194,歐陽質,31
31423,元順,31051,拓跋什翼揵,31
31145,韋景略,31144,韋愔,31
138836,尹貞,146725,尹景,31
142713,格處仁,162840,格班,31
139767,蕭氏(蕭瑀女),12255,蕭統,39
31182,韋延賓,31181,韋自璧,39
31450,席固,31449,席衡,39
31596,李摶,31595,李延,39
31678,齊虔,31676,齊琰,39
32217,白建,32216,白邕,39
32242,元禎,32241,拓跋意勁,39
138722,屈突通,146438,屈突恆,39
138749,樂陟,146502,樂從,39
138788,某孝基,146606,畢願仁,39
138816,姚暢,146676,姚基,39
139057,崔泰,147249,崔秉,39
139149,王氏(王儜女),147476,王明,39
139193,袁客仁,147595,袁昂,39
139589,樂達,148438,樂逸,39
139605,段瑋,148503,段緣,39
139636,尹達,148584,尹撥,39
139637,封泰,148590,封回,39
139695,蔡君長,148791,蔡興宗,39
138779,蕭瑤,148978,蕭衍,39
139391,邢郭,149460,邢顒,39
142232,孟公行,161881,孟謇,39
142530,龍義,162083,龍康基,39
142459,唐儉,162121,唐岳,39
142481,孫弄珪,162176,長孫儉,39
142498,張亮,162213,張遺,39
142503,陽昕,162228,陽嘉,39
142506,郭敬善,162237,郭智,39
142553,王氏(王鼒女),162328,王騫,39
142598,李某基,162471,李茂,39
142647,成庫,162612,成進,39
138853,孔長寧,162679,康羅,39
142308,柳行滿,163332,柳元章,39
444814,蕭銑,12256,蕭詧(西梁宣帝),48
12365,楊鈞,12364,楊繼,48
12838,敬顯雋,12837,敬頻,48
12841,敬法明,12837,敬頻,48
3835,陶潛,21552,陶侃,48
30959,豆盧萇,30958,慕容勝,48
31078,韋弘瑗,31077,韋纂,48
31760,柳縃,31759,柳恭,48
31947,崔鳳舉,31946,崔當,48
32974,令狐滔,32966,令狐德棻,48
138749,樂陟,140530,智玄,48
31121,李虎,142640,李鳳,48
138709,某月相,146392,某韶(某月相曾祖),48
138710,某長先,146396,某軌(某長先曾祖),48
138714,舒懿匡伯,146406,舒懿旭,48
138737,某守仁,146468,某翼(某守仁曾祖),48
138744,某謩,146486,某圜(某謩曾祖),48
138758,李繼叔,146518,李班,48
138764,耿某,146534,耿某(耿曾祖),48
138767,蔣喜,146536,蔣平,48
142239,蔣合,146536,蔣平,48
138773,羅副,146555,羅和,48
138774,長孫仁,146558,長孫裕,48
138781,段元哲,146576,段粹,48
138782,張騷,146579,張外,48
138783,秦詳兒,146583,秦海,48
138788,某孝基,146607,某明(某孝基曾祖),48
138805,李仲賓,146653,李察,48
138809,王仁則,146664,王虎,48
138816,姚暢,146677,姚恭,48
138818,王通,146688,王蠻,48
138829,劉德,146712,劉玄獎,48
138839,楊士達,146729,楊茂,48
139605,段瑋,146741,段嚴,48
138847,王才,146745,王亮,48
138850,某舉,146755,某文銳(某舉曾祖),48
138851,元質,146758,元霄,48
138854,樂善文,146770,樂眘,48
138862,張行滿,146791,張寧,48
138863,丘蘊,146794,丘誕,48
138876,趙某,146833,趙約,48
138880,薛朗,146845,薛達,48
138890,侯雲,146872,周期,48
138893,李君絢,146880,斛斯虔,48
138927,張寶,146911,張達,48
138936,王順孫,146930,王迥,48
138944,單信,146948,單徽,48
138947,孫遷,146957,孫甑,48
138948,楊藝,146961,楊真,48
138951,某基,146969,某忻(某基曾祖),48
138966,王宏,147006,王冲,48
138973,趙安,147025,趙貴,48
138975,揚清,147034,揚士亮,48
138985,張洛,147058,張敬,48
138990,顏人,147071,顏黯,48
138995,李智,147082,李信,48
139014,韓邏,147124,韓高,48
139015,郭嘉,147129,郭達,48
139018,王素,147132,王翊,48
139020,王才,147139,王紹隆,48
139024,某隴,147147,某文秀(某隴曾祖),48
139029,席泰,147164,席固,48
139030,姬推,147169,姬冲,48
139041,房基,147200,房虎,48
139043,盧萬春,147208,盧文冀,48
139047,張才,147220,張遵,48
139057,崔泰,147250,崔仲哲,48
139063,劉妙姜,147269,劉景,48
139066,高儼仁,147278,高敖曹,48
139068,蕭𫱮媄,147284,蕭统,48
139698,賈整,147301,賈興,48
139086,程雄,147328,程暹,48
139095,張才,147347,張忠,48
139098,杜文貢,147354,杜植,48
139102,吳素,147365,吳靈符,48
139116,張貞,147402,張賓,48
139120,姚某,147417,姚楨,48
139122,張士貴,147423,張俊,48
139150,暴賢,147478,暴歲,48
139157,李氏(李通女),147494,李彥,48
139160,成願壽,147503,成長,48
139162,蘇娬,147510,蘇毅,48
139166,尉遲恭,147517,尉遲本真,48
139187,孟普,147578,孟升,48
140385,孟晟,147578,孟升,48
139199,劉延壽,147612,劉仁基,48
139202,苗明,147618,苗居,48
139218,高德,147652,高泰,48
139225,祖忠,147669,祖紹,48
139228,賈某,147677,賈泰,48
139246,譚二娘,147710,譚叡,48
139250,靖徹,147716,靖珍,48
139255,房寶子,147730,房慶,48
139258,徐綜,147736,徐顯民,48
139259,張興,147745,張瓘,48
139263,李護,147756,李英,48
139264,某汪,147762,某冲明(某汪曾祖),48
139271,某某,147780,某溫(曾祖),48
139281,王羅,147804,王興,48
139282,韓文,147808,韓貴,48
139290,秦義,147829,秦辯,48
139294,王仁,147837,王徵,48
139298,田君彥,147847,田琬,48
139307,常開,147876,常勣,48
139401,封溫,147906,封璜,48
139402,仵某,147909,仵顯,48
139406,劉氏(劉仁崱女),147922,劉慶,48
139412,焦寶,147939,焦義,48
139417,王才,147954,王慶,48
139428,孟師,147980,孟龍,48
139432,喪弘毅,147995,喪昂,48
139439,邢𧦬,148020,邢樂,48
139448,楊康,148048,楊忠,48
139461,賈信,148072,賈振,48
139473,王宣,148095,王賢,48
139489,趙宗,148138,趙德,48
139501,王道智,148171,王思仲,48
139518,王纂,148227,王珍,48
139519,王和,148232,王顯,48
139537,靖徹,148292,靖景,48
139544,李文,148319,李阤,48
139549,李政,148327,李瓊,48
139552,李泰,148336,李爽,48
139557,李爽,148350,李叢慶,48
139564,李氏(李某(李氏夫)妻),148375,李昱,48
139575,上官義,148399,上官霽,48
139582,劉德閏,148417,劉伾,48
139585,劉朗,148426,劉旻,48
139595,蓋蕃,148458,蓋靈,48
139597,某碩,148466,某儼(某碩曾祖),48
139598,王君德,148474,王褘,48
139599,趙德令,148477,趙榮,48
139608,張曉,148511,張真,48
139618,王智,148533,王忠,48
139632,王逸,148571,王某(王逸曾祖),48
139637,封泰,148591,封隆之,48
139639,嚴朗,148606,嚴安,48
139648,費胤斌,148637,費浩,48
139651,畢粹,148646,畢義,48
139652,慕容三藏,148653,慕容郁,48
139655,朱遠,148663,朱廣,48
139666,曹澄,148692,曹仲將,48
139670,王儉,148706,王靈,48
139675,任某,148727,任信,48
139677,王則,148735,王泰,48
139693,孟運,148784,孟獻,48
139695,蔡君長,148792,蔡賾,48
139702,某元,148816,某貴(某元曾祖),48
139711,王式,148841,王達,48
139717,楊神威,148847,楊基,48
139718,王文曉,148851,王玉,48
139740,某宮,148904,某放(某宮曾祖),48
139741,朱憲,148907,朱懿,48
139751,馬珍,148934,馬長,48
138779,蕭瑤,148979,蕭统,48
139767,蕭氏(蕭瑀女),148979,蕭统,48
139785,李聞禮,149041,李開,48
139811,孫義普,149125,孫信,48
139349,寵德威,149316,寵隆,48
139354,李善智,149337,李凝,48
139391,邢郭,149459,邢魯,48
139894,陳察,149673,陳叔陵,48
139989,王定,149855,王超之,48
140090,王氏(王子忠女),150243,王文恭,48
142621,王韋,150811,王興,48
140609,朱信,151988,朱熲,48
142214,某某,161867,某旭(曾祖),48
142232,孟公行,161882,孟干,48
142236,張秀,161898,張周,48
142240,宋行,161911,宋慶,48
142246,楊溫,161929,楊紹,48
142258,李紹,161935,李賢,48
142260,綦母氏(綦母賾女),161942,綦母伯某(綦母氏曾祖),48
142263,某德備,161948,某虎(某德備曾祖),48
142269,劉相,161959,劉旦,48
142273,薛賾,161963,薛明孫,48
142275,李思摩,161966,阿史那土门,48
142278,延陁氏(延陁區利支達官女),161977,延陁莫賀啜頡筋,48
31780,竇誕,161982,竇善,48
142383,馬叡,161988,馬徽,48
142384,楊敏,161992,楊提,48
142412,牛秀,162021,牛定,48
142435,馬敏,162069,馬敖,48
142439,高冏,162077,高歸義,48
142440,龍潤,162083,龍康基,48
142459,唐儉,162122,唐靈芝,48
142481,孫弄珪,162177,孫隆,48
142482,魏倫,162180,魏榮,48
142492,陶後興,162198,陶安,48
142498,張亮,162214,張貴,48
142499,李棨,162220,李亮,48
142503,陽昕,162229,陽南風,48
142514,何光,162251,何雅,48
139259,張興,162258,張某(張興曾祖),48
142521,張楚賢,162263,張蘭,48
142526,王氏(王靜女),162274,王震,48
142537,杜博乂,162302,杜天明,48
142545,何剛,162319,何惠,48
142553,王氏(王鼒女),162329,王規,48
142555,柳鼓,162334,柳津,48
142562,程知節,162362,程興,48
142571,史某,162394,史惲,48
142575,聿珪,162408,聿孝寬,48
142579,焦達,162419,焦充,48
142581,曹欽,162427,曹義,48
142584,張師,162434,張真,48
142587,崔穆,162445,崔鴻,48
142590,張臣合,162448,張洛成,48
24408,李勣,162463,李鵲,48
142598,李某基,162472,李孚,48
142601,郭益,162483,郭遵,48
142603,李釋,162494,李鳳升,48
142605,孫建,162500,孫乾仁,48
142676,元令仲,162561,元白澤,48
142647,成庫,162613,成約,48
142678,能延褒,162710,能誠,48
142706,苗裕,162816,苗貴,48
142713,格處仁,162841,格某,48
142719,楊上,162870,楊明,48
142728,劉珍,162905,劉翅,48
142732,王林,162924,王定,48
142734,董師(董欽子),162939,董樹,48
142742,崔拏,162961,崔懷,48
142778,薛君繡,163080,薛逸,48
142785,衛規,163122,衛標,48
142307,劉媚,163328,劉奼,48
142351,李某,163509,李和,48
139193,袁客仁,181732,袁君正,48
444855,龐卿惲,444857,龐某(龐卿惲曾祖),48
139557,李爽,148351,鄭貴賓,49
142602,斛斯政則,162487,斛斯僧垣,49
138779,蕭瑤,12255,蕭統,62
138946,蕭勝,12255,蕭統,62
138779,蕭瑤,12256,蕭詧(西梁宣帝),62
16433,狄孝緒,16432,狄湛,62
19237,郭履球,19236,郭進,62
31111,楊德裔,20874,楊初,62
31011,元子攸,28919,元宏延,62
31013,元善見,28919,元宏延,62
31014,元寶矩,28919,元宏延,62
31008,拓跋濬,31007,拓跋燾,62
31012,元修,31011,元子攸,62
31005,拓跋珪,31051,拓跋什翼揵,62
13059,李淵(唐高祖),31121,李虎,62
31124,李琰之,31123,李豫,62
31216,楊琛,31215,楊順,62
31237,韋弘敏,31236,韋師,62
142459,唐儉,31440,唐邕,62
33081,于筠,31475,于翼,62
31647,苻登,31645,苻堅,62
32449,殷履直,31661,殷聞禮,62
31780,竇誕,31778,竇榮定,62
31921,裴景,31920,裴簡之,62
32806,陸雍,32805,陸鎮之,62
32854,劉林甫,32853,劉矜,62
32890,元善褘,32888,元亨,62
33019,盧同吉,33018,盧士倫,62
134678,沈滿願,134679,沈約,62
138743,胡儼,138723,胡永,62
148799,杜恆週,139696,杜行寶,62
138749,樂陟,143705,楊檀,62
138750,賈通,143720,王氏(王早女),62
138752,某遠,143740,裴崇禮,62
138708,庫狄真相,146386,庫狄干,62
138709,某月相,146393,某通直(某月相祖),62
138710,某長先,146397,某威(某長先祖),62
138712,元買得,146400,元匡,62
138713,麹舉,146404,麹進,62
138714,舒懿匡伯,146407,舒懿孝寬,62
138715,王仲,146411,王利,62
138716,關道愛,146415,關胄,62
138718,劉粲,146423,劉讓,62
138719,程锺,146428,程靜,62
138720,楊敏,146431,楊騰,62
138722,屈突通,146439,屈突慶尚,62
138723,胡永,146442,胡亮,62
138728,胡質,146443,胡邕,62
138724,郭通,146449,郭逵,62
138726,譚伍,146453,譚徹,62
138729,李彥,146458,李哲,62
138730,毛祐,146460,毛貴和,62
138731,李徹,146463,李泰,62
138737,某守仁,146469,某伯熊(某守仁祖),62
138738,劉節,146471,劉伽,62
138739,郭雲,146472,郭慶,62
138740,李壽,146477,李虎,62
138741,楊寶,146479,楊洛,62
138744,某謩,146487,某正(某謩祖),62
138745,張濬,146491,張福,62
138746,張濬,146493,張石,62
138747,張伯,146498,張遵,62
138791,賈仕通,146506,賈謨,62
138753,郭提,146509,郭和,62
138754,解深,146511,解珍,62
138755,張岳,146514,張白駒,62
138758,李繼叔,146519,李昊,62
138759,田氏(田暉女),146522,田徹,62
138760,某孝敏,146526,某休(某孝敏祖),62
138761,張妃,146529,張蠻,62
138764,耿某,146532,耿匡,62
138766,王安,146535,王通,62
138767,蔣喜,146537,蔣俊,62
94815,溫彥博,146539,溫裕,62
138768,王氏(王仁則女),146540,王通達,62
138770,徐純,146545,徐雅,62
138771,王護,146549,王建,62
138773,羅副,146556,羅皓,62
138774,長孫仁,146559,長孫凶,62
138775,張舉,146564,張稱,62
142555,柳鼓,146567,柳仲禮,62
138778,潘基,146570,潘歡,62
444814,蕭銑,146573,蕭巖,62
138781,段元哲,146577,段仲德,62
138782,張騷,146580,張伽,62
138783,秦詳兒,146584,秦達,62
138784,楊士漢,146589,楊惡,62
138785,雷氏(雷俊女),146592,雷通,62
138786,孟保同,146596,孟粲之,62
138788,某孝基,146608,某雙歡(某孝基祖),62
138792,薄氏(薄元禮女),146615,薄德讓,62
138793,梁凝達,146619,梁將,62
138796,杜各榮,146627,杜各賢,62
138798,劉粲,146630,劉禮,62
138799,楊玉姿,146633,楊定國,62
138801,張孝緒,146640,張勖,62
138803,劉政,146642,劉遵,62
138805,李仲賓,146654,李廣,62
138807,某賓,146658,某察(某賓祖),62
138808,馬志道,146660,馬暢,62
138809,王仁則,146665,王熾,62
138810,某懷文,146667,某虎(某懷文祖),62
138811,某信,146671,某牙(某信祖),62
138815,霍恭,146674,霍道奇,62
138816,姚暢,146678,姚乾,62
138817,某鍾葵,146682,某刀(祖),62
138818,王通,146689,王和,62
138823,明雅,146696,明褒,62
138824,霍漢,146700,霍嘉,62
138826,何相,146705,何謙,62
138829,劉德,146713,劉弘亮,62
138834,楊德,146720,楊安,62
138835,齊氏(齊某陁(齊氏父)女),146722,齊詮,62
138836,尹貞,146726,尹游洛,62
138839,楊士達,146730,楊求,62
138841,某忠,146732,某博(某忠祖),62
138842,傅叔,146735,傅懷義,62
138846,段師,146741,段嚴,62
139605,段瑋,146742,段達,62
138847,王才,146746,王粲,62
138848,李桀,146749,李參,62
138850,某舉,146756,某士琳(某舉祖),62
138851,元質,146759,元宣,62
138852,萬德,146761,萬公,62
138853,孔長寧,146763,孔察,62
138854,樂善文,146768,樂隆,62
138856,向英,146772,向通達,62
138857,某達,146775,某寬(某達祖),62
138859,張育,146779,張和,62
138860,趙昭,146784,趙義,62
138862,張行滿,146792,張元,62
138863,丘蘊,146795,丘鱗,62
138864,命某,146798,某永(祖),62
138865,張通,146802,張柰,62
138869,某昉,146808,某弘(某昉祖),62
138870,霍寬,146813,霍豐,62
138871,辛衡卿,146817,辛琛,62
138873,任道,146826,任儉,62
138874,宋榮,146829,宋仲隱,62
138875,賈昂,146831,賈誕,62
138876,趙某,146834,趙高,62
138877,麴氏(麴某(麴氏父)女),146836,麴相,62
138878,關英,146839,關思,62
138879,楊昭,146841,楊敬,62
138880,薛朗,146846,薛恭,62
138881,張雲,146849,張世,62
138882,禹藝,146851,禹猷,62
138883,楊成其,146853,楊徹,62
138884,李良,146856,李政,62
138886,張舒,146860,張軫,62
138888,某秀,146866,某英(某秀祖),62
138890,侯雲,146873,周胡,62
138891,董柱,146876,侯蘊,62
138893,李君絢,146881,斛斯皓,62
138922,樂達,146898,樂協,62
138923,段氏(段龍女),146901,段安,62
138925,張鳳憐,146904,張慶,62
138926,安諒,146908,安貴,62
138927,張寶,146913,張榖,62
138928,呂買,146914,呂堂,62
138930,某藥,146917,某通(某藥祖),62
138934,支茂,146924,支和,62
138936,王順孫,146931,王峰,62
138938,支彥,146935,支訓,62
138939,某才,146939,某仁(某才祖),62
138941,仇道,146942,仇蘭,62
138943,李敬,146947,李扆,62
138944,單信,146949,單蠟,62
138945,張義,146952,張子葵,62
138947,孫遷,146958,孫訓,62
138948,楊藝,146962,楊默,62
138949,和姬,146966,和某(和姬祖),62
138950,楊仁方,146967,楊琛,62
138951,某基,146970,某琛(某基祖),62
138952,唐阿深,146973,唐湛,62
138953,姚潔,146976,姚和,62
138956,馬忠,146981,馬琛,62
138957,趙才,146983,趙延和,62
138959,申好,146987,申景,62
138961,吳孝,146990,吳柱,62
138962,楊氏(楊威女),146993,楊辨,62
142419,楊氏(楊威女),146993,楊辨,62
138963,李清,146996,李斌,62
138964,鄭金,147003,鄭璡,62
138965,皇甫德相,147004,皇甫珍,62
138966,王宏,147008,王瑱,62
138967,秦進儀,147011,秦彧,62
138971,王則,147017,王誰,62
138972,鄭滿,147020,鄭義璣,62
138973,趙安,147026,趙師,62
138974,顏瓌,147029,顏太和,62
138975,揚清,147035,揚貴,62
138976,魏德,147037,魏伯,62
138977,孫氏(孫叉女),147040,孫龍,62
138979,段會,147042,段琰,62
138980,劉建,147045,劉遵,62
138981,索相兒,147049,索亮,62
138983,閻志雄,147054,閻哲,62
138983,閻志雄,147055,閻顥,62
138985,張洛,147059,張景,62
138986,劉普曜,147062,劉禎,62
138988,梁有意,147067,梁榮,62
138989,王協,147069,王衡,62
138990,顏人,147072,顏端,62
138994,安延,147080,安莫健,62
138995,李智,147083,李仁,62
138996,邢仙姬,147086,邢進,62
138998,甘朗,147090,甘壽,62
138999,楊逸,147092,楊仁,62
139003,劉攬,147101,劉忠,62
139006,何盛,147106,何德,62
139008,姜氏(姜伯女),147110,姜諒,62
139009,張皎,147112,張睿,62
139010,楊吳生,147115,楊威,62
139011,張伯,147118,張節,62
139012,段會,147121,段瑗,62
139014,韓邏,147125,韓月,62
139015,郭嘉,147130,郭滿,62
139018,王素,147133,王淡,62
139019,趙摩,147137,趙斌,62
139020,王才,147140,王和,62
139021,李信,147141,李奉節,62
139023,顏相,147144,顏感,62
139024,某隴,147148,某正平(某隴祖),62
139025,某某,147152,某亮(祖),62
139026,孫光,147155,孫邁,62
139027,苻肅,147158,苻元,62
139028,成遠,147161,成安,62
139029,席泰,147165,席雅,62
139030,姬推,147170,姬泰,62
139032,楊貴,147175,楊恭,62
139033,韓懷,147178,韓仁,62
139034,韓通,147183,韓禮,62
139035,金魏,147187,金勣,62
139037,李強,147189,李君華,62
139038,效姬,147192,效神英,62
139039,王寬,147195,王威,62
139040,沈士公,147197,沈彪,62
139041,房基,147201,房淵,62
139042,元勇,147204,元粲,62
139043,盧萬春,147209,盧士昂,62
139044,趙仲子,147212,趙淹,62
139046,王孝瑜,147217,王臣,62
139047,張才,147221,張高,62
139051,權開善,147231,權隆,62
139052,趙勣,147234,趙和,62
139056,王瑗達,147245,王儉,62
139057,崔泰,147251,崔長瑜,62
139060,王惠,147263,王肅,62
139063,劉妙姜,147270,劉威,62
139064,徐漢,147272,徐瑜,62
139065,徐君通,147275,徐儼,62
139066,高儼仁,147279,高道豁,62
142455,高善安,147279,高道豁,62
139068,蕭𫱮媄,147285,梁衍,62
139073,張弘秀,147294,張希,62
139074,趙通,147296,趙澄,62
139078,張肅,147305,張文,62
139079,韓玄,147307,韓泰,62
139080,呂華,147310,呂尚賓,62
139081,車詵,147313,車和,62
139083,張氏(張震女),147317,張英,62
139084,趙肅,147320,趙遐,62
139085,可那氏(張某(可那氏夫)妻),147324,可那貞,62
139086,程雄,147329,程楷,62
139087,王師感,147332,王靜,62
139088,張盛,147334,張貞,62
139089,樂文義,147337,樂敬,62
139092,王卿,147344,王威,62
139095,張才,147348,張芝,62
139097,房高,147351,房元,62
139098,杜文貢,147355,杜愷,62
139102,吳素,147366,吳始敬,62
139103,張相,147369,張休,62
139105,王立,147375,王觸,62
139105,王立,147376,王陶,62
139108,緱綱,147379,緱達,62
139112,霍氏(霍遵女),147387,霍貞,62
139116,張貞,147403,張文,62
139117,張伽,147406,張扎,62
139118,韓政,147411,韓超,62
139120,姚某,147418,姚賓,62
139121,李氏(李康女),147421,李蓋,62
24408,李勣,147422,李康,62
139122,張士貴,147424,張和,62
139123,某登寶,147429,某珍(某登寶祖),62
139124,支懷,147431,支明,62
139125,安靜,147433,安嶷,62
139128,王段,147437,王彪,62
139129,高達,147440,高韜,62
139139,王法,147457,王煞鬼,62
139143,某恆貴,147467,某孝(某恆貴祖),62
139146,張端,147472,張方德,62
139150,暴賢,147479,暴林,62
139151,宋義,147481,宋興,62
139152,張宷,147485,張纂,62
139157,李氏(李通女),147495,李弘,62
139158,成朗,147497,成禎,62
139162,蘇娬,147511,蘇元吉,62
139166,尉遲恭,147518,尉遲孟都,62
139167,張弘,147521,張伯,62
139169,支懷,147526,支壽,62
139170,田通,147529,田虔高,62
139171,萇氏(萇某(萇氏父)女),147533,萇賓,62
139172,張義,147535,張通,62
139176,楊媛,147551,楊贇,62
139179,董明,147555,董裕,62
139180,范信,147557,范建,62
139183,安度,147565,安陁,62
147568,李考達,147566,李纂,62
139186,段金,147574,段德,62
139187,孟普,147579,孟仲康,62
140385,孟晟,147579,孟仲康,62
142597,孟樞,147579,孟仲康,62
139188,張振,147582,張亮,62
139193,袁客仁,147596,袁梵,62
139196,樊寬,147607,樊贍,62
139202,苗明,147619,苗洪,62
139203,趙軌,147621,趙隆,62
139205,王力士,147625,王榮,62
139209,任德,147640,任儉,62
139213,韓氏(韓軌女),147644,韓朗,62
139216,茹氏(茹代女),147649,茹禰,62
139218,高德,147653,高迥,62
139222,耿文訓,147658,耿俊,62
139225,祖忠,147670,祖和,62
139226,許緒,147672,許彪,62
139228,賈某,147678,賈厝,62
139233,某詮,147684,某彩(某詮祖),62
139235,王敏,147690,王多,62
139239,王寬,147697,王龍,62
139241,奇長,147698,奇獻,62
139246,譚二娘,147708,譚師,62
139249,竹妙,147713,竹弘寶,62
139250,靖徹,147717,靖康,62
139252,張獎,147720,張道,62
139253,某某,147725,某猷(祖),62
139256,郭壽,147733,郭元象,62
139257,張士高,147735,張榮宗,62
139258,徐綜,147737,徐僧珍,62
139259,張興,147743,張虎,62
139263,李護,147757,李略,62
139264,某汪,147763,某爽(某汪祖),62
139265,王孝義,147765,王遠,62
139270,張伯通,147777,張誕,62
139271,某某,147781,某嘉(祖),62
139277,索玄,147791,索彥,62
139281,王羅,147805,王義,62
139282,韓文,147809,韓大賓,62
139287,袁相,147818,袁顏,62
139290,秦義,147830,秦陵,62
139291,周師,147833,周元,62
139294,王仁,147838,王冲,62
139298,田君彥,147848,田文林,62
139299,魏郎仁,147850,魏朗,62
139303,宗氏(宗太女),147861,宗伯,62
139306,蘭達,147870,蘭亮,62
139307,常開,147874,常觀,62
139308,王楷,147878,王雙,62
139309,皇甫某,147882,皇甫節,62
139311,程氏(程嵩朗女),147890,程許文,62
139401,封溫,147907,封叔雲,62
139402,仵某,147910,仵虢,62
139405,李英,147920,李素,62
139406,劉氏(劉仁崱女),147923,劉昌,62
139409,鄧威,147931,鄧義,62
139411,李辯,147935,李嗣,62
139411,李辯,147936,李開,62
139412,焦寶,147940,焦徵,62
139413,呂德,147945,呂庶,62
139415,李文,147949,李突,62
139416,邊師,147951,邊勝,62
139417,王才,147955,王振,62
139421,某仁,147964,某基(某仁祖),62
139422,康波密提慕至既,147967,某永(祖),62
139429,梁秀,147983,梁明,62
139430,段賾,147987,段凝,62
139431,羅端,147991,羅業,62
139432,喪弘毅,147996,喪君方,62
139434,霍達,148002,霍生,62
139436,王君,148015,王盛,62
139439,邢𧦬,148021,邢隆,62
139441,劉寶,148029,劉獻,62
139442,李遠,148033,李㮣,62
139446,杜令姿,148041,杜恭,62
139448,楊康,148049,楊毅,62
139456,史信,148063,史雲,62
139461,賈信,148073,賈預,62
139468,楊客僧,148090,楊曄,62
139473,王宣,148096,王俊,62
139474,周氏(周弘女),148102,周乳,62
139477,馮貞,148107,馮暉,62
139478,張寬,148110,張禮,62
139480,董師,148114,董嵩,62
139673,董仁,148114,董嵩,62
139484,楊達,148131,楊某(楊達祖),62
139489,趙宗,148139,趙榮,62
139490,來僧,148145,來龍,62
139492,某士端,148149,某胄(某士端祖),62
139496,張某,148159,張玉瑗,62
139499,陳才,148165,陳儉,62
139501,王道智,148172,王元弘,62
139504,張爽,148182,張青,62
139505,楊元,148185,楊寵,62
139511,張海,148203,張師,62
139515,王端,148217,王金虎,62
139518,王纂,148228,王顯,62
139519,王和,148233,王業,62
139520,張仁,148241,張某(張仁祖),62
139521,張善,148243,張吉,62
139522,靖千年,148247,靖馥,62
139525,張某,148256,張善,62
139528,李弘,148262,李察,62
139533,張朗,148278,張榮,62
139535,張彥,148285,張志立,62
139537,靖徹,148293,靖亮,62
139538,張曜,148295,張范,62
139544,李文,148316,李瘦,62
139545,張願,148320,張景,62
139548,牛氏(牛善女),148325,牛文,62
139549,李政,148330,李託族,62
139552,李泰,148337,李弘,62
139555,孫君,148345,孫成,62
139557,李爽,148352,李亮,62
139562,范彥,148369,范弘,62
142652,范褒,148369,范弘,62
139564,李氏(李某(李氏夫)妻),148376,李秀,62
139571,曹德,148387,曹雅,62
139572,趙義,148391,趙郎,62
139575,上官義,148400,上官壽,62
139582,劉德閏,148413,劉平,62
139584,劉德師,148420,劉宗,62
139589,樂達,148439,樂德,62
139591,索行,148443,索忠,62
139592,庫狄通,148446,庫狄賢,62
139593,趙氏(趙業女),148449,趙雄,62
139595,蓋蕃,148459,蓋暉,62
139597,某碩,148467,某處(某碩祖),62
139598,王君德,148470,王文,62
139599,趙德令,148478,趙虯,62
139600,呂道,148485,呂璋,62
139603,樂玄,148493,樂豐,62
139608,張曉,148513,張磻,62
139630,康武通,148514,康默,62
139618,王智,148534,王昱,62
139622,劉盛,148548,劉尊,62
139629,張祖,148558,張珍,62
139632,王逸,148569,王林,62
139636,尹達,148585,尹高,62
139637,封泰,148592,封子繡,62
139639,嚴朗,148607,嚴粲,62
139646,郭遷,148631,郭實,62
139647,李子如,148634,李貞,62
139648,費胤斌,148638,費安壽,62
139651,畢粹,148647,畢子詮,62
139652,慕容三藏,148654,慕容遠,62
139655,朱遠,148664,朱綽,62
139658,侯氏(侯華女),148671,侯戎,62
139659,王氏(王珍女),148677,王某(王氏祖),62
139666,曹澄,148693,曹俊,62
139669,楊晟,148703,楊超,62
139670,王儉,148709,王珗,62
139671,張傑,148711,張略,62
139675,任某,148728,任念,62
139677,王則,148736,王行滿,62
139693,孟運,148785,孟景和,62
139695,蔡君長,148793,蔡該,62
139698,賈整,148805,賈瑰,62
139701,曹氏(曹毗沙女),148812,曹樊提,62
139703,王氏(王宣女),148819,王元一,62
139705,周廣,148823,周禮,62
139711,王式,148842,王侯,62
139717,楊神威,148848,楊徹,62
139718,王文曉,148852,王爽,62
139354,李善智,148881,李進,62
139733,樂玉,148886,樂順,62
139737,元仁師,148894,元諒,62
139738,張曄,148897,張弘,62
139747,羅甑生,148920,羅光,62
139749,杜秀,148927,杜就,62
139751,馬珍,148935,馬敬,62
12256,蕭詧(西梁宣帝),148978,蕭衍,62
139767,蕭氏(蕭瑀女),148990,蕭岿,62
139772,王某,149002,王國意,62
139774,康杴,149008,康安,62
139785,李聞禮,149042,李僧,62
139811,孫義普,149126,孫進,62
139818,王岐,149140,王湖,62
139319,張倫,149218,張隱,62
142478,張言+歲,149242,張洽,62
139338,崔某,149279,崔逸,62
139344,高夔,149299,高齡,62
139349,寵德威,149317,寵慶,62
139381,張雄,149426,張務,62
142447,皇甫滔,149471,皇甫德,62
139894,陳察,149513,陳蒨,62
139869,申屠寶,149581,申屠歡,62
139885,梁玄敏,149642,梁昭,62
139962,蕭遇,149762,蕭衍,62
139967,齊朗,149788,齊弘,62
139989,王定,149856,王璨,62
140090,王氏(王子忠女),150247,王?,62
142621,王韋,150812,王讓,62
140413,孫安,151635,孫緯,62
140609,朱信,151979,朱英,62
142553,王氏(王鼒女),157867,王裒,62
30886,李密,161864,李曜,62
142214,某某,161869,某敻(祖),62
142217,高氏(高世達女),161871,高成,62
142226,張娥子,161874,張仲雍,62
142227,囗諒,161876,某隆(某諒祖),62
142229,李立言,161878,李制,62
142232,孟公行,161887,孟昇,62
142233,耿士隆,161888,耿豫,62
142234,楊業洛,161892,楊略,62
142235,徐彪,161896,徐虔,62
142236,張秀,161899,張偉,62
142237,彭師德,161901,彭順,62
142239,蔣合,161909,蔣雋,62
142240,宋行,161912,宋嵩,62
142242,竇娘子,161919,竇弘,62
142243,徐謩,161922,徐之才,62
142244,趙隆,161925,趙節,62
142249,陳感意,161930,陳伯仁,62
142250,王靈仙,161931,王綱,62
142258,李紹,161936,李詢,62
142263,某德備,161949,某熾(某德備祖),62
142265,楊十戒,161953,楊紹,62
142269,劉相,161960,劉仁,62
142273,薛賾,161964,薛仕敬,62
142275,李思摩,161967,阿史那,62
142278,延陁氏(延陁區利支達官女),161978,延陁莫汗達官,62
142382,崔震,161985,崔方和,62
142383,馬叡,161989,馬賓,62
142384,楊敏,161993,楊榮,62
142387,劉文,162000,劉茂,62
142388,燕明,162003,燕紹,62
142410,蘇師,162016,蘇善,62
142411,王道仁,162017,王叡,62
142412,牛秀,162022,牛雙,62
142416,宋舉,162040,宋秀,62
142422,董僧利,162052,董建,62
142423,趙寵,162055,趙恢,62
142425,韓素,162057,韓節,62
142434,王淨,162066,王諒,62
142435,馬敏,162070,馬榮,62
142439,高冏,162078,高普,62
142440,龍潤,162084,龍盆生,62
142510,龍澄,162085,龍求真,62
142530,龍義,162085,龍求真,62
142441,索仁,162086,索明,62
142445,某某,162091,某遷(祖),62
142448,夏侯絢,162101,夏侯裕,62
142449,某玉,162103,某伯(某玉祖),62
142456,田玉,162114,田興,62
142468,支隆,162133,支亮,62
142473,封深,162145,封隆,62
142477,姚才,162155,姚惇,62
142480,段文政,162171,段恆,62
142481,孫弄珪,162178,孫懿,62
142482,魏倫,162181,魏敷,62
142487,劉寬,162188,劉寶,62
142492,陶後興,162199,陶愛,62
142493,王行,162203,王勖,62
142498,張亮,162215,張光,62
142499,李棨,162222,李昉,62
142500,范澄,162224,范協,62
142503,陽昕,162230,陽虯,62
142504,董氏(董恭女),162232,董儉,62
142506,郭敬善,162238,郭徽,62
142514,何光,162252,何亮,62
139259,張興,162256,張虔,62
142521,張楚賢,162264,張球,62
142526,王氏(王靜女),162275,王樣,62
142537,杜博乂,162303,杜方興,62
142539,某貞,162308,某季(某貞祖),62
142545,何剛,162320,何通,62
142551,梁延懷,162324,梁子,62
142557,呂道,162339,呂景,62
142559,趙仁表,162347,趙彥,62
142562,程知節,162363,程哲,62
142565,徐氏(徐稱女),162371,徐昭,62
142567,宋文矩,162375,宋敬挺,62
142571,史某,162395,史斌,62
142575,聿珪,162409,聿總,62
142579,焦達,162420,焦顥,62
142580,張珪,162424,張興,62
142581,曹欽,162428,曹宵,62
142584,張師,162435,張柏,62
142587,崔穆,162446,崔暉,62
142590,張臣合,162449,張永貞,62
142592,張威,162454,張瓊,62
142598,李某基,162473,李昭,62
142601,郭益,162484,郭難,62
142602,斛斯政則,162488,斛斯基,62
142603,李釋,162495,李道宗,62
142605,孫建,162501,孫侯城,62
142613,董滿,162521,董某(董滿祖),62
142624,孫信,162545,孫國,62
142676,元令仲,162562,元禮誠,62
142633,楊偘,162570,楊暕,62
142653,馬惲,162623,馬逞,62
142656,宋善至,162633,宋逸,62
142659,張琮,162644,張高,62
142661,俎威,162649,俎建,62
139168,王摩,162671,王楷,62
138853,孔長寧,162681,康陁,62
139425,皇甫璧,162683,皇甫崇,62
142677,趙欣,162707,趙士逸,62
142678,能延褒,162711,能玄逸,62
142692,馮瓊,162771,馮軌,62
142693,某海,162776,某清,62
142695,李相,162782,李普賢,62
142705,朱寶,162813,朱彥,62
142706,苗裕,162817,苗壬,62
142712,張舉,162837,張山高,62
142713,格處仁,162842,格顯,62
142719,楊上,162871,楊相,62
142720,王敬,162875,王虎,62
142721,郭海,162880,郭貴,62
142722,周寶,162883,周願,62
142728,劉珍,162906,劉福,62
142732,王林,162925,王某,62
142732,王林,162926,王某,62
142734,董師(董欽子),162940,董隽,62
142742,崔拏,162962,崔濟,62
142749,任智才,162985,任乾,62
142758,孔業,163013,孔琰,62
142778,薛君繡,163081,薛安,62
142785,衛規,163123,衛文升,62
142307,劉媚,163329,劉播,62
142308,柳行滿,163333,柳乾緒,62
142351,李某,163510,李肇,62
142879,萬願,163863,萬章,62
147597,袁弘略,181732,袁君正,62
444855,龐卿惲,444859,龐興,62
138774,長孫仁,146560,綏德公,63
138818,王通,146690,趙伏,63
138848,李桀,146750,楊充,63
139409,鄧威,147932,施那,63
139413,呂德,147946,陳邃,63
139520,張仁,148238,宋懿,63
139557,李爽,148353,鄭景山,63
139575,上官義,148401,郭通,63
139411,李辯,148758,張嵩,63
138779,蕭瑤,148981,杜慶,63
139349,寵德威,149318,王尚,63
139381,張雄,149427,鞠願,63
142713,格處仁,151746,李祖欽,63
142478,張言+歲,162159,徐凌,63
142480,段文政,162172,邊穩,63
142598,李某基,162474,崔士游,63
142602,斛斯政則,162489,斛斯最,63
142603,李釋,162496,崔瑜,63
142652,范褒,162620,柳徽,63
142732,王林,162929,宋湯,63
139751,馬珍,148936,苗勝,72
142562,程知節,162364,崔遜,74
12199,歐陽通,3685,歐陽詢,75
11599,蘇威,11597,蘇綽,75
11600,蘇夔,11599,蘇威,75
11932,刁弘,11931,刁逵,75
12009,蔡廓,12008,蔡綝,75
12010,蔡興宗,12009,蔡廓,75
12011,蔡約,12010,蔡興宗,75
12012,蔡撙,12010,蔡興宗,75
12175,劉裕,12173,劉翹,75
12176,劉義康,12175,劉裕,75
12196,歐陽僧寶,12195,歐陽景達,75
12197,歐陽頠,12196,歐陽僧寶,75
12198,歐陽紇,12197,歐陽頠,75
181693,歐陽約,12197,歐陽頠,75
3685,歐陽詢,12198,歐陽紇,75
32514,歐陽允,12198,歐陽紇,75
181690,歐陽亮,12198,歐陽紇,75
181691,歐陽德,12198,歐陽紇,75
181692,歐陽器,12198,歐陽紇,75
32063,蕭副,12252,蕭,75
34005,蕭賾,12253,蕭道成,75
12255,蕭統,12254,蕭衍,75
33251,蕭綱,12254,蕭衍,75
33252,蕭繹,12254,蕭衍,75
12256,蕭詧(西梁宣帝),12255,蕭統,75
171671,蕭歡,12255,蕭統,75
193952,蕭譽,12255,蕭統,75
193953,蕭?,12255,蕭統,75
193954,蕭譼,12255,蕭統,75
12257,蕭巋,12256,蕭詧(西梁宣帝),75
150172,蕭岑,12256,蕭詧(西梁宣帝),75
171746,蕭岌,12256,蕭詧(西梁宣帝),75
444997,蕭嶚,12256,蕭詧(西梁宣帝),75
12258,蕭琮,12257,蕭巋,75
12259,蕭瑀,12257,蕭巋,75
33101,蕭珣,12257,蕭巋,75
135187,蕭氏(炀帝后),12257,蕭巋,75
139767,蕭氏(蕭瑀女),12259,蕭瑀,75
12366,楊暄,12365,楊鈞,75
12367,楊儉,12365,楊鈞,75
22489,楊敷,12366,楊暄,75
22557,楊文昇,12367,楊儉,75
22571,楊文偉,12367,楊儉,75
12398,張始均,12397,張彝,75
12403,張晏之,12398,張始均,75
12404,張虔威,12403,張晏之,75
12405,張虔雄,12403,張晏之,75
12406,張文瓘,12405,張虔雄,75
12840,敬法筵,12838,敬顯雋,75
32569,敬長瑜,12838,敬顯雋,75
13060,李世民(唐太宗),13059,李淵(唐高祖),75
138769,李氏(汝南公主),13060,李世民(唐太宗),75
15608,魏彥,15607,魏釗,75
15609,魏長賢,15608,魏彥,75
15610,魏徵,15609,魏長賢,75
15623,汪僧,15622,汪叔舉,75
15624,汪勳,15623,汪僧,75
15625,汪泰,15624,汪勳,75
15626,汪寶歡,15624,汪勳,75
15627,汪華,15625,汪泰,75
17121,慕容雋,17120,慕容皝,75
17122,慕容德,17120,慕容皝,75
95217,慕容垂,17120,慕容皝,75
31260,慕容暐,17121,慕容雋,75
17127,房翼,17126,房伯祖,75
17128,房熊,17127,房翼,75
17129,房彥謙,17128,房熊,75
17130,房玄齡,17129,房彥謙,75
17134,房恭懿,17133,房謨,75
17135,房彥雲,17134,房恭懿,75
17867,唐瑾,17866,唐永,75
31692,唐弘,17867,唐瑾,75
18633,許懋,18632,許勇慧,75
18634,許亨,18633,許懋,75
18635,許善心,18634,許亨,75
18636,許敬宗,18635,許善心,75
18764,薛瑚,18762,薛謹,75
18765,薛聰,18764,薛瑚,75
33027,薛种,18764,薛瑚,75
18766,薛孝通,18765,薛聰,75
18767,薛道衡,18766,薛孝通,75
18768,薛收,18767,薛道衡,75
19238,郭昶,19237,郭履球,75
20211,劉坦,20210,劉仕雋,75
20212,劉政會,20211,劉坦,75
20310,劉昭,20307,劉頤,75
20678,馬瑗,20677,馬暹,75
20874,楊初,20873,楊贊,75
12828,陳霸先,21298,陳文讚,75
21299,陳談先,21298,陳文讚,75
21300,陳蒨,21299,陳談先,75
21302,陳頊,21299,陳談先,75
21301,陳伯宗,21300,陳蒨,75
21304,陳伯信,21300,陳蒨,75
21303,陳叔寶,21302,陳頊,75
32752,陳叔明,21302,陳頊,75
93608,陳叔達,21302,陳頊,75
163771,陳叔武,21302,陳頊,75
164675,陳叔豎,21302,陳頊,75
339336,陳深,21303,陳叔寶,75
21305,陳法會,21304,陳伯信,75
30994,韋峻,22264,韋瑱,75
31236,韋師,22264,韋瑱,75
31117,李歆,22466,李暠,75
22468,李冲,22467,李寶,75
22490,楊素,22489,楊敷,75
22491,楊約,22489,楊敷,75
172660,楊某,22557,楊文昇,75
32798,楊榮,22571,楊文偉,75
30861,杜淹,22624,杜遜,75
22790,虞荔,22789,虞檢,75
22791,虞寄,22789,虞檢,75
22792,虞世基,22790,虞荔,75
22793,虞世南,22790,虞荔,75
24633,武士稜,24632,武華,75
25793,王羲之,25792,王曠,75
26932,姚安仁,26931,姚宣業,75
26933,姚祥,26932,姚安仁,75
26934,姚懿,26933,姚祥,75
28919,元宏延,28918,拓跋弘,75
31009,元恪,28919,元宏延,75
32772,元休,28919,元宏延,75
30392,徐綜,30390,徐整,75
30393,徐貴,30392,徐綜,75
30584,錢九龍,30583,錢文彊,75
30844,任東里,30841,任昉,75
30841,任昉,30843,任遙,75
30860,杜吒,30859,杜徽,75
30861,杜淹,30859,杜徽,75
30864,杜如晦,30860,杜吒,75
30881,王彥,30880,王虯,75
30882,王傑,30881,王彥,75
30883,王隆,30882,王傑,75
11965,王通,30883,王隆,75
30886,李密,30887,李寬,75
30887,李寬,30888,李曜,75
30888,李曜,30889,李弼,75
15607,魏釗,30890,魏處,75
30910,司馬昱,30902,司馬睿,75
30908,司馬丕,30905,司馬衍,75
30909,司馬奕,30905,司馬衍,75
30907,司馬耽,30906,司馬岳,75
30911,司馬曜,30910,司馬昱,75
30912,司馬德,30911,司馬曜,75
30913,司馬德文,30911,司馬曜,75
134838,褚蒜子(司馬岳妻),30916,褚裒,75
30919,褚秀之,30918,褚爽,75
30920,褚粹之,30918,褚爽,75
30921,褚陟之,30918,褚爽,75
30922,褚裕之,30918,褚爽,75
30923,褚淡之,30918,褚爽,75
30924,褚湛之,30919,褚秀之,75
30925,褚法顯,30919,褚秀之,75
30926,褚淵,30924,褚湛之,75
30931,褚炤,30925,褚法顯,75
30932,褚炫,30925,褚法顯,75
30927,褚賁,30926,褚淵,75
30928,褚蓁,30926,褚淵,75
30929,褚麡,30927,褚賁,75
30930,褚向,30928,褚蓁,75
30933,褚澐,30932,褚炫,75
30934,褚蒙,30933,褚澐,75
30935,褚玠,30934,褚蒙,75
30936,褚亮,30935,褚玠,75
30938,褚遂良,30936,褚亮,75
30946,尉遲益都,30945,尉遲本貞,75
30947,尉遲伽,30946,尉遲益都,75
139166,尉遲恭,30947,尉遲伽,75
30952,楊禎,30951,楊烈,75
30953,楊忠,30952,楊禎,75
30956,楊堅,30953,楊忠,75
30955,楊惠嘏,30954,楊元壽,75
30951,楊烈,30955,楊惠嘏,75
30957,楊廣(隋煬帝),30956,楊堅,75
32210,楊昭,30957,楊廣(隋煬帝),75
32555,楊暕,30957,楊廣(隋煬帝),75
30960,豆盧寧,30959,豆盧萇,75
30961,豆盧通,30960,豆盧寧,75
30962,豆盧勣,30960,豆盧寧,75
30965,豆盧寬,30961,豆盧通,75
30963,豆盧賢,30962,豆盧勣,75
30964,豆盧毓,30962,豆盧勣,75
30969,姚僧坦,30968,姚菩,75
30970,姚察,30969,姚僧坦,75
30971,姚思廉,30970,姚察,75
30972,姚處年,30971,姚思廉,75
31238,韋真,30994,韋峻,75
180719,韋貞,30994,韋峻,75
30998,韋逵,30997,韋楷,75
31000,韋真善,30998,韋逵,75
31001,韋旭,31000,韋真善,75
31004,韋敬遠,31001,韋旭,75
31015,韋孝寬,31001,韋旭,75
31020,韋邕,31003,韋道珍,75
31016,韋世康,31004,韋敬遠,75
31027,韋約,31004,韋敬遠,75
31029,韋冲,31004,韋敬遠,75
31416,韋藝,31004,韋敬遠,75
31968,韋仁基,31004,韋敬遠,75
31006,拓跋嗣,31005,拓跋珪,75
31007,拓跋燾,31006,拓跋嗣,75
28918,拓跋弘,31008,拓跋濬,75
31010,元翊,31009,元恪,75
31033,韋總,31015,韋孝寬,75
31037,韋津,31015,韋孝寬,75
31017,韋福,31016,韋世康,75
164026,韋福嗣,31016,韋世康,75
180830,韋福獎,31016,韋世康,75
33619,韋憬,31017,韋福,75
31021,韋澄,31019,韋鴻冑,75
31022,韋淹,31019,韋鴻冑,75
31019,韋鴻冑,31020,韋邕,75
31319,韋兢,31021,韋澄,75
180951,韋德運,31029,韋冲,75
31034,韋匡伯,31033,韋總,75
31039,韋琨,31037,韋津,75
31040,韋璲,31037,韋津,75
31041,韋瑜,31037,韋津,75
31060,長孫稚,31059,長孫觀,75
31061,長孫子裕,31060,長孫稚,75
31062,長孫紹遠,31061,長孫子裕,75
31063,長孫兕,31061,長孫子裕,75
31070,長孫覽,31062,長孫紹遠,75
31064,長孫熾,31063,長孫兕,75
31065,長孫晟,31063,長孫兕,75
134622,長孫安業,31065,長孫晟,75
31071,長孫操,31069,長孫淇,75
31069,長孫淇,31070,長孫覽,75
31071,長孫操,31070,長孫覽,75
173140,長孫洪,31070,長孫覽,75
173141,長孫寬,31070,長孫覽,75
173148,長孫龕,31070,長孫覽,75
31079,韋德倫,31078,韋弘瑗,75
31093,唐和,31092,唐繇,75
31436,唐契,31092,唐繇,75
31094,唐欽,31093,唐和,75
31095,唐歡,31094,唐欽,75
31096,唐二政,31095,唐歡,75
31097,唐規,31096,唐二政,75
31098,唐宗,31097,唐規,75
182578,唐世宗,31097,唐規,75
22467,李寶,31116,李翻,75
32727,李抗,31116,李翻,75
31118,李重耳,31117,李歆,75
31119,李熙,31118,李重耳,75
31120,李天賜,31119,李熙,75
31121,李虎,31120,李天賜,75
31122,李昺,31121,李虎,75
32201,李亮,31121,李虎,75
32530,李褘,31121,李虎,75
13059,李淵(唐高祖),31122,李昺,75
32025,李湛,31122,李昺,75
31125,李剛,31124,李琰之,75
31126,李充節,31125,李剛,75
31127,李充信,31125,李剛,75
31129,李充穎,31125,李剛,75
31964,李大通,31126,李充節,75
31965,李大亮,31126,李充節,75
173378,李某,31127,李充信,75
31131,李玄明,31129,李充穎,75
31137,梁睿,31136,梁禦,75
31138,梁演,31137,梁睿,75
31142,梁洋,31137,梁睿,75
31146,韋瓚,31145,韋景略,75
31165,楊國,31164,楊興,75
31545,楊定,31165,楊國,75
31167,楊士雄,31166,楊紹,75
31208,楊士達,31166,楊紹,75
31432,楊士貴,31166,楊紹,75
31168,楊恭仁,31167,楊士雄,75
31169,楊綝,31167,楊士雄,75
31171,楊縯,31167,楊士雄,75
31175,楊師道,31167,楊士雄,75
32830,楊綱,31167,楊士雄,75
31183,韋議,31182,韋延賓,75
31184,韋仁,31183,韋議,75
31209,楊緘,31208,楊士達,75
32327,楊湋,31214,楊懿,75
31217,楊汪,31216,楊琛,75
138950,楊仁方,31217,楊汪,75
138951,某基,31217,楊汪,75
31224,張行鈞,31223,張長諧,75
31225,張行成,31223,張長諧,75
31239,韋懷敬,31238,韋真,75
31263,慕容盛,31262,慕容寶,75
31266,崔琨,31265,崔懿,75
31267,崔鬱,31266,崔琨,75
31698,崔經,31266,崔琨,75
31268,崔挺,31267,崔鬱,75
31269,崔孝芬,31268,崔挺,75
32392,崔孝暐,31268,崔挺,75
31270,崔宣度,31269,崔孝芬,75
31271,崔公業,31270,崔宣度,75
31272,崔元植,31271,崔公業,75
31288,宋紀,31281,宋弁,75
31290,宋欽道,31288,宋紀,75
31291,宋元節,31290,宋欽道,75
183993,宋弘峻,31291,宋元節,75
31308,李權,31307,李文度,75
31309,李崇義,31308,李權,75
31310,李詮,31309,李崇義,75
31311,李正明,31310,李詮,75
31312,李靖,31310,李詮,75
31313,李客師,31310,李詮,75
31331,陳方慶,31329,陳太藥,75
31332,陳湯,31331,陳方慶,75
31333,陳迴,31332,陳湯,75
31334,陳通,31332,陳湯,75
31356,崔逵,31355,崔稚寶,75
31357,崔德仁,31356,崔逵,75
31358,崔君實,31357,崔德仁,75
31363,石世,31362,石虎,75
31364,石遵,31362,石虎,75
31366,石祇,31362,石虎,75
31396,張俊,31395,張子犯,75
31397,張弋,31396,張俊,75
31418,韋鼎,31417,韋晏,75
31424,元雄,31423,元順,75
31425,元冑,31424,元雄,75
31422,元仁惠,31425,元冑,75
31434,楊譽,31432,楊士貴,75
31437,唐純,31436,唐契,75
31439,唐靈,31438,唐令世,75
31440,唐邕,31439,唐靈,75
182512,唐羲,31440,唐邕,75
31446,梁殊,31444,梁遵,75
31451,席世雅,31450,席固,75
31452,席世英,31450,席固,75
31456,姜景,31455,姜真,75
31457,姜謨,31456,姜景,75
138744,某謩,31456,姜景,75
31458,姜行本,31457,姜謨,75
31467,于洛拔,31466,于栗磾,75
31468,于烈,31467,于洛拔,75
31469,于天恩,31467,于洛拔,75
31470,于婆,31469,于天恩,75
31471,于安定,31470,于婆,75
31472,于提,31471,于安定,75
31473,于謹,31472,于提,75
31474,于寔,31473,于謹,75
31475,于翼,31473,于謹,75
31476,于義,31473,于謹,75
31479,于禮,31473,于謹,75
31480,于智,31473,于謹,75
31481,于紹,31473,于謹,75
31482,于弼,31473,于謹,75
31483,于蘭,31473,于謹,75
31484,于曠,31473,于謹,75
31487,于仲文,31474,于寔,75
31477,于宣道,31476,于義,75
31478,于宣敏,31476,于義,75
31485,于志寧,31477,于宣道,75
31488,于欽明,31487,于仲文,75
31491,于汪,31490,于玄範,75
31519,崔玄伯,31518,崔潛,75
120854,崔儀,31520,崔浩,75
31527,盧諶,31526,盧志,75
31530,盧玄,31529,盧邈,75
31531,盧度世,31530,盧玄,75
31532,盧淵,31531,盧度世,75
31632,盧敏,31531,盧度世,75
31633,盧昶,31531,盧度世,75
31533,盧道將,31532,盧淵,75
31543,盧道虔,31532,盧淵,75
32317,盧道舒,31532,盧淵,75
31534,盧思道,31533,盧道將,75
31535,盧赤松,31534,盧思道,75
31536,盧承慶,31535,盧赤松,75
146217,盧承基,31535,盧赤松,75
31544,盧昌衡,31543,盧道虔,75
33022,盧寶素,31544,盧昌衡,75
31166,楊紹,31545,楊定,75
31550,薛行,31549,薛大年,75
31570,李慶業,31569,李奕,75
31571,李希禮,31570,李慶業,75
32753,李希騫,31570,李慶業,75
31572,李孝基,31571,李希禮,75
32157,李孝威,31571,李希禮,75
32158,李孝貞,31571,李希禮,75
164061,李野王,31572,李孝基,75
174667,李東王,31572,李孝基,75
31585,孫蔚,31584,孫敬仁,75
31586,孫伯禮,31585,孫蔚,75
31587,孫孝敏,31586,孫伯禮,75
31597,李惠明,31596,李摶,75
31622,岑昶,31621,岑惠甫,75
31623,岑善方,31622,岑昶,75
31624,岑之元,31623,岑善方,75
31625,岑之利,31623,岑善方,75
31626,岑之象,31623,岑善方,75
31628,岑文本,31626,岑之象,75
32650,盧義惇,31632,盧敏,75
31634,盧元德,31633,盧昶,75
31729,盧元隆,31633,盧昶,75
31635,盧士徹,31634,盧元德,75
31636,盧仁師,31635,盧士徹,75
32003,盧彭壽,31635,盧士徹,75
31642,苻健,31641,苻洪,75
31644,苻生,31642,苻健,75
31645,苻堅,31643,苻雄,75
31646,苻丕,31645,苻堅,75
31654,殷高明,31653,殷任,75
31655,殷不害,31654,殷高明,75
31658,殷不佞,31654,殷高明,75
31656,殷僧首,31655,殷不害,75
31657,殷嶠,31656,殷僧首,75
31659,殷梵童,31658,殷不佞,75
17866,唐永,31691,唐輪,75
17868,唐臨,31692,唐弘,75
182350,唐瑤,31692,唐弘,75
182611,唐諮,31692,唐弘,75
31699,崔辨,31698,崔經,75
31700,崔楷,31699,崔辨,75
31701,崔說,31700,崔楷,75
32286,崔謙,31700,崔楷,75
32211,崔弘度,31701,崔說,75
32212,崔弘昇,31701,崔說,75
32213,崔弘峻,31701,崔說,75
31718,劉偉,31717,劉世明,75
31719,劉琨,31718,劉偉,75
31720,劉務本,31719,劉琨,75
31730,盧士熙,31729,盧元隆,75
31731,盧悊,31730,盧士熙,75
31745,史憲,31751,史儔,75
31761,柳僧習,31760,柳縃,75
31762,柳慶,31761,柳僧習,75
31763,柳鷟,31761,柳僧習,75
31764,柳虯,31761,柳僧習,75
31765,柳檜,31761,柳僧習,75
31781,柳機,31762,柳慶,75
31782,柳弘,31762,柳慶,75
31783,柳旦,31762,柳慶,75
31766,柳帶韋,31763,柳鷟,75
31768,柳斌,31765,柳檜,75
31769,柳雄亮,31765,柳檜,75
31767,柳祚,31766,柳帶韋,75
32584,柳範,31767,柳祚,75
31771,宇文覺,31770,宇文泰,75
31772,宇文毓,31770,宇文泰,75
31773,宇文邕(北周武帝),31770,宇文泰,75
31775,竇岳,31774,竇略,75
31776,竇善,31774,竇略,75
31777,竇毅,31775,竇岳,75
31778,竇榮定,31776,竇善,75
135646,竇氏(太穆皇后),31777,竇毅,75
31779,竇抗,31778,竇榮定,75
31780,竇誕,31779,竇抗,75
31815,竇靜,31779,竇抗,75
31817,竇師綸,31779,竇抗,75
31784,柳燮,31783,柳旦,75
31785,柳則,31783,柳旦,75
31786,柳綽,31783,柳旦,75
31787,柳楷,31783,柳旦,75
31810,柳季遠,31800,柳叔珍,75
31802,柳惔,31801,柳世隆,75
31803,柳映,31802,柳惔,75
31811,柳莊,31809,柳遐,75
31809,柳遐,31810,柳季遠,75
31812,柳慶孫,31811,柳莊,75
31829,源延,31828,源賀,75
31830,源懷,31828,源賀,75
31831,源奐,31828,源賀,75
31832,源規,31830,源懷,75
31833,源榮,31830,源懷,75
31834,源徽,31830,源懷,75
31835,源玄諒,31830,源懷,75
31836,源子雍,31830,源懷,75
31837,源子恭,31830,源懷,75
31838,源彪,31837,源子恭,75
31839,源師,31838,源彪,75
31840,源崑玉,31839,源師,75
31846,源誠心,31839,源師,75
31874,裴順宗,31871,裴邕,75
31875,裴叔寶,31874,裴順宗,75
31876,裴叔業,31874,裴順宗,75
31877,裴令寶,31874,裴順宗,75
31920,裴簡之,31876,裴叔業,75
31878,裴彥遠,31877,裴令寶,75
31882,裴羅,31880,裴獻,75
31892,裴義同,31891,裴祖愛,75
31893,裴仁素,31892,裴義同,75
31894,裴大同,31893,裴仁素,75
31903,裴伯鳳,31902,裴嵩,75
31904,裴定,31903,裴伯鳳,75
31905,裴仁基,31904,裴定,75
31914,裴韜,31913,裴會,75
31915,裴融,31914,裴韜,75
31916,裴孝瑜,31915,裴融,75
31917,裴寂,31916,裴孝瑜,75
31922,裴正,31921,裴景,75
31930,蕭思話,31929,蕭源之,75
31931,蕭惠蒨,31930,蕭思話,75
31932,蕭介,31931,蕭惠蒨,75
31933,蕭允,31932,蕭介,75
31934,蕭引,31932,蕭介,75
31935,蕭德言,31934,蕭引,75
31936,蕭沈,31935,蕭德言,75
31942,崔綽,31941,崔連,75
31943,崔標,31942,崔綽,75
32101,崔鑒,31942,崔綽,75
31948,崔從禮,31947,崔鳳舉,75
31955,崔仁師,31954,崔昂,75
31974,裴澄,31973,裴度,75
31975,裴景漢,31974,裴澄,75
31988,裴尼,31974,裴澄,75
31976,裴文度,31975,裴景漢,75
31977,裴鏡民,31975,裴景漢,75
31980,裴大方,31976,裴文度,75
31978,裴熙載,31977,裴鏡民,75
31989,裴之隱,31988,裴尼,75
32004,盧尚卿,32003,盧彭壽,75
32013,張長度,32012,張吒子,75
159827,李奉慈,32025,李湛,75
187625,李容兒,32025,李湛,75
187918,李長沙,32025,李湛,75
32029,李粲,32028,丙明,75
32043,牛允,32042,遼熾,75
32044,牛弘,32043,牛允,75
32045,牛方大,32044,牛弘,75
32046,牛方裕,32044,牛弘,75
32064,蕭順之,32063,蕭副,75
12254,蕭衍,32064,蕭順之,75
32065,蕭懿,32064,蕭順之,75
32168,蕭恢,32064,蕭順之,75
32080,韋恪,32079,韋元禮,75
32102,崔合,32101,崔鑒,75
32103,崔秉,32101,崔鑒,75
32104,崔仲哲,32103,崔秉,75
32105,崔仲琰,32104,崔仲哲,75
32106,崔君昭,32105,崔仲琰,75
32107,崔君昇,32105,崔仲琰,75
32108,崔播,32106,崔君昭,75
32119,崔道泠,32107,崔君昇,75
32159,李太冲,32157,李孝威,75
152234,李允王,32158,李孝貞,75
156741,李來王,32158,李孝貞,75
174498,李賓王,32158,李孝貞,75
174499,李遵王,32158,李孝貞,75
174500,李讓王,32158,李孝貞,75
174501,李師王,32158,李孝貞,75
32180,裴智深,32179,裴天壽,75
32182,裴英,32180,裴智深,75
32181,裴彥,32182,裴英,75
32183,裴兢,32182,裴英,75
32184,裴操之,32183,裴兢,75
32191,劉志逵,32190,劉侍降,75
32202,李神通,32201,李亮,75
138740,李壽,32201,李亮,75
35370,楊侑,32210,楊昭,75
177877,崔奉賢,32211,崔弘度,75
32284,崔處仁,32212,崔弘昇,75
32214,崔儼,32213,崔弘峻,75
32218,白士通,32217,白建,75
32243,元巖,32242,元禎,75
32244,元弘,32243,元巖,75
32287,崔曠,32286,崔謙,75
32686,崔彭,32286,崔謙,75
32288,崔確,32287,崔曠,75
32309,鄭希,32308,鄭胤,75
32367,鄭幼儒,32308,鄭胤,75
32310,鄭道育,32309,鄭希,75
32311,鄭子柔,32310,鄭道育,75
32312,鄭師萬,32311,鄭子柔,75
32318,盧熙裕,32317,盧道舒,75
32319,盧士繪,32318,盧熙裕,75
33018,盧士倫,32318,盧熙裕,75
32320,盧方慶,32319,盧士繪,75
32328,楊岐,32327,楊湋,75
32329,楊行表,32328,楊岐,75
32337,王武宣,32336,王直,75
32340,王長諧,32336,王直,75
32368,鄭敬道,32367,鄭幼儒,75
32993,鄭敬德,32367,鄭幼儒,75
32369,鄭正則,32368,鄭敬道,75
32370,鄭德淹,32369,鄭正則,75
32393,崔昂,32392,崔孝暐,75
32394,崔寂,32393,崔昂,75
32395,崔曇首,32394,崔寂,75
32414,顏含,32413,顏默,75
32422,顏炳之,32421,顏騰之,75
32423,顏見遠,32422,顏炳之,75
32424,顏協,32423,顏見遠,75
32425,顏之義,32424,顏協,75
32426,顏之推,32424,顏協,75
32427,顏思魯,32426,顏之推,75
32428,顏愍楚,32426,顏之推,75
32429,顏遊素,32426,顏之推,75
32430,顏師古,32427,顏思魯,75
32431,顏相時,32427,顏思魯,75
32453,李華,32452,李拻,75
32454,李敬養,32453,李華,75
32455,李仲通,32454,李敬養,75
32456,李孝端,32455,李仲通,75
32477,杜顒,32476,杜洪泰,75
32478,杜景秀,32477,杜顒,75
22624,杜遜,32478,杜景秀,75
32485,杜懿,32478,杜景秀,75
32487,杜乾祐,32485,杜懿,75
32503,康孝範,32502,康宗諤,75
32504,康英,32503,康孝範,75
32531,李叔良,32530,李褘,75
32532,李孝斌,32531,李叔良,75
32544,郭處範,32543,郭育,75
32545,郭待舉,32544,郭處範,75
12839,敬德亮,32569,敬長瑜,75
32570,敬肅,32569,敬長瑜,75
32571,敬昶,32570,敬肅,75
32628,崔宗伯,32627,崔靈和,75
32629,崔寅,32628,崔宗伯,75
32630,崔敬禮,32629,崔寅,75
32632,崔公華,32631,崔長謙,75
32633,崔大質,32632,崔公華,75
32651,盧景柔,32650,盧義惇,75
32652,盧元幹,32651,盧景柔,75
32677,杜亮,32676,杜模,75
32678,杜伽,32677,杜亮,75
32680,杜保,32678,杜伽,75
32991,崔寶德,32686,崔彭,75
32733,李韶,32732,李承,75
32734,李瑾,32733,李韶,75
32735,李行之,32734,李瑾,75
32736,李玄道,32735,李行之,75
32754,李仲卿,32753,李希騫,75
32755,李文政,32754,李仲卿,75
174380,李文琬,32754,李仲卿,75
174381,李文立,32754,李仲卿,75
174383,李文正,32754,李仲卿,75
174481,李文乂,32754,李仲卿,75
174482,李文友,32754,李仲卿,75
32769,陸彌,32767,陸俟,75
32770,陸旭,32769,陸彌,75
32771,陸騰,32770,陸旭,75
32774,陸玄,32771,陸騰,75
32775,陸融,32771,陸騰,75
32773,元貴平,32772,元休,75
32807,陸元明,32806,陸雍,75
32808,陸敬義,32807,陸元明,75
32809,陸敦信,32807,陸元明,75
32836,裴鴻,32835,裴弘陀,75
32837,裴師義,32836,裴鴻,75
33909,裴師道,32836,裴鴻,75
32843,李宣,32842,李根,75
32844,李貴,32843,李宣,75
32845,李永,32844,李貴,75
30889,李弼,32845,李永,75
32855,劉祥道,32854,劉林甫,75
32909,獨孤歸,32908,獨孤稽,75
32910,獨孤冀,32909,獨孤歸,75
32911,獨孤永業,32910,獨孤冀,75
32912,獨孤子佳,32911,獨孤永業,75
32919,獨孤義順,32912,獨孤子佳,75
32942,獨孤義恭,32912,獨孤子佳,75
32947,路彩,32946,路慶,75
32948,路兗,32947,路彩,75
146061,路詮,32948,路兗,75
32964,令狐詔安,32963,令狐嗣,75
32965,令狐虯,32964,令狐詔安,75
32967,令狐整,32965,令狐虯,75
32968,令狐熙,32967,令狐整,75
32966,令狐德棻,32968,令狐熙,75
32994,鄭撝,32993,鄭敬德,75
32995,鄭弼,32994,鄭撝,75
183543,鄭弼諧,32994,鄭撝,75
183548,鄭弼誠,32994,鄭撝,75
33013,王珪,33012,王顗,75
33028,薛善,33027,薛种,75
33029,薛裕,33028,薛善,75
33030,薛敬德,33029,薛裕,75
33034,薛馥德,33033,薛欽,75
33035,薛道賢,33034,薛馥德,75
33055,薛亮,33054,薛驥,75
33056,薛琰,33055,薛亮,75
33057,薛謨,33056,薛琰,75
33058,薛文思,33057,薛謨,75
177645,于某,33081,于筠,75
33091,張冲,33090,張紹,75
33092,張德胤,33091,張冲,75
176629,張後胤,33091,張冲,75
33242,韓冑,33241,韓紹,75
33243,韓護,33242,韓冑,75
33244,韓賢,33243,韓護,75
33684,顧賢,33683,顧越,75
33685,顧胤,33684,顧賢,75
33730,陸惠徹,33729,陸子真,75
33731,陸閑,33730,陸惠徹,75
33732,陸厥,33731,陸閑,75
33733,陸完,33731,陸閑,75
33734,陸丘公,33733,陸完,75
33735,陸令公,33733,陸完,75
33736,陸雲公,33733,陸完,75
33737,陸晏子,33733,陸完,75
33738,陸琛,33734,陸丘公,75
33741,陸琰,33735,陸令公,75
33742,陸瑜,33735,陸令公,75
33743,陸瓊,33736,陸雲公,75
33744,陸玠,33737,陸晏子,75
33739,陸東之,33738,陸琛,75
33740,陸玄之,33738,陸琛,75
33745,陸從宜,33743,陸瓊,75
33746,陸從典,33743,陸瓊,75
33910,裴懷儉,33909,裴師道,75
34004,蕭承之,34003,蕭樂子,75
12253,蕭道成,34004,蕭承之,75
34009,蕭道生,34004,蕭承之,75
34006,蕭長懋,34005,蕭賾,75
34007,蕭昭業,34006,蕭長懋,75
34008,蕭昭文,34006,蕭長懋,75
34010,蕭鸞,34009,蕭道生,75
34011,蕭寶卷,34010,蕭鸞,75
34012,蕭寶融,34010,蕭鸞,75
134836,謝道韞,69869,謝奕,75
136120,謝玄,69869,謝奕,75
31262,慕容寶,95217,慕容垂,75
120213,劉英媛,120214,劉義隆,75
134367,張楚媛,134467,張稷,75
136105,張嵊,134467,張稷,75
134637,沈婺華,134638,沈君理,75
134687,劉氏(王叔英妻),134689,劉繪,75
134690,劉冉,134689,劉繪,75
134691,劉令嫻,134689,劉繪,75
134757,胡承華,134758,胡國珍,75
134766,楊氏(呂纂妻),134767,楊桓,75
30589,范氏(許亨妻),135255,范孝才,75
136032,賀氏(拓跋珪母),136033,野干,75
134693,徐悱,136159,徐勉,75
134894,劉臻,136168,劉顯,75
146414,王基,138715,王仲,75
146422,崔義深,138717,崔志,75
146427,劉德操,138718,劉粲,75
146441,屈突壽,138722,屈突通,75
138728,胡質,138723,胡永,75
146452,郭倫,138724,郭通,75
138743,胡儼,138728,胡質,75
31458,姜行本,138744,某謩,75
146501,張文朗,138747,張伯,75
146513,解公逸,138754,解深,75
146566,張興,138775,張舉,75
146599,孟光慶,138786,孟保同,75
146621,梁孝基,138793,梁凝達,75
146657,李世權,138805,李仲賓,75
146670,某德積(某懷文嗣子),138810,某懷文,75
146685,某信(子),138817,某鍾葵,75
146686,某方(子),138817,某鍾葵,75
146687,某海(子),138817,某鍾葵,75
146698,明士敖,138823,明雅,75
146738,傅無為,138842,傅叔,75
146739,孫智覺,138843,孫佰悅,75
146820,辛郁,138871,辛衡卿,75
146874,周彥,138890,侯雲,75
146910,安承洛,138926,安諒,75
146944,仇孝成,138941,仇道,75
147046,劉三娘,138980,劉建,75
147257,王弘道,139058,王禮,75
147261,韓拜臨,139059,韓遷,75
147265,王文合,139060,王惠,75
147345,王叔孫,139092,王卿,75
147739,徐恪,139258,徐綜,75
147740,徐明敬,139258,徐綜,75
148659,慕容正言,139652,慕容三藏,75
148797,杜六有,139696,杜行寶,75
148798,杜洪貴,139696,杜行寶,75
139187,孟普,142232,孟公行,75
142597,孟樞,142232,孟公行,75
161884,孟玄鏡,142232,孟公行,75
161986,崔吉甫,142382,崔震,75
161987,崔行甫,142382,崔震,75
162054,董長興,142422,董僧利,75
162064,王武保,142430,王恭,75
142510,龍澄,142440,龍潤,75
142530,龍義,142440,龍潤,75
162346,鄭君信,142558,鄭善,75
162482,李長,142600,李貴,75
162547,孫相,142624,孫信,75
162548,劉君度,142625,劉文,75
162549,劉敬道,142625,劉文,75
138750,賈通,143725,李氏(金仙公主),75
31572,李孝基,145761,李希禮,75
32157,李孝威,145761,李希禮,75
32158,李孝貞,145761,李希禮,75
150639,李孝衡,145761,李希禮,75
174677,李孝俊,145761,李希禮,75
145766,李君穎,145764,李祖牧,75
174200,李君榮,145764,李祖牧,75
174202,李君明,145764,李祖牧,75
174203,李君弘,145764,李祖牧,75
174214,李君亮,145764,李祖牧,75
174215,李君華,145764,李祖牧,75
174225,李稚昌,145764,李祖牧,75
174226,李君盛,145764,李祖牧,75
174227,李君褒,145764,李祖牧,75
175331,李德林,145768,李敬族,75
195423,李氏(李敬族女),145768,李敬族,75
195424,李德久,145768,李敬族,75
177997,崔謀,145923,崔昂,75
178004,崔液,145923,崔昂,75
178015,崔洽,145923,崔昂,75
194032,崔恪,145923,崔昂,75
145957,蕭沈,145962,蕭瑾,75
145960,蕭濱,145962,蕭瑾,75
146063,蕭汾,145962,蕭瑾,75
170959,裴某,146041,裴璣,75
145949,崔大善,146086,崔仲方,75
165637,崔燾,146086,崔仲方,75
177931,崔曉,146086,崔仲方,75
177949,崔令,146086,崔仲方,75
173681,李某,146111,李蕤,75
145761,李希禮,146112,李憲,75
146168,李希宗,146112,李憲,75
174199,李希遠,146112,李憲,75
195458,李希仁,146112,李憲,75
195459,李騫,146112,李憲,75
195460,李長鈞,146112,李憲,75
174155,李士瑜,146120,李弼,75
174161,李士璜,146120,李弼,75
174162,李士瓘,146120,李弼,75
151746,李祖欽,146168,李希宗,75
174228,李祖昇,146168,李希宗,75
174260,李祖勳,146168,李希宗,75
174264,李祖訥,146168,李希宗,75
174276,李祖揖,146168,李希宗,75
138708,庫狄真相,146387,庫狄洛,75
138709,某月相,146394,某產之(某月相父),75
138710,某長先,146398,某期(某長先父),75
138712,元買得,146403,元乂,75
138713,麹舉,146405,麹仁,75
138714,舒懿匡伯,146408,舒懿總,75
138715,王仲,146413,王某(王仲父),75
138716,關道愛,146416,關海,75
138717,崔志,146419,崔會仁,75
138718,劉粲,146424,劉伽,75
138719,程锺,146429,程鑒,75
138720,楊敏,146432,楊盛,75
138721,張女羨,146433,張賓,75
138722,屈突通,146440,屈突長卿,75
138723,胡永,146443,胡邕,75
138724,郭通,146450,郭略,75
138726,譚伍,146454,譚亮,75
138729,李彥,146459,李鸞,75
138730,毛祐,146461,毛寶成,75
138731,李徹,146464,李和,75
138737,某守仁,146470,某彥式(某守仁父),75
138739,郭雲,146473,郭振武,75
138741,楊寶,146480,楊達,75
138744,某謩,146488,某景(某謩父),75
138745,張濬,146492,張義,75
138746,張濬,146494,張亢,75
138747,張伯,146499,張務,75
138791,賈仕通,146507,賈寶,75
138753,郭提,146510,郭馗,75
138754,解深,146512,解孫,75
138755,張岳,146515,張貳郎,75
138758,李繼叔,146520,李顯,75
138759,田氏(田暉女),146523,田暉,75
138760,某孝敏,146527,某豹(某孝敏父),75
138761,張妃,146530,張魏,75
138764,耿某,146533,耿深,75
138767,蔣喜,146538,蔣子虞,75
142239,蔣合,146538,蔣子虞,75
138768,王氏(王仁則女),146541,王仁則,75
138770,徐純,146546,徐瑜,75
138771,王護,146550,王珍業,75
138773,羅副,146557,羅曠,75
138774,長孫仁,146561,長孫熾,75
138775,張舉,146565,張纂,75
146569,柳彧,146567,柳仲禮,75
162336,柳玄,146567,柳仲禮,75
138778,潘基,146571,潘國,75
138779,蕭瑤,146573,蕭巖,75
138781,段元哲,146578,段榮,75
138783,秦詳兒,146585,秦亮,75
138784,楊士漢,146590,楊俊,75
138785,雷氏(雷俊女),146593,雷俊,75
138786,孟保同,146597,孟智略,75
138788,某孝基,146609,某珍國(某孝基父),75
138792,薄氏(薄元禮女),146616,薄元禮,75
138793,梁凝達,146620,梁喜,75
138794,劉氏(劉岡女),146622,劉岡,75
138796,杜各榮,146628,杜各華,75
138798,劉粲,146631,劉神,75
138799,楊玉姿,146634,楊彪,75
138801,張孝緒,146641,張則,75
138803,劉政,146643,劉誕,75
138805,李仲賓,146655,李遵,75
138807,某賓,146659,某客(某賓父),75
138808,馬志道,146661,馬廉,75
138809,王仁則,146666,王思武,75
138810,某懷文,146668,某熾(某懷文父),75
138815,霍恭,146675,霍孝騫,75
138816,姚暢,146679,姚賓,75
138817,某鍾葵,146683,某茂(父),75
138822,楊氏(楊貴女),146694,楊貴,75
138823,明雅,146699,明晞,75
138824,霍漢,146701,霍勝,75
138825,任氏(任玄女),146702,任玄,75
138826,何相,146706,何孝緒,75
138829,劉德,146714,劉仁哲,75
138830,班氏(班謙女),146715,班謙,75
138834,楊德,146721,楊華,75
138835,齊氏(齊某陁(齊氏父)女),146724,齊某陁(齊氏父),75
138837,李護,146727,李寶,75
138839,楊士達,146731,楊頗,75
138841,某忠,146733,某顯(某忠父),75
138842,傅叔,146736,傅仁弘,75
146742,段達,146741,段嚴,75
138846,段師,146742,段達,75
138847,王才,146747,王開,75
138848,李桀,146751,李貴,75
138850,某舉,146757,某稱(某舉父),75
138851,元質,146760,元崇略,75
138852,萬德,146762,萬周,75
138853,孔長寧,146764,康和,75
138853,孔長寧,146765,孔香,75
138854,樂善文,146769,樂貞,75
138856,向英,146773,向榮,75
138857,某達,146776,某貞(某達父),75
138859,張育,146780,張達,75
138860,趙昭,146785,趙拏,75
138862,張行滿,146793,張猷,75
138863,丘蘊,146796,丘沙,75
138864,命某,146799,某開(父),75
138865,張通,146803,張定,75
138869,某昉,146812,某某(某昉父),75
138870,霍寬,146814,霍寶,75
146818,辛術,146817,辛琛,75
138871,辛衡卿,146818,辛術,75
138873,任道,146827,任爽,75
138874,宋榮,146830,宋知禮,75
138875,賈昂,146832,賈達,75
138876,趙某,146835,趙詵,75
138877,麴氏(麴某(麴氏父)女),146838,麴某(麴氏父),75
138878,關英,146840,關生,75
138879,楊昭,146842,楊林,75
138880,薛朗,146847,薛通,75
138881,張雲,146850,張恭,75
138882,禹藝,146852,禹康,75
138883,楊成其,146854,楊裕,75
138884,李良,146857,李節,75
138886,張舒,146861,張琛,75
138888,某秀,146867,某暉(某秀父),75
138891,董柱,146877,侯通,75
138892,斛斯達,146879,董訶通,75
138893,李君絢,146882,斛斯士操,75
138920,金行舉,146894,金達,75
138921,祁讓,146896,祁信,75
138922,樂達,146899,樂孫,75
138923,段氏(段龍女),146902,段龍,75
138925,張鳳憐,146905,張建,75
138926,安諒,146909,安林,75
138927,張寶,146912,張高,75
138928,呂買,146915,呂俊,75
138930,某藥,146918,某藥子(某藥父),75
138933,傷大妃,146921,傷薄俱,75
138934,支茂,146925,支元集,75
138935,潘卿,146928,潘富,75
138936,王順孫,146932,王璇,75
138938,支彥,146936,支義,75
138939,某才,146940,某恭(某才父),75
138941,仇道,146943,仇識,75
138943,李敬,146945,李洛,75
138944,單信,146950,單瑜,75
138945,張義,146953,張昂,75
138947,孫遷,146959,孫建,75
138948,楊藝,146963,楊寶,75
138949,和姬,146965,和道,75
31217,楊汪,146967,楊琛,75
138951,某基,146971,某汪(某基父),75
138952,唐阿深,146974,唐達,75
138953,姚潔,146977,姚政,75
138956,馬忠,146982,馬義,75
138957,趙才,146984,趙弘略,75
138959,申好,146988,申儉,75
138961,吳孝,146991,吳弘,75
138962,楊氏(楊威女),146994,楊威,75
142419,楊氏(楊威女),146994,楊威,75
138963,李清,146997,李貴,75
138964,鄭金,147000,鄭達,75
138965,皇甫德相,147005,皇甫道,75
138966,王宏,147007,王敞,75
138967,秦進儀,147009,秦景,75
138971,王則,147018,王伯仁,75
138972,鄭滿,147021,鄭元守,75
138973,趙安,147027,趙伯,75
138974,顏瓌,147030,顏伽,75
138976,魏德,147038,魏榮,75
138977,孫氏(孫叉女),147041,孫叉,75
138979,段會,147043,段偃師,75
138981,索相兒,147050,索天洛,75
138983,閻志雄,147056,閻深,75
138985,張洛,147060,張士隆,75
138986,劉普曜,147063,劉猛,75
138988,梁有意,147068,梁巘,75
138989,王協,147070,王某(王協父),75
138990,顏人,147073,顏徹,75
138994,安延,147081,安比失,75
138995,李智,147084,李暉,75
138996,邢仙姬,147087,邢紹,75
138998,甘朗,147091,甘顯,75
138999,楊逸,147093,楊俊,75
139003,劉攬,147102,劉提,75
139004,田氏(田伯女),147104,田伯,75
139005,曹氏(曹剛女),147105,曹剛,75
139006,何盛,147107,何那,75
139007,楊氏(楊樂女),147108,楊樂,75
139008,姜氏(姜伯女),147111,姜伯,75
139009,張皎,147113,張文,75
139010,楊吳生,147116,楊通,75
139011,張伯,147119,張貞,75
139012,段會,147122,段師,75
139014,韓邏,147126,韓護,75
139015,郭嘉,147131,郭合,75
139018,王素,147134,王宗,75
139019,趙摩,147138,趙達,75
139021,李信,147142,李貴,75
139023,顏相,147145,顏和,75
139024,某隴,147149,某宜生(某隴父),75
139026,孫光,147156,孫興,75
139027,苻肅,147159,苻達,75
139028,成遠,147162,成貴,75
139029,席泰,147166,席鄆,75
139030,姬推,147171,姬讓,75
139032,楊貴,147176,楊弘,75
139033,韓懷,147179,韓恭,75
139034,韓通,147184,韓欽,75
139035,金魏,147186,金文,75
139037,李強,147190,李文雅,75
139038,效姬,147193,效君恪,75
139039,王寬,147196,王恭,75
139040,沈士公,147198,沈弘,75
139041,房基,147203,房崱,75
139042,元勇,147205,元華,75
147211,盧義幹,147209,盧士昂,75
139043,盧萬春,147211,盧義幹,75
179351,盧真惠,147211,盧義幹,75
179357,盧真相,147211,盧義幹,75
179362,盧真行,147211,盧義幹,75
139044,趙仲子,147213,趙伯比,75
139046,王孝瑜,147218,王義,75
139051,權開善,147232,權弘,75
139052,趙勣,147235,趙璨,75
139056,王瑗達,147246,王盛,75
32106,崔君昭,147250,崔仲哲,75
147251,崔長瑜,147250,崔仲哲,75
177727,崔仲琰,147250,崔仲哲,75
147252,崔子博,147251,崔長瑜,75
177724,崔子信,147251,崔長瑜,75
139057,崔泰,147252,崔子博,75
147605,崔文康,147252,崔子博,75
139989,王定,147257,王弘道,75
139059,韓遷,147260,韓和高,75
139060,王惠,147264,王理,75
139064,徐漢,147273,徐淳,75
139065,徐君通,147276,徐約,75
139066,高儼仁,147280,高孝德,75
139069,陰容,147289,陰伯,75
139073,張弘秀,147295,張巖,75
139698,賈整,147302,賈憲,75
139078,張肅,147306,張光,75
139079,韓玄,147308,韓禮,75
139080,呂華,147311,呂方賢,75
139081,車詵,147314,車竦,75
139083,張氏(張震女),147318,張震,75
139084,趙肅,147321,趙相,75
139086,程雄,147330,程叉,75
139087,王師感,147333,王安,75
139088,張盛,147335,張穆,75
139089,樂文義,147338,樂雄,75
139091,程騭,147342,程念,75
139095,張才,147349,張意,75
139098,杜文貢,147356,杜原始,75
139102,吳素,147367,吳子徹,75
139103,張相,147371,張顒,75
139108,緱綱,147380,緱定,75
139111,張氏(張定景女),147385,張定景,75
139112,霍氏(霍遵女),147388,霍遵,75
139117,張伽,147407,張和,75
139118,韓政,147412,韓通,75
139120,姚某,147419,姚榮,75
24408,李勣,147421,李蓋,75
139121,李氏(李康女),147422,李康,75
139122,張士貴,147425,張國,75
139123,某登寶,147430,某吉(某登寶父),75
139124,支懷,147432,支仁,75
139125,安靜,147434,安遠,75
139128,王段,147438,王如,75
139129,高達,147441,高元稱,75
139137,徐德,147454,徐升,75
139139,王法,147458,王伯仁,75
139143,某恆貴,147468,某嵩仁(某恆貴父),75
139146,張端,147473,張珍,75
139149,王氏(王儜女),147477,王儜,75
139151,宋義,147482,宋師,75
139152,張宷,147486,張矩,75
147490,薛獻,147489,薛胄,75
146121,薛元嘏,147490,薛獻,75
139156,霍萬,147492,霍漢胡,75
139157,李氏(李通女),147496,李通,75
139158,成朗,147498,成壽,75
139159,楊士,147500,楊郎,75
139160,成願壽,147504,成高,75
139162,蘇娬,147512,蘇謙,75
139167,張弘,147522,張朗,75
139168,王摩,147525,王鑒,75
139169,支懷,147527,支賢,75
139170,田通,147530,田運,75
139171,萇氏(萇某(萇氏父)女),147534,萇某(萇氏父),75
139172,張義,147536,張寶,75
139176,楊媛,147550,楊某(楊媛父),75
139179,董明,147556,董由,75
139180,范信,147558,范休,75
139183,安度,147564,安定,75
147568,李考達,147567,李願,75
139186,段金,147575,段達,75
142232,孟公行,147579,孟仲康,75
139188,張振,147583,張會,75
31803,柳映,147589,柳惔,75
147590,柳暉,147589,柳惔,75
178282,柳昞,147589,柳惔,75
139193,袁客仁,147597,袁弘略,75
139196,樊寬,147608,樊匡,75
139202,苗明,147620,苗先,75
139203,趙軌,147622,趙虎,75
139205,王力士,147627,王褘,75
139208,解摩,147637,解寶,75
139212,張懷文,147642,張嵩,75
139213,韓氏(韓軌女),147645,韓軌,75
139216,茹氏(茹代女),147650,茹代,75
139218,高德,147654,高洛,75
139222,耿文訓,147659,耿相,75
139225,祖忠,147671,祖承,75
139226,許緒,147673,許康,75
139228,賈某,147679,賈興,75
139233,某詮,147685,某袞(某詮父),75
139235,王敏,147691,王穆,75
139241,奇長,147699,奇績,75
139242,王朗,147703,王粲,75
139246,譚二娘,147709,譚約,75
139249,竹妙,147714,竹懷威,75
139250,靖徹,147718,靖綜,75
139252,張獎,147721,張遵,75
139253,某某,147726,某宗(父),75
139255,房寶子,147731,房叔,75
139256,郭壽,147734,郭貴,75
139258,徐綜,147738,徐文整,75
139259,張興,147744,張才,75
139260,張寶,147747,張義,75
139263,李護,147758,李才,75
139264,某汪,147764,某樂淵(某汪父),75
139265,王孝義,147766,王相,75
139266,吳志,147767,吳某(吳志父),75
139270,張伯通,147778,張超,75
139271,某某,147782,某爽(父),75
139277,索玄,147792,索沙,75
139282,韓文,147810,韓阿金,75
139287,袁相,147819,袁摩,75
139290,秦義,147831,秦朗,75
139291,周師,147834,周賓,75
139294,王仁,147839,王達,75
139299,魏郎仁,147851,魏巖,75
139302,唐沙,147858,唐護,75
139303,宗氏(宗太女),147862,宗太,75
139306,蘭達,147871,蘭祖,75
139307,常開,147875,常某(常開父),75
139308,王楷,147879,王煥,75
139309,皇甫某,147883,皇甫則,75
139311,程氏(程嵩朗女),147891,程嵩朗,75
139401,封溫,147908,封仲,75
139402,仵某,147911,仵德,75
139403,趙氏(趙士政女),147913,趙士政,75
139405,李英,147921,李弘,75
139406,劉氏(劉仁崱女),147924,劉仁崱,75
139409,鄧威,147933,鄧方,75
139411,李辯,147937,李某(李辯父),75
139412,焦寶,147941,焦買,75
139413,呂德,147947,呂買,75
139416,邊師,147952,邊伯,75
139417,王才,147956,王言,75
139421,某仁,147965,某良(某仁父),75
139422,康波密提慕至既,147968,某和(父),75
139428,孟師,147981,孟暉,75
139429,梁秀,147984,梁達,75
139430,段賾,147988,段光,75
139431,羅端,147992,羅穆,75
139432,喪弘毅,147997,喪梵,75
139434,霍達,148003,霍寶,75
139436,王君,148016,王光,75
139439,邢𧦬,148022,邢泰,75
139441,劉寶,148030,劉海,75
139442,李遠,148032,李慧,75
139443,趙端,148035,趙信,75
139446,杜令姿,148042,杜素,75
139448,楊康,148050,楊臨,75
139456,史信,148064,史嵩,75
139468,楊客僧,148091,楊柱,75
139470,趙某,148093,趙陁,75
139473,王宣,148097,王穆,75
139474,周氏(周弘女),148103,周弘,75
139477,馮貞,148108,馮運,75
139478,張寬,148111,張宗,75
139480,董師,148115,董則,75
139673,董仁,148115,董則,75
139489,趙宗,148140,趙雅,75
139490,來僧,148146,來威,75
139492,某士端,148150,某雙(某士端父),75
139495,梁氏(梁隆女),148157,梁隆,75
139496,張某,148160,張世海,75
139499,陳才,148166,陳則,75
139501,王道智,148173,王君素,75
139504,張爽,148183,張貴,75
139505,楊元,148186,楊通,75
139511,張海,148204,張達,75
139513,董榮,148211,董璨,75
139515,王端,148218,王叔卿,75
139516,張鬼,148221,張達,75
139519,王和,148234,王護,75
139520,張仁,148239,張長,75
139521,張善,148245,張陁,75
139522,靖千年,148248,靖鄭,75
139525,張某,148257,張彪,75
139527,許國,148260,許護,75
139528,李弘,148263,李郝,75
139533,張朗,148279,張通,75
139535,張彥,148286,張莊,75
139537,靖徹,148294,靖褘,75
139538,張曜,148296,張祥,75
139544,李文,148317,李岸高,75
139545,張願,148321,張貴,75
139548,牛氏(牛善女),148326,牛善,75
139549,李政,148328,李暉宗,75
139552,李泰,148338,李亮,75
139555,孫君,148346,孫感,75
183768,鄭伯愛,148353,鄭景山,75
139557,李爽,148354,李偉節,75
139562,范彥,148370,范懷,75
142652,范褒,148370,范懷,75
139571,曹德,148388,曹賓,75
139575,上官義,148402,上官昌,75
139582,劉德閏,148416,劉褐,75
139584,劉德師,148421,劉貞,75
139585,劉朗,148424,劉明,75
139588,楊湯,148436,楊某(楊湯父),75
139608,張曉,148441,張仲,75
139591,索行,148444,索照,75
139593,趙氏(趙業女),148450,趙業,75
139595,蓋蕃,148460,蓋洪,75
139597,某碩,148468,某達(某碩父),75
139598,王君德,148471,王約,75
139599,趙德令,148479,趙澄,75
139600,呂道,148486,呂祥,75
139603,樂玄,148495,樂昉,75
146741,段嚴,148503,段緣,75
139630,康武通,148515,康仁,75
139618,王智,148535,王音,75
139622,劉盛,148549,劉勝,75
139629,張祖,148559,張長,75
139636,尹達,148586,尹貴,75
148591,封隆之,148590,封回,75
172373,封興之,148590,封回,75
196294,封延之,148590,封回,75
148592,封子繡,148591,封隆之,75
172354,封子繪,148591,封隆之,75
148593,封德輿,148592,封子繡,75
172359,封德潤,148592,封子繡,75
172365,封德如,148592,封子繡,75
172367,封倫,148592,封子繡,75
139637,封泰,148593,封德輿,75
31534,盧思道,148599,盧道亮,75
178835,盧思演,148599,盧道亮,75
139642,陳恭,148616,陳師敏,75
139646,郭遷,148632,郭興,75
139647,李子如,148635,李賢,75
139648,費胤斌,148639,費清,75
139651,畢粹,148648,畢仕政,75
139652,慕容三藏,148655,慕容紹宗,75
139655,朱遠,148665,朱寬,75
139658,侯氏(侯華女),148672,侯華,75
139659,王氏(王珍女),148675,王珍,75
139669,楊晟,148704,楊正巒,75
139670,王儉,148707,王獎,75
139671,張傑,148712,張慶,75
139675,任某,148729,任德,75
139676,侯彪,148732,侯敬,75
139677,王則,148737,王寶德,75
139411,李辯,148759,李同,75
139693,孟運,148786,孟洪度,75
139695,蔡君長,148794,蔡徹,75
139701,曹氏(曹毗沙女),148813,曹毗沙,75
139702,某元,148817,某洛(某元父),75
139703,王氏(王宣女),148820,王宣,75
139705,周廣,148824,周雄,75
139717,楊神威,148849,楊慈,75
139718,王文曉,148854,王勣,75
139354,李善智,148882,李子徽,75
139733,樂玉,148887,樂緒,75
139737,元仁師,148895,元善積,75
139738,張曄,148898,張讓,75
139740,某宮,148905,某處昂(某宮父),75
139741,朱憲,148908,朱詮,75
139747,羅甑生,148921,羅季樂,75
139749,杜秀,148928,杜乞,75
12255,蕭統,148978,蕭衍,75
193956,蕭綱,148978,蕭衍,75
193957,蕭續,148978,蕭衍,75
193958,蕭繹,148978,蕭衍,75
193959,蕭綜,148978,蕭衍,75
193960,蕭績,148978,蕭衍,75
193961,蕭綸,148978,蕭衍,75
193962,蕭紀,148978,蕭衍,75
138779,蕭瑤,148982,蕭嚴,75
139772,王某,149003,王懷智,75
139774,康杴,149012,康陁,75
139785,李聞禮,149043,李壯,75
32633,崔大質,149088,崔公華,75
139805,張懿,149108,張緒,75
139811,孫義普,149127,孫乾,75
139818,王岐,149141,王子紹,75
33105,皇甫珍義,149144,皇甫仲延,75
31783,柳旦,149195,柳慶,75
149196,柳機,149195,柳慶,75
178163,柳肅,149195,柳慶,75
149197,柳逖,149196,柳機,75
178104,柳述,149196,柳機,75
178114,柳逵,149196,柳機,75
178115,柳逞,149196,柳機,75
139319,張倫,149219,張義,75
142478,張言+歲,149243,張載,75
149293,李公挺,149292,李子雄,75
175163,李公宏,149292,李子雄,75
139344,高夔,149300,高業,75
139349,寵德威,149319,寵師,75
193979,蕭鳳龍,149356,蕭造,75
194120,蕭某,149356,蕭造,75
139381,張雄,149428,張端,75
149511,陳酆,149510,陳伯謀,75
139869,申屠寶,149582,申屠士,75
149611,劉某(劉善寂祖),149612,劉珪,75
139885,梁玄敏,149643,梁衍,75
139894,陳察,149670,陳伯義,75
172278,陳元基,149670,陳伯義,75
172279,陳憲,149670,陳伯義,75
139962,蕭遇,149763,蕭卿,75
139967,齊朗,149789,齊隆,75
145958,蕭球,150172,蕭岑,75
145962,蕭瑾,150172,蕭岑,75
171751,蕭瓚,150172,蕭岑,75
171753,蕭琩,150172,蕭岑,75
193980,蕭瑳,150172,蕭岑,75
140090,王氏(王子忠女),150244,王子忠,75
150256,孟政,150259,孟陟,75
150266,崔君肅,150265,崔彥穆,75
152868,崔君宙,150265,崔彥穆,75
176893,崔君綽,150265,崔彥穆,75
176908,崔君贍,150265,崔彥穆,75
32854,劉林甫,150341,劉會,75
150444,高王臣,150443,高伯堅,75
140208,陸某,150623,陸秀,75
151148,李素王,150639,李孝衡,75
150661,劉裕,150660,劉景度,75
150662,劉霸,150661,劉裕,75
170575,裴某,150672,裴讓之,75
176041,温無隱,150721,溫大雅,75
176044,温釋胤,150721,溫大雅,75
32837,裴師義,150768,裴鴻智,75
33909,裴師道,150768,裴鴻智,75
150769,裴師武,150768,裴鴻智,75
171279,裴懷肅,150769,裴師武,75
171282,裴懷煚,150769,裴師武,75
150803,王元季,150802,王子景,75
142621,王韋,150813,王敏,75
150882,李善願,150881,李公源,75
151071,王孝遠,151070,王君儒,75
175765,王孝幹,151070,王君儒,75
189843,元翽,151291,元義全,75
31767,柳祚,151370,柳帶韋,75
178101,柳續,151370,柳帶韋,75
150881,李公源,151477,李希仁,75
140385,孟晟,151510,孟公平,75
31989,裴之隱,151586,裴尼,75
171160,裴師民,151586,裴尼,75
171161,裴之爽,151586,裴尼,75
140413,孫安,151636,孫曜,75
174338,李大倫,151688,李元卿,75
174369,李大儼,151688,李元卿,75
174370,李大衍,151688,李元卿,75
174378,李處惠,151688,李元卿,75
174298,李德琰,151746,李祖欽,75
174315,李德瑋,151746,李祖欽,75
174324,李德瑛,151746,李祖欽,75
140609,朱信,151982,朱暠,75
153383,王德素,152187,王續,75
175680,王德本,152187,王續,75
172870,高勱,152203,高岳,75
152493,鄭武叔,152492,鄭述祖,75
192663,鄭道瑗,152493,鄭武叔,75
176903,崔思敬,152868,崔君宙,75
12259,蕭瑀,152897,蕭巋,75
33101,蕭珣,152897,蕭巋,75
145961,蕭瑒,152897,蕭巋,75
171679,蕭琮,152897,蕭巋,75
171681,蕭璟,152897,蕭巋,75
171682,蕭琢,152897,蕭巋,75
175650,王方茂,152941,王弘訓,75
153042,崔萬善,153041,崔弘壽,75
153067,崔孝康,153066,崔叔胤,75
153614,李孝恭,153613,李安,75
160233,李琛,153613,李安,75
186976,李瓊,153613,李安,75
186980,李璡,153613,李安,75
187107,李瑊,153613,李安,75
187216,李瓖,153613,李安,75
187226,李哲,153613,李安,75
174051,李德饒,153784,李純,75
174072,李德範,153784,李純,75
174080,李德紹,153784,李純,75
174083,李德矩,153784,李純,75
174087,李德旻,153784,李純,75
142553,王氏(王鼒女),154143,王鼒,75
154136,王弘讓,154143,王鼒,75
175393,王弘直,154143,王鼒,75
148599,盧道亮,154429,盧陽烏,75
154450,盧道虔,154429,盧陽烏,75
178696,盧道將,154429,盧陽烏,75
178981,盧道舒,154429,盧陽烏,75
31544,盧昌衡,154450,盧道虔,75
32288,崔確,154507,崔曠,75
149496,崔弈,154507,崔曠,75
154508,崔順,154507,崔曠,75
177802,崔丕,154507,崔曠,75
177804,崔某,154508,崔順,75
32912,獨孤子佳,155021,獨孤永業,75
155090,王仁緒,155121,王寶倫,75
175763,王野父,155127,王廣業,75
175811,王季貞,155127,王廣業,75
177074,崔㥄,155651,崔休,75
177086,崔仲文,155651,崔休,75
177136,崔叔仁,155651,崔休,75
177165,崔子侃,155651,崔休,75
177169,崔子聿,155651,崔休,75
31479,于禮,155666,于謹,75
31480,于智,155666,于謹,75
31481,于紹,155666,于謹,75
31482,于弼,155666,于謹,75
155671,于寔,155666,于謹,75
177635,于翼,155666,于謹,75
193947,于簡,155666,于謹,75
193949,于廣,155666,于謹,75
31487,于仲文,155671,于寔,75
177561,于顗,155671,于寔,75
177571,于惲,155671,于寔,75
177574,于象賢,155671,于寔,75
189786,柳務,156042,柳敏,75
163133,李貞,156128,李乞豆,75
186958,李泠,156128,李乞豆,75
173609,李焕,156199,李虔,75
173628,李晧,156199,李虔,75
173636,李曉,156199,李虔,75
32754,李仲卿,156879,李希騫,75
151688,李元卿,156879,李希騫,75
156924,楊德立,156932,楊峻,75
173564,李脩年,157644,李瓚,75
179032,盧義僖,157670,盧敏,75
179138,盧義惇,157670,盧敏,75
179193,盧義安,157670,盧敏,75
154143,王鼒,157867,王裒,75
193614,王某,157867,王裒,75
157644,李瓚,158248,李韶,75
173398,李璵,158248,李韶,75
173411,李瑾,158248,李韶,75
187483,李仁鑒,158663,李神符,75
187486,李德懋,158663,李神符,75
31122,李昺,159808,李虎,75
32201,李亮,159808,李虎,75
160106,李禕,159808,李虎,75
186885,李延伯,159808,李虎,75
186886,李真,159808,李虎,75
186974,李岡,159808,李虎,75
187230,李璋,159808,李虎,75
187266,李繪,159808,李虎,75
32531,李叔良,160106,李禕,75
187297,李伯良,160106,李禕,75
187382,李仲良,160106,李禕,75
187384,李季良,160106,李禕,75
187385,李德良,160106,李禕,75
187395,李幼長,160106,李禕,75
160861,曹玉,160860,曹治,75
160862,曹長,160861,曹玉,75
30886,李密,161865,李寬,75
142214,某某,161868,某世冲(父),75
142217,高氏(高世達女),161872,高世達,75
142226,張娥子,161875,張定國,75
142227,囗諒,161877,某讓(某諒父),75
142229,李立言,161879,李綱,75
142233,耿士隆,161889,耿子相,75
142234,楊業洛,161893,楊買,75
142235,徐彪,161897,徐慶,75
142236,張秀,161900,張珍,75
142237,彭師德,161902,彭信,75
142240,宋行,161913,宋干,75
142242,竇娘子,161920,竇璨,75
142243,徐謩,161923,徐林卿,75
142244,趙隆,161926,趙景,75
142250,王靈仙,161932,王貴,75
142258,李紹,161937,李方元,75
142260,綦母氏(綦母賾女),161941,綦母賾,75
142263,某德備,161950,某恩武(某德備父),75
142265,楊十戒,161954,楊雄,75
142269,劉相,161961,劉藏,75
142273,薛賾,161965,薛寵,75
142275,李思摩,161968,阿史那咄陸設,75
192765,韋敻,161971,韋旭,75
192766,韋叔裕,161971,韋旭,75
142278,延陁氏(延陁區利支達官女),161979,延陁區利支達官,75
31778,竇榮定,161982,竇善,75
142383,馬叡,161990,馬騰,75
142384,楊敏,161994,楊誼,75
142387,劉文,162001,劉淵,75
142388,燕明,162004,燕胡,75
142411,王道仁,162018,王實,75
142412,牛秀,162023,牛漢,75
142416,宋舉,162041,宋悅,75
142422,董僧利,162053,董英,75
142423,趙寵,162056,趙遵,75
142425,韓素,162058,韓仁,75
142430,王恭,162063,王那仁,75
142434,王淨,162067,王通,75
142435,馬敏,162071,馬信,75
142439,高冏,162079,高瑗,75
142440,龍潤,162085,龍求真,75
142445,某某,162092,某雲(父),75
142447,皇甫滔,162100,皇甫澯,75
142448,夏侯絢,162102,夏侯誠,75
142449,某玉,162104,某珍(某玉父),75
142455,高善安,162113,高孝弁,75
142456,田玉,162115,田蘭,75
31440,唐邕,162122,唐靈芝,75
142459,唐儉,162124,唐鑒,75
142464,楊操,162128,楊達,75
142468,支隆,162134,支佰,75
142473,封深,162146,封璨,75
142477,姚才,162153,姚正,75
148978,蕭衍,162162,蕭順之,75
191373,蕭恢,162162,蕭順之,75
193969,蕭懿,162162,蕭順之,75
193970,蕭敷,162162,蕭順之,75
193971,蕭暢,162162,蕭順之,75
193972,蕭融,162162,蕭順之,75
193973,蕭宏,162162,蕭順之,75
193974,蕭偉,162162,蕭順之,75
193975,蕭秀,162162,蕭順之,75
193976,蕭憺,162162,蕭順之,75
142480,段文政,162173,段順,75
142481,孫弄珪,162179,孫穎,75
142482,魏倫,162182,魏元凱,75
142487,劉寬,162189,劉讓,75
142492,陶後興,162200,陶模,75
142493,王行,162204,王某(王行父),75
171350,劉通,162209,劉軫,75
142499,李棨,162221,李郎,75
142500,范澄,162225,范昌,75
142503,陽昕,162231,陽榮,75
142504,董氏(董恭女),162233,董恭,75
142505,高文,162236,高涘往,75
162238,郭徽,162237,郭智,75
181297,郭進,162237,郭智,75
162239,郭榮,162238,郭徽,75
181293,郭弘道,162238,郭徽,75
142506,郭敬善,162239,郭榮,75
181292,郭福善,162239,郭榮,75
142514,何光,162253,何嗣,75
142521,張楚賢,162265,張淵,75
142526,王氏(王靜女),162276,王靜,75
142537,杜博乂,162304,杜考普,75
142539,某貞,162309,某某(某貞父),75
142543,張某,162314,張裕,75
142551,梁延懷,162325,梁祐,75
146567,柳仲禮,162334,柳津,75
142555,柳鼓,162336,柳玄,75
142557,呂道,162340,呂珍,75
142558,鄭善,162344,鄭當,75
142559,趙仁表,162348,趙良,75
142562,程知節,162365,程婁,75
142565,徐氏(徐稱女),162372,徐稱,75
142566,溫濬,162373,溫椿某(溫濬父),75
142567,宋文矩,162376,宋士元,75
142571,史某,162397,史乂,75
142575,聿珪,162410,聿玄成,75
142580,張珪,162425,張游,75
142581,曹欽,162429,曹整,75
142587,崔穆,162447,崔樹,75
142590,張臣合,162450,張明達,75
142592,張威,162455,張岳,75
142598,李某基,162475,李嗣祜,75
142602,斛斯政則,162490,斛斯倫,75
174031,李山壽,162495,李道宗,75
142603,李釋,162497,李全壽,75
142605,孫建,162502,孫遷,75
142613,董滿,162518,董義,75
142623,左才,162543,左琛,75
142624,孫信,162546,孫亮,75
142676,元令仲,162563,元懷式,75
142632,李三娘,162565,李恭,75
142633,楊偘,162568,楊亮,75
142653,馬惲,162624,馬暉,75
142656,宋善至,162634,宋濤,75
142659,張琮,162645,張文,75
138766,王安,162673,王道,75
138794,劉氏(劉岡女),162676,張剛,75
139425,皇甫璧,162684,皇甫通,75
142677,趙欣,162708,趙逸,75
142678,能延褒,162712,能守素,75
162726,竇琮,162724,竇恭,75
172209,竇軌,162724,竇恭,75
162724,竇恭,162725,竇熾,75
172216,竇覽,162725,竇熾,75
172220,竇深,162725,竇熾,75
172228,竇嶷,162725,竇熾,75
172231,竇誼,162725,竇熾,75
172235,竇威,162725,竇熾,75
150341,劉會,162731,劉矜,75
142692,馮瓊,162772,馮菁,75
142693,某海,162777,某乞,75
142695,李相,162783,李阿相,75
142705,朱寶,162814,朱某,75
142712,張舉,162838,張遮,75
142713,格處仁,162843,格瓘,75
162855,薛孝通,162854,薛聰,75
162856,薛道衡,162855,薛孝通,75
180240,薛溫周,162855,薛孝通,75
18768,薛收,162856,薛道衡,75
142719,楊上,162872,楊暉,75
142720,王敬,162876,王貴,75
142728,劉珍,162907,劉彪,75
142731,呂眾,162918,呂安,75
142732,王林,162927,王嵩,75
142734,董師(董欽子),162941,董欽,75
162955,韋萬頃,162954,韋瓘,75
180859,韋仁基,162954,韋瓘,75
142742,崔拏,162963,崔琳,75
142749,任智才,162986,任大通,75
142758,孔業,163015,孔延,75
142778,薛君繡,163082,薛毅,75
142785,衛規,163124,衛孝則,75
163178,王令思,163177,王緝,75
163179,王元慎,163178,王令思,75
175305,李某,163286,李椿,75
142307,劉媚,163330,劉佺,75
142308,柳行滿,163334,柳㺹,75
31626,岑之象,163370,岑善方,75
173413,李元儉,163388,李蒨之,75
173437,李武卿,163388,李蒨之,75
145913,李義璋,163390,李玄成,75
163413,崔世立,163412,崔觖,75
177520,崔琬,163412,崔觖,75
177527,崔仁,163412,崔觖,75
178029,崔誠,163412,崔觖,75
177498,崔固儉,163413,崔世立,75
142351,李某,163511,李某,75
142879,萬願,163864,萬伯,75
33619,韋憬,164026,韋福嗣,75
174198,李式,164060,李順,75
174328,李弈,164060,李順,75
164178,唐安,164177,唐永,75
181822,唐瑾,164177,唐永,75
182616,唐陵,164177,唐永,75
33012,王顗,164581,王僧辯,75
175862,王頍,164581,王僧辯,75
165500,馬喬卿,165499,馬岫,75
151811,盧義恭,165721,盧愷,75
195441,盧義方,165721,盧愷,75
146111,李蕤,165894,李承,75
156199,李虔,165894,李承,75
158248,李韶,165894,李承,75
173578,李彥,165894,李承,75
169751,論尊,170235,論賛,75
95030,顏游秦,170237,顏之推,75
191921,顏敏楚,170237,顏之推,75
170229,郭澄,170490,郭昶,75
170521,楊燾運,170531,楊尚希,75
194384,楊壽旻,170531,楊尚希,75
164623,蔡衍,170533,蔡慈,75
156932,楊峻,170534,楊異,75
32974,令狐滔,170537,令狐虬,75
170538,令狐整,170537,令狐虬,75
184320,令狐某,170537,令狐虬,75
32968,令狐熙,170538,令狐整,75
170556,裴會,170555,裴景惠,75
170573,裴他,170555,裴景惠,75
170557,裴韜,170556,裴會,75
170558,裴融,170557,裴韜,75
31916,裴孝瑜,170558,裴融,75
150672,裴讓之,170573,裴他,75
170581,裴訥之,170573,裴他,75
170592,裴謁之,170573,裴他,75
170576,裴淨,170575,裴某,75
170577,裴綸,170575,裴某,75
150674,裴掞,170581,裴訥之,75
170583,裴某,170581,裴訥之,75
170587,裴矩,170581,裴訥之,75
170584,裴某,170583,裴某,75
170588,裴宣機,170587,裴矩,75
170589,裴奉高,170587,裴矩,75
170591,裴善昌,170587,裴矩,75
170593,裴通,170592,裴謁之,75
170594,裴某,170593,裴通,75
170597,裴安祖,170596,裴天恩,75
170624,裴祖思,170596,裴天恩,75
170632,裴祖愛,170596,裴天恩,75
170598,裴思濟,170597,裴安祖,75
170616,裴幼雋,170597,裴安祖,75
170619,裴慶升,170597,裴安祖,75
170599,裴宗賢,170598,裴思濟,75
170600,裴錯,170599,裴宗賢,75
170617,裴某,170616,裴幼雋,75
170618,裴處晞,170617,裴某,75
170620,裴某,170619,裴慶升,75
170621,裴某,170620,裴某,75
170625,裴仲初,170624,裴祖思,75
170626,裴昶,170625,裴仲初,75
170627,裴某,170626,裴昶,75
170633,裴義同,170632,裴祖愛,75
170634,裴倫,170633,裴義同,75
170641,裴翼,170633,裴義同,75
170646,裴道玄,170633,裴義同,75
31894,裴大同,170634,裴倫,75
170642,裴某,170641,裴翼,75
170647,裴某,170646,裴道玄,75
170653,裴智深,170652,裴天壽,75
170654,裴襲,170653,裴智深,75
170673,裴述,170653,裴智深,75
170684,裴英,170653,裴智深,75
170655,裴叔騰,170654,裴襲,75
170656,裴某,170655,裴叔騰,75
170657,裴善政,170656,裴某,75
170674,裴某,170673,裴述,75
170675,裴士衡,170674,裴某,75
170680,裴士勣,170674,裴某,75
170676,裴某,170675,裴士衡,75
170681,裴某,170680,裴士勣,75
32183,裴兢,170684,裴英,75
170685,裴元,170684,裴英,75
170686,裴彥,170684,裴英,75
170687,裴通,170686,裴彥,75
170688,裴弘策,170687,裴通,75
170706,裴善文,170687,裴通,75
170726,裴譚,170725,裴蒨之,75
170727,裴測,170726,裴譚,75
170728,裴某,170726,裴譚,75
170729,裴某,170728,裴某,75
170735,裴某,170734,裴簡之,75
170736,裴景,170735,裴某,75
31922,裴正,170736,裴景,75
170907,裴保歡,170906,裴萬虎,75
170921,裴大醜,170906,裴萬虎,75
170908,裴良,170907,裴保歡,75
170909,裴子通,170908,裴良,75
170914,裴叔祉,170908,裴良,75
170910,裴某,170909,裴子通,75
170911,裴某,170910,裴某,75
170912,裴敬彝,170911,裴某,75
170913,裴錫,170912,裴敬彝,75
170915,裴子闡,170914,裴叔祉,75
170916,裴某,170915,裴子闡,75
170917,裴某,170916,裴某,75
170918,裴元質,170917,裴某,75
170919,裴某,170918,裴元質,75
170922,裴某,170921,裴大醜,75
170923,裴慶孫,170922,裴某,75
170924,裴子瑩,170923,裴慶孫,75
170925,裴受,170924,裴子瑩,75
170926,裴宣明,170925,裴受,75
170927,裴景鸞,170926,裴宣明,75
170933,裴景鴻,170926,裴宣明,75
170928,裴文端,170927,裴景鸞,75
170934,裴叔卿,170933,裴景鴻,75
170949,裴秀業,170948,裴雙虎,75
170966,裴惠秀,170948,裴雙虎,75
170950,裴邃,170949,裴秀業,75
146041,裴璣,170950,裴邃,75
170951,裴文舉,170950,裴邃,75
146042,裴休義,170951,裴文舉,75
170952,裴冑,170951,裴文舉,75
170953,裴神,170952,裴冑,75
170960,裴某,170959,裴某,75
170967,裴嵩壽,170966,裴惠秀,75
170968,裴伯鳳,170967,裴嵩壽,75
154967,裴德超,170968,裴伯鳳,75
170969,裴定高,170968,裴伯鳳,75
171005,裴文德,171004,裴三虎,75
171029,裴嵩仁,171004,裴三虎,75
171044,裴桃弓,171004,裴三虎,75
171006,裴軌,171005,裴文德,75
171007,裴瑾,171006,裴軌,75
171012,裴子瑜,171006,裴軌,75
171017,裴景深,171006,裴軌,75
171008,裴某,171007,裴瑾,75
171009,裴某,171008,裴某,75
171010,裴某,171009,裴某,75
171013,裴某,171012,裴子瑜,75
171014,裴某,171013,裴某,75
171015,裴某,171014,裴某,75
171018,裴著,171017,裴景深,75
171019,裴世清,171018,裴著,75
171020,裴嘉陵,171019,裴世清,75
171021,裴某,171019,裴世清,75
171030,裴某,171029,裴嵩仁,75
171031,裴某,171030,裴某,75
171032,裴耀之,171031,裴某,75
171033,裴安石,171032,裴耀之,75
194368,裴義實,171033,裴安石,75
171045,裴夙,171044,裴桃弓,75
171046,裴鑒,171045,裴夙,75
171047,裴澤,171046,裴鑒,75
171048,裴祥,171047,裴澤,75
171049,裴某,171048,裴祥,75
171054,裴揔,171053,裴訢,75
171055,裴某,171053,裴訢,75
171056,裴世節,171055,裴某,75
151586,裴尼,171095,裴澄,75
171096,裴景漢,171095,裴澄,75
31976,裴文度,171096,裴景漢,75
31977,裴鏡民,171096,裴景漢,75
171204,裴巨源,171161,裴之爽,75
171206,裴稚珪,171161,裴之爽,75
171322,裴某,171321,裴欣敬,75
171323,裴某,171322,裴某,75
32664,裴魯師,171323,裴某,75
171348,劉慶,171347,劉敏,75
171387,劉軌,171347,劉敏,75
171391,劉僧利,171347,劉敏,75
162209,劉軫,171348,劉慶,75
171379,劉德智,171350,劉通,75
171388,劉某,171387,劉軌,75
171389,劉權,171388,劉某,75
171390,劉澈,171389,劉權,75
171392,劉世明,171391,劉僧利,75
171393,劉偉,171392,劉世明,75
171394,劉瑗,171393,劉偉,75
171409,劉珉,171393,劉偉,75
151784,劉行之,171394,劉瑗,75
171395,劉胤之,171394,劉瑗,75
31720,劉務本,171409,劉珉,75
20310,劉昭,171444,劉懿,75
171451,劉能,171450,劉通,75
171452,劉熾,171451,劉能,75
171453,劉子威,171452,劉熾,75
171469,劉之遴,171468,劉虬,75
171470,劉某,171469,劉之遴,75
171471,劉某,171470,劉某,75
171472,劉洎,171471,劉某,75
162731,劉矜,171478,劉藻,75
20211,劉坦,171634,劉仕雋,75
171661,蕭引,171660,蕭介,75
31935,蕭德言,171661,蕭引,75
171672,蕭某,171671,蕭歡,75
171673,蕭某,171672,蕭某,75
171757,竇洪景,171756,竇甝,75
171758,竇儼,171757,竇洪景,75
171762,竇照,171761,竇毅,75
172014,竇文殊,171761,竇毅,75
172015,竇招賢,171761,竇毅,75
171763,竇彥,171762,竇照,75
171764,竇德明,171763,竇彥,75
171767,竇德素,171763,竇彥,75
171826,竇德冲,171763,竇彥,75
171896,竇德玄,171763,竇彥,75
171960,竇德遠,171763,竇彥,75
171972,竇德洽,171763,竇彥,75
171756,竇甝,171835,竇岳,75
171761,竇毅,171835,竇岳,75
172016,竇孝宣,172015,竇招賢,75
172017,竇紹宣,172015,竇招賢,75
172089,竇鳳宣,172015,竇招賢,75
172194,竇智純,172193,竇慶,75
172195,竇智弘,172193,竇慶,75
172203,竇智圓,172193,竇慶,75
172205,竇普行,172204,竇璡,75
172217,竇某,172216,竇覽,75
172221,竇襲,172220,竇深,75
172229,竇某,172228,竇嶷,75
172232,竇某,172231,竇誼,75
172236,竇惲,172235,竇威,75
172265,陳曇倩,172264,陳談先,75
21304,陳伯信,172265,陳曇倩,75
149510,陳伯謀,172265,陳曇倩,75
149670,陳伯義,172265,陳曇倩,75
172266,陳伯山,172265,陳曇倩,75
172271,陳伯固,172265,陳曇倩,75
172273,陳伯仁,172265,陳曇倩,75
172267,陳君範,172266,陳伯山,75
172268,陳君通,172266,陳伯山,75
172270,陳君賓,172266,陳伯山,75
172272,陳願,172271,陳伯固,75
172274,陳蕃,172273,陳伯仁,75
172275,陳某,172273,陳伯仁,75
172355,封寶蓋,172354,封子繪,75
172356,封某,172354,封子繪,75
172374,封孝琬,172373,封興之,75
172375,封孝琰,172373,封興之,75
172380,封孝璋,172373,封興之,75
172376,封君確,172375,封孝琰,75
172377,封君靜,172375,封孝琰,75
172378,封君嚴,172375,封孝琰,75
172379,封君贊,172375,封孝琰,75
172381,封君誕,172380,封孝璋,75
172386,封君夷,172380,封孝璋,75
172382,封某,172381,封君誕,75
151100,封道弘,172386,封君夷,75
172414,楊謇,172413,楊惠嘏,75
172426,楊烈,172413,楊惠嘏,75
172415,楊鍾馗,172414,楊謇,75
172416,楊處綱,172415,楊鍾馗,75
172425,楊處樂,172415,楊鍾馗,75
172417,楊元景,172416,楊處綱,75
172418,楊元珙,172416,楊處綱,75
172420,楊元約,172416,楊處綱,75
172419,楊君操,172418,楊元珙,75
172421,楊諲,172420,楊元約,75
172422,楊孚,172421,楊諲,75
172427,楊禎,172426,楊烈,75
172428,楊忠,172427,楊禎,75
172429,楊堅,172428,楊忠,75
172430,楊廣,172429,楊堅,75
32210,楊昭,172430,楊廣,75
32555,楊暕,172430,楊廣,75
172452,楊定,172451,楊國,75
172453,楊紹,172452,楊定,75
31167,楊士雄,172453,楊紹,75
31432,楊士貴,172453,楊紹,75
172542,楊達,172453,楊紹,75
172561,楊白澤,172453,楊紹,75
31209,楊緘,172542,楊達,75
194383,楊則,172542,楊達,75
172562,楊孝義,172561,楊白澤,75
172566,楊知敬,172561,楊白澤,75
172567,楊孝仁,172561,楊白澤,75
172572,楊真,172571,楊珍,75
172573,楊懿,172572,楊真,75
172574,楊順,172573,楊懿,75
172593,楊津,172573,楊懿,75
146967,楊琛,172574,楊順,75
172594,楊愔,172593,楊津,75
172598,楊暐,172593,楊津,75
172599,楊岐,172593,楊津,75
172595,楊某,172594,楊愔,75
32329,楊行表,172599,楊岐,75
172624,楊暄,172623,楊鈞,75
172658,楊儉,172623,楊鈞,75
172789,楊寬,172623,楊鈞,75
172625,楊敷,172624,楊暄,75
22491,楊約,172625,楊敷,75
172626,楊素,172625,楊敷,75
172648,楊慎,172625,楊敷,75
172649,楊岳,172625,楊敷,75
22557,楊文昇,172658,楊儉,75
22571,楊文偉,172658,楊儉,75
172675,楊文异,172658,楊儉,75
172676,楊安仁,172675,楊文异,75
172747,楊虔遜,172675,楊文异,75
156924,楊德立,172676,楊安仁,75
172790,楊文紀,172789,楊寬,75
172791,楊孝湛,172790,楊文紀,75
172793,楊孝儼,172790,楊文紀,75
172820,楊孝怡,172790,楊文紀,75
172823,高顥,172822,高和璧,75
172824,高德政,172823,高顥,75
150443,高伯堅,172824,高德政,75
172840,高石安,172839,高振,75
172843,高表,172839,高振,75
172841,高志廉,172840,高石安,75
172842,高正臣,172841,高志廉,75
172844,高衡,172843,高表,75
172845,高元道,172844,高衡,75
172846,高仲仁,172844,高衡,75
172849,高季通,172844,高衡,75
172850,高馮,172844,高衡,75
172847,高某,172846,高仲仁,75
172851,高正業,172850,高馮,75
172853,高謐,172852,高湖,75
172854,高樹生,172853,高謐,75
172868,高飜,172853,高謐,75
172855,高歡,172854,高樹生,75
172861,高琛,172854,高樹生,75
172856,高廓,172855,高歡,75
172857,高某,172856,高廓,75
172862,高叡,172861,高琛,75
172863,高正初,172862,高叡,75
152203,高岳,172868,高飜,75
172871,高士寧,172870,高勱,75
172876,高宗儉,172870,高勱,75
172955,房某,172954,房倫,75
172956,房謨,172955,房某,75
173091,房巖,172955,房某,75
17134,房恭懿,172956,房謨,75
172957,房廣深,172956,房謨,75
173058,杜德裕,173057,杜景恭,75
173092,房某,173091,房巖,75
173104,宇文瑋,173103,宇文賢,75
173105,宇文弼,173104,宇文瑋,75
173118,宇文歸,173117,宇文盛,75
173124,宇文述,173117,宇文盛,75
173129,宇文靜,173117,宇文盛,75
173119,宇文定及,173118,宇文歸,75
173125,宇文智及,173124,宇文述,75
173126,宇文化及,173124,宇文述,75
173127,宇文士及,173124,宇文述,75
173130,宇文福及,173129,宇文靜,75
31070,長孫覽,173138,長孫紹遠,75
31064,長孫熾,173161,長孫兕,75
31065,長孫晟,173161,長孫兕,75
173162,長孫敞,173161,長孫兕,75
173231,長孫義莊,173161,長孫兕,75
173057,杜景恭,173277,杜顒,75
173278,杜景仲,173277,杜顒,75
173287,杜景秀,173277,杜顒,75
173279,杜整,173278,杜景仲,75
22624,杜遜,173287,杜景秀,75
32485,杜懿,173287,杜景秀,75
92838,杜正倫,173306,杜子裕,75
173307,杜正玄,173306,杜子裕,75
173308,杜正藏,173306,杜子裕,75
173327,杜正儀,173306,杜子裕,75
173328,杜正德,173306,杜子裕,75
173330,杜伽,173329,杜亮,75
32680,杜保,173330,杜伽,75
173365,李某,173364,李豫,75
173366,李琰之,173365,李某,75
173367,李剛,173366,李琰之,75
173390,李慧,173366,李琰之,75
31126,李充節,173367,李剛,75
31127,李充信,173367,李剛,75
31129,李充穎,173367,李剛,75
173391,李充弼,173390,李慧,75
173392,李嘉,173391,李充弼,75
173395,李文楷,173391,李充弼,75
173399,李某,173398,李璵,75
173400,李某,173399,李某,75
32735,李行之,173411,李瑾,75
163388,李蒨之,173411,李瑾,75
173533,李疑之,173411,李瑾,75
195486,李產之,173411,李瑾,75
163390,李玄成,173413,李元儉,75
173438,李玄德,173437,李武卿,75
173534,李君志,173533,李疑之,75
173535,李君範,173533,李疑之,75
173542,李君徹,173533,李疑之,75
173546,李君可,173533,李疑之,75
173547,李君异,173533,李疑之,75
173555,李君德,173533,李疑之,75
173556,李君平,173533,李疑之,75
173536,李孝深,173535,李君範,75
173543,李某,173542,李君徹,75
155182,李稚川,173547,李君异,75
173557,李某,173556,李君平,75
173565,李某,173564,李脩年,75
173579,李燮,173578,李彥,75
173587,李爽,173578,李彥,75
173580,李士萬,173579,李燮,75
173581,李某,173580,李士萬,75
173588,李元相,173587,李爽,75
173600,李伏陁,173587,李爽,75
173589,李某,173588,李元相,75
173601,李某,173600,李伏陁,75
173610,李裒,173609,李焕,75
173611,李某,173610,李裒,75
173629,李士操,173628,李晧,75
138893,李君絢,173629,李士操,75
173630,李某,173629,李士操,75
173637,李超,173636,李曉,75
173680,李季遠,173636,李曉,75
173638,李大師,173637,李超,75
173652,李行師,173637,李超,75
173682,李某,173681,李某,75
173683,李某,173682,李某,75
173686,李權,173685,李文度,75
173687,李崇義,173686,李權,75
148354,李偉節,173687,李崇義,75
173688,李詮,173687,李崇義,75
31311,李正明,173688,李詮,75
31312,李靖,173688,李詮,75
31313,李客師,173688,李詮,75
173689,李藥王,173688,李詮,75
173761,李紹,173760,李真,75
145763,李稚廉,173761,李紹,75
173762,李義深,173761,李紹,75
173763,李陶駼,173762,李義深,75
173764,李政藻,173763,李陶駼,75
173772,李政起,173763,李陶駼,75
173782,李政期,173763,李陶駼,75
173817,李某,173816,李融,75
173818,李蘭集,173817,李某,75
173819,李某,173818,李蘭集,75
173820,李某,173819,李某,75
173836,李顯達,173835,李續,75
173837,李遷,173836,李顯達,75
173838,李孝卿,173837,李遷,75
173866,李靈,173865,李勰,75
174026,李均,173865,李勰,75
173867,李恢,173866,李靈,75
173996,李綜,173866,李靈,75
173868,李悅祖,173867,李恢,75
173889,李華,173867,李恢,75
173869,李瑾,173868,李悅祖,75
173870,李子服,173869,李瑾,75
173875,李敬叔,173869,李瑾,75
173884,李子智,173869,李瑾,75
173871,李伏惠,173870,李子服,75
173872,李世起,173871,李伏惠,75
173876,李君昂,173875,李敬叔,75
173882,李君素,173875,李敬叔,75
173883,李君節,173875,李敬叔,75
173877,李仁方,173876,李君昂,75
173880,李仁則,173876,李君昂,75
173881,李仁表,173876,李君昂,75
173885,李孝儼,173884,李子智,75
173886,李文幹,173885,李孝儼,75
173890,李敬義,173889,李華,75
32455,李仲通,173890,李敬義,75
173979,李延世,173890,李敬義,75
173973,李知約,173972,李孝徹,75
173980,李子真,173979,李延世,75
173985,李子遠,173979,李延世,75
173981,李長卿,173980,李子真,75
173984,李喬卿,173980,李子真,75
173986,李君信,173985,李子遠,75
173988,李君壽,173985,李子遠,75
173990,李君武,173985,李子遠,75
173997,李遵,173996,李綜,75
173998,李渾,173997,李遵,75
174016,李繪,173997,李遵,75
174022,李緯,173997,李遵,75
173999,李汪,173998,李渾,75
174000,李國寶,173999,李汪,75
174001,李世寶,173999,李汪,75
174011,李人寶,173999,李汪,75
174002,李友益,174001,李世寶,75
174008,李智積,174001,李世寶,75
174012,李損之,174011,李人寶,75
174017,李君章,174016,李繪,75
174018,李師表,174017,李君章,75
174019,李挺立,174018,李師表,75
174023,李立言,174022,李緯,75
174024,李納義,174023,李立言,75
174025,李常,174024,李納義,75
174027,李璨,174026,李均,75
174028,李元茂,174027,李璨,75
174047,李宣茂,174027,李璨,75
174154,李叔胤,174027,李璨,75
174180,李仲胤,174027,李璨,75
174029,李子雲,174028,李元茂,75
162495,李道宗,174029,李子雲,75
174032,李仁則,174031,李山壽,75
174033,李文尚,174031,李山壽,75
174036,李仁贍,174031,李山壽,75
174042,李全壽,174031,李山壽,75
174048,李籍之,174047,李宣茂,75
174133,李志之,174047,李宣茂,75
174143,李粹之,174047,李宣茂,75
174049,李徹,174048,李籍之,75
174128,李逖,174048,李籍之,75
174131,李㮣,174048,李籍之,75
153784,李純,174049,李徹,75
174114,李公緒,174049,李徹,75
174115,李少連,174114,李公緒,75
174129,李賢,174128,李逖,75
174130,李莊生,174128,李逖,75
174132,李山圖,174131,李㮣,75
174134,李璡,174133,李志之,75
174141,李季璵,174133,李志之,75
174142,李季略,174133,李志之,75
174135,李公節,174134,李璡,75
174136,李行詡,174135,李公節,75
174138,李行禮,174135,李公節,75
174139,李行純,174135,李公節,75
174140,李行指,174135,李公節,75
174144,李士高,174143,李粹之,75
174150,李士儀,174143,李粹之,75
174151,李士章,174143,李粹之,75
174152,李士政,174143,李粹之,75
174153,李士達,174143,李粹之,75
174145,李公俊,174144,李士高,75
174147,李公嗣,174144,李士高,75
174146,李輔仁,174145,李公俊,75
174148,李輔義,174147,李公嗣,75
174149,李輔智,174147,李公嗣,75
146120,李弼,174154,李叔胤,75
174174,李翼,174154,李叔胤,75
174156,李孝慈,174155,李士瑜,75
174157,李德源,174156,李孝慈,75
174160,李德逸,174156,李孝慈,75
174163,李祖忽,174162,李士瓘,75
174164,李仲忽,174162,李士瓘,75
174165,李師信,174164,李仲忽,75
174175,李幼達,174174,李翼,75
174176,李積善,174175,李幼達,75
174178,李昭善,174175,李幼達,75
174179,李萬善,174175,李幼達,75
174177,李玄恭,174176,李積善,75
174181,李敦,174180,李仲胤,75
174182,李述,174181,李敦,75
174191,李固,174181,李敦,75
174183,李善慶,174182,李述,75
174187,李仁元,174182,李述,75
174188,李善昌,174182,李述,75
174184,李行充,174183,李善慶,75
174185,李全節,174183,李善慶,75
174189,李玄紀,174188,李善昌,75
174190,李玄明,174188,李善昌,75
174192,李多能,174191,李固,75
174193,李客師,174192,李多能,75
174194,李某,174192,李多能,75
164060,李順,174196,李系,75
174991,李脩基,174196,李系,75
146112,李憲,174198,李式,75
145764,李祖牧,174199,李希遠,75
174201,李胤卿,174200,李君榮,75
174204,李師大,174203,李君弘,75
174206,李師稚,174203,李君弘,75
174210,李師仲,174203,李君弘,75
174211,李閑善,174203,李君弘,75
174212,李收善,174203,李君弘,75
174213,李惠善,174203,李君弘,75
174216,李玄度,174215,李君華,75
174217,李光悅,174215,李君華,75
174221,李嘉璧,174215,李君華,75
174224,李玄惲,174215,李君華,75
174229,李德璉,174228,李祖昇,75
145762,李難勝,174260,李祖勳,75
174261,李德璋,174260,李祖勳,75
174265,李德瑞,174264,李祖訥,75
174271,李德?,174264,李祖訥,75
174272,李德珽,174264,李祖訥,75
174277,李德珪,174276,李祖揖,75
174329,李慶業,174328,李弈,75
151477,李希仁,174329,李慶業,75
156879,李希騫,174329,李慶業,75
174330,李祖稱,174329,李慶業,75
174331,李孝深,174330,李祖稱,75
174678,李壽王,174677,李孝俊,75
174682,李勤王,174677,李孝俊,75
174700,李覲王,174677,李孝俊,75
174709,李贊王,174677,李孝俊,75
174992,李羨策,174991,李脩基,75
175030,李研,174991,李脩基,75
174993,李鴻鸞,174992,李羨策,75
174994,李士永,174993,李鴻鸞,75
175020,李士安,174993,李鴻鸞,75
175021,李士儁,174993,李鴻鸞,75
175022,李叔綦,174993,李鴻鸞,75
174995,李希寔,174994,李士永,75
175007,李希傑,174994,李士永,75
175009,李希彥,174994,李士永,75
175017,李希猷,174994,李士永,75
174996,李孝通,174995,李希寔,75
175008,李仲德,175007,李希傑,75
175010,李道常,175009,李希彥,75
175014,李德珪,175009,李希彥,75
175015,李義珪,175009,李希彥,75
175016,李信璋,175009,李希彥,75
175018,李元素,175017,李希猷,75
175023,李希文,175022,李叔綦,75
175031,李元則,175030,李研,75
175032,李文殊,175031,李元則,75
175037,李孝叡,175031,李元則,75
175033,李德潤,175032,李文殊,75
175034,李彥雲,175033,李德潤,75
175038,李德延,175037,李孝叡,75
175045,李德義,175037,李孝叡,75
175039,李治端,175038,李德延,75
175044,李治高,175038,李德延,75
175046,李鏡,175045,李德義,75
175047,李素民,175045,李德義,75
175049,李祥,175048,李曾,75
175060,李孝伯,175048,李曾,75
175050,李安世,175049,李祥,75
175051,李瑒,175050,李安世,75
175052,李撝,175051,李瑒,75
175053,李君正,175052,李撝,75
175056,李君偉,175052,李撝,75
175059,李君游,175052,李撝,75
175054,李志道,175053,李君正,75
175057,李陳師,175056,李君偉,75
175061,李豹子,175060,李孝伯,75
175062,李叔讓,175061,李豹子,75
175063,李孝緒,175062,李叔讓,75
175115,李孝約,175062,李叔讓,75
175119,李孝純,175062,李叔讓,75
175064,李延壽,175063,李孝緒,75
175065,李璣衡,175064,李延壽,75
175116,李子行,175115,李孝約,75
175117,李玫,175116,李子行,75
175120,李子廉,175119,李孝純,75
175121,李瓌,175120,李子廉,75
175134,李纘,175133,李盛,75
175183,李襲,175133,李盛,75
175135,李延,175134,李纘,75
175177,李休,175134,李纘,75
175136,李建,175135,李延,75
175147,李連,175135,李延,75
175159,李龜,175135,李延,75
175137,李某,175136,李建,75
175138,李某,175137,李某,75
175139,李某,175138,李某,75
175148,李搏,175138,李某,75
150692,李放之,175139,李某,75
31597,李惠明,175148,李搏,75
175160,李鳳林,175159,李龜,75
175167,李秀林,175159,李龜,75
175161,李裔,175160,李鳳林,75
149292,李子雄,175161,李裔,75
175168,李伯茂,175167,李秀林,75
175169,李某,175168,李伯茂,75
175170,李某,175169,李某,75
175178,李詵,175177,李休,75
175179,李某,175178,李詵,75
175180,李某,175179,李某,75
175184,李閣,175183,李襲,75
175185,李傑,175184,李閣,75
175198,李侔,175184,李閣,75
175186,李某,175185,李傑,75
175187,李某,175186,李某,75
175199,李某,175198,李侔,75
175200,李恃顯,175199,李某,75
175201,李恃和,175199,李某,75
175207,李謀,175206,李隆,75
175208,李昞,175207,李謀,75
175230,李某,175207,李謀,75
175209,李伯膺,175208,李昞,75
151906,李蓐,175209,李伯膺,75
175231,李元稱,175230,李某,75
175232,李某,175231,李元稱,75
175233,李孝恭,175232,李某,75
175234,李懷柔,175233,李孝恭,75
175238,李懷宗,175233,李孝恭,75
175260,李宣,175259,李根,75
175261,李貴,175260,李宣,75
175262,李永,175261,李貴,75
175263,李弼,175262,李永,75
163286,李椿,175263,李弼,75
175264,李耀,175263,李弼,75
175276,李暉,175263,李弼,75
175277,李安,175263,李弼,75
175278,李衍,175263,李弼,75
175295,李綸,175263,李弼,75
175303,李晏,175263,李弼,75
161865,李寬,175264,李耀,75
175269,李偉,175264,李耀,75
175296,李長,175295,李綸,75
175297,李稚,175295,李綸,75
175298,李某,175295,李綸,75
92899,李百藥,175331,李德林,75
175644,王方誕,175643,王弘仁,75
175645,王方寔,175643,王弘仁,75
175647,王方諝,175646,王弘義,75
175661,王方壽,175660,王弘藝,75
152187,王續,175662,王猛,75
175663,王繕,175662,王猛,75
175664,王纊,175662,王猛,75
152188,王德儉,175664,王纊,75
175699,王長明,175698,王遵業,75
175700,王松年,175698,王遵業,75
175701,王邵,175700,王松年,75
175745,王規,175700,王松年,75
175761,王柬,175700,王松年,75
175702,王孝京,175701,王邵,75
175744,王孝柔,175701,王邵,75
175746,王大觀,175745,王規,75
175757,王元方,175745,王規,75
151070,王君儒,175763,王野父,75
175778,王友札,175763,王野父,75
175801,王師丘,175763,王野父,75
154278,王道質,175801,王師丘,75
155121,王寶倫,175811,王季貞,75
164581,王僧辯,175838,王神念,75
175698,王遵業,175838,王神念,75
175866,王僧修,175838,王神念,75
175863,王遵,175862,王頍,75
175867,王景孝,175866,王僧修,75
175884,王某,175883,王某,75
175885,王某,175884,王某,75
175886,王某,175885,王某,75
175897,王襲,175896,王叡,75
175898,王忻,175897,王襲,75
150802,王子景,175898,王忻,75
175906,王真,175898,王忻,75
175928,王慶遠,175927,王羆,75
175937,王明遠,175927,王羆,75
175929,王述,175928,王慶遠,75
175938,王壽,175937,王明遠,75
155856,魏乂,175981,魏士廓,75
176005,魏釗,176004,魏彥,75
176006,魏伯胤,176005,魏釗,75
176007,魏長賢,176005,魏釗,75
176025,魏德振,176005,魏釗,75
15610,魏徵,176007,魏長賢,75
150721,溫大雅,176039,温君攸,75
176048,温彥博,176039,温君攸,75
176071,温彥將,176039,温君攸,75
176049,溫振,176048,温彥博,75
176066,温挺,176048,温彥博,75
176072,温瓚,176071,温彥將,75
176076,温瑜,176071,温彥將,75
176077,温瑾,176071,温彥將,75
176078,温璩,176071,温彥將,75
176093,侯某,176092,侯植,75
176142,張弘籍,176141,張穆之,75
176143,張纘,176142,張弘籍,75
176148,張弘策,176147,張安之,75
176149,張紑,176148,張弘策,75
152597,張則,176149,張紑,75
176159,張洛,176158,張弋,75
12369,張君政,176190,張守禮,75
33091,張冲,176627,張紹,75
176654,張始均,176653,張彝,75
176655,張晏之,176654,張始均,75
12404,張虔威,176655,張晏之,75
12405,張虔雄,176655,張晏之,75
176699,張祖政,176698,張惠瑤,75
176701,張祖令,176698,張惠瑤,75
176706,張某,176705,張惠珍,75
20678,馬瑗,176818,馬暹,75
176828,褚炫,176827,褚法顯,75
176829,褚漢,176828,褚炫,75
176830,褚象,176829,褚漢,75
176831,褚玠,176830,褚象,75
30936,褚亮,176831,褚玠,75
176861,崔暹,176860,崔蔚,75
176875,崔幼,176860,崔蔚,75
176862,崔瓚,176861,崔暹,75
176868,崔慶賓,176861,崔暹,75
176863,崔茂,176862,崔瓚,75
176864,崔某,176862,崔瓚,75
176869,崔某,176868,崔慶賓,75
150265,崔彥穆,176875,崔幼,75
176876,崔彥珍,176875,崔幼,75
176883,崔景茂,176875,崔幼,75
176889,崔彥璋,176875,崔幼,75
176909,崔彥昇,176875,崔幼,75
176877,崔某,176876,崔彥珍,75
176884,崔士憲,176883,崔景茂,75
176890,崔某,176889,崔彥璋,75
151969,崔公禮,176890,崔某,75
150053,崔至仁,176909,崔彥昇,75
176913,崔某,176912,崔彧,75
176914,崔子今,176913,崔某,75
150992,崔樞,176914,崔子今,75
177043,崔撫,177042,崔遵,75
177044,崔羣,177043,崔撫,75
177045,崔稜,177044,崔羣,75
177046,崔君摸,177045,崔稜,75
177049,崔君操,177045,崔稜,75
177075,崔瞻,177074,崔㥄,75
177087,崔{亻鹿},177086,崔仲文,75
158254,崔世濟,177087,崔{亻鹿},75
177137,崔挺,177136,崔叔仁,75
177148,崔彥武,177136,崔叔仁,75
177138,崔某,177137,崔挺,75
177149,崔正辨,177148,崔彥武,75
177166,崔某,177165,崔子侃,75
177170,崔求言,177169,崔子聿,75
177172,崔張蒼,177169,崔子聿,75
177183,崔世瑛,177182,崔子令,75
177184,崔某,177182,崔子令,75
177185,崔某,177184,崔某,75
177344,崔元孫,177343,崔脩之,75
177375,崔幼孫,177343,崔脩之,75
177345,崔亮,177344,崔元孫,75
177354,崔敬默,177344,崔元孫,75
177346,崔士泰,177345,崔亮,75
177347,崔肇師,177346,崔士泰,75
177348,崔某,177347,崔肇師,75
177349,崔道淹,177348,崔某,75
177355,崔思韶,177354,崔敬默,75
177356,崔某,177355,崔思韶,75
177357,崔子布,177356,崔某,75
177363,崔子治,177356,崔某,75
177365,崔子叶,177356,崔某,75
177358,崔某,177357,崔子布,75
177364,崔弘道,177363,崔子治,75
177366,崔某,177365,崔子叶,75
177376,崔光伯,177375,崔幼孫,75
177377,崔淊,177376,崔光伯,75
177378,崔某,177377,崔淊,75
177379,崔信明,177378,崔某,75
177380,崔冬日,177379,崔信明,75
177382,崔僧淵,177381,崔目連,75
177383,崔某,177382,崔僧淵,75
177446,崔伯謙,177445,崔當,75
177696,崔仲讓,177445,崔當,75
177709,崔叔仁,177445,崔當,75
177447,崔淵,177446,崔伯謙,75
177448,崔綜,177447,崔淵,75
154187,崔行功,177448,崔綜,75
177491,崔行簡,177448,崔綜,75
177693,崔行真,177448,崔綜,75
177521,崔載,177520,崔琬,75
177522,崔某,177520,崔琬,75
177528,崔某,177527,崔仁,75
177531,崔鴻翻,177530,崔融,75
177549,崔鳳舉,177530,崔融,75
177532,崔祖仁,177531,崔鴻翻,75
177536,崔祖俠,177531,崔鴻翻,75
177550,崔某,177549,崔鳳舉,75
177551,崔某,177550,崔某,75
177557,崔某,177556,崔約,75
177558,崔某,177557,崔某,75
177559,崔智辨,177558,崔某,75
33081,于筠,177635,于翼,75
177636,于璽,177635,于翼,75
177640,于詮,177635,于翼,75
177637,于志本,177636,于璽,75
177638,于某,177636,于璽,75
177641,于某,177640,于詮,75
193916,于文雅,177640,于詮,75
177697,崔某,177696,崔仲讓,75
31947,崔鳳舉,177697,崔某,75
177698,崔鳳林,177697,崔某,75
177699,崔從俗,177698,崔鳳林,75
177710,崔某,177709,崔叔仁,75
177711,崔元嗣,177710,崔某,75
177725,崔某,177724,崔子信,75
32107,崔君昇,177727,崔仲琰,75
177773,崔仲業,177772,崔書,75
177781,崔叔業,177772,崔書,75
145767,崔幼妃,177785,崔楷,75
177786,崔士元,177785,崔楷,75
177800,崔士謙,177785,崔楷,75
177875,崔說,177785,崔楷,75
177918,崔士順,177785,崔楷,75
177787,崔育王,177786,崔士元,75
177789,崔勵德,177786,崔士元,75
177788,崔蔚,177787,崔育王,75
177790,崔某,177789,崔勵德,75
32686,崔彭,177800,崔士謙,75
154507,崔曠,177800,崔士謙,75
177868,崔曄,177800,崔士謙,75
145916,崔忠,177868,崔曄,75
177869,崔某,177868,崔曄,75
32211,崔弘度,177875,崔說,75
32212,崔弘昇,177875,崔說,75
32213,崔弘峻,177875,崔說,75
153041,崔弘壽,177875,崔說,75
177915,崔弘正,177875,崔說,75
177916,崔弘舟,177875,崔說,75
177917,崔璡,177916,崔弘舟,75
177919,崔某,177918,崔士順,75
177920,崔某,177919,崔某,75
177927,崔孝芬,177926,崔挺,75
177996,崔孝暐,177926,崔挺,75
177928,崔勉,177927,崔孝芬,75
177930,崔猷,177927,崔孝芬,75
177973,崔宣度,177927,崔孝芬,75
177991,崔宣軌,177927,崔孝芬,75
177992,崔宣質,177927,崔孝芬,75
177993,崔宣靜,177927,崔孝芬,75
177994,崔宣略,177927,崔孝芬,75
177995,崔長昇,177927,崔孝芬,75
177929,崔龍子,177928,崔勉,75
146086,崔仲方,177930,崔猷,75
177969,崔叔重,177930,崔猷,75
145948,崔幹,177969,崔叔重,75
177970,崔某,177969,崔叔重,75
31271,崔公業,177973,崔宣度,75
145923,崔昂,177996,崔孝暐,75
150762,崔德厚,177997,崔謀,75
32395,崔曇首,178015,崔洽,75
178016,崔治,178015,崔洽,75
177530,崔融,178022,崔天護,75
177556,崔約,178022,崔天護,75
178023,崔穆,178022,崔天護,75
178027,崔纂,178022,崔天護,75
178024,崔謀開,178023,崔穆,75
178025,崔暹,178023,崔穆,75
178026,崔達挐,178025,崔暹,75
163412,崔觖,178027,崔纂,75
152542,崔儀表,178029,崔誠,75
178052,崔行表,178029,崔誠,75
151370,柳帶韋,178079,柳鷟,75
178164,柳大隱,178163,柳肅,75
178166,柳鴻漸,178165,柳虬,75
178171,柳蔡年,178165,柳虬,75
178189,柳止戈,178165,柳虬,75
178200,柳待价,178165,柳虬,75
178167,柳某,178166,柳鴻漸,75
178172,柳謇之,178171,柳蔡年,75
178182,柳諤之,178171,柳蔡年,75
178184,柳潁之,178171,柳蔡年,75
178188,柳挺之,178171,柳蔡年,75
178190,柳艮,178189,柳止戈,75
178212,柳雄亮,178211,柳檜,75
178213,柳贊,178212,柳雄亮,75
178260,柳平,178259,柳輔,75
178261,柳某,178260,柳平,75
178262,柳敬起,178261,柳某,75
178263,柳昶,178262,柳敬起,75
178270,柳粹,178262,柳敬起,75
178264,柳某,178263,柳昶,75
178271,柳某,178270,柳粹,75
178278,柳憑,178277,柳恬,75
178279,柳叔宗,178278,柳憑,75
178300,柳叔珍,178278,柳憑,75
178280,柳世隆,178279,柳叔宗,75
147589,柳惔,178280,柳世隆,75
178283,柳裘,178282,柳昞,75
178301,柳慶遠,178300,柳叔珍,75
178313,柳季遠,178300,柳叔珍,75
162334,柳津,178301,柳慶遠,75
178314,柳遐,178313,柳季遠,75
31811,柳莊,178314,柳遐,75
178327,柳某,178326,柳傑,75
178328,柳雙虬,178327,柳某,75
178329,柳元章,178328,柳雙虬,75
178337,柳仲仁,178328,柳雙虬,75
178344,柳季和,178328,柳雙虬,75
178330,柳景賓,178329,柳元章,75
178335,柳景鴻,178329,柳元章,75
178331,柳某,178330,柳景賓,75
178336,柳儉,178335,柳景鴻,75
178338,柳某,178337,柳仲仁,75
178339,柳某,178338,柳某,75
178345,柳贊,178344,柳季和,75
178347,柳某,178346,柳奮,75
178348,柳某,178347,柳某,75
178349,柳某,178348,柳某,75
178350,柳某,178349,柳某,75
178351,柳某,178350,柳某,75
178354,韓紹,178353,韓褒,75
178355,韓仲良,178353,韓褒,75
178376,韓遜,178353,韓褒,75
178377,韓滂,178353,韓褒,75
178356,韓某,178355,韓仲良,75
178401,韓護,178400,韓胄,75
33244,韓賢,178401,韓護,75
178573,來繪,178572,來崱,75
18635,許善心,178580,許亨,75
178594,許法光,178593,許弘周,75
178595,許紹,178594,許法光,75
178626,辛某,178625,辛某,75
178627,辛顏,178626,辛某,75
178628,辛猷,178627,辛顏,75
196357,辛某,178628,辛猷,75
178630,辛顯宗,178629,辛巨明,75
178631,辛元忠,178630,辛顯宗,75
178634,辛慶之,178630,辛顯宗,75
178640,辛珍之,178630,辛顯宗,75
178644,辛豁,178630,辛顯宗,75
178632,辛迪,178631,辛元忠,75
178633,辛德本,178632,辛迪,75
178635,辛加陵,178634,辛慶之,75
178636,辛某,178634,辛慶之,75
178637,辛某,178636,辛某,75
178641,辛慤,178640,辛珍之,75
178642,辛某,178641,辛慤,75
178645,辛昂,178644,辛豁,75
178646,辛政,178644,辛豁,75
178650,辛寬,178644,辛豁,75
178647,辛肇,178646,辛政,75
178651,辛諝,178650,辛寬,75
178653,辛某,178652,辛裕,75
178654,辛某,178653,辛某,75
178655,辛某,178654,辛某,75
178656,辛某,178655,辛某,75
178657,辛晁,178656,辛某,75
178658,辛敬宗,178657,辛晁,75
178669,辛闡,178657,辛晁,75
178659,辛樹寶,178658,辛敬宗,75
178664,辛靈寶,178658,辛敬宗,75
146817,辛琛,178659,辛樹寶,75
178665,辛徽,178664,辛靈寶,75
178670,辛某,178669,辛闡,75
178671,辛某,178670,辛某,75
178697,盧懷祖,178696,盧道將,75
178701,盧懷仁,178696,盧道將,75
178698,盧莊,178697,盧懷祖,75
178702,盧彥卿,178701,盧懷仁,75
178754,盧彥章,178701,盧懷仁,75
178780,盧彥高,178701,盧懷仁,75
190664,盧某,178701,盧懷仁,75
178836,盧某,178835,盧思演,75
178982,盧熙裕,178981,盧道舒,75
32319,盧士繪,178982,盧熙裕,75
178983,盧士綸,178982,盧熙裕,75
179009,盧士綽,178982,盧熙裕,75
179010,盧士緝,178982,盧熙裕,75
179011,盧士繹,178982,盧熙裕,75
178984,盧某,178983,盧士綸,75
33019,盧同吉,178984,盧某,75
179033,盧愻之,179032,盧義僖,75
179115,盧憼之,179032,盧義僖,75
179136,盧息之,179032,盧義僖,75
179034,盧文構,179033,盧愻之,75
179099,盧文壽,179033,盧愻之,75
179104,盧文挹,179033,盧愻之,75
152585,盧君胤,179034,盧文構,75
156236,盧處實,179034,盧文構,75
179035,盧君肅,179034,盧文構,75
179098,盧君亮,179034,盧文構,75
179100,盧某,179099,盧文壽,75
179105,盧君胄,179104,盧文挹,75
179116,盧彪,179115,盧憼之,75
179135,盧德衡,179115,盧憼之,75
179117,盧慈龍,179116,盧彪,75
179137,盧彥博,179136,盧息之,75
179139,盧景開,179138,盧義惇,75
179153,盧景柔,179138,盧義惇,75
179140,盧仲俊,179139,盧景開,75
179152,盧叔粲,179139,盧景開,75
32652,盧元幹,179153,盧景柔,75
179163,盧海相,179153,盧景柔,75
179186,盧楚玉,179153,盧景柔,75
154317,盧彥恭,179163,盧海相,75
179194,盧某,179193,盧義安,75
179195,盧某,179194,盧某,75
179200,盧元隆,179199,盧昶,75
179241,盧元德,179199,盧昶,75
179201,盧士熙,179200,盧元隆,75
179202,盧子令,179201,盧士熙,75
179222,盧子哲,179201,盧士熙,75
179204,盧園公,179203,盧君通,75
179242,盧士澈,179241,盧元德,75
31636,盧仁師,179242,盧士澈,75
32003,盧彭壽,179242,盧士澈,75
179243,盧勝,179242,盧士澈,75
179278,盧正師,179242,盧士澈,75
179296,盧師智,179242,盧士澈,75
179279,盧習信,179278,盧正師,75
179297,盧大辯,179296,盧師智,75
179299,盧文甫,179298,盧尚之,75
179337,盧文翼,179298,盧尚之,75
179430,盧文符,179298,盧尚之,75
179300,盧敬通,179299,盧文甫,75
179301,盧正觀,179300,盧敬通,75
179334,盧正倫,179300,盧敬通,75
179335,盧正命,179300,盧敬通,75
179302,盧壽童,179301,盧正觀,75
179308,盧仙童,179301,盧正觀,75
179310,盧羽客,179301,盧正觀,75
179336,盧孝道,179335,盧正命,75
147209,盧士昂,179337,盧文翼,75
179338,盧士偉,179337,盧文翼,75
179377,盧士朗,179337,盧文翼,75
179399,盧士嬰,179337,盧文翼,75
179339,盧德基,179338,盧士偉,75
179340,盧萬金,179339,盧德基,75
179341,盧萬石,179339,盧德基,75
179396,盧釋壽,179377,盧士朗,75
179397,盧買臣,179396,盧釋壽,75
179398,盧輔臣,179396,盧釋壽,75
179400,盧璹,179399,盧士嬰,75
179416,盧珣,179399,盧士嬰,75
179429,盧瑱,179399,盧士嬰,75
179401,盧法德,179400,盧璹,75
179417,盧虔壽,179416,盧珣,75
179422,盧孝德,179416,盧珣,75
179431,盧士邃,179430,盧文符,75
179432,盧正力,179431,盧士邃,75
179438,上官某,179437,上官回,75
179448,樂亮,179447,樂恂,75
31587,孫孝敏,179459,孫伯禮,75
179460,孫元琥,179459,孫伯禮,75
179722,孫廣烈,179459,孫伯禮,75
179461,孫靈暉,179460,孫元琥,75
179577,陸逖之,179576,陸瑾,75
179579,陸珣,179578,陸令公,75
179580,陸某,179579,陸珣,75
179589,陸瓊,179588,陸雲公,75
33746,陸從典,179589,陸瓊,75
179611,趙某,179610,趙瑤,75
179612,趙某,179611,趙某,75
179613,趙乾贊,179612,趙某,75
179614,趙玄極,179613,趙乾贊,75
179723,孫嘉猷,179722,孫廣烈,75
179724,孫希業,179722,孫廣烈,75
179744,姜遠,179743,姜明,75
179762,陸瑨,179761,陸鎮之,75
179763,陸雍,179762,陸瑨,75
32807,陸元明,179763,陸雍,75
179578,陸令公,179785,陸完,75
179588,陸雲公,179785,陸完,75
179786,陸丘公,179785,陸完,75
179576,陸瑾,179786,陸丘公,75
179787,陸琛,179786,陸丘公,75
194003,陸山仁,179787,陸琛,75
179832,韋法儁,179831,韋範,75
179866,韋顥,179831,韋範,75
179870,韋祖歡,179831,韋範,75
179833,韋子粲,179832,韋法儁,75
179835,韋榮亮,179832,韋法儁,75
179834,韋孝謇,179833,韋子粲,75
179836,韋綱,179835,韋榮亮,75
179867,韋某,179866,韋顥,75
179868,韋暮,179867,韋某,75
179871,韋某,179870,韋祖歡,75
179872,韋某,179871,韋某,75
31021,韋澄,179881,韋鴻胄,75
180777,韋奄,179881,韋鴻胄,75
180069,郝破敵,180068,郝迴,75
180070,郝某,180069,郝破敵,75
180077,薛真龍,180076,薛安都,75
180088,薛道龍,180076,薛安都,75
180078,薛顯,180077,薛真龍,75
180079,薛世斌,180078,薛顯,75
180086,薛世璡,180078,薛顯,75
180080,薛伯琳,180079,薛世斌,75
180081,薛師,180079,薛世斌,75
180082,薛操,180081,薛師,75
180087,薛敏濟,180086,薛世璡,75
180089,薛榮,180088,薛道龍,75
180090,薛仲孫,180089,薛榮,75
180091,薛衍,180090,薛仲孫,75
180092,薛軌,180091,薛衍,75
180183,薛驎,180182,薛洪隆,75
180212,薛驥,180182,薛洪隆,75
180184,薛慶集,180183,薛驎,75
180189,薛英集,180183,薛驎,75
180185,薛綱,180184,薛慶集,75
180186,薛勤嘉,180185,薛綱,75
180190,薛端,180189,薛英集,75
180209,薛彌敏,180189,薛英集,75
147489,薛胄,180190,薛端,75
180210,薛述,180209,薛彌敏,75
180213,薛亮,180212,薛驥,75
180214,薛琰,180213,薛亮,75
33057,薛謨,180214,薛琰,75
180215,薛濬,180214,薛琰,75
180216,薛玄祚,180215,薛濬,75
193938,薛玄祐,180215,薛濬,75
162854,薛聰,180237,薛瑚,75
180439,薛彧,180237,薛瑚,75
180458,薛和,180237,薛瑚,75
180490,薛逸,180237,薛瑚,75
180507,薛芳,180237,薛瑚,75
180241,薛邁,180240,薛溫周,75
180248,薛迪,180240,薛溫周,75
180440,薛長瑜,180439,薛彧,75
180441,薛稜伽,180440,薛長瑜,75
180442,薛德義,180441,薛稜伽,75
152423,薛景山,180442,薛德義,75
180459,薛善周,180458,薛和,75
180483,薛慎,180458,薛和,75
180486,薛濟,180458,薛和,75
33029,薛裕,180459,薛善周,75
180460,薛粹,180459,薛善周,75
180465,薛袤,180459,薛善周,75
180481,薛淹,180459,薛善周,75
180461,薛大鼎,180460,薛粹,75
180462,薛克構,180461,薛大鼎,75
180464,薛克勤,180461,薛大鼎,75
180463,薛微元,180462,薛克構,75
170500,薛某,180464,薛克勤,75
180466,薛臻德,180465,薛袤,75
180467,薛善音,180465,薛袤,75
180482,薛廉,180481,薛淹,75
180484,薛某,180483,薛慎,75
180485,薛道旻,180484,薛某,75
180487,薛文度,180486,薛濟,75
180488,薛某,180487,薛文度,75
180491,薛昶,180490,薛逸,75
180492,薛綱,180491,薛昶,75
180493,薛昭,180492,薛綱,75
180508,薛膺,180507,薛芳,75
180517,薛蕃,180507,薛芳,75
180509,薛處靜,180508,薛膺,75
180510,薛某,180509,薛處靜,75
180518,薛處道,180517,薛蕃,75
180519,薛德祖,180518,薛處道,75
180521,薛德元,180518,薛處道,75
180545,薛德備,180518,薛處道,75
180588,薛欽,180587,薛昂,75
180589,薛馥,180588,薛欽,75
180590,薛道實,180589,薛馥,75
180687,薛隆宗,180686,薛慶,75
180688,薛仲玉,180687,薛隆宗,75
180689,薛粲,180688,薛仲玉,75
31239,韋懷敬,180719,韋貞,75
146092,韋孝忠,180830,韋福獎,75
180843,韋恊,180842,韋洸,75
180857,韋某,180856,韋頤,75
31417,韋晏,180878,韋藝,75
180879,韋彤,180878,韋藝,75
180896,韋彧,180878,韋藝,75
180912,韋宣敏,180878,韋藝,75
180954,韋克已,180953,韋約,75
180956,韋後已,180953,韋約,75
181004,韋保巒,181003,韋壽,75
181007,韋義節,181003,韋壽,75
181162,韋某,181161,韋璋,75
181173,韋某,181172,韋福,75
31184,韋仁,181175,韋議,75
32544,郭處範,181280,郭育,75
181294,郭敬君,181293,郭弘道,75
181296,郭廣敬,181293,郭弘道,75
181298,郭某,181297,郭進,75
181299,郭履球,181298,郭某,75
19238,郭昶,181299,郭履球,75
181526,騫某,181525,騫威,75
181539,蘇世長,181538,蘇振,75
181629,史某,181628,史瓖,75
181630,史某,181629,史某,75
181631,史某,181630,史某,75
181632,史某,181631,史某,75
181633,史某,181632,史某,75
181647,格某,181646,格顯,75
142713,格處仁,181648,格某,75
181694,歐陽胤,181693,歐陽約,75
181732,袁君正,181731,袁昂,75
181752,袁敬,181731,袁昂,75
181767,袁泌,181731,袁昂,75
147596,袁梵,181732,袁君正,75
181733,袁憲,181732,袁君正,75
181736,袁潁,181732,袁君正,75
181748,袁樞,181732,袁君正,75
181734,袁承府,181733,袁憲,75
181735,袁承家,181733,袁憲,75
181737,袁子溫,181736,袁潁,75
181749,袁朗,181748,袁樞,75
181753,袁元友,181752,袁敬,75
181754,袁利貞,181753,袁元友,75
181768,袁方華,181767,袁泌,75
181800,姚思聰,181799,姚最,75
181801,姚慎盈,181800,姚思聰,75
181802,姚某,181800,姚思聰,75
181932,姚某,181802,姚某,75
31692,唐弘,181822,唐瑾,75
181823,唐詮,181822,唐瑾,75
181828,唐諒,181822,唐瑾,75
181829,唐則,181822,唐瑾,75
181835,唐歆,181822,唐瑾,75
181881,唐濬,181822,唐瑾,75
181824,唐大智,181823,唐詮,75
181830,唐推賢,181829,唐則,75
181831,唐讓德,181829,唐則,75
181836,唐寶藏,181835,唐歆,75
181837,唐感行,181835,唐歆,75
181882,唐雕題,181881,唐濬,75
181883,唐季友,181881,唐濬,75
181884,唐季札,181881,唐濬,75
181885,唐長仁,181881,唐濬,75
181886,唐叔慈,181881,唐濬,75
181887,唐義謙,181881,唐濬,75
181889,唐義友,181881,唐濬,75
181909,敬某,181908,敬歸,75
181910,敬頻,181909,敬某,75
181911,敬某,181910,敬頻,75
181912,敬某,181911,敬某,75
181913,敬顯儁,181912,敬某,75
181916,敬法延,181912,敬某,75
181931,敬法朗,181912,敬某,75
32569,敬長瑜,181913,敬顯儁,75
181917,敬某,181916,敬法延,75
32570,敬肅,181931,敬法朗,75
182687,敬俊,181931,敬法朗,75
181933,姚某,181932,姚某,75
182002,豆盧某,182001,豆盧醜,75
182003,豆盧萇,182002,豆盧某,75
182004,豆盧永恩,182003,豆盧萇,75
30961,豆盧通,182004,豆盧永恩,75
182032,豆盧魯元,182031,豆盧勝,75
182033,豆盧某,182032,豆盧魯元,75
182040,豆盧陸渾,182032,豆盧魯元,75
182034,豆盧某,182033,豆盧某,75
182035,豆盧某,182034,豆盧某,75
182041,豆盧某,182040,豆盧陸渾,75
182042,豆盧某,182041,豆盧某,75
182052,周才卿,182051,周表,75
182057,周法僧,182056,周靈超,75
182071,周法尚,182056,周靈超,75
182081,周炅,182056,周靈超,75
182058,周孝節,182057,周法僧,75
182072,周紹嗣,182071,周法尚,75
182073,周紹範,182071,周法尚,75
186479,周法明,182081,周炅,75
182351,唐契,182350,唐瑤,75
182573,唐和,182350,唐瑤,75
182352,唐褒,182351,唐契,75
182508,唐純,182351,唐契,75
182353,唐茂,182352,唐褒,75
182354,唐文祖,182353,唐茂,75
182358,唐翼,182353,唐茂,75
182456,唐旭,182353,唐茂,75
182470,唐保建,182353,唐茂,75
182355,唐廣貴,182354,唐文祖,75
182356,唐懷義,182355,唐廣貴,75
182357,唐孝舉,182356,唐懷義,75
182359,唐毅,182358,唐翼,75
182438,唐詮,182358,唐翼,75
182444,唐延澄,182358,唐翼,75
182445,唐雄,182358,唐翼,75
182453,唐具貴,182358,唐翼,75
182360,唐世達,182359,唐毅,75
182395,唐濟,182359,唐毅,75
182402,唐世徹,182359,唐毅,75
182408,唐世榮,182359,唐毅,75
182415,唐世寵,182359,唐毅,75
182416,唐世雅,182359,唐毅,75
182424,唐世恭,182359,唐毅,75
182429,唐世慎,182359,唐毅,75
182433,唐世昊,182359,唐毅,75
182361,唐秀實,182360,唐世達,75
182373,唐文安,182360,唐世達,75
182374,唐文舉,182360,唐世達,75
182377,唐文豪,182360,唐世達,75
182378,唐文度,182360,唐世達,75
182381,唐文壽,182360,唐世達,75
182387,唐文表,182360,唐世達,75
182388,唐文邃,182360,唐世達,75
182389,唐文寂,182360,唐世達,75
182390,唐文感,182360,唐世達,75
182396,唐玄成,182395,唐濟,75
182397,唐玄德,182395,唐濟,75
182399,唐玄都,182395,唐濟,75
182400,唐玄通,182395,唐濟,75
182403,唐朝政,182402,唐世徹,75
182405,唐禮政,182402,唐世徹,75
182406,唐修政,182402,唐世徹,75
182407,唐弘政,182402,唐世徹,75
182409,唐文哲,182408,唐世榮,75
182411,唐文律,182408,唐世榮,75
182412,唐文廓,182408,唐世榮,75
182413,唐文儼,182408,唐世榮,75
182414,唐文毓,182408,唐世榮,75
182417,唐文協,182416,唐世雅,75
182418,唐文琮,182416,唐世雅,75
182419,唐文會,182416,唐世雅,75
182425,唐文獎,182424,唐世恭,75
182430,唐乾蓋,182429,唐世慎,75
182432,唐乾肅,182429,唐世慎,75
182434,唐文褒,182433,唐世昊,75
182437,唐文襲,182433,唐世昊,75
182439,唐仕遵,182438,唐詮,75
182440,唐文才,182439,唐仕遵,75
182441,唐文軌,182439,唐仕遵,75
182442,唐文實,182439,唐仕遵,75
182443,唐文智,182439,唐仕遵,75
182446,唐紹伯,182445,唐雄,75
182447,唐楷,182445,唐雄,75
182450,唐師,182445,唐雄,75
182448,唐萬壽,182447,唐楷,75
182449,唐白澤,182447,唐楷,75
182451,唐太素,182450,唐師,75
182452,唐太力,182450,唐師,75
182454,唐世儁,182453,唐具貴,75
182455,唐世珍,182453,唐具貴,75
182457,唐仲璨,182456,唐旭,75
182458,唐遐顯,182457,唐仲璨,75
182462,唐仕超,182457,唐仲璨,75
182467,唐仕琰,182457,唐仲璨,75
182459,唐禕,182458,唐遐顯,75
182460,唐奉義,182458,唐遐顯,75
182461,唐惲,182458,唐遐顯,75
182463,唐修文,182462,唐仕超,75
182464,唐奉禮,182462,唐仕超,75
182465,唐崇德,182462,唐仕超,75
182466,唐行實,182462,唐仕超,75
182468,唐孝感,182467,唐仕琰,75
182469,唐孝睦,182467,唐仕琰,75
182471,唐伯裕,182470,唐保建,75
182474,唐伯華,182470,唐保建,75
182483,唐詢明,182470,唐保建,75
182489,唐晟,182470,唐保建,75
182472,唐毖,182471,唐伯裕,75
182473,唐儼,182472,唐毖,75
182475,唐德宗,182474,唐伯華,75
182478,唐德俊,182474,唐伯華,75
182476,唐智節,182475,唐德宗,75
182477,唐智堯,182475,唐德宗,75
182479,唐智英,182478,唐德俊,75
182480,唐智寂,182478,唐德俊,75
182481,唐智深,182478,唐德俊,75
182482,唐智亮,182478,唐德俊,75
182484,唐君謩,182483,唐詢明,75
182485,唐振,182484,唐君謩,75
182486,唐寔,182484,唐君謩,75
182487,唐日輪,182484,唐君謩,75
182488,唐羲和,182484,唐君謩,75
182490,唐世辯,182489,唐晟,75
182491,唐世才,182489,唐晟,75
182492,唐世進,182489,唐晟,75
182503,唐石師,182489,唐晟,75
182504,唐小師,182489,唐晟,75
182493,唐玄靜,182492,唐世進,75
182494,唐玄默,182492,唐世進,75
182495,唐玄道,182492,唐世進,75
182505,唐和耆,182504,唐小師,75
182506,唐無竭,182504,唐小師,75
182507,唐文教,182504,唐小師,75
182509,唐令世,182508,唐純,75
162122,唐靈芝,182509,唐令世,75
182513,唐茂倫,182512,唐羲,75
182514,唐茂言,182512,唐羲,75
182574,唐欽,182573,唐和,75
182575,唐歡,182574,唐欽,75
182576,唐二政,182575,唐歡,75
31097,唐規,182576,唐二政,75
182579,唐壽,182578,唐世宗,75
182591,唐儉,182578,唐世宗,75
182604,唐畛,182578,唐世宗,75
182612,唐揣,182611,唐諮,75
182613,唐儼,182612,唐揣,75
182614,唐輪,182613,唐儼,75
164177,唐永,182614,唐輪,75
182617,唐怡,182616,唐陵,75
182629,唐懿,182616,唐陵,75
182618,唐譽,182617,唐怡,75
182628,唐鑒,182617,唐怡,75
182630,唐傑,182629,唐懿,75
182660,唐爽,182629,唐懿,75
182678,唐英,182629,唐懿,75
182679,唐師,182629,唐懿,75
151913,敬舉,182687,敬俊,75
182735,祝昭,182734,祝俟,75
182754,鄭希儁,182753,鄭胤伯,75
183187,鄭幼儒,182753,鄭胤伯,75
182755,鄭道育,182754,鄭希儁,75
32311,鄭子柔,182755,鄭道育,75
182756,鄭德政,182755,鄭道育,75
182816,鄭子質,182755,鄭道育,75
182817,鄭德眘,182755,鄭道育,75
183000,鄭子裕,182755,鄭道育,75
183113,鄭穆先,182755,鄭道育,75
182757,鄭玄瑾,182756,鄭德政,75
182791,鄭玄珽,182756,鄭德政,75
182807,鄭玄珪,182756,鄭德政,75
182818,鄭元將,182817,鄭德眘,75
182838,鄭元器,182817,鄭德眘,75
182853,鄭元弼,182817,鄭德眘,75
182858,鄭脩松,182817,鄭德眘,75
183001,鄭弘諒,183000,鄭子裕,75
183136,鄭德英,183113,鄭穆先,75
183140,鄭弘簡,183113,鄭穆先,75
183188,鄭敬道,183187,鄭幼儒,75
183406,鄭敬德,183187,鄭幼儒,75
32369,鄭正則,183188,鄭敬道,75
183399,鄭正義,183188,鄭敬道,75
183400,鄭文沾,183399,鄭正義,75
183403,鄭文湛,183399,鄭正義,75
32994,鄭撝,183406,鄭敬德,75
150140,鄭振,183406,鄭敬德,75
183464,鄭機,183406,鄭敬德,75
159874,鄭世斌,183464,鄭機,75
183680,鄭靈虬,183679,鄭簡,75
183764,鄭白虬,183679,鄭簡,75
183779,鄭季方,183679,鄭簡,75
183803,鄭季騧,183679,鄭簡,75
183681,鄭悅,183680,鄭靈虬,75
183732,鄭道德,183680,鄭靈虬,75
183682,鄭鼎,183681,鄭悅,75
183683,鄭常,183682,鄭鼎,75
183727,鄭師,183682,鄭鼎,75
183684,鄭筠,183683,鄭常,75
183696,鄭神符,183683,鄭常,75
183705,鄭昌,183683,鄭常,75
183709,鄭衡,183683,鄭常,75
183712,鄭威,183683,鄭常,75
183728,鄭冑,183727,鄭師,75
183733,鄭希義,183732,鄭道德,75
183734,鄭道蓋,183733,鄭希義,75
183753,鄭德猷,183733,鄭希義,75
183735,鄭元長,183734,鄭道蓋,75
183738,鄭元胤,183734,鄭道蓋,75
183741,鄭元恭,183734,鄭道蓋,75
183751,鄭元讓,183734,鄭道蓋,75
183754,鄭元直,183753,鄭德猷,75
183765,鄭尚仁,183764,鄭白虬,75
183766,鄭彥,183765,鄭尚仁,75
183770,鄭次珍,183765,鄭尚仁,75
148353,鄭景山,183766,鄭彥,75
183771,鄭寶,183770,鄭次珍,75
183772,鄭道成,183771,鄭寶,75
183780,鄭盆生,183779,鄭季方,75
183781,鄭鴻猛,183780,鄭盆生,75
183797,鄭鴻泉,183780,鄭盆生,75
183782,鄭士則,183781,鄭鴻猛,75
183791,鄭士譽,183781,鄭鴻猛,75
183783,鄭文表,183782,鄭士則,75
183784,鄭思忠,183782,鄭士則,75
183792,鄭才挺,183791,鄭士譽,75
183798,鄭貴,183797,鄭鴻泉,75
183799,鄭福常,183798,鄭貴,75
183804,鄭潁,183803,鄭季騧,75
183863,鄭宵,183803,鄭季騧,75
183930,鄭昞,183803,鄭季騧,75
183805,鄭子規,183804,鄭潁,75
183806,鄭海,183805,鄭子規,75
183807,鄭德仁,183806,鄭海,75
183843,鄭德崇,183806,鄭海,75
183844,鄭德玄,183806,鄭海,75
183852,鄭乾嘉,183806,鄭海,75
183864,鄭伯欽,183863,鄭宵,75
183865,鄭孝紀,183864,鄭伯欽,75
183931,鄭某,183930,鄭昞,75
183932,鄭某,183931,鄭某,75
183933,鄭某,183932,鄭某,75
183961,宋某,183960,宋恭,75
183962,宋某,183961,宋某,75
183963,宋藥師,183962,宋某,75
183964,宋毓,183963,宋藥師,75
183981,宋景,183963,宋藥師,75
183965,宋良,183964,宋毓,75
183966,宋乾,183965,宋良,75
183978,宋子皓,183965,宋良,75
152356,宋大辯,183966,宋乾,75
183982,宋某,183981,宋景,75
183983,宋孝王,183982,宋某,75
183986,宋榮國,183985,宋畿,75
183987,宋某,183986,宋榮國,75
183988,宋某,183987,宋某,75
183989,宋弁,183988,宋某,75
183990,宋紀,183989,宋弁,75
195413,宋維,183989,宋弁,75
183991,宋欽道,183990,宋紀,75
184013,宋欽仁,183990,宋紀,75
31291,宋元節,183991,宋欽道,75
183994,宋務本,183993,宋弘峻,75
184014,宋冏,184013,宋欽仁,75
184015,宋某,184014,宋冏,75
184023,宋某,184022,宋洽,75
184024,宋謨,184023,宋某,75
184025,宋欽,184024,宋謨,75
184029,宋瓊,184024,宋謨,75
184026,宋某,184025,宋欽,75
184027,宋某,184026,宋某,75
184028,宋正文,184027,宋某,75
184030,宋仲羨,184029,宋瓊,75
184031,宋某,184030,宋仲羨,75
184032,宋某,184031,宋某,75
31840,源崑玉,184047,源師民,75
31846,源誠心,184047,源師民,75
32044,牛弘,184075,牛遼允,75
184151,渾迥貴,184150,渾潭,75
184180,齊健,184179,齊琰,75
184181,齊澄,184179,齊琰,75
184191,齊粹,184179,齊琰,75
184182,齊某,184181,齊澄,75
184183,齊某,184182,齊某,75
184184,齊某,184183,齊某,75
184185,齊某,184184,齊某,75
184192,齊某,184191,齊粹,75
184193,齊某,184192,齊某,75
184194,齊某,184193,齊某,75
31678,齊虔,184194,齊某,75
184243,賈玄禕,184242,賈處澄,75
184244,賈玄暐,184242,賈處澄,75
31648,權文誕,184256,權榮,75
170537,令狐虬,184336,令狐脩已,75
184358,元菩提,184357,元謙,75
184359,元寶琳,184358,元菩提,75
184360,元昭,184359,元寶琳,75
184370,元顧道,184359,元寶琳,75
184410,路濤,184409,路纂,75
184423,路神龜,184409,路纂,75
184411,路寄奴,184410,路濤,75
184412,路恃慶,184411,路寄奴,75
184413,路思令,184411,路寄奴,75
184424,路某,184423,路神龜,75
184425,路某,184424,路某,75
184438,路某,184437,路建,75
184439,路某,184438,路某,75
184440,路慶,184439,路某,75
184441,路彩,184440,路慶,75
32948,路兗,184441,路彩,75
32218,白士通,184476,白建,75
152740,白君恕,184476,白建,75
184479,白君慜,184476,白建,75
184611,徐君敷,184610,徐緄,75
184652,徐君賓,184610,徐緄,75
184612,徐榮,184611,徐君敷,75
184613,徐恕,184612,徐榮,75
184614,徐筠,184613,徐恕,75
184653,徐澈,184652,徐君賓,75
184714,徐文達,184652,徐君賓,75
184654,徐文遠,184653,徐澈,75
184705,徐士會,184653,徐澈,75
184707,徐士雅,184653,徐澈,75
184710,徐士師,184653,徐澈,75
184715,徐奉誠,184714,徐文達,75
184716,徐奉信,184714,徐文達,75
184717,徐昌時,184714,徐文達,75
184725,徐琛,184724,徐弘師,75
184726,徐懋,184725,徐琛,75
184727,徐元起,184726,徐懋,75
184734,徐康,184727,徐元起,75
24408,李勣,184728,徐蓋,75
184728,徐蓋,184734,徐康,75
184735,徐弼,184734,徐康,75
184737,徐珍,184736,徐弘道,75
184738,徐元隱,184737,徐珍,75
184739,徐唐,184738,徐元隱,75
184740,徐羌,184739,徐唐,75
184742,孔某,184741,孔渠,75
184743,孔某,184742,孔某,75
184758,孔安,184757,孔碩,75
92271,孔穎達,184758,孔安,75
155021,獨孤永業,184797,獨孤冀,75
184866,安恆安,184865,安興貴,75
184875,安元表,184865,安興貴,75
195053,鄭玄度,186211,鄭善果,75
195470,鄭玄勖,186211,鄭善果,75
164354,李義玄,186573,李君績,75
147250,崔仲哲,186636,崔秉德,75
186636,崔秉德,186637,崔鑒,75
191517,崔習,186637,崔鑒,75
186881,李天賜,186880,李熙,75
156128,李乞豆,186881,李天賜,75
159808,李虎,186881,李天賜,75
186882,李起頭,186881,李天賜,75
186884,李達摩,186882,李起頭,75
153952,李昭貴,186885,李延伯,75
186968,李昭仲,186885,李延伯,75
186887,李道素,186886,李真,75
186959,李义羅,186958,李泠,75
186960,李滿才,186958,李泠,75
186961,李某,186960,李滿才,75
186969,李某,186968,李昭仲,75
153613,李安,186974,李岡,75
187231,李孝基,187230,李璋,75
187256,李某,187230,李璋,75
187257,李某,187256,李某,75
187261,李某,187260,李某,75
187262,李某,187261,李某,75
187267,李贄,187266,李繪,75
187270,李韶,187266,李繪,75
187268,李道玄,187267,李贄,75
187269,李道明,187267,李贄,75
187282,李道宗,187270,李韶,75
187291,李道興,187270,李韶,75
187292,李道弼,187270,李韶,75
187383,李去病,187382,李仲良,75
187386,李仁裕,187385,李德良,75
187392,李仁敬,187385,李德良,75
187393,李仁方,187385,李德良,75
187396,李矩,187395,李幼長,75
187922,李盤陁,187921,李洪,75
31033,韋總,189341,韋叔裕,75
31037,韋津,189341,韋叔裕,75
181003,韋壽,189341,韋叔裕,75
194394,韋諶,189341,韋叔裕,75
194395,韋霽,189341,韋叔裕,75
194396,韋靜,189341,韋叔裕,75
156043,柳煥,189786,柳務,75
156042,柳敏,189788,柳懿,75
189852,元雄,189851,元野順,75
189853,元胄,189852,元雄,75
31422,元仁惠,189853,元胄,75
32080,韋恪,190205,韋元禮,75
190453,姚宣業,190345,姚宏,75
190446,苑璋,190447,苑禮,75
26933,姚祥,190452,姚安仁,75
190452,姚安仁,190453,姚宣業,75
166528,獨孤楷,190545,李屯,75
190546,獨孤盛,190545,李屯,75
157372,高覲王,190612,高士訓,75
191313,張沔,191314,張叡,75
191314,張叡,191315,張暠,75
191372,蕭某,191373,蕭恢,75
193977,蕭解,191373,蕭恢,75
191516,崔恃業,191517,崔習,75
186637,崔鑒,191518,崔綽,75
194399,崔標,191518,崔綽,75
192013,王某,192014,王瓊,75
192177,郭才,192178,郭悊,75
170276,契苾葛,192320,契苾歌楞,75
153745,張立德,192455,張某,75
192456,張大師,192455,張某,75
192457,張儉,192455,張某,75
192458,張延師,192455,張某,75
192645,王某一,192646,王隆,75
192668,權文某,192669,權某,75
179831,韋範,192760,韋閬,75
192761,韋道珍,192760,韋閬,75
192764,韋邕,192761,韋道珍,75
192760,韋閬,192762,韋逵,75
192762,韋逵,192763,韋楷,75
179881,韋鴻胄,192764,韋邕,75
31016,韋世康,192765,韋敻,75
31029,韋冲,192765,韋敻,75
162954,韋瓘,192765,韋敻,75
180842,韋洸,192765,韋敻,75
180856,韋頤,192765,韋敻,75
180878,韋藝,192765,韋敻,75
180953,韋約,192765,韋敻,75
161971,韋旭,192767,韋真嘉,75
192768,韋祉,192767,韋真嘉,75
175259,李根,192791,李某,75
192791,李某,192795,李沉,75
184724,徐弘師,192871,徐景初,75
184736,徐弘道,192871,徐景初,75
183953,鍾寶慎,192874,鍾寵,75
31146,韋瓚,192875,韋景略,75
192875,韋景略,192877,韋某,75
192877,韋某,192878,韋某,75
192879,韋某,192878,韋某,75
192880,韋某,192879,韋某,75
181161,韋璋,192882,韋延賓,75
181172,韋福,192882,韋延賓,75
181175,韋議,192882,韋延賓,75
192910,侯某,192911,侯安都,75
193350,周某,193351,周某,75
193351,周某,193352,周衡,75
153439,孔德紹,193406,孔伯魚,75
193406,孔伯魚,193407,孔宗範,75
193407,孔宗範,193408,孔休源,75
193408,孔休源,193409,孔珮,75
193409,孔珮,193410,孔華,75
193428,徐宴,193430,徐瓌,75
193613,王某,193614,王某,75
193653,張儔,193654,張某,75
193654,張某,193655,張裕,75
193882,裴規,193883,裴詢,75
193883,裴詢,193884,裴纂,75
194376,裴舒,193884,裴纂,75
194377,裴嗣,193884,裴纂,75
194378,裴秀,193884,裴纂,75
150768,裴鴻智,193887,裴弘陁,75
193886,裴鴻琳,193887,裴弘陁,75
193887,裴弘陁,193888,裴祖念,75
193888,裴祖念,193889,裴道護,75
193890,裴次愛,193889,裴道護,75
184610,徐緄,193924,徐孝嗣,75
193924,徐孝嗣,193925,徐聿之,75
193925,徐聿之,193926,徐湛之,75
193926,徐湛之,193927,徐逵之,75
155666,于謹,193942,于子提,75
193942,于子提,193943,于子安,75
193963,蕭大莊,193956,蕭綱,75
162162,蕭順之,193966,蕭道賜,75
193967,蕭尚之,193966,蕭道賜,75
193968,蕭崇之,193966,蕭道賜,75
194291,蕭業,193969,蕭懿,75
194292,蕭藻,193969,蕭懿,75
194293,蕭象,193969,蕭懿,75
194294,蕭猷,193969,蕭懿,75
194295,蕭朗,193969,蕭懿,75
194296,蕭軌,193969,蕭懿,75
194297,蕭明,193969,蕭懿,75
149356,蕭造,193977,蕭解,75
146073,蕭玄撤,193980,蕭瑳,75
33740,陸玄之,194003,陸山仁,75
184047,源師民,194033,源彪,75
194036,杜仁則,194037,杜琳,75
31358,崔君實,194038,崔德仁,75
194132,顏亮,194133,顏慶,75
151271,張敏,194138,張伏宜,75
31456,姜景,194245,姜真,75
194245,姜真,194252,姜圜,75
194273,李儉,194274,李辯言,75
181538,蘇振,194284,蘇彤,75
17129,房彥謙,194333,房熊,75
196335,房彥詡,194333,房熊,75
194333,房熊,194334,房翼,75
194335,房豹,194334,房翼,75
12197,歐陽頠,194337,歐陽僧寶,75
193884,裴纂,194373,裴遼,75
194373,裴遼,194374,裴訛,75
194374,裴訛,194375,裴定宗,75
194379,裴昂,194376,裴舒,75
30994,韋峻,194390,韋瑱,75
31236,韋師,194390,韋瑱,75
194390,韋瑱,194391,韋鄭子,75
194391,韋鄭子,194392,韋千雄,75
194392,韋千雄,194393,韋惠度,75
172822,高和璧,194398,高祐,75
172839,高振,194398,高祐,75
177445,崔當,194399,崔標,75
149088,崔公華,194400,崔長謙,75
177182,崔子令,194400,崔長謙,75
194400,崔長謙,194401,崔寅,75
170596,裴天恩,194402,裴慬,75
170652,裴天壽,194402,裴慬,75
170725,裴蒨之,194403,裴叔業,75
170734,裴簡之,194403,裴叔業,75
194404,裴芬之,194403,裴叔業,75
194405,裴英之,194403,裴叔業,75
194406,裴藹之,194403,裴叔業,75
175133,李盛,194407,李勁,75
175206,李隆,194407,李勁,75
173865,李勰,194408,李頤,75
174196,李系,194408,李頤,75
175048,李曾,194408,李頤,75
194411,李奉,194408,李頤,75
194408,李頤,194409,李勗,75
194409,李勗,194410,李叡,75
173760,李真,194412,李聰,75
173816,李融,194412,李聰,75
194412,李聰,194413,李吉,75
193889,裴道護,194415,裴冲,75
194416,裴道子,194415,裴冲,75
194417,裴道大,194415,裴冲,75
194418,裴道會,194415,裴冲,75
194419,裴道賜,194415,裴冲,75
194420,裴德歡,194416,裴道子,75
194421,裴恩立,194416,裴道子,75
194422,裴輔立,194416,裴道子,75
171095,裴澄,194420,裴德歡,75
194423,裴禮,194420,裴德歡,75
149195,柳慶,194424,柳僧習,75
178079,柳鷟,194424,柳僧習,75
178165,柳虬,194424,柳僧習,75
178211,柳檜,194424,柳僧習,75
194426,柳鸑,194424,柳僧習,75
194424,柳僧習,194425,柳緝,75
178259,柳輔,194427,柳卓,75
178277,柳恬,194427,柳卓,75
178326,柳傑,194427,柳卓,75
178346,柳奮,194427,柳卓,75
176697,張惠寶,194464,張照,75
176698,張惠瑤,194464,張照,75
176705,張惠珍,194464,張照,75
194464,張照,194465,張羨,75
172240,竇善衡,194469,竇紹,75
194469,竇紹,194470,竇敬遠,75
176158,張弋,194471,張俊,75
194475,李明,194476,李遠,75
149144,皇甫仲延,194485,皇甫明,75
194528,李仲恭,194529,李伏陁,75
194532,崔邃,194533,崔文孺,75
194533,崔文孺,194534,崔子舒,75
194676,穆弘遠,194677,穆伽,75
194677,穆伽,194679,穆尊季,75
194679,穆尊季,194680,穆韶,75
194680,穆韶,194681,穆蒲坂,75
194681,穆蒲坂,194682,穆忸頭,75
194682,穆忸頭,194683,穆遂留,75
194685,穆觀,194683,穆遂留,75
194683,穆遂留,194684,穆崇,75
184865,安興貴,194817,安某,75
184876,安脩仁,194817,安某,75
170531,楊尚希,195023,楊承寶,75
195023,楊承寶,195024,楊真,75
194334,房翼,195025,房某,75
195025,房某,195026,房法壽,75
194337,歐陽僧寶,195027,歐陽景達,75
171634,劉仕雋,195028,劉某,75
195029,劉環雋,195028,劉某,75
195042,傅璀,195043,傅冲,75
152253,許叔牙,195044,許胤,75
195187,韓均,195188,韓茂,75
195209,韓備,195188,韓茂,75
195188,韓茂,195210,韓耆,75
195256,馮長命,195257,馮世基,75
195257,馮世基,195258,馮謙,75
195264,樊某,195265,樊子車,75
195265,樊子車,195266,樊儒,75
195266,樊儒,195267,樊道則,75
170555,裴景惠,195401,裴鍾,75
195401,裴鍾,195402,裴和,75
195402,裴和,195403,裴劭,75
195403,裴劭,195404,裴詵,75
145765,宋靈媛,195413,宋維,75
177785,崔楷,195414,崔辯,75
195415,崔逸,195414,崔辯,75
195414,崔辯,195416,崔經,75
195416,崔經,195417,崔琨,75
195418,崔鬱,195417,崔琨,75
145768,李敬族,195419,李壽,75
195419,李壽,195420,李祥胤,75
195420,李祥胤,195421,李慶某,75
195421,李慶某,195422,李子固,75
195442,盧嶷,195441,盧義方,75
195454,鄭仲達,195455,鄭詮,75
165894,李承,195457,李寶,75
195461,李譚亮,195460,李長鈞,75
195462,李譚德,195460,李長鈞,75
186211,鄭善果,195471,鄭誠,75
195471,鄭誠,195472,鄭孝穆,75
195475,鄭某,195476,鄭偉,75
138709,某月相,195486,李產之,75
195635,丘和,195642,丘壽,75
195455,鄭詮,195780,鄭道邕,75
195898,趙煦,195899,趙世立,75
196196,趙某,195899,趙世立,75
195899,趙世立,195900,趙顯和,75
155468,鮮于匡紹,195920,鮮于明,75
195922,鮮于匡贊,195920,鮮于明,75
195935,鮮于匡濟,195920,鮮于明,75
195920,鮮于明,195936,鮮于緒,75
195951,李某,195952,李禮成,75
32243,元巖,196266,元禎,75
196267,元成,196266,元禎,75
11599,蘇威,196268,蘇綽,75
176039,温君攸,196269,温裕,75
24632,武華,196270,武儉,75
196270,武儉,196271,武居常,75
194033,源彪,196272,源子恭,75
196272,源子恭,196273,源懷,75
178629,辛巨明,196357,辛某,75
154717,呂徽,196394,呂休,75
196394,呂休,196399,呂某,75
196399,呂某,196400,呂珪,75
196400,呂珪,196401,呂某,75
338237,馮氏(拓跋濬妻),338239,馮朗,75
444795,薛仁杲,444796,薛舉,75
444872,薛仁越,444796,薛舉,75
444800,劉武周,444804,劉匡,75
444814,蕭銑,444821,蕭璿,75
444962,沈綸,444828,沈法興,75
444828,沈法興,444829,沈恪,75
444796,薛舉,444871,薛汪,75
444855,龐卿惲,444940,龐茂,75
30924,褚湛之,12175,劉裕,76
30957,楊廣(隋煬帝),12257,蕭巋,76
31175,楊師道,13059,李淵(唐高祖),76
31780,竇誕,13059,李淵(唐高祖),76
30584,錢九龍,18636,許敬宗,76
31527,盧諶,21207,司馬炎,76
31543,盧道虔,28919,元宏延,76
30913,司馬德文,30918,褚爽,76
30961,豆盧通,30953,楊忠,76
30965,豆盧寬,30956,楊堅,76
31016,韋世康,31014,元寶矩,76
32555,楊暕,31029,韋冲,76
31111,楊德裔,31131,李玄明,76
31475,于翼,31770,宇文泰,76
31777,竇毅,31770,宇文泰,76
13059,李淵(唐高祖),31777,竇毅,76
32449,殷履直,32435,顏昭甫,76
32771,陸騰,32773,元貴平,76
146217,盧承基,139557,李爽,76
32158,李孝貞,145923,崔昂,76
147250,崔仲哲,146112,李憲,76
138718,劉粲,146425,何環,76
138723,胡永,146444,張勢,76
138739,郭雲,146474,仲翔,76
138744,某謩,146489,趙懿,76
138770,徐純,146547,廣之,76
138774,長孫仁,146562,安澤公,76
138788,某孝基,146610,范通,76
138816,姚暢,146680,陳毅,76
138818,王通,146691,趙祖連,76
138848,李桀,146752,楊祚,76
138853,孔長寧,146766,孝通,76
138859,張育,146781,趙慶,76
138864,命某,146800,超越,76
138869,某昉,146809,翟休,76
138891,董柱,146878,國某,76
138920,金行舉,146892,楚先,76
138939,某才,146937,侯伯和,76
138973,趙安,147023,王貴,76
139015,郭嘉,147127,郭祥,76
139034,韓通,147181,彭百,76
139043,盧萬春,147206,子治,76
139046,王孝瑜,147216,孫弘,76
139086,程雄,147326,長孫某,76
139089,樂文義,147336,王某(樂文義岳父),76
139101,段秀,147364,董某(段秀岳父),76
139105,王立,147373,成寧,76
139118,韓政,147409,張諤,76
145913,李義璋,147605,崔文康,76
139202,苗明,147616,馮科,76
139205,王力士,147628,逯某,76
139242,王朗,147701,魏彥,76
139259,張興,147741,趙徽,76
139264,某汪,147760,梁寵,76
139290,秦義,147827,張才,76
139306,蘭達,147868,陰才,76
139309,皇甫某,147880,竇明,76
139409,鄧威,147929,施道,76
139413,呂德,147943,陳和,76
139425,皇甫璧,147971,欽寂,76
139519,王和,148230,李宗,76
139520,張仁,148236,宋倫,76
139557,李爽,148348,伯愛,76
139571,曹德,148386,淳于悤,76
139575,上官義,148397,郭衡,76
139582,劉德閏,148412,鄭毗沙,76
139597,某碩,148464,車胡,76
139599,趙德令,148475,德遇,76
139600,呂道,148483,王仁本,76
139637,封泰,148588,李規,76
139669,楊晟,148701,李瓊,76
139673,董仁,148714,戴通,76
139675,任某,148725,孫仕,76
139676,侯彪,148731,楊雄,76
139411,李辯,148755,張興,76
139751,馬珍,148933,吴某(馬珍岳父),76
138779,蕭瑤,148976,蕭寵,76
139349,寵德威,149314,王暉,76
139354,李善智,149335,劉運,76
139381,張雄,149424,麴明,76
139894,陳察,149667,柳淮卿,76
142713,格處仁,151747,李德瑋,76
140609,朱信,151983,蔡頊,76
142235,徐彪,161894,善道,76
142412,牛秀,162019,神安,76
142445,某某,162089,楊舍才,76
142478,張言+歲,162156,法言,76
142480,段文政,162169,邊集,76
142562,程知節,162358,崔信,76
142562,程知節,162359,陸兒,76
142598,李某基,162469,大惠,76
142602,斛斯政則,162485,姚儉,76
142603,李釋,162492,崔年,76
142621,王韋,162532,彥徵,76
142652,范褒,162617,抑行,76
142668,陳劼,162661,張琮,76
138888,某秀,162682,阮奏,76
142692,馮瓊,162773,元為,76
142706,苗裕,162819,鄭璋,76
142732,王林,162930,宋順,76
142742,崔拏,162966,申嗣,76
142758,孔業,163019,郭琳,76
142308,柳行滿,163336,劉佺,76
142308,柳行滿,163338,乙弗武,76
146168,李希宗,177785,崔楷,76
139557,李爽,183768,鄭伯愛,76
174199,李希遠,183989,宋弁,76
145764,李祖牧,195413,宋維,76
174154,李叔胤,195414,崔辯,76
139043,盧萬春,195430,崔子治,76
179034,盧文構,195486,李產之,76
146121,薛元嘏,195487,若干金明,76
31008,拓跋濬,338239,馮朗,76
135646,竇氏(太穆皇后),31773,宇文邕(北周武帝),77
22793,虞世南,22791,虞寄,79
31362,石虎,31360,石勒,79
31485,于志寧,31478,于宣敏,79
31835,源玄諒,31831,源奐,79
32430,顏師古,95030,顏游秦,79
118405,王氏(楊慶妻),134932,王世充,79
22793,虞世南,22791,虞寄,82
31485,于志寧,31478,于宣敏,82
31835,源玄諒,31831,源奐,82
13060,李世民(唐太宗),31065,長孫晟,87
26934,姚懿,32191,劉志逵,92
444814,蕭銑,135187,蕭氏(炀帝后),93
13060,李世民(唐太宗),30394,徐孝德,100
32210,楊昭,32212,崔弘昇,100
18635,許善心,30589,范氏(許亨妻),111
134674,顧琛,134676,孔氏(顧琛母),111
31117,李歆,135333,尹氏(李暠妻),111
12199,歐陽通,135382,徐氏(歐陽詢妻),111
13060,李世民(唐太宗),135646,竇氏(太穆皇后),111
187923,李建成,135646,竇氏(太穆皇后),111
33013,王珪,135652,李氏(王珪母),111
31005,拓跋珪,136032,賀氏(拓跋珪母),111
142558,鄭善,162345,楊氏(鄭善母),111
142659,張琮,162646,解氏(張琮母),111
142758,孔業,163016,王氏(孔業母),111
142758,孔業,163017,王高,111
444800,劉武周,444805,趙氏(劉武周母),111
135646,竇氏(太穆皇后),444913,宇文氏(竇毅妻),111
13059,李淵(唐高祖),444920,獨孤氏(李昺妻),111
12256,蕭詧(西梁宣帝),444995,龔氏(蕭詧之母),111
134622,長孫安業,31068,長孫無忌,118
32202,李神通,13059,李淵(唐高祖),119
13059,李淵(唐高祖),32202,李神通,119
22057,王勣,11965,王通,125
12841,敬法明,12838,敬顯雋,125
20210,劉仕雋,20209,劉環雋,125
30843,任遙,30842,任遐,125
30925,褚法顯,30924,褚湛之,125
30962,豆盧勣,30961,豆盧通,125
31452,席世英,31451,席世雅,125
31628,岑文本,31627,岑文叔,125
31934,蕭引,31933,蕭允,125
32414,顏含,32415,顏畿,125
94815,溫彥博,94810,溫彥弘,125
120216,鮑令暉,120217,鮑昭,125
134691,劉令嫻,134690,劉冉,125
146409,虞某(舒懿匡伯弟),138714,舒懿匡伯,125
146410,虞氏(舒懿匡伯妹),138714,舒懿匡伯,125
138723,胡永,146445,胡長粲,125
139595,蓋蕃,148461,蓋伯文,125
32629,崔寅,155651,崔休,125
142742,崔拏,162964,崔達,125
13060,李世民(唐太宗),187923,李建成,125
12256,蕭詧(西梁宣帝),193952,蕭譽,125
444872,薛仁越,444795,薛仁杲,125
444939,林藥師,444847,林士弘,125
444956,梁洛兒,444852,梁師都,125
444800,劉武周,444992,劉山伯,125
69869,謝奕,3365,謝安,126
193952,蕭譽,12256,蕭詧(西梁宣帝),126
12838,敬顯雋,12841,敬法明,126
187923,李建成,13060,李世民(唐太宗),126
20209,劉環雋,20210,劉仕雋,126
11965,王通,22057,王勣,126
30842,任遐,30843,任遙,126
30924,褚湛之,30925,褚法顯,126
30961,豆盧通,30962,豆盧勣,126
13060,李世民(唐太宗),31176,李元吉,126
31418,韋鼎,31420,韋B,126
31451,席世雅,31452,席世英,126
444913,宇文氏(竇毅妻),31773,宇文邕(北周武帝),126
31933,蕭允,31934,蕭引,126
155651,崔休,32629,崔寅,126
94810,溫彥弘,94815,溫彥博,126
136032,賀氏(拓跋珪母),136036,染干,126
134836,謝道韞,136120,謝玄,126
146445,胡長粲,138723,胡永,126
148461,蓋伯文,139595,蓋蕃,126
138714,舒懿匡伯,146409,虞某(舒懿匡伯弟),126
13060,李世民(唐太宗),187928,李元景,126
444992,劉山伯,444800,劉武周,126
444795,薛仁杲,444872,薛仁越,126
444847,林士弘,444939,林藥師,126
444852,梁師都,444956,梁洛兒,126
13060,李世民(唐太宗),512559,李元方,126
12258,蕭琮,12259,蕭瑀,130
444852,梁師都,444941,梁洛仁,130
12259,蕭瑀,12258,蕭琮,131
135646,竇氏(太穆皇后),31779,竇抗,131
444996,王氏(蕭詧之妻),12256,蕭詧(西梁宣帝),134
135646,竇氏(太穆皇后),13059,李淵(唐高祖),134
450734,張氏(李淵妻),13059,李淵(唐高祖),134
135300,盧氏(房玄齡妻),17130,房玄齡,134
30589,范氏(許亨妻),18634,許亨,134
134636,馮小憐,21303,陳叔寶,134
134637,沈婺華,21303,陳叔寶,134
135247,張麗華,21303,陳叔寶,134
134838,褚蒜子(司馬岳妻),30906,司馬岳,134
135187,蕭氏(炀帝后),30957,楊廣(隋煬帝),134
134757,胡承華,31009,元恪,134
444920,獨孤氏(李昺妻),31122,李昺,134
444913,宇文氏(竇毅妻),31777,竇毅,134
135652,李氏(王珪母),33012,王顗,134
135183,弘夜珠,33252,蕭繹,134
135488,段氏(慕容垂皇后),95217,慕容垂,134
120213,劉英媛,120215,王藻,134
134636,馮小憐,134663,高瑋,134
134636,馮小憐,134665,宇文達,134
134678,沈滿願,134680,范靖,134
134687,劉氏(王叔英妻),134688,王叔英,134
134691,劉令嫻,134693,徐悱,134
134766,楊氏(呂纂妻),134765,呂纂,134
134836,謝道韞,134837,王凝之,134
134893,陳元方,134894,劉臻,134
118405,王氏(楊慶妻),134930,楊慶,134
135639,向氏(檀道濟妻),135637,檀道濟,134
136104,劉氏(張嵊妻),136105,張嵊,134
146412,淳于氏(王仲妻),138715,王仲,134
146417,管氏(關道愛妻),138716,關道愛,134
146420,刀氏氏(崔志妻),138717,崔志,134
146421,趙氏(崔志妻),138717,崔志,134
146426,何氏(劉粲妻),138718,劉粲,134
146430,劉氏(程锺妻),138719,程锺,134
146446,張氏(胡永妻),138723,胡永,134
146451,王氏(郭通妻),138724,郭通,134
146462,張氏(毛祐妻),138730,毛祐,134
146467,張氏(某禕妻),138735,某禕,134
146475,唐氏(郭雲妻),138739,郭雲,134
146490,趙氏(某謩妻),138744,某謩,134
146495,楊氏(張濬妻),138746,張濬,134
146500,王氏(張伯妻),138747,張伯,134
146528,劉氏(某孝敏妻),138760,某孝敏,134
146531,慕容(王之女),138762,孫隆,134
146548,王氏(徐純妻),138770,徐純,134
146551,路氏(王護妻),138771,王護,134
146563,陸氏(長孫仁妻),138774,長孫仁,134
148977,杜氏(蕭瑤妻),138779,蕭瑤,134
146598,郝氏(孟保同妻),138786,孟保同,134
146644,董氏(劉政妻),138803,劉政,134
146656,劉氏(李仲賓妻),138805,李仲賓,134
146662,常氏(馬志道妻),138808,馬志道,134
146669,能氏(某懷文妻),138810,某懷文,134
512474,呂氏(王伏興之妻),138814,王伏興,134
146681,陳氏(姚暢妻),138816,姚暢,134
146684,鄭氏(妻),138817,某鍾葵,134
146692,趙氏(王通妻),138818,王通,134
146697,孟氏(明雅妻),138823,明雅,134
146708,梁氏(某綱妻),138827,某綱,134
146737,梁氏(傅叔妻),138842,傅叔,134
146743,和氏(段師妻),138846,段師,134
146748,張氏(王才妻),138847,王才,134
146753,楊氏(李桀妻),138848,李桀,134
146767,翟氏(孔長寧妻),138853,孔長寧,134
146774,楊氏(向英妻),138856,向英,134
146782,趙氏(張育妻),138859,張育,134
146797,廬氏(丘蘊妻),138863,丘蘊,134
146804,薄氏(張通妻),138865,張通,134
146810,翟氏(某昉妻),138869,某昉,134
146815,魏氏(霍寬妻),138870,霍寬,134
146819,盧氏(辛衡卿妻),138871,辛衡卿,134
146871,呂氏(周仲隱妻),138890,侯雲,134
146893,郭氏(金行舉妻),138920,金行舉,134
146907,安氏(安諒妻),138926,安諒,134
146916,李氏(某藥妻),138930,某藥,134
146919,某寇(劉初妻),138932,劉初,134
146922,康氏(支茂妻),138934,支茂,134
146923,王氏(支茂妻),138934,支茂,134
146926,姚氏(潘卿妻),138935,潘卿,134
146927,張氏(潘卿妻),138935,潘卿,134
146933,翟氏(支彥妻),138938,支彥,134
146938,侯氏(某才妻),138939,某才,134
146941,袁氏(仇道妻),138941,仇道,134
146960,張氏(楊藝妻),138948,楊藝,134
146980,張氏(馬忠妻),138956,馬忠,134
146989,賈氏(吳孝妻),138961,吳孝,134
147016,張氏(王則妻),138971,王則,134
147019,石氏(鄭滿妻),138972,鄭滿,134
147024,王氏(趙安妻),138973,趙安,134
147033,張氏(揚清妻),138975,揚清,134
147044,馬氏(劉建妻),138980,劉建,134
147061,乙安氏(劉普曜妻),138986,劉普曜,134
147079,劉氏(安延妻),138994,安延,134
147114,張氏(楊吳生妻),139010,楊吳生,134
147174,武氏(楊貴妻),139032,楊貴,134
147177,樊氏(韓懷妻),139033,韓懷,134
147182,彭氏(韓通妻),139034,韓通,134
147185,王氏(金魏妻),139035,金魏,134
147194,常夫人,139039,王寬,134
147207,崔氏(盧萬春妻),139043,盧萬春,134
147233,王氏(趙勣妻),139052,趙勣,134
147244,韓氏(王瑗達妻),139056,王瑗達,134
147248,李氏(崔泰妻),139057,崔泰,134
147259,吳氏(韓遷妻),139059,韓遷,134
147262,鄭氏(王惠妻),139060,王惠,134
147343,任氏(王卿妻),139092,王卿,134
147353,王氏(杜文貢妻),139098,杜文貢,134
147405,王氏(張伽妻),139117,張伽,134
147410,張氏(韓政妻),139118,韓政,134
147416,劉氏(姚妻),139120,姚某,134
147428,李氏(某登寶妻),139123,某登寶,134
147499,申氏(楊士妻),139159,楊士,134
147502,李氏(成願壽妻),139160,成願壽,134
147515,鄒氏(李妻),139163,李某,134
139162,蘇娬,139166,尉遲恭,134
147528,韓氏(田通妻),139170,田通,134
147554,郗氏(董明妻),139179,董明,134
147617,馮氏(苗明妻),139202,苗明,134
147624,逯氏(王力士妻),139205,王力士,134
147641,高氏(張懷文妻),139212,張懷文,134
147651,黎氏(高德妻),139218,高德,134
147689,元氏(王敏妻),139235,王敏,134
147746,魏氏(張寶妻),139260,張寶,134
147761,梁氏(某汪妻),139264,某汪,134
147788,尹氏(張禮妻),139276,張禮,134
147828,張光,139290,秦義,134
147832,張氏(周師妻),139291,周師,134
147857,楊氏(唐沙妻),139302,唐沙,134
147881,竇氏(皇甫妻),139309,皇甫某,134
147887,楊氏(樊秀妻),139310,樊秀,134
149297,盧氏(高夔妻),139344,高夔,134
149298,馬氏(高夔妻),139344,高夔,134
149333,蔡氏(陳護妻),139353,陳護,134
149336,劉氏(李善智妻),139354,李善智,134
149425,麴氏(張雄妻),139381,張雄,134
147930,施氏(鄧威妻),139409,鄧威,134
147944,陳氏(呂德妻),139413,呂德,134
147948,劉氏(李文妻),139415,李文,134
147969,楊氏(宋璋妻),139423,宋璋,134
147982,曹氏(梁秀妻),139429,梁秀,134
147990,楊氏(羅端妻),139431,羅端,134
148014,杜氏(王君妻),139436,王君,134
148047,劉氏(楊康妻),139448,楊康,134
148106,劉氏(某君妻),139476,某君,134
148127,張氏(楊達妻),139484,楊達,134
148148,杜氏(某士端妻),139492,某士端,134
148180,田氏(董葵妻),139503,董葵,134
148210,衛氏(董榮妻),139513,董榮,134
148242,上官氏(張善妻),139521,張善,134
148246,李氏(靖千年妻),139522,靖千年,134
148255,燕氏(張妻),139525,張某,134
148277,樊氏(張朗妻),139533,張朗,134
148284,郭氏(張彥妻),139535,張彥,134
148291,王氏(靖徹妻),139537,靖徹,134
148385,淳于氏(曹德妻),139571,曹德,134
148434,曹氏(楊湯妻),139588,楊湯,134
148492,趙氏(樂玄妻),139603,樂玄,134
148557,李氏(張祖妻),139629,張祖,134
148562,唐氏(康武通妻),139630,康武通,134
148568,和氏(王逸妻),139632,王逸,134
148605,燕氏(嚴朗妻),139639,嚴朗,134
148651,叱李氏(慕容三藏妻),139652,慕容三藏,134
148652,虞氏(慕容三藏妻),139652,慕容三藏,134
148667,賈氏(某廉妻),139656,某廉,134
148702,李氏(楊晟妻),139669,楊晟,134
148710,王氏(張傑妻),139671,張傑,134
148796,馮氏(杜行寶妻),139696,杜行寶,134
148815,暴氏(某元妻),139702,某元,134
148840,孟氏(王式妻),139711,王式,134
148896,杜氏(張曄妻),139738,張曄,134
148926,馮氏(杜秀妻),139749,杜秀,134
148931,吳氏(馬珍妻),139751,馬珍,134
148932,苗氏(馬珍妻),139751,馬珍,134
149124,李氏(孫義普妻),139811,孫義普,134
149641,朱氏(梁玄敏妻),139885,梁玄敏,134
149668,柳氏(陳察妻),139894,陳察,134
149854,徐氏(王定妻),139989,王定,134
161890,呂氏(楊業洛妻),142234,楊業洛,134
161891,李氏(楊業洛妻),142234,楊業洛,134
161895,爨氏(徐彪妻),142235,徐彪,134
163335,劉氏(柳行滿妻),142308,柳行滿,134
163337,乙弗氏(柳行滿妻),142308,柳行滿,134
162002,元氏(燕明妻),142388,燕明,134
162037,王氏(賈貞妻),142414,賈貞,134
162038,裴氏(宋舉妻),142416,宋舉,134
162039,鍾氏(宋舉妻),142416,宋舉,134
162051,王氏(董僧利妻),142422,董僧利,134
162061,劉氏(王恭妻),142430,王恭,134
162062,陳氏(王恭妻),142430,王恭,134
162082,何氏(龍潤妻),142440,龍潤,134
162097,李氏(皇甫滔妻),142447,皇甫滔,134
162132,高氏(支隆妻),142468,支隆,134
162170,邊氏(段文政妻),142480,段文政,134
162212,李氏(張亮妻),142498,張亮,134
162223,韓氏(范澄妻),142500,范澄,134
162227,元氏(陽昕妻),142503,陽昕,134
162235,吳氏(高文妻),142505,高文,134
162301,皇甫氏(杜博乂妻),142537,杜博乂,134
162333,裴氏(柳鼓妻),142555,柳鼓,134
162338,趙氏(呂道妻),142557,呂道,134
162343,鄭公,142558,鄭善,134
162393,張氏(史妻),142571,史某,134
162433,曾氏(張師妻),142584,張師,134
162470,崔氏(李某基妻),142598,李某基,134
162533,狄氏(王韋妻),142621,王韋,134
162544,馬氏(孫信妻),142624,孫信,134
162567,李氏(楊偘妻),142633,楊偘,134
162778,杜氏(某海妻),142693,某海,134
162845,李氏(格處仁妻),142713,格處仁,134
162908,蘇氏(劉珍妻),142728,劉珍,134
162919,曹氏(呂眾妻),142731,呂眾,134
163018,郭氏(孔業妻),142758,孔業,134
163083,裴氏(薛君繡妻),142778,薛君繡,134
145765,宋靈媛,145764,李祖牧,134
145767,崔幼妃,146168,李希宗,134
138708,庫狄真相,146388,崔某(庫狄真相夫),134
138712,元買得,146401,那盧,134
138741,楊寶,146481,郭倫,134
138742,趙氏(戚纂妻),146483,戚纂,134
138759,田氏(田暉女),146524,柳氏(田氏夫),134
138783,秦詳兒,146586,張某(秦詳兒夫),134
138785,雷氏(雷俊女),146594,魏某(雷氏夫),134
138789,劉氏(任阿悅妻),146612,任阿悅,134
138794,劉氏(劉岡女),146623,侯某(劉氏夫),134
138797,劉氏(王才粲妻),146629,王才粲,134
138822,楊氏(楊貴女),146695,張明府,134
138830,班氏(班謙女),146716,宋某(班氏夫),134
138835,齊氏(齊某陁(齊氏父)女),146723,張某(齊氏夫),134
138844,馬氏(王某(馬氏夫)妻),146740,王某(馬氏夫),134
138855,劉氏(徐某(劉氏夫)妻),146771,徐某(劉氏夫),134
138877,麴氏(麴某(麴氏父)女),146837,趙某(麴氏夫),134
138883,楊成其,146855,劉某(楊成其夫),134
138904,蘇氏(曹某(蘇氏夫)妻),146888,曹某(蘇氏夫),134
138917,某太景,146889,某太景(某太景夫),134
138923,段氏(段龍女),146900,竺某(段氏夫),134
138952,唐阿深,146972,明某(唐阿深夫),134
138953,姚潔,146975,趙某(姚潔夫),134
138955,馬壽,146979,楊某(馬壽夫),134
138958,成公氏(張某(成公氏夫)妻),146985,張某(成公氏夫),134
138959,申好,146986,牛某(申好夫),134
138962,楊氏(楊威女),146992,陳某(楊氏夫),134
138964,鄭金,146999,嚴某(鄭金夫),134
138977,孫氏(孫叉女),147039,楊某(孫氏夫),134
138981,索相兒,147048,索某(索相兒夫),134
139004,田氏(田伯女),147103,史某(田氏夫),134
139008,姜氏(姜伯女),147109,燕某(姜氏夫),134
139011,張伯,147117,楊某(張伯夫),134
139019,趙摩,147136,韓某(趙摩夫),134
139024,某隴,147146,祖某(某隴夫),134
139026,孫光,147154,蓋贊,134
139028,成遠,147160,成某(成遠夫),134
139038,效姬,147191,張某(效姬夫),134
139045,張湏摩,147215,呂某(張湏摩夫),134
139062,郭氏(王某(郭氏夫)妻),147266,王某(郭氏夫),134
139063,劉妙姜,147267,楊康,134
139068,蕭𫱮媄,147283,柳某(蕭𫱮媄夫),134
139069,陰容,147288,王某(陰容夫),134
139077,孟秤,147304,李某(孟秤夫),134
139080,呂華,147309,李府君(呂華夫),134
139083,張氏(張震女),147316,郭某(張氏夫),134
139085,可那氏(張某(可那氏夫)妻),147323,張某(可那氏夫),134
139114,孔玉,147396,梁某(孔玉夫),134
139121,李氏(李康女),147420,王某(李氏夫),134
139130,慕容麗,147442,曹某(慕容麗夫),134
139135,王氏(宋某(王氏夫)妻),147447,宋某(王氏夫),134
139146,張端,147471,爨某(張端夫),134
139152,張宷,147484,潘公,134
139157,李氏(李通女),147493,張達,134
139162,蘇娬,147509,敬德,134
139165,戴滿,147516,董某(戴滿夫),134
139168,王摩,147524,季某(王摩夫),134
139171,萇氏(萇某(萇氏父)女),147532,張某(萇氏夫),134
139176,楊媛,147548,郭某(楊媛夫),134
139182,路氏(徐某(路氏夫)妻),147562,徐某(路氏夫),134
139186,段金,147573,韓某(段金夫),134
139068,蕭𫱮媄,147592,柳遜,134
139193,袁客仁,147594,蕭公,134
139208,解摩,147636,韓行,134
139213,韓氏(韓軌女),147643,李府君(韓氏夫),134
139216,茹氏(茹代女),147648,關預仁,134
139246,譚二娘,147707,侯某(譚二娘夫),134
139271,某某,147779,王某(夫),134
139286,毛姿臺,147817,張某(毛姿臺夫),134
139303,宗氏(宗太女),147860,郭某(宗氏夫),134
139311,程氏(程嵩朗女),147889,張某(程氏夫),134
139403,趙氏(趙士政女),147912,孟某(趙氏夫),134
139410,張氏(桓琮妻),147934,桓琮,134
139422,康波密提慕至既,147966,梁某(夫),134
139424,鮮於氏(王德妻),147970,王德,134
139441,劉寶,148028,趙某(劉寶夫),134
139446,杜令姿,148040,董某(杜令姿夫),134
139474,周氏(周弘女),148101,程某(周氏夫),134
139475,田信,148105,魏某(田信夫),134
139495,梁氏(梁隆女),148156,張府君(梁氏夫),134
139548,牛氏(牛善女),148324,潘某(牛氏夫),134
139563,王氏(楊義妻),148373,楊義,134
139564,李氏(李某(李氏夫)妻),148374,李某(李氏夫),134
139580,張文母,148406,杜善榮,134
139607,王婉,148509,李府君(王婉夫),134
139618,王智,148532,張某(王智夫),134
139642,陳恭,148615,淳于才,134
139658,侯氏(侯華女),148670,彭某(侯氏夫),134
139701,曹氏(曹毗沙女),148811,康某(曹氏夫),134
139703,王氏(王宣女),148818,張府君(王氏夫),134
140090,王氏(王子忠女),150242,褚府君(王氏夫),134
142214,某某,161866,于某(夫),134
142226,張娥子,161873,王某(張娥子夫),134
142242,竇娘子,161918,侯使某(竇娘子夫),134
142245,蔡氏(蕭琮妻),161927,蕭琮,134
142254,左氏(嚴懷保妻),161933,嚴懷保,134
142259,麴法臺,161939,張善哲,134
142260,綦母氏(綦母賾女),161940,韓某(綦母氏夫),134
142262,劉氏(張才信妻),161947,張才信,134
142265,楊十戒,161952,李某(楊十戒夫),134
142268,王凝華,161957,呂道仁,134
142278,延陁氏(延陁區利支達官女),161976,李思摩,134
142284,某氏(張子慶妻),161980,張子慶,134
142391,蔡氏(蕭倧妻),162010,蕭倧,134
142404,高臺暈,162013,張銀子,134
142405,張臺女,162014,陽保某,134
142418,張氏(郭某(張氏夫)妻),162046,郭某(張氏夫),134
142434,王淨,162065,高士明,134
142460,呂氏(張方妻),162125,張方,134
142481,孫弄珪,162175,蓨某,134
142519,某某,162260,趙善德,134
142553,王氏(王鼒女),162327,張府君(王氏夫),134
142565,徐氏(徐稱女),162370,李相,134
142632,李三娘,162564,張備(李三娘夫),134
142656,宋善至,162632,許洛仁,134
142676,元令仲,162701,劉君,134
142682,張氏(方府君妻),162721,方府君,134
142699,麴連,162798,張歡,134
142307,劉媚,163327,柳府君,134
138709,某月相,179034,盧文構,134
444873,鞠氏(薛舉之妻),444796,薛舉,134
444907,沮氏(劉武周之妻),444800,劉武周,134
444805,趙氏(劉武周母),444804,劉匡,134
444943,曹氏(竇建德之妻),444865,竇建德,134
18634,許亨,30589,范氏(許亨妻),135
13060,李世民(唐太宗),31067,徐惠,135
31111,楊德裔,31128,李氏(楊德裔妻),135
31175,楊師道,31172,李氏(長廣公主),135
32449,殷履直,32450,顏氏(殷履直妻),135
13060,李世民(唐太宗),93663,武曌(武則天),135
21303,陳叔寶,134637,沈婺華,135
3835,陶潛,134662,翟氏(陶潛妻),135
134693,徐悱,134691,劉令嫻,135
31645,苻堅,134775,張氏(苻堅妻),135
134894,劉臻,134893,陳元方,135
30957,楊廣(隋煬帝),135187,蕭氏(炀帝后),135
17130,房玄齡,135300,盧氏(房玄齡妻),135
22466,李暠,135333,尹氏(李暠妻),135
31647,苻登,135468,毛氏(苻登后),135
95217,慕容垂,135488,段氏(慕容垂皇后),135
17122,慕容德,135493,段季妃,135
13059,李淵(唐高祖),135646,竇氏(太穆皇后),135
135651,柴紹,135650,李氏(平陽公主),135
33012,王顗,135652,李氏(王珪母),135
136105,張嵊,136104,劉氏(張嵊妻),135
179034,盧文構,138709,某月相,135
147592,柳遜,139068,蕭𫱮媄,135
139166,尉遲恭,139162,蘇娬,135
162564,張備(李三娘夫),142632,李三娘,135
145764,李祖牧,145765,宋靈媛,135
146168,李希宗,145767,崔幼妃,135
146217,盧承基,146218,李氏(李爽女),135
138715,王仲,146412,淳于氏(王仲妻),135
138716,關道愛,146417,管氏(關道愛妻),135
138717,崔志,146420,刀氏氏(崔志妻),135
138717,崔志,146421,趙氏(崔志妻),135
138718,劉粲,146426,何氏(劉粲妻),135
138719,程锺,146430,劉氏(程锺妻),135
138723,胡永,146446,張氏(胡永妻),135
138724,郭通,146451,王氏(郭通妻),135
138730,毛祐,146462,張氏(毛祐妻),135
138735,某禕,146467,張氏(某禕妻),135
138739,郭雲,146475,唐氏(郭雲妻),135
138744,某謩,146490,趙氏(某謩妻),135
138746,張濬,146495,楊氏(張濬妻),135
138747,張伯,146500,王氏(張伯妻),135
138760,某孝敏,146528,劉氏(某孝敏妻),135
138762,孫隆,146531,慕容(王之女),135
138770,徐純,146548,王氏(徐純妻),135
138771,王護,146551,路氏(王護妻),135
138774,長孫仁,146563,陸氏(長孫仁妻),135
138786,孟保同,146598,郝氏(孟保同妻),135
138803,劉政,146644,董氏(劉政妻),135
138805,李仲賓,146656,劉氏(李仲賓妻),135
138808,馬志道,146662,常氏(馬志道妻),135
138810,某懷文,146669,能氏(某懷文妻),135
138816,姚暢,146681,陳氏(姚暢妻),135
138817,某鍾葵,146684,鄭氏(妻),135
138818,王通,146692,趙氏(王通妻),135
138823,明雅,146697,孟氏(明雅妻),135
138826,何相,146707,尹氏(何相妻),135
138827,某綱,146708,梁氏(某綱妻),135
138842,傅叔,146737,梁氏(傅叔妻),135
138846,段師,146743,和氏(段師妻),135
138847,王才,146748,張氏(王才妻),135
138848,李桀,146753,楊氏(李桀妻),135
138853,孔長寧,146767,翟氏(孔長寧妻),135
138856,向英,146774,楊氏(向英妻),135
138859,張育,146782,趙氏(張育妻),135
138863,丘蘊,146797,廬氏(丘蘊妻),135
138864,命某,146801,宋氏(妻),135
138865,張通,146804,薄氏(張通妻),135
138869,某昉,146810,翟氏(某昉妻),135
138870,霍寬,146815,魏氏(霍寬妻),135
138871,辛衡卿,146819,盧氏(辛衡卿妻),135
138880,薛朗,146848,王玉,135
138890,侯雲,146871,呂氏(周仲隱妻),135
138891,董柱,146875,任氏(侯雲妻),135
138920,金行舉,146893,郭氏(金行舉妻),135
138926,安諒,146907,安氏(安諒妻),135
138930,某藥,146916,李氏(某藥妻),135
138932,劉初,146919,某寇(劉初妻),135
138934,支茂,146922,康氏(支茂妻),135
138934,支茂,146923,王氏(支茂妻),135
138935,潘卿,146926,姚氏(潘卿妻),135
138935,潘卿,146927,張氏(潘卿妻),135
138936,王順孫,146929,韋氏(王順孫妻),135
138938,支彥,146933,翟氏(支彥妻),135
138939,某才,146938,侯氏(某才妻),135
138941,仇道,146941,袁氏(仇道妻),135
138945,張義,146951,車氏(張義妻),135
138947,孫遷,146956,王氏(孫遷妻),135
138948,楊藝,146960,張氏(楊藝妻),135
138956,馬忠,146980,張氏(馬忠妻),135
138961,吳孝,146989,賈氏(吳孝妻),135
138969,劉意,147012,馬氏(劉意妻),135
138971,王則,147016,張氏(王則妻),135
138972,鄭滿,147019,石氏(鄭滿妻),135
138973,趙安,147024,王氏(趙安妻),135
138975,揚清,147033,張氏(揚清妻),135
138980,劉建,147044,馬氏(劉建妻),135
138986,劉普曜,147061,乙安氏(劉普曜妻),135
138994,安延,147079,劉氏(安延妻),135
139010,楊吳生,147114,張氏(楊吳生妻),135
139012,段會,147120,呂氏(段會妻),135
139015,郭嘉,147128,郭氏(郭嘉妻),135
139025,某某,147151,劉氏(妻),135
139030,姬推,147168,程氏(姬推妻),135
139031,張琛,147173,劉氏(張琛妻),135
139032,楊貴,147174,武氏(楊貴妻),135
139033,韓懷,147177,樊氏(韓懷妻),135
139034,韓通,147182,彭氏(韓通妻),135
139035,金魏,147185,王氏(金魏妻),135
139039,王寬,147194,常夫人,135
139043,盧萬春,147207,崔氏(盧萬春妻),135
139052,趙勣,147233,王氏(趙勣妻),135
139056,王瑗達,147244,韓氏(王瑗達妻),135
139057,崔泰,147248,李氏(崔泰妻),135
139059,韓遷,147259,吳氏(韓遷妻),135
139060,王惠,147262,鄭氏(王惠妻),135
139066,高儼仁,147277,崔氏(高儼仁妻),135
139086,程雄,147327,皇甫氏(程雄妻),135
139092,王卿,147343,任氏(王卿妻),135
139098,杜文貢,147353,王氏(杜文貢妻),135
139105,王立,147374,成氏(王立妻),135
139117,張伽,147405,王氏(張伽妻),135
139118,韓政,147410,張氏(韓政妻),135
139120,姚某,147416,劉氏(姚妻),135
139123,某登寶,147428,李氏(某登寶妻),135
139129,高達,147439,安氏(高達妻),135
139151,宋義,147480,趙氏(宋義妻),135
139159,楊士,147499,申氏(楊士妻),135
139160,成願壽,147502,李氏(成願壽妻),135
139163,李某,147515,鄒氏(李妻),135
139170,田通,147528,韓氏(田通妻),135
139179,董明,147554,郗氏(董明妻),135
139196,樊寬,147606,韓氏(樊寬妻),135
139202,苗明,147617,馮氏(苗明妻),135
139205,王力士,147624,逯氏(王力士妻),135
139209,任德,147639,樂令姿,135
139212,張懷文,147641,高氏(張懷文妻),135
139218,高德,147651,黎氏(高德妻),135
139225,祖忠,147668,鄒氏(祖忠妻),135
139235,王敏,147689,元氏(王敏妻),135
139239,王寬,147696,李氏(王寬妻),135
139242,王朗,147702,魏氏(王朗妻),135
139245,王孫,147706,侯氏(王孫妻),135
139248,斛斯師德,147712,韓氏(斛斯師德妻),135
139250,靖徹,147715,丁氏(靖徹妻),135
139253,某某,147723,張氏(妻),135
139255,房寶子,147729,王氏(房寶子妻),135
139259,張興,147742,趙氏(張興妻),135
139260,張寶,147746,魏氏(張寶妻),135
139263,李護,147755,吳氏(李護妻),135
139264,某汪,147761,梁氏(某汪妻),135
139276,張禮,147788,尹氏(張禮妻),135
139277,索玄,147790,左氏(索玄妻),135
139281,王羅,147803,段氏(王羅妻),135
139282,韓文,147806,潘氏(韓文妻),135
139282,韓文,147807,韓氏(韓文妻),135
139290,秦義,147828,張光,135
139291,周師,147832,張氏(周師妻),135
139299,魏郎仁,147849,鄭氏(魏郎仁妻),135
139302,唐沙,147857,楊氏(唐沙妻),135
139306,蘭達,147869,陰氏(蘭達妻),135
139308,王楷,147877,張氏(王楷妻),135
139309,皇甫某,147881,竇氏(皇甫妻),135
139310,樊秀,147887,楊氏(樊秀妻),135
139405,李英,147919,周氏(李英妻),135
139409,鄧威,147930,施氏(鄧威妻),135
139412,焦寶,147938,穆氏(焦寶妻),135
139413,呂德,147944,陳氏(呂德妻),135
139415,李文,147948,劉氏(李文妻),135
139417,王才,147953,毛氏(王才妻),135
139423,宋璋,147969,楊氏(宋璋妻),135
139425,皇甫璧,147972,劉氏(皇甫璧妻),135
139429,梁秀,147982,曹氏(梁秀妻),135
139430,段賾,147986,蘭氏(段賾妻),135
139431,羅端,147990,楊氏(羅端妻),135
139432,喪弘毅,147994,韋氏(喪弘毅妻),135
139434,霍達,148001,徐氏(霍達妻),135
139436,王君,148014,杜氏(王君妻),135
139442,李遠,148031,葉氏(李遠妻),135
139443,趙端,148034,徐氏(趙端妻),135
139448,楊康,148047,劉氏(楊康妻),135
139473,王宣,148094,張氏(王宣妻),135
139476,某君,148106,劉氏(某君妻),135
139480,董師,148113,王氏(董師妻),135
139484,楊達,148127,張氏(楊達妻),135
139491,支郎子,148147,封氏(支郎子妻),135
139492,某士端,148148,杜氏(某士端妻),135
139499,陳才,148164,王氏(陳才妻),135
139501,王道智,148170,劉氏(王道智妻),135
139503,董葵,148180,田氏(董葵妻),135
139513,董榮,148210,衛氏(董榮妻),135
139515,王端,148216,蘇氏(王端妻),135
139516,張鬼,148220,薛氏(張鬼妻),135
139518,王纂,148226,吉氏(王纂妻),135
139519,王和,148231,李氏(王和妻),135
139520,張仁,148237,宋氏(張仁妻),135
139521,張善,148242,上官氏(張善妻),135
139522,靖千年,148246,李氏(靖千年妻),135
139525,張某,148255,燕氏(張妻),135
139528,李弘,148261,閻氏(李弘妻),135
139533,張朗,148277,樊氏(張朗妻),135
139535,張彥,148284,郭氏(張彥妻),135
139537,靖徹,148291,王氏(靖徹妻),135
139544,李文,148315,宋氏(李文妻),135
139547,王贊,148322,姬氏(王贊妻),135
139552,李泰,148335,楊氏(李泰妻),135
139557,李爽,148349,鄭氏(李爽妻),135
139571,曹德,148385,淳于氏(曹德妻),135
139572,趙義,148390,竹氏(趙義妻),135
139575,上官義,148398,郭氏(上官義妻),135
139584,劉德師,148419,范氏(劉德師妻),135
139588,楊湯,148434,曹氏(楊湯妻),135
139589,樂達,148437,吳氏(樂達妻),135
139595,蓋蕃,148457,孫氏(蓋蕃妻),135
139597,某碩,148465,車氏(某碩妻),135
139599,趙德令,148476,杜氏(趙德令妻),135
139600,呂道,148484,王氏(呂道妻),135
139602,朱通,148491,馮氏(朱通妻),135
139603,樂玄,148492,趙氏(樂玄妻),135
139622,劉盛,148547,逮氏(劉盛妻),135
139629,張祖,148557,李氏(張祖妻),135
139630,康武通,148562,唐氏(康武通妻),135
139632,王逸,148568,和氏(王逸妻),135
139636,尹達,148583,孫氏(尹達妻),135
139637,封泰,148589,李氏(封泰妻),135
139639,嚴朗,148605,燕氏(嚴朗妻),135
139647,李子如,148633,韓氏(李子如妻),135
139648,費胤斌,148636,李氏(費胤斌妻),135
139652,慕容三藏,148651,叱李氏(慕容三藏妻),135
139652,慕容三藏,148652,虞氏(慕容三藏妻),135
139656,某廉,148667,賈氏(某廉妻),135
139669,楊晟,148702,李氏(楊晟妻),135
139670,王儉,148705,劉氏(王儉妻),135
139671,張傑,148710,王氏(張傑妻),135
139673,董仁,148715,戴氏(董仁妻),135
139675,任某,148726,孫氏(任妻),135
139677,王則,148734,陳氏(王則妻),135
139411,李辯,148756,張氏(李辯妻),135
139696,杜行寶,148796,馮氏(杜行寶妻),135
139698,賈整,148803,陳氏(賈整妻),135
139702,某元,148815,暴氏(某元妻),135
139705,周廣,148821,傅氏(周廣妻),135
139705,周廣,148822,朱氏(周廣妻),135
139711,王式,148840,孟氏(王式妻),135
139726,王留生,148876,張氏(王留生妻),135
139733,樂玉,148885,樊氏(樂玉妻),135
139738,張曄,148896,杜氏(張曄妻),135
139740,某宮,148903,張氏(某宮妻),135
139741,朱憲,148906,傅氏(朱憲妻),135
139747,羅甑生,148919,康氏(羅甑生妻),135
139749,杜秀,148926,馮氏(杜秀妻),135
139751,馬珍,148931,吳氏(馬珍妻),135
139751,馬珍,148932,苗氏(馬珍妻),135
138779,蕭瑤,148977,杜氏(蕭瑤妻),135
139774,康杴,149007,曹氏(康杴妻),135
139777,張某,149018,袁氏(張妻),135
13060,李世民(唐太宗),149099,韋氏(唐太宗韋貴妃),135
139811,孫義普,149124,李氏(孫義普妻),135
139818,王岐,149139,孫氏(王岐妻),135
139826,某某,149162,張氏(妻),135
139319,張倫,149217,王氏(張倫妻),135
139338,崔某,149278,閭氏(崔妻),135
139344,高夔,149297,盧氏(高夔妻),135
139344,高夔,149298,馬氏(高夔妻),135
139349,寵德威,149315,王氏(寵德威妻),135
139353,陳護,149333,蔡氏(陳護妻),135
139354,李善智,149336,劉氏(李善智妻),135
139381,張雄,149425,麴氏(張雄妻),135
139391,邢郭,149458,呂氏(邢郭妻),135
139869,申屠寶,149580,李氏(申屠寶妻),135
139885,梁玄敏,149641,朱氏(梁玄敏妻),135
139894,陳察,149668,柳氏(陳察妻),135
139962,蕭遇,149761,李氏(蕭遇妻),135
139967,齊朗,149787,王氏(齊朗妻),135
139989,王定,149854,徐氏(王定妻),135
140208,陸某,150622,孝敬,135
140385,孟晟,151507,蕭氏(孟晟妻),135
140413,孫安,151634,孤氏(孫安妻),135
140609,朱信,151984,蔡氏(朱信妻),135
142234,楊業洛,161890,呂氏(楊業洛妻),135
142234,楊業洛,161891,李氏(楊業洛妻),135
142235,徐彪,161895,爨氏(徐彪妻),135
31780,竇誕,161981,李氏(襄陽公主),135
142388,燕明,162002,元氏(燕明妻),135
142412,牛秀,162020,裴氏(牛秀妻),135
142414,賈貞,162037,王氏(賈貞妻),135
142416,宋舉,162038,裴氏(宋舉妻),135
142416,宋舉,162039,鍾氏(宋舉妻),135
142422,董僧利,162051,王氏(董僧利妻),135
142430,王恭,162061,劉氏(王恭妻),135
142430,王恭,162062,陳氏(王恭妻),135
142435,馬敏,162068,高氏(馬敏妻),135
142440,龍潤,162082,何氏(龍潤妻),135
142445,某某,162090,楊氏(妻),135
142447,皇甫滔,162097,李氏(皇甫滔妻),135
142468,支隆,162132,高氏(支隆妻),135
142477,姚才,162152,孔妹,135
142478,張言+歲,162157,徐氏(張言+歲妻),135
142480,段文政,162170,邊氏(段文政妻),135
142492,陶後興,162197,宋氏(陶後興妻),135
142493,王行,162202,雙氏(王行妻),135
142498,張亮,162212,李氏(張亮妻),135
142500,范澄,162223,韓氏(范澄妻),135
142503,陽昕,162227,元氏(陽昕妻),135
142505,高文,162235,吳氏(高文妻),135
142530,龍義,162283,游氏(龍義妻),135
142537,杜博乂,162301,皇甫氏(杜博乂妻),135
142555,柳鼓,162333,裴氏(柳鼓妻),135
142557,呂道,162338,趙氏(呂道妻),135
142558,鄭善,162343,鄭公,135
142562,程知節,162360,孫氏(程知節妻),135
142562,程知節,162361,崔氏(程知節妻),135
142567,宋文矩,162374,張氏(宋文矩妻),135
142571,史某,162393,張氏(史妻),135
142580,張珪,162423,李氏(張珪妻),135
142584,張師,162433,曾氏(張師妻),135
142587,崔穆,162444,申屠氏(崔穆妻),135
142592,張威,162453,郎氏(張威妻),135
142597,孟樞,162466,崔氏(孟樞妻),135
142598,李某基,162470,崔氏(李某基妻),135
142602,斛斯政則,162486,姚氏(斛斯政則妻),135
142621,王韋,162533,狄氏(王韋妻),135
142624,孫信,162544,馬氏(孫信妻),135
142633,楊偘,162567,李氏(楊偘妻),135
142647,成庫,162611,史氏(成庫妻),135
142652,范褒,162618,柳氏(范褒妻),135
142661,俎威,162648,張氏(俎威妻),135
142674,索某,162700,馬氏(索某妻),135
142692,馮瓊,162770,元氏(馮瓊妻),135
142693,某海,162778,杜氏(某海妻),135
142695,李相,162784,丁氏(李相妻),135
142705,朱寶,162815,吳氏(朱寶妻),135
142706,苗裕,162818,鄭氏(苗裕妻),135
142712,張舉,162839,劉某,135
142713,格處仁,162845,李氏(格處仁妻),135
142719,楊上,162873,宗氏(楊上妻),135
142720,王敬,162877,閻氏(王敬妻),135
142720,王敬,162878,郭氏(王敬妻),135
142720,王敬,162879,宋氏(王敬妻),135
142721,郭海,162881,王氏(郭海妻),135
142722,周寶,162885,王某,135
142728,劉珍,162908,蘇氏(劉珍妻),135
142731,呂眾,162919,曹氏(呂眾妻),135
142732,王林,162928,宋氏(王林妻),135
142733,郭祥,162935,柴氏(郭祥妻),135
142734,董師(董欽子),162942,郭氏(董師妻),135
142742,崔拏,162965,申氏(崔拏妻),135
142749,任智才,162987,史氏(任智才妻),135
142758,孔業,163018,郭氏(孔業妻),135
142778,薛君繡,163083,裴氏(薛君繡妻),135
142785,衛規,163125,寇氏(衛規妻),135
142308,柳行滿,163335,劉氏(柳行滿妻),135
142308,柳行滿,163337,乙弗氏(柳行滿妻),135
142375,王某,163582,鄭氏(王某妻),135
142879,萬願,163865,馬氏(萬願妻),135
142879,萬願,163866,張氏(萬願妻),135
444804,劉匡,444805,趙氏(劉武周母),135
444796,薛舉,444873,鞠氏(薛舉之妻),135
444800,劉武周,444907,沮氏(劉武周之妻),135
31777,竇毅,444913,宇文氏(竇毅妻),135
31122,李昺,444920,獨孤氏(李昺妻),135
444865,竇建德,444943,曹氏(竇建德之妻),135
12256,蕭詧(西梁宣帝),444996,王氏(蕭詧之妻),135
13059,李淵(唐高祖),450734,張氏(李淵妻),135
138814,王伏興,512474,呂氏(王伏興之妻),135
13060,李世民(唐太宗),31066,長孫氏(李世民妻),138
22793,虞世南,92269,孔紹安,159
444800,劉武周,379572,苑君璋,159
444795,薛仁杲,444898,鍾俱仇,159
444796,薛舉,444898,鍾俱仇,159
444800,劉武周,444905,宋金剛,159
134691,劉令嫻,134687,劉氏(王叔英妻),164
136104,劉氏(張嵊妻),134687,劉氏(王叔英妻),164
136120,謝玄,134836,謝道韞,164
134691,劉令嫻,136104,劉氏(張嵊妻),164
31773,宇文邕(北周武帝),444913,宇文氏(竇毅妻),164
21303,陳叔寶,134636,馮小憐,168
31009,元恪,134757,胡承華,168
33252,蕭繹,135183,弘夜珠,168
120217,鮑昭,120216,鮑令暉,169
134690,劉冉,134687,劉氏(王叔英妻),169
134687,劉氏(王叔英妻),134691,劉令嫻,169
134690,劉冉,134691,劉令嫻,169
136104,劉氏(張嵊妻),134691,劉令嫻,169
135488,段氏(慕容垂皇后),135493,段季妃,169
134687,劉氏(王叔英妻),136104,劉氏(張嵊妻),169
134690,劉冉,136104,劉氏(張嵊妻),169
138714,舒懿匡伯,146410,虞氏(舒懿匡伯妹),169
142713,格處仁,162844,某德仁,170
12255,蕭統,12256,蕭詧(西梁宣帝),176
135255,范孝才,30589,范氏(許亨妻),176
31065,長孫晟,31066,長孫氏(李世民妻),176
31131,李玄明,31128,李氏(楊德裔妻),176
31208,楊士達,31546,楊氏(武士彠妻),176
32191,劉志逵,32192,劉氏(姚懿妻),176
120214,劉義隆,120213,劉英媛,176
134467,張稷,134367,張楚媛,176
134638,沈君理,134637,沈婺華,176
134689,劉繪,134687,劉氏(王叔英妻),176
134689,劉繪,134691,劉令嫻,176
134758,胡國珍,134757,胡承華,176
69869,謝奕,134836,謝道韞,176
12257,蕭巋,135187,蕭氏(炀帝后),176
135486,麻秋,135487,麻姑,176
31777,竇毅,135646,竇氏(太穆皇后),176
444913,宇文氏(竇毅妻),135646,竇氏(太穆皇后),176
135646,竇氏(太穆皇后),135650,李氏(平陽公主),176
146387,庫狄洛,138708,庫狄真相,176
146394,某產之(某月相父),138709,某月相,176
195486,李產之,138709,某月相,176
146403,元乂,138712,元買得,176
146433,張賓,138721,張女羨,176
146480,楊達,138741,楊寶,176
146523,田暉,138759,田氏(田暉女),176
146530,張魏,138761,張妃,176
146541,王仁則,138768,王氏(王仁則女),176
13060,李世民(唐太宗),138769,李氏(汝南公主),176
146553,劉神,138772,劉氏(劉神女),176
146568,柳自然,138776,柳婆歸,176
146585,秦亮,138783,秦詳兒,176
146593,雷俊,138785,雷氏(雷俊女),176
146616,薄元禮,138792,薄氏(薄元禮女),176
146622,劉岡,138794,劉氏(劉岡女),176
162676,張剛,138794,劉氏(劉岡女),176
146634,楊彪,138799,楊玉姿,176
146649,馮怦,138804,馮氏(馮怦女),176
146694,楊貴,138822,楊氏(楊貴女),176
146702,任玄,138825,任氏(任玄女),176
146715,班謙,138830,班氏(班謙女),176
146724,齊某陁(齊氏父),138835,齊氏(齊某陁(齊氏父)女),176
146838,麴某(麴氏父),138877,麴氏(麴某(麴氏父)女),176
146854,楊裕,138883,楊成其,176
146902,段龍,138923,段氏(段龍女),176
146921,傷薄俱,138933,傷大妃,176
146965,和道,138949,和姬,176
146974,唐達,138952,唐阿深,176
146977,姚政,138953,姚潔,176
146988,申儉,138959,申好,176
146994,楊威,138962,楊氏(楊威女),176
147000,鄭達,138964,鄭金,176
147015,蓋倫,138970,蓋氏(蓋倫女),176
147041,孫叉,138977,孫氏(孫叉女),176
147050,索天洛,138981,索相兒,176
147087,邢紹,138996,邢仙姬,176
147104,田伯,139004,田氏(田伯女),176
147105,曹剛,139005,曹氏(曹剛女),176
147108,楊樂,139007,楊氏(楊樂女),176
147111,姜伯,139008,姜氏(姜伯女),176
147119,張貞,139011,張伯,176
147138,趙達,139019,趙摩,176
147149,某宜生(某隴父),139024,某隴,176
147156,孫興,139026,孫光,176
147162,成貴,139028,成遠,176
147193,效君恪,139038,效姬,176
147225,王伯,139048,王氏(王伯女),176
147289,陰伯,139069,陰容,176
147306,張光,139078,張肅,176
147311,呂方賢,139080,呂華,176
147318,張震,139083,張氏(張震女),176
147360,張琮,139099,張惠,176
147385,張定景,139111,張氏(張定景女),176
147388,霍遵,139112,霍氏(霍遵女),176
147422,李康,139121,李氏(李康女),176
147461,王榮,139140,王媛,176
147473,張珍,139146,張端,176
147477,王儜,139149,王氏(王儜女),176
147486,張矩,139152,張宷,176
146121,薛元嘏,139153,薛瑤華,176
147496,李通,139157,李氏(李通女),176
147512,蘇謙,139162,蘇娬,176
147525,王鑒,139168,王摩,176
147534,萇某(萇氏父),139171,萇氏(萇某(萇氏父)女),176
147540,楊寶德,139173,楊大娘,176
147550,楊某(楊媛父),139176,楊媛,176
147575,段達,139186,段金,176
147597,袁弘略,139193,袁客仁,176
147637,解寶,139208,解摩,176
147645,韓軌,139213,韓氏(韓軌女),176
147650,茹代,139216,茹氏(茹代女),176
147666,姚元,139224,姚弟,176
147709,譚約,139246,譚二娘,176
147714,竹懷威,139249,竹妙,176
147754,喬雲,139262,喬娥,176
147776,賈宜,139269,賈令珪,176
147782,某爽(父),139271,某某,176
147862,宗太,139303,宗氏(宗太女),176
147891,程嵩朗,139311,程氏(程嵩朗女),176
147903,張金,139399,張氏(張金女),176
147913,趙士政,139403,趙氏(趙士政女),176
147924,劉仁崱,139406,劉氏(劉仁崱女),176
147968,某和(父),139422,康波密提慕至既,176
148030,劉海,139441,劉寶,176
148042,杜素,139446,杜令姿,176
148051,王遜,139449,王淑,176
148056,王某(王師父),139452,王師,176
148061,郭貴,139455,郭氏(郭貴女),176
148103,周弘,139474,周氏(周弘女),176
148157,梁隆,139495,梁氏(梁隆女),176
148178,梁某,139502,梁氏(梁某女),176
148224,袁摩,139517,袁相,176
148296,張祥,139538,張曜,176
148308,高士逸,139541,高五子,176
148326,牛善,139548,牛氏(牛善女),176
148380,斛斯誕,139566,斛斯氏(斛斯誕女),176
148396,惠達,139574,惠氏(惠達女),176
148450,趙業,139593,趙氏(趙業女),176
148535,王音,139618,王智,176
148542,宋文,139620,宋五娘,176
148616,陳師敏,139642,陳恭,176
148672,侯華,139658,侯氏(侯華女),176
148675,王珍,139659,王氏(王珍女),176
148741,王基,139678,王氏(王基女),176
148780,王秀,139691,王愛,176
148813,曹毗沙,139701,曹氏(曹毗沙女),176
148820,王宣,139703,王氏(王宣女),176
12259,蕭瑀,139767,蕭氏(蕭瑀女),176
12259,蕭瑀,139768,蕭氏(蕭瑀女),176
13060,李世民(唐太宗),139803,李氏(臨川公主),176
149159,王機,139825,王氏(王機女),176
149167,李德倫,139827,李灌頂,176
149488,斛斯叔,139840,斛斯氏(斛斯叔女),176
149489,斛斯禮,139840,斛斯氏(斛斯叔女),176
149748,陸孝友,139956,陸氏(陸孝友女),176
150210,淳于道,140079,淳于氏(淳于道女),176
150244,王子忠,140090,王氏(王子忠女),176
161868,某世冲(父),142214,某某,176
161872,高世達,142217,高氏(高世達女),176
161875,張定國,142226,張娥子,176
161920,竇璨,142242,竇娘子,176
161941,綦母賾,142260,綦母氏(綦母賾女),176
13060,李世民(唐太宗),142261,李麗質,176
161954,楊雄,142265,楊十戒,176
161979,延陁區利支達官,142278,延陁氏(延陁區利支達官女),176
163283,裴德秀,142295,裴華兒,176
163330,劉佺,142307,劉媚,176
163346,乙弗遺恩,142309,乙弗玉,176
162035,段綸,142413,段蕑璧,176
146994,楊威,142419,楊氏(楊威女),176
162067,王通,142434,王淨,176
162074,張珍,142438,張廉穆,176
162108,李道通,142453,李長光,176
162115,田蘭,142456,田玉,176
31034,韋匡伯,142458,韋尼子,176
162140,元務整,142469,元萬子,176
162179,孫穎,142481,孫弄珪,176
162206,宇文士及,142496,宇文脩多羅,176
162233,董恭,142504,董氏(董恭女),176
187923,李建成,142513,李婉順,176
162276,王靜,142526,王氏(王靜女),176
162290,明深,142533,明氏(明深女),176
154143,王鼒,142553,王氏(王鼒女),176
162372,徐稱,142565,徐氏(徐稱女),176
162410,聿玄成,142575,聿珪,176
162459,李子護,142594,李氏(李子護女),176
162462,李植,142595,李氏(李植女),176
162508,燕實壽,142609,燕氏(燕實壽女),176
162526,李仁政,142617,李淑姿,176
162563,元懷式,142630,元氏(元懷式女),176
162565,李恭,142632,李三娘,176
162634,宋濤,142656,宋善至,176
162563,元懷式,142676,元令仲,176
162759,王韶,142690,王婉,176
163179,王元慎,142690,王婉,176
163135,李世文,142787,李娘,176
174260,李祖勳,145762,李難勝,176
195413,宋維,145765,宋靈媛,176
177785,崔楷,145767,崔幼妃,176
157372,高覲王,146052,高氏(高覲王女),176
139557,李爽,146218,李氏(李爽女),176
138741,楊寶,146482,郭孟娘,176
138843,孫佰悅,146739,孫智覺,176
138980,劉建,147046,劉三娘,176
139205,王力士,147626,王大娘,176
139547,王贊,148323,王貞,176
150256,孟政,150255,孟氏(袁公瑜妻),176
142511,周氏,162246,惠業,176
142575,聿珪,162411,李氏(太臨川長公主),176
142624,孫信,162547,孫相,176
194537,李某,194538,李氏(李某女),176
338239,馮朗,338237,馮氏(拓跋濬妻),176
13059,李淵(唐高祖),444813,李氏(常樂公主),176
13059,李淵(唐高祖),445121,李氏(高密公主),176
13060,李世民(唐太宗),450769,李氏(高陽公主),176
13060,李世民(唐太宗),512517,李氏(唐太宗東陽公主),176
13060,李世民(唐太宗),512568,李氏(長樂公主),176
13060,李世民(唐太宗),512570,李氏(襄城公主),176
13060,李世民(唐太宗),512572,李氏(南平公主),176
13060,李世民(唐太宗),512573,李氏(遂安公主),176
13060,李世民(唐太宗),512575,李氏(豫章公主),176
13060,李世民(唐太宗),512576,李氏(比景公主),176
13060,李世民(唐太宗),512578,李氏(清河公主),176
13060,李世民(唐太宗),512579,李氏(晉安公主),176
13060,李世民(唐太宗),512580,李氏(安康公主),176
13060,李世民(唐太宗),512581,李氏(新興公主),176
13060,李世民(唐太宗),512582,李氏(城陽公主),176
13060,李世民(唐太宗),512584,李氏(金山公主),176
13060,李世民(唐太宗),512585,李氏(晉陽公主),176
13060,李世民(唐太宗),512586,李氏(常山公主),176
13060,李世民(唐太宗),512587,李氏(新城公主),176
22791,虞寄,22793,虞世南,177
31111,楊德裔,31112,楊神毅,177
31175,楊師道,31206,楊思玄,177
31478,于宣敏,31485,于志寧,177
31831,源奐,31835,源玄諒,177
95030,顏游秦,32430,顏師古,177
31770,宇文泰,134755,宇文護,177
139182,路氏(徐某(路氏夫)妻),147563,徐信徵,177
139777,張某,149019,張懷輝,177
142521,張楚賢,162266,張思訥,177
31168,楊恭仁,31176,李元吉,178
13060,李世民(唐太宗),139175,豆盧遜,179
12198,歐陽紇,3685,歐陽詢,180
11525,劉晉,11526,劉郁,180
11600,蘇夔,11603,蘇亶,180
30883,王隆,11965,王通,180
194337,歐陽僧寶,12197,歐陽頠,180
12197,歐陽頠,12198,歐陽紇,180
3685,歐陽詢,12199,歐陽通,180
135382,徐氏(歐陽詢妻),12199,歐陽通,180
148978,蕭衍,12255,蕭統,180
444995,龔氏(蕭詧之母),12256,蕭詧(西梁宣帝),180
12256,蕭詧(西梁宣帝),12257,蕭巋,180
152897,蕭巋,12259,蕭瑀,180
33101,蕭珣,12260,蕭鈞,180
176655,張晏之,12404,張虔威,180
12405,張虔雄,12406,張文瓘,180
32569,敬長瑜,12839,敬德亮,180
12838,敬顯雋,12840,敬法筵,180
444920,獨孤氏(李昺妻),13059,李淵(唐高祖),180
13059,李淵(唐高祖),13060,李世民(唐太宗),180
13060,李世民(唐太宗),13061,李恪,180
13059,李淵(唐高祖),13626,李元懿,180
15607,魏釗,15608,魏彥,180
15608,魏彥,15609,魏長賢,180
15609,魏長賢,15610,魏徵,180
15623,汪僧,15624,汪勳,180
15624,汪勳,15625,汪泰,180
15624,汪勳,15626,汪寶歡,180
15625,汪泰,15627,汪華,180
171350,劉通,16630,劉德威,180
17127,房翼,17128,房熊,180
194333,房熊,17129,房彥謙,180
17129,房彥謙,17130,房玄齡,180
17866,唐永,17867,唐瑾,180
30589,范氏(許亨妻),18635,許善心,180
18764,薛瑚,18765,薛聰,180
18765,薛聰,18766,薛孝通,180
18766,薛孝通,18767,薛道衡,180
162856,薛道衡,18768,薛收,180
13060,李世民(唐太宗),19756,李惲,180
33740,陸玄之,20530,陸元方,180
20678,馬瑗,20679,馬周,180
21299,陳談先,21300,陳蒨,180
21300,陳蒨,21301,陳伯宗,180
21299,陳談先,21302,陳頊,180
21300,陳蒨,21304,陳伯信,180
172265,陳曇倩,21304,陳伯信,180
21304,陳伯信,21305,陳法會,180
21305,陳法會,21306,陳盛,180
22467,李寶,22468,李冲,180
172625,楊敷,22491,楊約,180
172649,楊岳,22492,楊弘禮,180
172649,楊岳,22493,楊弘武,180
172658,楊儉,22557,楊文昇,180
147421,李蓋,24408,李勣,180
184728,徐蓋,24408,李勣,180
24632,武華,24633,武士稜,180
181499,武士彠,24644,武元爽,180
165500,馬喬卿,24687,馬君才,180
26931,姚宣業,26932,姚安仁,180
26932,姚安仁,26933,姚祥,180
26933,姚祥,26934,姚懿,180
31008,拓跋濬,28918,拓跋弘,180
28918,拓跋弘,28919,元宏延,180
30392,徐綜,30393,徐貴,180
30393,徐貴,30394,徐孝德,180
30583,錢文彊,30584,錢九龍,180
139162,蘇娬,30586,尉遲寶琳,180
139166,尉遲恭,30586,尉遲寶琳,180
30587,馮盎,30588,馮威,180
30843,任遙,30841,任昉,180
30860,杜吒,30864,杜如晦,180
30881,王彥,30882,王傑,180
30882,王傑,30883,王隆,180
30887,李寬,30886,李密,180
161865,李寬,30886,李密,180
30888,李曜,30887,李寬,180
30889,李弼,30888,李曜,180
32845,李永,30889,李弼,180
15610,魏徵,30892,魏叔琬,180
15610,魏徵,30893,魏叔璘,180
30910,司馬昱,30911,司馬曜,180
30911,司馬曜,30912,司馬德,180
30911,司馬曜,30913,司馬德文,180
30919,褚秀之,30924,褚湛之,180
30919,褚秀之,30925,褚法顯,180
30927,褚賁,30929,褚麡,180
30928,褚蓁,30930,褚向,180
30932,褚炫,30933,褚澐,180
30933,褚澐,30934,褚蒙,180
30934,褚蒙,30935,褚玠,180
30935,褚玠,30936,褚亮,180
30938,褚遂良,30940,褚彥甫,180
30938,褚遂良,30941,褚彥冲,180
30945,尉遲本貞,30946,尉遲益都,180
30946,尉遲益都,30947,尉遲伽,180
30955,楊惠嘏,30951,楊烈,180
30951,楊烈,30952,楊禎,180
30952,楊禎,30953,楊忠,180
30953,楊忠,30956,楊堅,180
30956,楊堅,30957,楊廣(隋煬帝),180
30959,豆盧萇,30960,豆盧寧,180
30960,豆盧寧,30961,豆盧通,180
30960,豆盧寧,30962,豆盧勣,180
30961,豆盧通,30965,豆盧寬,180
30965,豆盧寬,30966,豆盧承業,180
30968,姚菩,30969,姚僧坦,180
30970,姚察,30971,姚思廉,180
30971,姚思廉,30972,姚處年,180
22264,韋瑱,30993,韋英,180
194390,韋瑱,30994,韋峻,180
136032,賀氏(拓跋珪母),31005,拓跋珪,180
31005,拓跋珪,31006,拓跋嗣,180
31006,拓跋嗣,31007,拓跋燾,180
28919,元宏延,31009,元恪,180
31009,元恪,31010,元翊,180
192765,韋敻,31016,韋世康,180
164026,韋福嗣,31018,韋悰,180
31020,韋邕,31019,韋鴻冑,180
192765,韋敻,31029,韋冲,180
31033,韋總,31034,韋匡伯,180
31037,韋津,31040,韋璲,180
31037,韋津,31041,韋瑜,180
31039,韋琨,31047,韋展,180
173161,長孫兕,31064,長孫熾,180
173161,長孫兕,31065,長孫晟,180
173138,長孫紹遠,31070,長孫覽,180
31071,長孫操,31072,長孫詮,180
31094,唐欽,31095,唐歡,180
31095,唐歡,31096,唐二政,180
31096,唐二政,31097,唐規,180
182576,唐二政,31097,唐規,180
31097,唐規,31098,唐宗,180
182578,唐世宗,31099,唐諧,180
20874,楊初,31109,楊安,180
20874,楊初,31113,楊虔威,180
31118,李重耳,31119,李熙,180
31119,李熙,31120,李天賜,180
31121,李虎,31122,李昺,180
173367,李剛,31127,李充信,180
31129,李充穎,31130,李義本,180
31131,李玄明,31130,李義本,180
31129,李充穎,31131,李玄明,180
31129,李充穎,31132,李敬本,180
31134,朱敞,31135,朱休最,180
31136,梁禦,31137,梁睿,180
31137,梁睿,31138,梁演,180
31138,梁演,31139,梁贊,180
31137,梁睿,31142,梁洋,180
31145,韋景略,31146,韋瓚,180
31545,楊定,31166,楊紹,180
13059,李淵(唐高祖),31176,李元吉,180
31184,韋仁,31189,韋弘表,180
31021,韋澄,31194,韋慶嗣,180
31169,楊綝,31200,楊思儉,180
31171,楊縯,31206,楊思玄,180
31171,楊縯,31207,楊思敬,180
31208,楊士達,31209,楊緘,180
31209,楊緘,31210,楊全節,180
31216,楊琛,31217,楊汪,180
146967,楊琛,31217,楊汪,180
31223,張長諧,31224,張行鈞,180
31223,張長諧,31225,張行成,180
31034,韋匡伯,31233,韋思言,180
31034,韋匡伯,31234,韋思齊,180
194390,韋瑱,31236,韋師,180
180719,韋貞,31239,韋懷敬,180
31262,慕容寶,31263,慕容盛,180
31267,崔鬱,31268,崔挺,180
31290,宋欽道,31291,宋元節,180
183991,宋欽道,31291,宋元節,180
31291,宋元節,31292,宋弘俊,180
31308,李權,31309,李崇義,180
31309,李崇義,31310,李詮,180
173688,李詮,31311,李正明,180
173688,李詮,31312,李靖,180
173688,李詮,31313,李客師,180
31331,陳方慶,31332,陳湯,180
31332,陳湯,31333,陳迴,180
31332,陳湯,31334,陳通,180
31334,陳通,31335,陳辯,180
31356,崔逵,31357,崔德仁,180
31357,崔德仁,31358,崔君實,180
194038,崔德仁,31358,崔君實,180
31358,崔君實,31359,崔霖,180
31362,石虎,31363,石世,180
31362,石虎,31364,石遵,180
31362,石虎,31365,石鑑,180
31362,石虎,31366,石祇,180
31396,張俊,31397,張弋,180
31417,韋晏,31418,韋鼎,180
31418,韋鼎,31419,韋希仲,180
31417,韋晏,31420,韋B,180
31422,元仁惠,31421,元懷景,180
31425,元冑,31422,元仁惠,180
31423,元順,31424,元雄,180
31424,元雄,31425,元冑,180
31422,元仁惠,31426,元懷慎,180
31431,張元悊,31430,李感,180
31432,楊士貴,31434,楊譽,180
31434,楊譽,31435,楊崇敬,180
31437,唐純,31438,唐令世,180
31439,唐靈,31440,唐邕,180
162122,唐靈芝,31440,唐邕,180
31444,梁遵,31446,梁殊,180
31446,梁殊,31447,梁柱,180
31450,席固,31451,席世雅,180
31450,席固,31452,席世英,180
31455,姜真,31456,姜景,180
194245,姜真,31456,姜景,180
31456,姜景,31457,姜謨,180
31457,姜謨,31458,姜行本,180
31458,姜行本,31459,姜簡,180
31458,姜行本,31461,姜遐,180
31469,于天恩,31470,于婆,180
31470,于婆,31471,于安定,180
31471,于安定,31472,于提,180
31472,于提,31473,于謹,180
155666,于謹,31479,于禮,180
155666,于謹,31480,于智,180
155666,于謹,31481,于紹,180
155666,于謹,31482,于弼,180
31487,于仲文,31488,于欽明,180
31534,盧思道,31535,盧赤松,180
31535,盧赤松,31536,盧承慶,180
31535,盧赤松,31537,盧承業,180
31543,盧道虔,31544,盧昌衡,180
31165,楊國,31545,楊定,180
162856,薛道衡,31549,薛大年,180
145761,李希禮,31572,李孝基,180
31585,孫蔚,31586,孫伯禮,180
31587,孫孝敏,31588,孫仲將,180
31596,李摶,31597,李惠明,180
31597,李惠明,31598,李大智,180
31621,岑惠甫,31622,岑昶,180
31622,岑昶,31623,岑善方,180
31626,岑之象,31627,岑文叔,180
31626,岑之象,31628,岑文本,180
31636,盧仁師,31637,盧世表,180
31641,苻洪,31643,苻雄,180
31642,苻健,31644,苻生,180
31648,權文誕,31649,權崇嗣,180
31648,權文誕,31650,權崇基,180
31648,權文誕,31651,權崇先,180
31653,殷任,31654,殷高明,180
31655,殷不害,31656,殷僧首,180
31656,殷僧首,31657,殷嶠,180
31660,殷英童,31661,殷聞禮,180
31678,齊虔,31679,齊知玄,180
31729,盧元隆,31730,盧士熙,180
31730,盧士熙,31731,盧悊,180
31731,盧悊,31732,盧挺,180
31760,柳縃,31761,柳僧習,180
31770,宇文泰,31771,宇文覺,180
31770,宇文泰,31772,宇文毓,180
31770,宇文泰,31773,宇文邕(北周武帝),180
31779,竇抗,31780,竇誕,180
31783,柳旦,31784,柳燮,180
31783,柳旦,31786,柳綽,180
31803,柳映,31804,柳奭,180
31809,柳遐,31811,柳莊,180
31811,柳莊,31812,柳慶孫,180
31812,柳慶孫,31813,柳楚賢,180
31815,竇靜,31816,竇逵,180
31817,竇師綸,31818,竇尚義,180
31837,源子恭,31838,源彪,180
31838,源彪,31839,源師,180
184047,源師民,31840,源崑玉,180
31840,源崑玉,31841,源翁師,180
184047,源師民,31846,源誠心,180
31878,裴彥遠,31879,裴鑒,180
31892,裴義同,31893,裴仁素,180
31893,裴仁素,31894,裴大同,180
31905,裴仁基,31906,裴行儉,180
31914,裴韜,31915,裴融,180
31915,裴融,31916,裴孝瑜,180
31917,裴寂,31918,裴律師,180
31921,裴景,31922,裴正,180
170736,裴景,31922,裴正,180
31922,裴正,31923,裴眷,180
31931,蕭惠蒨,31932,蕭介,180
31932,蕭介,31933,蕭允,180
31932,蕭介,31934,蕭引,180
31934,蕭引,31935,蕭德言,180
31935,蕭德言,31936,蕭沈,180
31936,蕭沈,31937,蕭安節,180
31943,崔標,31944,崔廣,180
31947,崔鳳舉,31948,崔從禮,180
31948,崔從禮,31950,崔B,180
31954,崔昂,31955,崔仁師,180
31964,李大通,31966,李道裕,180
31965,李大亮,31967,李守一,180
31977,裴鏡民,31978,裴熙載,180
31978,裴熙載,31979,裴居遵,180
151586,裴尼,31989,裴之隱,180
171161,裴之爽,31990,裴希仁,180
171161,裴之爽,31991,裴希惇,180
171161,裴之爽,31995,裴希莊,180
32003,盧彭壽,32004,盧尚卿,180
32004,盧尚卿,32005,盧敬一,180
32013,張長度,32014,張俊興,180
31122,李昺,32025,李湛,180
32025,李湛,32026,李義,180
32028,丙明,32029,李粲,180
32042,遼熾,32043,牛允,180
32043,牛允,32044,牛弘,180
32044,牛弘,32045,牛方大,180
32044,牛弘,32046,牛方裕,180
32079,韋元禮,32080,韋恪,180
190205,韋元禮,32080,韋恪,180
32080,韋恪,32081,韋弘機,180
177727,崔仲琰,32107,崔君昇,180
32106,崔君昭,32108,崔播,180
32108,崔播,32109,崔玄亮,180
32107,崔君昇,32119,崔道泠,180
145761,李希禮,32158,李孝貞,180
32183,裴兢,32184,裴操之,180
32190,劉侍降,32191,劉志逵,180
26934,姚懿,32193,姚元景,180
177875,崔說,32211,崔弘度,180
32212,崔弘昇,32284,崔處仁,180
154507,崔曠,32288,崔確,180
32320,盧方慶,32321,盧昭彩,180
32329,楊行表,32330,楊敏,180
32329,楊行表,32331,楊綝,180
32337,王武宣,32338,王德本,180
32337,王武宣,32339,王德真,180
32336,王直,32340,王長諧,180
13751,張公謹,32360,張大象,180
13751,張公謹,32361,張大素,180
32414,顏含,32418,顏約,180
32422,顏炳之,32423,顏見遠,180
32423,顏見遠,32424,顏協,180
30861,杜淹,32480,杜行敏,180
32487,杜乾祐,32488,杜續,180
32503,康孝範,32504,康英,180
32504,康英,32505,康國安,180
181694,歐陽胤,32515,歐陽諶,180
31121,李虎,32530,李褘,180
32543,郭育,32544,郭處範,180
32544,郭處範,32545,郭待舉,180
32555,楊暕,32556,楊正道,180
32570,敬肅,32571,敬昶,180
32571,敬昶,32572,敬則,180
32584,柳範,32585,柳齊物,180
32629,崔寅,32630,崔敬禮,180
32630,崔敬禮,32631,崔長謙,180
179153,盧景柔,32652,盧元幹,180
171323,裴某,32664,裴魯師,180
32664,裴魯師,32665,裴知幾,180
32677,杜亮,32678,杜伽,180
32678,杜伽,32680,杜保,180
32686,崔彭,32687,崔知德,180
156879,李希騫,32754,李仲卿,180
28919,元宏延,32772,元休,180
32752,陳叔明,32784,陳CC,180
31955,崔仁師,32792,崔擢,180
32807,陸元明,32809,陸敦信,180
32808,陸敬義,32810,陸遵楷,180
32830,楊綱,32831,楊思謙,180
32843,李宣,32844,李貴,180
32844,李貴,32845,李永,180
32855,劉祥道,32856,劉齊賢,180
32854,劉林甫,32857,劉應道,180
162733,劉林某,32857,劉應道,180
162734,崔氏(劉應道母),32857,劉應道,180
32854,劉林甫,32858,劉慶道,180
32854,劉林甫,32862,劉武幹,180
32890,元善褘,32891,元仁基,180
196130,元善禕,32891,元仁基,180
32909,獨孤歸,32910,獨孤冀,180
32910,獨孤冀,32911,獨孤永業,180
32911,獨孤永業,32912,獨孤子佳,180
32912,獨孤子佳,32942,獨孤義恭,180
32942,獨孤義恭,32943,獨孤士斌,180
32946,路慶,32947,路彩,180
32947,路彩,32948,路兗,180
184441,路彩,32948,路兗,180
32948,路兗,32950,路文昇,180
32963,令狐嗣,32964,令狐詔安,180
32964,令狐詔安,32965,令狐虯,180
32968,令狐熙,32966,令狐德棻,180
32967,令狐整,32968,令狐熙,180
32686,崔彭,32991,崔寶德,180
183406,鄭敬德,32994,鄭撝,180
31894,裴大同,33002,裴旦,180
33012,王顗,33013,王珪,180
135652,李氏(王珪母),33013,王珪,180
33027,薛种,33028,薛善,180
33030,薛敬德,33031,薛崇本,180
33034,薛馥德,33035,薛道賢,180
33035,薛道賢,33036,薛德儒,180
13059,李淵(唐高祖),33065,李元曉,180
177635,于翼,33081,于筠,180
33081,于筠,33082,于抱誠,180
33090,張紹,33091,張冲,180
176627,張紹,33091,張冲,180
33091,張冲,33092,張德胤,180
12259,蕭瑀,33097,蕭銳,180
33105,皇甫珍義,33106,皇甫文房,180
164026,韋福嗣,33619,韋憬,180
33683,顧越,33684,顧賢,180
33684,顧賢,33685,顧胤,180
33685,顧胤,33686,顧琮,180
179589,陸瓊,33746,陸從典,180
33909,裴師道,33910,裴懷儉,180
184758,孔安,92271,孔穎達,180
32974,令狐滔,92401,令狐峘,180
158301,陳惠,92423,陳褘,180
697807,宋氏(陳祎母),92423,陳褘,180
92604,劉子翼,92646,劉禕之,180
173306,杜子裕,92838,杜正倫,180
13059,李淵(唐高祖),92870,李元軌,180
450734,張氏(李淵妻),92870,李元軌,180
92899,李百藥,92917,李安期,180
173638,李大師,92937,李延壽,180
13060,李世民(唐太宗),93013,李泰,180
173838,李孝卿,93052,李敬玄,180
93613,陳政,93581,陳元光,180
21302,陳頊,93608,陳叔達,180
170237,顏之推,95030,顏游秦,180
18768,薛收,95047,薛震,180
122754,獨孤武都,118408,獨孤師仁,180
31065,長孫晟,134622,長孫安業,180
134689,劉繪,134690,劉冉,180
134757,胡承華,134759,元詡,180
25793,王羲之,134837,王凝之,180
25793,王羲之,135441,王獻之,180
134467,張稷,136105,張嵊,180
146398,某期(某長先父),138710,某長先,180
146405,麹仁,138713,麹舉,180
146408,舒懿總,138714,舒懿匡伯,180
146413,王某(王仲父),138715,王仲,180
146416,關海,138716,關道愛,180
146419,崔會仁,138717,崔志,180
146424,劉伽,138718,劉粲,180
146429,程鑒,138719,程锺,180
146432,楊盛,138720,楊敏,180
146440,屈突長卿,138722,屈突通,180
146443,胡邕,138723,胡永,180
146450,郭略,138724,郭通,180
146454,譚亮,138726,譚伍,180
138723,胡永,138728,胡質,180
146459,李鸞,138729,李彥,180
146461,毛寶成,138730,毛祐,180
146464,李和,138731,李徹,180
146470,某彥式(某守仁父),138737,某守仁,180
146473,郭振武,138739,郭雲,180
32201,李亮,138740,李壽,180
138728,胡質,138743,胡儼,180
31456,姜景,138744,某謩,180
146488,某景(某謩父),138744,某謩,180
146492,張義,138745,張濬,180
146494,張亢,138746,張濬,180
146499,張務,138747,張伯,180
146510,郭馗,138753,郭提,180
146512,解孫,138754,解深,180
146515,張貳郎,138755,張岳,180
146520,李顯,138758,李繼叔,180
146527,某豹(某孝敏父),138760,某孝敏,180
146533,耿深,138764,耿某,180
162673,王道,138766,王安,180
146538,蔣子虞,138767,蔣喜,180
146546,徐瑜,138770,徐純,180
146550,王珍業,138771,王護,180
146557,羅曠,138773,羅副,180
146561,長孫熾,138774,長孫仁,180
146565,張纂,138775,張舉,180
146571,潘國,138778,潘基,180
146573,蕭巖,138779,蕭瑤,180
148982,蕭嚴,138779,蕭瑤,180
146578,段榮,138781,段元哲,180
146590,楊俊,138784,楊士漢,180
146597,孟智略,138786,孟保同,180
146609,某珍國(某孝基父),138788,某孝基,180
146507,賈寶,138791,賈仕通,180
146620,梁喜,138793,梁凝達,180
146628,杜各華,138796,杜各榮,180
146631,劉神,138798,劉粲,180
146637,張素德,138800,張行密,180
146641,張則,138801,張孝緒,180
146643,劉誕,138803,劉政,180
146655,李遵,138805,李仲賓,180
146659,某客(某賓父),138807,某賓,180
146661,馬廉,138808,馬志道,180
146666,王思武,138809,王仁則,180
146668,某熾(某懷文父),138810,某懷文,180
146675,霍孝騫,138815,霍恭,180
146679,姚賓,138816,姚暢,180
146683,某茂(父),138817,某鍾葵,180
146699,明晞,138823,明雅,180
146701,霍勝,138824,霍漢,180
146706,何孝緒,138826,何相,180
146714,劉仁哲,138829,劉德,180
146721,楊華,138834,楊德,180
146727,李寶,138837,李護,180
146731,楊頗,138839,楊士達,180
146733,某顯(某忠父),138841,某忠,180
146736,傅仁弘,138842,傅叔,180
146742,段達,138846,段師,180
146747,王開,138847,王才,180
146751,李貴,138848,李桀,180
146757,某稱(某舉父),138850,某舉,180
146760,元崇略,138851,元質,180
146762,萬周,138852,萬德,180
146764,康和,138853,孔長寧,180
146765,孔香,138853,孔長寧,180
146769,樂貞,138854,樂善文,180
146773,向榮,138856,向英,180
146776,某貞(某達父),138857,某達,180
146780,張達,138859,張育,180
146785,趙拏,138860,趙昭,180
146793,張猷,138862,張行滿,180
146796,丘沙,138863,丘蘊,180
146799,某開(父),138864,命某,180
146803,張定,138865,張通,180
146807,梁達,138867,梁基,180
146812,某某(某昉父),138869,某昉,180
146814,霍寶,138870,霍寬,180
146818,辛術,138871,辛衡卿,180
138728,胡質,138872,胡寶,180
146827,任爽,138873,任道,180
146830,宋知禮,138874,宋榮,180
146832,賈達,138875,賈昂,180
146835,趙詵,138876,趙某,180
146840,關生,138878,關英,180
146842,楊林,138879,楊昭,180
146847,薛通,138880,薛朗,180
146850,張恭,138881,張雲,180
146852,禹康,138882,禹藝,180
146857,李節,138884,李良,180
146859,楊士貴,138885,楊全,180
146861,張琛,138886,張舒,180
146867,某暉(某秀父),138888,某秀,180
146877,侯通,138891,董柱,180
146879,董訶通,138892,斛斯達,180
146882,斛斯士操,138893,李君絢,180
173629,李士操,138893,李君絢,180
146891,武雅,138919,武希玄,180
146894,金達,138920,金行舉,180
146896,祁信,138921,祁讓,180
146899,樂孫,138922,樂達,180
146905,張建,138925,張鳳憐,180
146909,安林,138926,安諒,180
146912,張高,138927,張寶,180
146915,呂俊,138928,呂買,180
146918,某藥子(某藥父),138930,某藥,180
146925,支元集,138934,支茂,180
146928,潘富,138935,潘卿,180
146932,王璇,138936,王順孫,180
146936,支義,138938,支彥,180
146940,某恭(某才父),138939,某才,180
146943,仇識,138941,仇道,180
146945,李洛,138943,李敬,180
146950,單瑜,138944,單信,180
146953,張昂,138945,張義,180
146959,孫建,138947,孫遷,180
146963,楊寶,138948,楊藝,180
31217,楊汪,138950,楊仁方,180
31217,楊汪,138951,某基,180
146971,某汪(某基父),138951,某基,180
146982,馬義,138956,馬忠,180
146984,趙弘略,138957,趙才,180
146991,吳弘,138961,吳孝,180
146997,李貴,138963,李清,180
147005,皇甫道,138965,皇甫德相,180
147007,王敞,138966,王宏,180
147009,秦景,138967,秦進儀,180
147018,王伯仁,138971,王則,180
147021,鄭元守,138972,鄭滿,180
147027,趙伯,138973,趙安,180
147030,顏伽,138974,顏瓌,180
147038,魏榮,138976,魏德,180
147043,段偃師,138979,段會,180
147056,閻深,138983,閻志雄,180
147060,張士隆,138985,張洛,180
147063,劉猛,138986,劉普曜,180
138798,劉粲,138987,劉裕,180
147068,梁巘,138988,梁有意,180
147070,王某(王協父),138989,王協,180
147073,顏徹,138990,顏人,180
147075,韓達,138992,韓子,180
147078,趙弘仁,138993,趙爽,180
147081,安比失,138994,安延,180
147084,李暉,138995,李智,180
147091,甘顯,138998,甘朗,180
147093,楊俊,138999,楊逸,180
147096,朱達,139000,朱師,180
147098,孫文,139001,孫達,180
147102,劉提,139003,劉攬,180
147107,何那,139006,何盛,180
147113,張文,139009,張皎,180
147116,楊通,139010,楊吳生,180
147122,段師,139012,段會,180
147126,韓護,139014,韓邏,180
147131,郭合,139015,郭嘉,180
147134,王宗,139018,王素,180
147142,李貴,139021,李信,180
147145,顏和,139023,顏相,180
147159,苻達,139027,苻肅,180
147166,席鄆,139029,席泰,180
147171,姬讓,139030,姬推,180
147176,楊弘,139032,楊貴,180
147179,韓恭,139033,韓懷,180
147184,韓欽,139034,韓通,180
147186,金文,139035,金魏,180
147190,李文雅,139037,李強,180
147196,王恭,139039,王寬,180
147198,沈弘,139040,沈士公,180
147203,房崱,139041,房基,180
147205,元華,139042,元勇,180
147211,盧義幹,139043,盧萬春,180
147213,趙伯比,139044,趙仲子,180
147218,王義,139046,王孝瑜,180
147230,李通,139050,李表,180
147232,權弘,139051,權開善,180
147235,趙璨,139052,趙勣,180
147243,姚藻,139055,姚義,180
147246,王盛,139056,王瑗達,180
147252,崔子博,139057,崔泰,180
147256,王表,139058,王禮,180
147260,韓和高,139059,韓遷,180
147264,王理,139060,王惠,180
147273,徐淳,139064,徐漢,180
147276,徐約,139065,徐君通,180
147280,高孝德,139066,高儼仁,180
147295,張巖,139073,張弘秀,180
147300,韓節,139075,韓某,180
139698,賈整,139076,賈統,180
147308,韓禮,139079,韓玄,180
147314,車竦,139081,車詵,180
147321,趙相,139084,趙肅,180
147330,程叉,139086,程雄,180
147333,王安,139087,王師感,180
147335,張穆,139088,張盛,180
147338,樂雄,139089,樂文義,180
147340,張秦師,139090,張金剛,180
147342,程念,139091,程騭,180
147349,張意,139095,張才,180
147356,杜原始,139098,杜文貢,180
147362,元大通,139100,元則,180
147367,吳子徹,139102,吳素,180
147371,張顒,139103,張相,180
147380,緱定,139108,緱綱,180
147393,常達摩,139113,常某,180
147401,某揆(某玄父),139115,某玄,180
147407,張和,139117,張伽,180
147412,韓通,139118,韓政,180
147415,李曹仁,139119,李信,180
147419,姚榮,139120,姚某,180
147425,張國,139122,張士貴,180
147430,某吉(某登寶父),139123,某登寶,180
147432,支仁,139124,支懷,180
147434,安遠,139125,安靜,180
147438,王如,139128,王段,180
147441,高元稱,139129,高達,180
147452,某法尚(某紹業父),139136,某紹業,180
147454,徐升,139137,徐德,180
147458,王伯仁,139139,王法,180
147463,韓節,139141,韓承,180
147468,某嵩仁(某恆貴父),139143,某恆貴,180
147482,宋師,139151,宋義,180
147492,霍漢胡,139156,霍萬,180
147498,成壽,139158,成朗,180
147500,楊郎,139159,楊士,180
147504,成高,139160,成願壽,180
147507,張嘉,139161,張某,180
30947,尉遲伽,139166,尉遲恭,180
147522,張朗,139167,張弘,180
147527,支賢,139169,支懷,180
147530,田運,139170,田通,180
147536,張寶,139172,張義,180
147553,王興,139177,王約,180
147556,董由,139179,董明,180
147558,范休,139180,范信,180
147561,皇甫良,139181,皇甫弘敬,180
147564,安定,139183,安度,180
147568,李考達,139184,李三,180
142232,孟公行,139187,孟普,180
147583,張會,139188,張振,180
147585,翟道生干,139189,翟惠隱,180
147605,崔文康,139195,崔誠,180
147608,樊匡,139196,樊寬,180
147611,張之信,139198,張德操,180
147615,王機,139201,王楨,180
147620,苗先,139202,苗明,180
147622,趙虎,139203,趙軌,180
147627,王褘,139205,王力士,180
147632,張令賓,139206,張泉,180
147634,桓卿信,139207,桓銳,180
147642,張嵩,139212,張懷文,180
147654,高洛,139218,高德,180
147659,耿相,139222,耿文訓,180
147662,某緒(某行師父),139223,某行師,180
147671,祖承,139225,祖忠,180
147673,許康,139226,許緒,180
147679,賈興,139228,賈某,180
147685,某袞(某詮父),139233,某詮,180
147688,侯孝孫,139234,侯忠,180
147691,王穆,139235,王敏,180
147699,奇績,139241,奇長,180
147703,王粲,139242,王朗,180
147718,靖綜,139250,靖徹,180
147721,張遵,139252,張獎,180
147726,某宗(父),139253,某某,180
147728,袁約,139254,袁斌,180
147731,房叔,139255,房寶子,180
147734,郭貴,139256,郭壽,180
147738,徐文整,139258,徐綜,180
147744,張才,139259,張興,180
147747,張義,139260,張寶,180
147758,李才,139263,李護,180
147764,某樂淵(某汪父),139264,某汪,180
147766,王相,139265,王孝義,180
147767,吳某(吳志父),139266,吳志,180
147772,王猛略,139268,王積善,180
147778,張超,139270,張伯通,180
147792,索沙,139277,索玄,180
147801,李素,139280,李諝,180
147810,韓阿金,139282,韓文,180
147812,皇甫順,139283,皇甫相貴,180
147819,袁摩,139287,袁相,180
147823,辛正臣,139288,辛驥,180
147826,高侯,139289,高捧,180
147831,秦朗,139290,秦義,180
147834,周賓,139291,周師,180
147839,王達,139294,王仁,180
147842,路買,139295,路徹,180
147851,魏巖,139299,魏郎仁,180
147858,唐護,139302,唐沙,180
147867,獨孤達,139305,獨孤澄,180
147871,蘭祖,139306,蘭達,180
147875,常某(常開父),139307,常開,180
147879,王煥,139308,王楷,180
147883,皇甫則,139309,皇甫某,180
147896,安豹,139312,安師,180
147898,樊榮,139313,樊端,180
149215,獨孤宣,139318,獨孤守義,180
149219,張義,139319,張倫,180
142478,張言+歲,139325,張覽,180
149246,張?,139325,張覽,180
149270,郭儉,139335,郭肅宗,180
149289,司馬晟,139341,司馬寔,180
149300,高業,139344,高夔,180
149319,寵師,139349,寵德威,180
149323,裴爽,139350,裴胤,180
138837,李護,139351,李敏,180
148882,李子徽,139354,李善智,180
149348,某感(某威父),139357,某威,180
149354,陸仁徵,139359,陸紹,180
149384,楊興,139367,楊寶,180
149428,張端,139381,張雄,180
149439,陳才,139383,陳平,180
149443,高進,139384,高珍,180
149463,李儒,139394,李叔,180
142447,皇甫滔,139397,皇甫玄志,180
147905,古合,139400,古弘節,180
147908,封仲,139401,封溫,180
147911,仵德,139402,仵某,180
147918,某瑜(某敬父),139404,某敬,180
147921,李弘,139405,李英,180
147933,鄧方,139409,鄧威,180
147937,李某(李辯父),139411,李辯,180
148759,李同,139411,李辯,180
147941,焦買,139412,焦寶,180
147947,呂買,139413,呂德,180
147952,邊伯,139416,邊師,180
147956,王言,139417,王才,180
147962,樂希有,139419,樂玄德,180
147965,某良(某仁父),139421,某仁,180
162684,皇甫通,139425,皇甫璧,180
147978,鄭德通,139427,鄭廣,180
147981,孟暉,139428,孟師,180
147984,梁達,139429,梁秀,180
147988,段光,139430,段賾,180
147992,羅穆,139431,羅端,180
147997,喪梵,139432,喪弘毅,180
148000,王寵,139433,王達,180
148003,霍寶,139434,霍達,180
148010,強寶質,139435,強偉,180
148016,王光,139436,王君,180
148022,邢泰,139439,邢𧦬,180
148032,李慧,139442,李遠,180
148035,趙信,139443,趙端,180
148050,楊臨,139448,楊康,180
148064,史嵩,139456,史信,180
148069,張弘,139457,張運才,180
148078,索才,139463,索達,180
148080,張幹,139464,張滿,180
148091,楊柱,139468,楊客僧,180
148093,趙陁,139470,趙某,180
148097,王穆,139473,王宣,180
148108,馮運,139477,馮貞,180
148111,張宗,139478,張寬,180
148115,董則,139480,董師,180
148120,王則,139481,王延,180
148125,田進,139483,田博,180
148140,趙雅,139489,趙宗,180
148146,來威,139490,來僧,180
148150,某雙(某士端父),139492,某士端,180
148152,崔逸元,139493,崔冲,180
148160,張世海,139496,張某,180
148162,張洪獻,139497,張胤,180
148166,陳則,139499,陳才,180
148169,裴灌頂,139500,裴嗣宗,180
148173,王君素,139501,王道智,180
148183,張貴,139504,張爽,180
148186,楊通,139505,楊元,180
148192,周捨,139507,周君德,180
148200,陳珤(寶),139509,陳壽,180
148204,張達,139511,張海,180
148209,楊神通,139512,楊智積,180
148211,董璨,139513,董榮,180
148214,張榮,139514,張伯隴,180
148218,王叔卿,139515,王端,180
148221,張達,139516,張鬼,180
148234,王護,139519,王和,180
148239,張長,139520,張仁,180
148245,張陁,139521,張善,180
148248,靖鄭,139522,靖千年,180
148257,張彪,139525,張某,180
148260,許護,139527,許國,180
148263,李郝,139528,李弘,180
148267,孫信,139529,孫恭,180
148269,婁榮,139530,婁敬,180
148279,張通,139533,張朗,180
148286,張莊,139535,張彥,180
148294,靖褘,139537,靖徹,180
148317,李岸高,139544,李文,180
148321,張貴,139545,張願,180
148328,李暉宗,139549,李政,180
148333,王淵,139551,王某,180
148338,李亮,139552,李泰,180
148343,梁粲,139553,梁方,180
148346,孫感,139555,孫君,180
148354,李偉節,139557,李爽,180
148358,朱達,139558,朱信,180
148368,王某(王德父),139561,王德,180
148370,范懷,139562,范彥,180
148383,楊及,139570,楊行禕,180
148388,曹賓,139571,曹德,180
148402,上官昌,139575,上官義,180
148410,程通,139581,程義,180
148416,劉褐,139582,劉德閏,180
148421,劉貞,139584,劉德師,180
148424,劉明,139585,劉朗,180
148428,毛達,139586,毛景,180
148436,楊某(楊湯父),139588,楊湯,180
139608,張曉,139590,張軌,180
148444,索照,139591,索行,180
148455,樊頭,139594,樊玄紀,180
148460,蓋洪,139595,蓋蕃,180
148468,某達(某碩父),139597,某碩,180
148471,王約,139598,王君德,180
148479,趙澄,139599,趙德令,180
148486,呂祥,139600,呂道,180
148489,郭敬,139601,郭德,180
148495,樂昉,139603,樂玄,180
148499,仵德,139604,仵欽,180
138846,段師,139605,段瑋,180
148441,張仲,139608,張曉,180
148519,韓才,139610,韓昱,180
148521,張通,139611,張昌,180
148546,鄧霞,139621,鄧恢,180
148549,劉勝,139622,劉盛,180
148554,牛明,139626,牛弘滿,180
148559,張長,139629,張祖,180
148515,康仁,139630,康武通,180
148577,某逸(父),139633,某某,180
148586,尹貴,139636,尹達,180
148593,封德輿,139637,封泰,180
148610,張達,139640,張弘,180
138948,楊藝,139641,楊大隱,180
148620,韓擒某(韓昭父),139643,韓昭,180
148623,王威,139644,王甑生,180
148627,張子起,139645,張義,180
148628,張見,139645,張義,180
148632,郭興,139646,郭遷,180
148635,李賢,139647,李子如,180
148639,費清,139648,費胤斌,180
148644,李遷,139650,李志,180
148648,畢仕政,139651,畢粹,180
148655,慕容紹宗,139652,慕容三藏,180
148659,慕容正言,139653,慕容知禮,180
148659,慕容正言,139654,慕容知敬,180
148665,朱寬,139655,朱遠,180
148679,張伽,139660,張翌,180
148681,康仵相,139662,康元敬,180
139118,韓政,139668,韓仁師,180
148704,楊正巒,139669,楊晟,180
148707,王獎,139670,王儉,180
148712,張慶,139671,張傑,180
148115,董則,139673,董仁,180
148722,張訓,139674,張威,180
148729,任德,139675,任某,180
148732,侯敬,139676,侯彪,180
148737,王寶德,139677,王則,180
148753,黃滿,139682,黃素,180
148772,某絢(某嶷父),139688,某嶷,180
148773,陳氏(某嶷母),139688,某嶷,180
148775,王伽,139689,王郎,180
148786,孟洪度,139693,孟運,180
148794,蔡徹,139695,蔡君長,180
147302,賈憲,139698,賈整,180
148817,某洛(某元父),139702,某元,180
148824,周雄,139705,周廣,180
148839,董翼,139709,董力,180
148849,楊慈,139717,楊神威,180
148854,王勣,139718,王文曉,180
139354,李善智,139732,李弘裕,180
148887,樂緒,139733,樂玉,180
148889,王滿,139734,王慶,180
148892,某行莊(某旦父),139736,某旦,180
148895,元善積,139737,元仁師,180
148898,張讓,139738,張曄,180
148905,某處昂(某宮父),139740,某宮,180
148908,朱詮,139741,朱憲,180
148912,王嵩,139743,王深,180
148921,羅季樂,139747,羅甑生,180
148925,張寬,139748,張仁,180
148928,杜乞,139749,杜秀,180
148930,王伏,139750,王通,180
148944,顏昶,139753,顏萬石,180
148999,王彥,139770,王才,180
149001,羅令祖,139771,羅某,180
149003,王懷智,139772,王某,180
139718,王文曉,139773,王明,180
149012,康陁,139774,康杴,180
149025,張桃湯,139779,張師子,180
149043,李壯,139785,李聞禮,180
149056,胡玉竭,139790,胡光復,180
149059,康洛,139791,康留買,180
149059,康洛,139792,康磨伽,180
149081,崔璋,139798,崔通,180
149090,崔玄覽,139800,崔志道,180
149095,某義慈(某隆父),139802,某隆,180
149108,張緒,139805,張懿,180
149127,孫乾,139811,孫義普,180
149141,王子紹,139818,王岐,180
149176,孟義,139831,孟仁,180
149180,成寬,139832,成德,180
149188,張濟,139835,張護,180
149197,柳逖,139837,柳偘,180
149485,楊德倫,139839,楊師善,180
149537,爨仁,139855,爨古,180
149551,王才,139860,王玄裕,180
149560,元叡,139862,元罕,180
149573,某剛(某堯父),139865,某堯,180
152597,張則,139866,張玄弼,180
149582,申屠士,139869,申屠寶,180
149585,蘇相,139870,蘇卿,180
149589,董淹,139871,董本,180
149616,邢道,139878,邢政,180
149643,梁衍,139885,梁玄敏,180
149670,陳伯義,139894,陳察,180
149696,張崇,139898,張元,180
139381,張雄,139905,張懷寂,180
150923,張武,139919,張信,180
149763,蕭卿,139962,蕭遇,180
139226,許緒,139965,許行本,180
149789,齊隆,139967,齊朗,180
149837,馮材,139982,馮操,180
147257,王弘道,139989,王定,180
149879,仇詵,139995,仇道朗,180
149897,常貴,140000,常舉,180
149991,呼延裕,140025,呼延章,180
139416,邊師,140042,邊惠,180
150124,周瑋,140057,周素,180
148659,慕容正言,140064,慕容知廉,180
150213,鄭才,140080,鄭遘,180
150221,麴降,140083,麴信,180
150241,馮才,140089,馮慶,180
150260,袁弘,140093,袁公瑜,180
150279,劉仵,140099,劉公綽,180
150349,向舉,140122,向徹,180
150376,常亮,140128,常師,180
150383,張殊,140129,張嘉,180
150484,陳敦,140157,陳叔度,180
150496,王粲,140161,王詢,180
150623,陸秀,140208,陸某,180
150785,和顯壽,140249,和智全,180
142621,王韋,140255,王景之,180
151194,王隴,140308,王師,180
13060,李世民(唐太宗),140340,李貞,180
150882,李善願,140377,李元確,180
151510,孟公平,140385,孟晟,180
151538,王淹,140394,王大義,180
151636,孫曜,140413,孫安,180
188024,李元慶,140475,李誕,180
140609,朱信,140608,朱行斌,180
151982,朱暠,140609,朱信,180
152271,孟達,140673,孟頭,180
153633,某敬(某永父),140887,某永,180
32214,崔儼,141213,崔暟,180
160862,曹長,142042,曹弘立,180
161877,某讓(某諒父),142227,囗諒,180
161879,李綱,142229,李立言,180
147579,孟仲康,142232,孟公行,180
161889,耿子相,142233,耿士隆,180
161893,楊買,142234,楊業洛,180
161897,徐慶,142235,徐彪,180
161900,張珍,142236,張秀,180
161902,彭信,142237,彭師德,180
146538,蔣子虞,142239,蔣合,180
161913,宋干,142240,宋行,180
161923,徐林卿,142243,徐謩,180
161926,趙景,142244,趙隆,180
161932,王貴,142250,王靈仙,180
161937,李方元,142258,李紹,180
161950,某恩武(某德備父),142263,某德備,180
161961,劉藏,142269,劉相,180
161965,薛寵,142273,薛賾,180
161968,阿史那咄陸設,142275,李思摩,180
150053,崔至仁,142286,崔善福,180
163261,司空穆,142290,司空儉,180
145958,蕭球,142293,蕭繕,180
163319,何盤池,142304,何某,180
163334,柳㺹,142308,柳行滿,180
163350,郭康,142310,郭信,180
163390,李玄成,142318,李義琳,180
163406,李舉,142325,李度,180
163435,崔悌,142331,崔志,180
163477,董宮,142343,董弘,180
163511,李某,142351,李某,180
161990,馬騰,142383,馬叡,180
161994,楊誼,142384,楊敏,180
161999,阿史那啜羅可汗,142386,阿史那摸末,180
162001,劉淵,142387,劉文,180
162004,燕胡,142388,燕明,180
162018,王實,142411,王道仁,180
162023,牛漢,142412,牛秀,180
162041,宋悅,142416,宋舉,180
162053,董英,142422,董僧利,180
162056,趙遵,142423,趙寵,180
162058,韓仁,142425,韓素,180
162060,張貴,142429,張某,180
162063,王那仁,142430,王恭,180
162071,馬信,142435,馬敏,180
162079,高瑗,142439,高冏,180
162085,龍求真,142440,龍潤,180
162088,索韓,142443,索謙,180
162092,某雲(父),142445,某某,180
162096,皇甫該,142446,皇甫松齡,180
162100,皇甫澯,142447,皇甫滔,180
162102,夏侯誠,142448,夏侯絢,180
162104,某珍(某玉父),142449,某玉,180
162113,高孝弁,142455,高善安,180
162117,霍裕,142457,霍巩+言,180
162124,唐鑒,142459,唐儉,180
162128,楊達,142464,楊操,180
162131,胡讓,142467,胡信,180
162134,支佰,142468,支隆,180
162144,陳統,142471,陳領,180
162146,封璨,142473,封深,180
162150,許嵩,142476,許某,180
162153,姚正,142477,姚才,180
149243,張載,142478,張言+歲,180
162167,蕭澤,142479,蕭令懲,180
162173,段順,142480,段文政,180
162182,魏元凱,142482,魏倫,180
162189,劉讓,142487,劉寬,180
162200,陶模,142492,陶後興,180
162204,王某(王行父),142493,王行,180
162221,李郎,142499,李棨,180
162225,范昌,142500,范澄,180
162231,陽榮,142503,陽昕,180
162236,高涘往,142505,高文,180
162239,郭榮,142506,郭敬善,180
142440,龍潤,142510,龍澄,180
162253,何嗣,142514,何光,180
151720,孔業,142520,孔信,180
162265,張淵,142521,張楚賢,180
162273,王興,142524,王植,180
162279,薛粲,142527,薛岳,180
162280,范歡伯,142528,范隆仁,180
142440,龍潤,142530,龍義,180
162294,王子唐,142534,王方大,180
162299,裴懷節,142535,裴晧,180
162304,杜考普,142537,杜博乂,180
162309,某某(某貞父),142539,某貞,180
162314,張裕,142543,張某,180
162325,梁祐,142551,梁延懷,180
162336,柳玄,142555,柳鼓,180
162340,呂珍,142557,呂道,180
162344,鄭當,142558,鄭善,180
162345,楊氏(鄭善母),142558,鄭善,180
162348,趙良,142559,趙仁表,180
162352,張仲容,142560,張通,180
162365,程婁,142562,程知節,180
24408,李勣,142563,李震,180
162369,李今,142563,李震,180
162373,溫椿某(溫濬父),142566,溫濬,180
162376,宋士元,142567,宋文矩,180
162380,馬仲良,142570,馬駿,180
162381,趙氏(馬駿母),142570,馬駿,180
162397,史乂,142571,史某,180
162401,田植,142573,田仁汪,180
162417,強榮,142578,強伯隴,180
162425,張游,142580,張珪,180
162429,曹整,142581,曹欽,180
162441,韋師,142585,韋祟禮,180
162447,崔樹,142587,崔穆,180
162450,張明達,142590,張臣合,180
162455,張岳,142592,張威,180
142232,孟公行,142597,孟樞,180
162475,李嗣祜,142598,李某基,180
162480,王朗,142599,王大禮,180
162490,斛斯倫,142602,斛斯政則,180
162497,李全壽,142603,李釋,180
162499,孫建,142604,孫玄則,180
162502,孫遷,142605,孫建,180
162518,董義,142613,董滿,180
150813,王敏,142621,王韋,180
162542,劉龍,142622,劉亮,180
162543,左琛,142623,左才,180
162546,孫亮,142624,孫信,180
162552,王湛,142627,王僧,180
162557,嚴達,142628,嚴師,180
162568,楊亮,142633,楊偘,180
162573,某卿(某藻父),142634,某藻,180
13059,李淵(唐高祖),142640,李鳳,180
162601,姬權,142644,姬溫,180
162607,鄧義,142645,鄧明,180
148370,范懷,142652,范褒,180
162624,馬暉,142653,馬惲,180
162631,韓尚,142655,韓慈,180
162643,岐善才,142658,岐慈,180
162645,張文,142659,張琮,180
162646,解氏(張琮母),142659,張琮,180
142459,唐儉,142663,唐河上,180
148801,王憲,142667,王叡,180
162694,杜暉,142671,杜美,180
162698,馬粲,142672,馬達,180
162708,趙逸,142677,趙欣,180
162712,能守素,142678,能延褒,180
162718,高某,142681,高感,180
142440,龍潤,142686,龍敏,180
162748,李操,142687,李詔,180
162772,馮菁,142692,馮瓊,180
162777,某乞,142693,某海,180
162783,李阿相,142695,李相,180
162810,郭儉,142704,郭敬宗,180
162814,朱某,142705,朱寶,180
162821,馮振,142708,馮士良,180
162825,安興貴,142709,安元壽,180
162836,張宗,142711,張文成,180
162838,張遮,142712,張舉,180
162843,格瓘,142713,格處仁,180
162851,譚才,142714,譚德,180
162872,楊暉,142719,楊上,180
162876,王貴,142720,王敬,180
162891,某遐,142723,某禮元,180
162899,掌仙,142725,掌徹,180
162903,申屠郎,142727,申屠誠,180
162907,劉彪,142728,劉珍,180
162441,韋師,142729,韋泰真,180
162918,呂安,142731,呂眾,180
162927,王嵩,142732,王林,180
162941,董欽,142734,董師(董欽子),180
162963,崔琳,142742,崔拏,180
162986,任大通,142749,任智才,180
162990,孫政,142750,孫默,180
163015,孔延,142758,孔業,180
163016,王氏(孔業母),142758,孔業,180
163017,王高,142758,孔業,180
163047,王秀,142769,王挺,180
163062,王孝政,142772,王基,180
163067,劉壽,142773,劉僧,180
163082,薛毅,142778,薛君繡,180
149748,陸孝友,142784,陸仁儉,180
163124,衛孝則,142785,衛規,180
163149,袁奉某,142795,袁子游,180
163210,曹倫,142811,曹玄機,180
163604,李宗默,142819,李嗣本,180
163681,于保寧,142833,于尚範,180
163771,陳叔武,142855,陳玄度,180
163864,萬伯,142879,萬願,180
163942,霍倫,142897,霍處訥,180
32430,顏師古,145261,顏頎,180
170721,裴大猷,145269,裴聞一,180
146112,李憲,145761,李希禮,180
173761,李紹,145763,李稚廉,180
174199,李希遠,145764,李祖牧,180
145764,李祖牧,145766,李君穎,180
195419,李壽,145768,李敬族,180
163390,李玄成,145913,李義璋,180
177868,崔曄,145916,崔忠,180
177996,崔孝暐,145923,崔昂,180
177969,崔叔重,145948,崔幹,180
146086,崔仲方,145949,崔大善,180
145962,蕭瑾,145957,蕭沈,180
150172,蕭岑,145958,蕭球,180
145962,蕭瑾,145960,蕭濱,180
152897,蕭巋,145961,蕭瑒,180
150172,蕭岑,145962,蕭瑾,180
170950,裴邃,146041,裴璣,180
170951,裴文舉,146042,裴休義,180
193882,裴規,146043,裴紹業,180
172017,竇紹宣,146049,竇德藏,180
193916,于文雅,146054,于榮德,180
32948,路兗,146061,路詮,180
145962,蕭瑾,146063,蕭汾,180
193938,薛玄祐,146065,薛矩,180
193979,蕭鳳龍,146072,蕭仁表,180
193980,蕭瑳,146073,蕭玄撤,180
172876,高宗儉,146074,高真行,180
164927,崔公牧,146082,崔玄亮,180
177930,崔猷,146086,崔仲方,180
146092,韋孝忠,146090,韋瑱,180
180859,韋仁基,146091,韋俊,180
180830,韋福獎,146092,韋孝忠,180
31535,盧赤松,146107,盧承福,180
146217,盧承基,146110,盧元衡,180
165894,李承,146111,李蕤,180
174198,李式,146112,李憲,180
174154,李叔胤,146120,李弼,180
147490,薛獻,146121,薛元嘏,180
194368,裴義實,146145,裴悌,180
146112,李憲,146168,李希宗,180
179417,盧虔壽,146208,盧醫王,180
179117,盧慈龍,146210,盧普德,180
31535,盧赤松,146217,盧承基,180
195454,鄭仲達,146260,鄭欽言,180
176159,張洛,146270,張隲,180
31021,韋澄,146275,韋慶本,180
93608,陳叔達,146276,陳玄德,180
32532,李孝斌,146342,李思訓,180
194383,楊則,146382,楊某哲,180
138708,庫狄真相,146389,崔行感,180
138708,庫狄真相,146390,崔行褒,180
138709,某月相,146395,某君胤(某月相子),180
138710,某長先,146399,某行褒(某長先子),180
138716,關道愛,146418,關君儀,180
138717,崔志,146422,崔義深,180
138718,劉粲,146427,劉德操,180
138721,張女羨,146434,某君操(張女羨子),180
138721,張女羨,146435,某師曄(張女羨子),180
138721,張女羨,146436,某森仁(張女羨子),180
138721,張女羨,146437,某玄義(張女羨子),180
138722,屈突通,146441,屈突壽,180
138724,郭通,146452,郭倫,180
138728,胡質,146457,胡伯遠,180
138731,李徹,146465,李定明,180
138746,張濬,146496,張仁,180
138746,張濬,146497,張寬,180
138747,張伯,146501,張文朗,180
138754,解深,146513,解公逸,180
138758,李繼叔,146521,李世靜,180
138759,田氏(田暉女),146525,柳德師,180
138768,王氏(王仁則女),146542,惠政,180
138768,王氏(王仁則女),146543,某行威(王氏子),180
138775,張舉,146566,張興,180
162334,柳津,146567,柳仲禮,180
146567,柳仲禮,146569,柳彧,180
138778,潘基,146572,潘德行,180
138782,張騷,146581,張五郎,180
138782,張騷,146582,張滿才,180
138783,秦詳兒,146587,張朗,180
138783,秦詳兒,146588,張舍利,180
138784,楊士漢,146591,楊行倫,180
138785,雷氏(雷俊女),146595,魏勝冠,180
138786,孟保同,146599,孟光慶,180
138788,某孝基,146611,某德行(某孝基子),180
138792,薄氏(薄元禮女),146617,某弘爽(薄氏子),180
138792,薄氏(薄元禮女),146618,某弘藏(薄氏子),180
138793,梁凝達,146621,梁孝基,180
151906,李蓐,146626,李弘節,180
138798,劉粲,146632,劉元裕,180
138799,楊玉姿,146635,某仁軌(楊玉姿子),180
138803,劉政,146645,劉志寂,180
138805,李仲賓,146657,李世權,180
138811,某信,146672,某伏果(某信子),180
138817,某鍾葵,146685,某信(子),180
138817,某鍾葵,146686,某方(子),180
138817,某鍾葵,146687,某海(子),180
138823,明雅,146698,明士敖,180
138825,任氏(任玄女),146703,某敦禮(任氏子),180
138825,任氏(任玄女),146704,某敦義(任氏子),180
138837,李護,146728,李仁岡,180
138841,某忠,146734,某元挺(某忠子),180
138842,傅叔,146738,傅無為,180
148503,段緣,146741,段嚴,180
138846,段師,146744,段珍,180
138869,某昉,146811,某善惠(某昉子),180
138870,霍寬,146816,霍鞏,180
178659,辛樹寶,146817,辛琛,180
138871,辛衡卿,146820,辛郁,180
138879,楊昭,146843,楊挺,180
138888,某秀,146868,某績祖(某秀子),180
138923,段氏(段龍女),146903,竺嗣宗,180
138925,張鳳憐,146906,張思義,180
138926,安諒,146910,安承洛,180
138941,仇道,146944,仇孝成,180
138943,李敬,146946,李行欽,180
172574,楊順,146967,楊琛,180
138953,姚潔,146978,趙大表,180
138962,楊氏(楊威女),146995,陳伏念,180
138964,鄭金,147001,嚴導智,180
138964,鄭金,147002,嚴遵德,180
138967,秦進儀,147010,秦元向,180
138972,鄭滿,147022,鄭大寶,180
138973,趙安,147028,趙壽,180
138974,顏瓌,147031,顏仁楚,180
138974,顏瓌,147032,顏義玄,180
138984,程寶安,147057,程善貴,180
138995,李智,147085,李弘裕,180
139012,段會,147123,段弘竟,180
139018,王素,147135,王大志,180
139026,孫光,147157,蓋暢,180
139028,成遠,147163,吳玄德,180
139030,姬推,147172,姬元某(姬推子),180
139040,沈士公,147199,沈行琛,180
179337,盧文翼,147209,盧士昂,180
139043,盧萬春,147210,盧子野,180
147209,盧士昂,147211,盧義幹,180
139044,趙仲子,147214,趙天生,180
139046,王孝瑜,147219,王仁恪,180
139052,趙勣,147236,趙玄亮,180
186636,崔秉德,147250,崔仲哲,180
147250,崔仲哲,147251,崔長瑜,180
147251,崔長瑜,147252,崔子博,180
139060,王惠,147265,王文合,180
139063,劉妙姜,147271,楊懷儉,180
147592,柳遜,147286,柳尚德,180
139069,陰容,147290,王同卿,180
139083,張氏(張震女),147319,郭行滿,180
139084,趙肅,147322,趙義感,180
139092,王卿,147345,王叔孫,180
139095,張才,147350,張行某(張才子),180
139098,杜文貢,147357,杜金剛,180
139105,王立,147377,王玄辯,180
139111,張氏(張定景女),147386,某策(張氏子),180
139125,安靜,147435,安行旻,180
139130,慕容麗,147443,曹師,180
139146,張端,147474,爨務本,180
139146,張端,147475,爨知某(張端子),180
139152,張宷,147487,潘元一,180
180190,薛端,147489,薛胄,180
147489,薛胄,147490,薛獻,180
139159,楊士,147501,楊志玄,180
139162,蘇娬,147514,敬少鄉,180
139167,張弘,147523,張孝德,180
30965,豆盧寬,147546,豆盧懷讓,180
147567,李願,147568,李考達,180
139186,段金,147576,韓端,180
139186,段金,147577,韓雲暮,180
139187,孟普,147581,孟瓊,180
178280,柳世隆,147589,柳惔,180
147589,柳惔,147590,柳暉,180
147590,柳暉,147591,柳䛒,180
139068,蕭𫱮媄,147593,柳尚真,180
147592,柳遜,147593,柳尚真,180
181732,袁君正,147596,袁梵,180
147252,崔子博,147605,崔文康,180
139196,樊寬,147609,樊師廣,180
139213,韓氏(韓軌女),147646,李思彥,180
139232,某琳,147683,某曾(某琳子),180
139242,王朗,147704,王元卿,180
139242,王朗,147705,王元宗,180
139247,宋虎,147711,宋君卿,180
139251,吳辯,147719,吳玄爽,180
139255,房寶子,147732,房僧榮,180
139258,徐綜,147739,徐恪,180
139258,徐綜,147740,徐明敬,180
139276,張禮,147789,張思言,180
139277,索玄,147793,索寬,180
139277,索玄,147794,索義,180
139306,蘭達,147872,蘭元歆,180
139306,蘭達,147873,蘭感仁,180
139309,皇甫某,147884,皇甫休寶,180
139309,皇甫某,147885,皇甫智滿,180
139309,皇甫某,147886,皇甫滿才,180
139415,李文,147950,李武仁,180
139417,王才,147957,王三師,180
139431,羅端,147993,羅道祐,180
139432,喪弘毅,147998,喪師節,180
139436,王君,148017,王愛子,180
139446,杜令姿,148043,董玄德,180
139456,史信,148065,史伯隴,180
139461,賈信,148074,賈弘秀,180
139468,楊客僧,148092,楊善同,180
139473,王宣,148098,王敬賓,180
139473,王宣,148099,王粲仁,180
139473,王宣,148100,王君某(王宣子),180
139478,張寬,148112,張某節(張寬子),180
139480,董師,148116,董慶,180
139484,楊達,148129,楊仁哲,180
139484,楊達,148130,楊仁爽,180
139484,楊達,148132,楊仁瑀,180
139489,趙宗,148141,趙玄寂,180
139489,趙宗,148142,趙玄成,180
139489,趙宗,148143,趙玄敬,180
139489,趙宗,148144,趙玄隱,180
139495,梁氏(梁隆女),148158,張惠達,180
139504,張爽,148184,張善政,180
139505,楊元,148187,楊季舒,180
139511,張海,148205,張武剛,180
139515,王端,148219,王德高,180
139521,張善,148244,張素,180
139525,張某,148258,張留生,180
139528,李弘,148264,李行師,180
139535,張彥,148287,張君楷,180
139535,張彥,148288,張君表,180
139535,張彥,148289,張君諒,180
139538,張曜,148297,某尚仁(張曜子),180
139538,張曜,148298,某苻某(張曜子),180
139549,李政,148329,李玄志,180
139552,李泰,148339,李行德,180
183766,鄭彥,148353,鄭景山,180
173687,李崇義,148354,李偉節,180
139557,李爽,148355,李昭德,180
139562,范彥,148371,范守元,180
139562,范彥,148372,范守玄,180
139571,曹德,148389,曹伏奴,180
139580,張文母,148407,杜行本,180
139580,張文母,148408,杜行滿,180
139584,劉德師,148422,劉思儼,180
139584,劉德師,148423,劉思徵,180
139585,劉朗,148425,劉萬達,180
139588,楊湯,148435,楊行表,180
139591,索行,148445,索義弘,180
139592,庫狄通,148448,庫狄惠感,180
139598,王君德,148472,王明朗,180
139599,趙德令,148480,趙行立,180
139599,趙德令,148481,趙行簡,180
139599,趙德令,148482,趙行某(趙德令子),180
139600,呂道,148487,呂同友,180
139603,樂玄,148494,樂毛德,180
139605,段瑋,148507,段懷節,180
139607,王婉,148510,李伏奴,180
139618,王智,148536,張敬玄,180
139622,劉盛,148550,劉文義,180
139629,張祖,148560,張基,180
139629,張祖,148561,張客朗,180
139636,尹達,148587,尹行欽,180
148590,封回,148591,封隆之,180
148591,封隆之,148592,封子繡,180
148592,封子繡,148593,封德輿,180
139637,封泰,148594,封玄慶,180
139637,封泰,148595,封玄景,180
139637,封泰,148596,封玄節,180
139637,封泰,148597,封玄震,180
154429,盧陽烏,148599,盧道亮,180
139639,嚴朗,148608,嚴明才,180
139642,陳恭,148617,淳于武義,180
139651,畢粹,148649,畢師丘,180
139651,畢粹,148650,畢師旦,180
139658,侯氏(侯華女),148673,彭同壽,180
139658,侯氏(侯華女),148674,彭同慶,180
139666,曹澄,148694,曹玄某(曹澄子),180
139673,董仁,148718,董師道,180
139675,任某,148730,任善生,180
139676,侯彪,148733,侯文琮,180
139411,李辯,148760,李行琛,180
139693,孟運,148787,孟祖業,180
139695,蔡君長,148795,蔡行基,180
139711,王式,148843,王弘璣,180
139717,楊神威,148850,楊智元,180
139742,管深,148909,管嗣泰,180
139747,羅甑生,148922,羅神苻,180
139751,馬珍,148938,馬元楷,180
139751,馬珍,148939,馬元禮,180
162162,蕭順之,148978,蕭衍,180
138779,蕭瑤,148983,蕭休明,180
139774,康杴,149009,康善恭,180
139774,康杴,149010,康善行,180
194400,崔長謙,149088,崔公華,180
32633,崔大質,149090,崔玄覽,180
139811,孫義普,149128,孫承景,180
194485,皇甫明,149144,皇甫仲延,180
139826,某某,149163,某同吉(子),180
194424,柳僧習,149195,柳慶,180
149195,柳慶,149196,柳機,180
149196,柳機,149197,柳逖,180
139319,張倫,149220,張仁亮,180
175161,李裔,149292,李子雄,180
149292,李子雄,149293,李公挺,180
139349,寵德威,149320,寵行基,180
139353,陳護,149334,陳文德,180
193977,蕭解,149356,蕭造,180
139381,張雄,149429,張定和,180
154507,崔曠,149496,崔弈,180
149496,崔弈,149497,崔大方,180
172265,陳曇倩,149510,陳伯謀,180
149510,陳伯謀,149511,陳酆,180
149511,陳酆,149512,陳瓚,180
139869,申屠寶,149583,申屠宗慶,180
149611,劉某(劉善寂祖),149610,劉絢,180
149612,劉珪,149611,劉某(劉善寂祖),180
139885,梁玄敏,149644,梁庭芝,180
172265,陳曇倩,149670,陳伯義,180
139989,王定,149858,王璀,180
176909,崔彥昇,150053,崔至仁,180
183406,鄭敬德,150140,鄭振,180
150140,鄭振,150141,鄭元軌,180
12256,蕭詧(西梁宣帝),150172,蕭岑,180
140090,王氏(王子忠女),150245,褚黯,180
150259,孟陟,150256,孟政,180
176875,崔幼,150265,崔彥穆,180
150265,崔彥穆,150266,崔君肅,180
150266,崔君肅,150267,崔思約,180
162731,劉矜,150341,劉會,180
22571,楊文偉,150360,楊纂,180
150360,楊纂,150361,楊守愚,180
172824,高德政,150443,高伯堅,180
150443,高伯堅,150444,高王臣,180
150444,高王臣,150446,高敬言,180
145761,李希禮,150639,李孝衡,180
177061,崔溉,150640,崔義玄,180
151148,李素王,150641,李仁緯,180
150661,劉裕,150662,劉霸,180
150662,劉霸,150664,劉瑗,180
170573,裴他,150672,裴讓之,180
170581,裴訥之,150674,裴掞,180
175139,李某,150692,李放之,180
176039,温君攸,150721,溫大雅,180
177997,崔謀,150762,崔德厚,180
150762,崔德厚,150763,崔行成,180
193887,裴弘陁,150768,裴鴻智,180
150768,裴鴻智,150769,裴師武,180
175898,王忻,150802,王子景,180
150802,王子景,150803,王元季,180
151477,李希仁,150881,李公源,180
150881,李公源,150882,李善願,180
180521,薛德元,150907,薛懷昱,180
176914,崔子今,150992,崔樞,180
150992,崔樞,150993,崔義直,180
175763,王野父,151070,王君儒,180
151070,王君儒,151071,王孝遠,180
151071,王孝遠,151072,王崇,180
172386,封君夷,151100,封道弘,180
150639,李孝衡,151148,李素王,180
175929,王述,151252,王弘福,180
24408,李勣,151257,李思文,180
194138,張伏宜,151271,張敏,180
189843,元翽,151283,元仁虔,180
178079,柳鷟,151370,柳帶韋,180
174329,李慶業,151477,李希仁,180
174383,李文正,151528,李晉客,180
171095,裴澄,151586,裴尼,180
12259,蕭瑀,151677,蕭鍇,180
156879,李希騫,151688,李元卿,180
146168,李希宗,151746,李祖欽,180
174315,李德瑋,151748,李文敬,180
171394,劉瑗,151784,劉行之,180
151784,劉行之,151785,劉延慶,180
177949,崔令,151803,崔承福,180
165721,盧愷,151811,盧義恭,180
151811,盧義恭,151812,盧少儒,180
183684,鄭筠,151823,鄭孝德,180
175209,李伯膺,151906,李蓐,180
182687,敬俊,151913,敬舉,180
176890,崔某,151969,崔公禮,180
151969,崔公禮,151970,崔延慶,180
31477,于宣道,152093,于永寧,180
165637,崔燾,152168,崔餘慶,180
175662,王猛,152187,王續,180
175664,王纊,152188,王德儉,180
172868,高飜,152203,高岳,180
172876,高宗儉,152206,高審行,180
32158,李孝貞,152234,李允王,180
195044,許胤,152253,許叔牙,180
152253,許叔牙,152254,許子安,180
170276,契苾葛,152286,契苾何力,180
33105,皇甫珍義,152329,皇甫文亮,180
183966,宋乾,152356,宋大辯,180
152356,宋大辯,152357,宋守恭,180
180442,薛德義,152423,薛景山,180
152492,鄭述祖,152493,鄭武叔,180
146063,蕭汾,152517,蕭令思,180
151271,張敏,152518,張文會,180
178029,崔誠,152542,崔儀表,180
152542,崔儀表,152543,崔逵,180
179034,盧文構,152585,盧君胤,180
152585,盧君胤,152586,盧幼孫,180
176149,張紑,152597,張則,180
152706,張偉度,152702,張越石,180
145962,蕭瑾,152707,蕭凝,180
184476,白建,152740,白君恕,180
152740,白君恕,152741,白大威,180
12405,張虔雄,152834,張文收,180
150265,崔彥穆,152868,崔君宙,180
152868,崔君宙,152869,崔千里,180
152941,王弘訓,152942,王方智,180
177875,崔說,153041,崔弘壽,180
153041,崔弘壽,153042,崔萬善,180
153061,鄭孝通,153062,鄭祖玄,180
153066,崔叔胤,153067,崔孝康,180
153067,崔孝康,153068,崔世標,180
32369,鄭正則,153140,鄭德秀,180
152187,王續,153383,王德素,180
153383,王德素,153384,王豫,180
193406,孔伯魚,153439,孔德紹,180
186974,李岡,153613,李安,180
153613,李安,153614,李孝恭,180
193756,張謙,153629,張師暕,180
31458,姜行本,153720,姜柔遠,180
31840,源崑玉,153723,源翁歸,180
192455,張某,153745,張立德,180
146217,盧承基,153769,盧元莊,180
174049,李徹,153784,李純,180
174087,李德旻,153785,李玄同,180
158254,崔世濟,153823,崔元異,180
186885,李延伯,153952,李昭貴,180
31846,源誠心,154002,源匡友,180
154143,王鼒,154136,王弘讓,180
157867,王裒,154143,王鼒,180
32212,崔弘昇,154176,崔處直,180
177448,崔綜,154187,崔行功,180
154187,崔行功,154188,崔景,180
175801,王師丘,154278,王道質,180
154278,王道質,154279,王仙客,180
139557,李爽,154296,李昭禮,180
179163,盧海相,154317,盧彥恭,180
154317,盧彥恭,154318,盧昭度,180
158254,崔世濟,154363,崔元獎,180
151784,劉行之,154427,劉延祐,180
31544,盧昌衡,154446,盧寶胤,180
154429,盧陽烏,154450,盧道虔,180
162955,韋萬頃,154502,韋元整,180
177800,崔士謙,154507,崔曠,180
154507,崔曠,154508,崔順,180
196394,呂休,154717,呂徽,180
154717,呂徽,154718,呂貴成,180
32545,郭待舉,154821,郭泰素,180
187231,李孝基,154932,李道立,180
170968,裴伯鳳,154967,裴德超,180
154967,裴德超,154968,裴思簡,180
184797,獨孤冀,155021,獨孤永業,180
155121,王寶倫,155090,王仁緒,180
175811,王季貞,155121,王寶倫,180
173547,李君异,155182,李稚川,180
155182,李稚川,155183,李思言,180
32184,裴操之,155211,裴弘泰,180
195920,鮮于明,155468,鮮于匡紹,180
192645,王某一,155485,王暠,180
156236,盧處實,155528,盧旻,180
155561,李贖,155562,李元哲,180
33022,盧寶素,155588,盧安壽,180
177149,崔正辨,155652,崔玄默,180
193942,于子提,155666,于謹,180
31491,于汪,155668,于庭謂,180
155666,于謹,155671,于寔,180
155856,魏乂,155852,魏玄同,180
175981,魏士廓,155856,魏乂,180
146121,薛元嘏,155988,薛孝侑,180
147490,薛獻,155988,薛孝侑,180
189788,柳懿,156042,柳敏,180
189786,柳務,156043,柳煥,180
156043,柳煥,156044,柳懷儉,180
158254,崔世濟,156092,崔元彥,180
186881,李天賜,156128,李乞豆,180
165894,李承,156199,李虔,180
173638,李大師,156200,李利王,180
179034,盧文構,156236,盧處實,180
156321,張元濟,156313,張松茂,180
177804,崔某,156382,崔嘉本,180
32158,李孝貞,156741,李來王,180
156741,李來王,156754,李思諒,180
32855,劉祥道,156785,劉齊敬,180
174329,李慶業,156879,李希騫,180
156932,楊峻,156924,楊德立,180
172676,楊安仁,156924,楊德立,180
156924,楊德立,156925,楊餘慶,180
170534,楊異,156932,楊峻,180
157372,高覲王,157373,高軫,180
32991,崔寶德,157408,崔昭儉,180
178016,崔治,157417,崔預,180
33013,王珪,157631,王崇基,180
158248,李韶,157644,李瓚,180
192910,侯某,158151,侯稜,180
170530,黎瑠{王解},158204,黎義玄,180
165894,李承,158248,李韶,180
177087,崔{亻鹿},158254,崔世濟,180
32201,李亮,158663,李神符,180
186881,李天賜,159808,李虎,180
32025,李湛,159827,李奉慈,180
183464,鄭機,159874,鄭世斌,180
159874,鄭世斌,159875,鄭玄嘉,180
159808,李虎,160106,李禕,180
153613,李安,160233,李琛,180
160860,曹治,160861,曹玉,180
160861,曹玉,160862,曹長,180
142242,竇娘子,161921,侯君集,180
142243,徐謩,161924,徐守一,180
142258,李紹,161938,李棲桐,180
142265,楊十戒,161955,李元誠,180
142265,楊十戒,161956,李元謹,180
142268,王凝華,161958,呂文義,180
142275,李思摩,161969,李遮匐,180
192767,韋真嘉,161971,韋旭,180
142382,崔震,161986,崔吉甫,180
142382,崔震,161987,崔行甫,180
142388,燕明,162005,燕客師,180
142384,楊敏,162009,楊什力,180
142412,牛秀,162024,牛師友,180
142412,牛秀,162025,牛師尚,180
142412,牛秀,162026,牛師度,180
142412,牛秀,162027,牛師德,180
142412,牛秀,162028,牛師敬,180
142412,牛秀,162029,牛師明,180
142412,牛秀,162030,牛師贊,180
142419,楊氏(楊威女),162049,某伏念(楊氏子),180
142430,王恭,162064,王武保,180
142439,高冏,162080,高仁表,180
142439,高冏,162081,高同軫,180
182509,唐令世,162122,唐靈芝,180
142468,支隆,162135,支孝端,180
142468,支隆,162136,支孝英,180
193966,蕭道賜,162162,蕭順之,180
142480,段文政,162174,段天性,180
142482,魏倫,162183,魏思行,180
142492,陶後興,162201,陶靜智,180
31894,裴大同,162208,裴炎,180
171348,劉慶,162209,劉軫,180
171350,劉通,162211,劉德敏,180
142498,張亮,162216,張文志,180
142498,張亮,162217,張文祥,180
142498,張亮,162219,張某(張亮子),180
142504,董氏(董恭女),162234,某明達(董氏子),180
162237,郭智,162238,郭徽,180
162238,郭徽,162239,郭榮,180
142506,郭敬善,162240,郭思簡,180
142506,郭敬善,162241,郭思約,180
142506,郭敬善,162242,郭賢貴,180
142514,何光,162254,何元廓,180
33909,裴師道,162299,裴懷節,180
142554,張哲,162332,張玄務,180
178301,柳慶遠,162334,柳津,180
146567,柳仲禮,162336,柳玄,180
142555,柳鼓,162337,柳穎達,180
142557,呂道,162341,呂仁勖,180
142557,呂道,162342,呂德威,180
142562,程知節,162366,程處亮,180
142572,某朗,162398,某檢(某朗子),180
142575,聿珪,162412,李慎,180
142581,曹欽,162430,曹嘉會,180
142584,張師,162437,張行筠,180
142590,張臣合,162451,張公信,180
142590,張臣合,162452,張公超,180
142592,張威,162456,張長壽,180
142600,李貴,162482,李長,180
142602,斛斯政則,162491,斛斯嗣宗,180
174029,李子雲,162495,李道宗,180
142613,董滿,162519,董玄楚,180
142613,董滿,162520,董質機,180
142621,王韋,162538,王宏之,180
142625,劉文,162548,劉君度,180
142625,劉文,162549,劉敬道,180
142629,某某,162559,張君行,180
142632,李三娘,162566,張仁廓,180
166399,李元鳳,162588,李翼,180
142646,任君,162610,任善義,180
142660,某某,162647,某順感(子),180
138853,孔長寧,162680,康須達,180
142677,趙欣,162709,趙文仁,180
142678,能延褒,162713,能忻,180
162725,竇熾,162724,竇恭,180
162724,竇恭,162726,竇琮,180
171478,劉藻,162731,劉矜,180
142692,馮瓊,162774,馮義玄,180
142692,馮瓊,162775,馮義方,180
142695,李相,162785,李仁藝,180
142695,李相,162786,李澄素,180
142713,格處仁,162848,格輔元,180
180237,薛瑚,162854,薛聰,180
162854,薛聰,162855,薛孝通,180
162855,薛孝通,162856,薛道衡,180
142721,郭海,162882,郭德遠,180
142722,周寶,162886,周暢通,180
142722,周寶,162887,周暢琦,180
142728,劉珍,162911,劉三仁,180
142732,王林,162931,王師俊,180
142732,王林,162932,王道,180
142732,王林,162933,王哲,180
142732,王林,162934,王信,180
142733,郭祥,162936,郭感,180
142733,郭祥,162937,郭仲,180
142733,郭祥,162938,郭敬賢,180
192765,韋敻,162954,韋瓘,180
162954,韋瓘,162955,韋萬頃,180
156128,李乞豆,163133,李貞,180
156128,李乞豆,163134,李慧,180
163177,王緝,163178,王令思,180
163178,王令思,163179,王元慎,180
31037,韋津,163230,韋全璧,180
175263,李弼,163286,李椿,180
163286,李椿,163287,李匡義,180
142307,劉媚,163331,劉秀林,180
142308,柳行滿,163339,柳秀林,180
142308,柳行滿,163340,柳秀誠,180
142308,柳行滿,163341,柳秀立,180
173411,李瑾,163388,李蒨之,180
173413,李元儉,163390,李玄成,180
178027,崔纂,163412,崔觖,180
163412,崔觖,163413,崔世立,180
163413,崔世立,163414,崔抗,180
13060,李世民(唐太宗),163482,李慎(纪王),180
31079,韋德倫,163651,韋仁慎,180
31477,于宣道,163681,于保寧,180
180082,薛操,163723,薛朏,180
21302,陳頊,163771,陳叔武,180
163926,閻毗,163927,閻立德,180
31078,韋弘瑗,163981,韋知止,180
31016,韋世康,164026,韋福嗣,180
174196,李系,164060,李順,180
31572,李孝基,164061,李野王,180
164923,鄭乾政,164079,鄭寶倫,180
31039,韋琨,164152,韋翼,180
182614,唐輪,164177,唐永,180
164177,唐永,164178,唐安,180
164178,唐安,164179,唐璋,180
186573,李君績,164354,李義玄,180
164354,李義玄,164355,李嘉胤,180
444855,龐卿惲,164389,龐同本,180
175838,王神念,164581,王僧辯,180
33012,王顗,164582,王珌,180
170533,蔡慈,164623,蔡衍,180
164623,蔡衍,164624,蔡元凱,180
21302,陳頊,164675,陳叔豎,180
93608,陳叔達,164708,陳弼,180
33019,盧同吉,164914,盧叔慈,180
32106,崔君昭,164927,崔公牧,180
170500,薛某,165283,薛炅,180
31021,韋澄,165358,韋慶祚,180
146086,崔仲方,165637,崔燾,180
145913,李義璋,165707,李紹,180
32284,崔處仁,165712,崔玄泰,180
31846,源誠心,165734,源匡度,180
195457,李寶,165894,李承,180
195475,鄭某,165969,鄭乾瓚,180
13059,李淵(唐高祖),166399,李元鳳,180
166399,李元鳳,166400,李宏,180
190545,李屯,166528,獨孤楷,180
169751,論尊,169191,論陵,180
170229,郭澄,169744,郭琰,180
170235,論賛,169751,論尊,180
170490,郭昶,170229,郭澄,180
192320,契苾歌楞,170276,契苾葛,180
170521,楊燾運,170481,楊懷方,180
31422,元仁惠,170482,元懷節,180
176041,温無隱,170486,温晉冲,180
180464,薛克勤,170500,薛某,180
170531,楊尚希,170521,楊燾運,180
32966,令狐德棻,170522,令狐修穆,180
170535,沈客卿,170526,沈澄,180
195023,楊承寶,170531,楊尚希,180
32968,令狐熙,170537,令狐虬,180
170537,令狐虬,170538,令狐整,180
195401,裴鍾,170555,裴景惠,180
170555,裴景惠,170556,裴會,180
170556,裴會,170557,裴韜,180
170557,裴韜,170558,裴融,180
31916,裴孝瑜,170560,裴該,180
170560,裴該,170561,裴某,180
31916,裴孝瑜,170565,裴褘,180
31916,裴孝瑜,170566,裴爽,180
31917,裴寂,170572,裴法師,180
170555,裴景惠,170573,裴他,180
150672,裴讓之,170575,裴某,180
170575,裴某,170576,裴淨,180
170575,裴某,170577,裴綸,180
170577,裴綸,170578,裴某,180
170573,裴他,170581,裴訥之,180
170581,裴訥之,170583,裴某,180
170583,裴某,170584,裴某,180
170584,裴某,170585,裴某,180
170581,裴訥之,170587,裴矩,180
170587,裴矩,170588,裴宣機,180
170587,裴矩,170589,裴奉高,180
170589,裴奉高,170590,裴延慶,180
170587,裴矩,170591,裴善昌,180
170573,裴他,170592,裴謁之,180
170592,裴謁之,170593,裴通,180
170593,裴通,170594,裴某,180
170594,裴某,170595,裴瑀,180
194402,裴慬,170596,裴天恩,180
170596,裴天恩,170597,裴安祖,180
170597,裴安祖,170598,裴思濟,180
170598,裴思濟,170599,裴宗賢,180
170599,裴宗賢,170600,裴錯,180
170600,裴錯,170601,裴同,180
170600,裴錯,170602,裴機,180
170597,裴安祖,170616,裴幼雋,180
170616,裴幼雋,170617,裴某,180
170617,裴某,170618,裴處晞,180
170597,裴安祖,170619,裴慶升,180
170619,裴慶升,170620,裴某,180
170620,裴某,170621,裴某,180
170621,裴某,170622,裴弘獻,180
170596,裴天恩,170624,裴祖思,180
170624,裴祖思,170625,裴仲初,180
170625,裴仲初,170626,裴昶,180
170626,裴昶,170627,裴某,180
170627,裴某,170628,裴某,180
170627,裴某,170631,裴萬頃,180
170596,裴天恩,170632,裴祖愛,180
170632,裴祖愛,170633,裴義同,180
170633,裴義同,170634,裴倫,180
170633,裴義同,170641,裴翼,180
170641,裴翼,170642,裴某,180
170642,裴某,170643,裴某,180
170633,裴義同,170646,裴道玄,180
170646,裴道玄,170647,裴某,180
170647,裴某,170648,裴某,180
194402,裴慬,170652,裴天壽,180
170652,裴天壽,170653,裴智深,180
170653,裴智深,170654,裴襲,180
170654,裴襲,170655,裴叔騰,180
170655,裴叔騰,170656,裴某,180
170656,裴某,170657,裴善政,180
170657,裴善政,170658,裴文立,180
170653,裴智深,170673,裴述,180
170673,裴述,170674,裴某,180
170674,裴某,170675,裴士衡,180
170675,裴士衡,170676,裴某,180
170676,裴某,170677,裴某,180
170674,裴某,170680,裴士勣,180
170680,裴士勣,170681,裴某,180
170681,裴某,170682,裴某,180
170653,裴智深,170684,裴英,180
170684,裴英,170685,裴元,180
170684,裴英,170686,裴彥,180
170686,裴彥,170687,裴通,180
170687,裴通,170688,裴弘策,180
170688,裴弘策,170689,裴行方,180
170687,裴通,170706,裴善文,180
170706,裴善文,170707,裴某,180
32184,裴操之,170721,裴大猷,180
170721,裴大猷,170722,裴聞韶,180
32184,裴操之,170723,裴大方,180
170723,裴大方,170724,裴思敬,180
194403,裴叔業,170725,裴蒨之,180
170725,裴蒨之,170726,裴譚,180
170726,裴譚,170727,裴測,180
170726,裴譚,170728,裴某,180
170728,裴某,170729,裴某,180
170729,裴某,170730,裴某,180
194403,裴叔業,170734,裴簡之,180
170734,裴簡之,170735,裴某,180
170735,裴某,170736,裴景,180
31922,裴正,170738,裴眘,180
31922,裴正,170814,裴歸仁,180
170823,裴義山,170824,裴爽,180
170823,裴義山,170832,裴行本,180
31882,裴羅,170897,裴公續,180
170899,裴允,170900,裴某,180
170902,裴眺,170903,裴龍虔,180
170907,裴保歡,170908,裴良,180
170908,裴良,170909,裴子通,180
170909,裴子通,170910,裴某,180
170910,裴某,170911,裴某,180
170911,裴某,170912,裴敬彝,180
170912,裴敬彝,170913,裴錫,180
170908,裴良,170914,裴叔祉,180
170914,裴叔祉,170915,裴子闡,180
170915,裴子闡,170916,裴某,180
170916,裴某,170917,裴某,180
170917,裴某,170918,裴元質,180
170918,裴元質,170919,裴某,180
170919,裴某,170920,裴杞,180
170921,裴大醜,170922,裴某,180
170922,裴某,170923,裴慶孫,180
170923,裴慶孫,170924,裴子瑩,180
170924,裴子瑩,170925,裴受,180
170925,裴受,170926,裴宣明,180
170926,裴宣明,170927,裴景鸞,180
170927,裴景鸞,170928,裴文端,180
170928,裴文端,170929,裴願,180
170928,裴文端,170930,裴安,180
170928,裴文端,170931,裴弘,180
170928,裴文端,170932,裴振,180
170926,裴宣明,170933,裴景鴻,180
170933,裴景鴻,170934,裴叔卿,180
170934,裴叔卿,170935,裴神舉,180
170934,裴叔卿,170936,裴神符,180
170948,裴雙虎,170949,裴秀業,180
170949,裴秀業,170950,裴邃,180
170950,裴邃,170951,裴文舉,180
170951,裴文舉,170952,裴冑,180
170952,裴冑,170953,裴神,180
170953,裴神,170954,裴知禮,180
170953,裴神,170958,裴知古,180
146041,裴璣,170959,裴某,180
170959,裴某,170960,裴某,180
170960,裴某,170961,裴大感,180
170948,裴雙虎,170966,裴惠秀,180
170966,裴惠秀,170967,裴嵩壽,180
170967,裴嵩壽,170968,裴伯鳳,180
170968,裴伯鳳,170969,裴定高,180
154967,裴德超,170982,裴思諒,180
171004,裴三虎,171005,裴文德,180
171005,裴文德,171006,裴軌,180
171006,裴軌,171007,裴瑾,180
171007,裴瑾,171008,裴某,180
171008,裴某,171009,裴某,180
171009,裴某,171010,裴某,180
171010,裴某,171011,裴景叔,180
171006,裴軌,171012,裴子瑜,180
171012,裴子瑜,171013,裴某,180
171013,裴某,171014,裴某,180
171014,裴某,171015,裴某,180
171015,裴某,171016,裴喻,180
171006,裴軌,171017,裴景深,180
171017,裴景深,171018,裴著,180
171018,裴著,171019,裴世清,180
171019,裴世清,171020,裴嘉陵,180
171019,裴世清,171021,裴某,180
171021,裴某,171022,裴思訓,180
171004,裴三虎,171029,裴嵩仁,180
171029,裴嵩仁,171030,裴某,180
171030,裴某,171031,裴某,180
171031,裴某,171032,裴耀之,180
171032,裴耀之,171033,裴安石,180
171033,裴安石,171034,裴義弘,180
171004,裴三虎,171044,裴桃弓,180
171044,裴桃弓,171045,裴夙,180
171045,裴夙,171046,裴鑒,180
171046,裴鑒,171047,裴澤,180
171047,裴澤,171048,裴祥,180
171048,裴祥,171049,裴某,180
171049,裴某,171050,裴某,180
171053,裴訢,171054,裴揔,180
171053,裴訢,171055,裴某,180
171055,裴某,171056,裴世節,180
171056,裴世節,171057,裴玄本,180
194420,裴德歡,171095,裴澄,180
171095,裴澄,171096,裴景漢,180
31978,裴熙載,171098,裴居道,180
31977,裴鏡民,171105,裴熙勣,180
171105,裴熙勣,171106,裴居業,180
171105,裴熙勣,171107,裴中庸,180
31976,裴文度,171111,裴瞿曇,180
31980,裴大方,171141,裴居晊,180
31980,裴大方,171154,裴居業,180
31980,裴大方,171155,裴居約,180
31980,裴大方,171156,裴居近,180
31976,裴文度,171157,裴正覺,180
151586,裴尼,171160,裴師民,180
151586,裴尼,171161,裴之爽,180
171161,裴之爽,171204,裴巨源,180
171204,裴巨源,171205,裴思慎,180
171161,裴之爽,171206,裴稚珪,180
193886,裴鴻琳,171207,裴客兒,180
162299,裴懷節,171232,裴昭,180
162299,裴懷節,171245,裴皎,180
33910,裴懷儉,171248,裴某,180
150769,裴師武,171279,裴懷肅,180
171279,裴懷肅,171280,裴某,180
150769,裴師武,171282,裴懷煚,180
171321,裴欣敬,171322,裴某,180
171322,裴某,171323,裴某,180
32664,裴魯師,171325,裴知機,180
171347,劉敏,171348,劉慶,180
162209,劉軫,171350,劉通,180
171350,劉通,171379,劉德智,180
171379,劉德智,171380,劉延嗣,180
171379,劉德智,171381,劉崇直,180
171379,劉德智,171383,劉守約,180
171379,劉德智,171386,劉守悌,180
171347,劉敏,171387,劉軌,180
171387,劉軌,171388,劉某,180
171388,劉某,171389,劉權,180
171389,劉權,171390,劉澈,180
171347,劉敏,171391,劉僧利,180
171391,劉僧利,171392,劉世明,180
171392,劉世明,171393,劉偉,180
171393,劉偉,171394,劉瑗,180
171394,劉瑗,171395,劉胤之,180
171395,劉胤之,171396,劉某,180
171393,劉偉,171409,劉珉,180
20310,劉昭,171449,劉文起,180
171450,劉通,171451,劉能,180
171451,劉能,171452,劉熾,180
171452,劉熾,171453,劉子威,180
171453,劉子威,171454,劉仁軌,180
171453,劉子威,171463,劉仁相,180
92604,劉子翼,171465,劉懿之,180
171468,劉虬,171469,劉之遴,180
171469,劉之遴,171470,劉某,180
171470,劉某,171471,劉某,180
171471,劉某,171472,劉洎,180
171472,劉洎,171473,劉廣宗,180
171472,劉洎,171477,劉弘業,180
32855,劉祥道,171482,劉廣禮,180
11525,劉晉,171614,劉多讓,180
11525,劉晉,171629,劉多退,180
195028,劉某,171634,劉仕雋,180
20212,劉政會,171658,劉玄象,180
20212,劉政會,171659,劉玄育,180
171660,蕭介,171661,蕭引,180
12255,蕭統,171671,蕭歡,180
171671,蕭歡,171672,蕭某,180
171672,蕭某,171673,蕭某,180
171673,蕭某,171674,蕭某,180
152897,蕭巋,171679,蕭琮,180
171679,蕭琮,171680,蕭鉉,180
152897,蕭巋,171681,蕭璟,180
152897,蕭巋,171682,蕭琢,180
171682,蕭琢,171683,蕭欽,180
33101,蕭珣,171687,蕭鉅,180
12259,蕭瑀,171742,蕭鍇,180
12256,蕭詧(西梁宣帝),171746,蕭岌,180
171747,蕭瑊,171748,蕭嗣宗,180
150172,蕭岑,171751,蕭瓚,180
171751,蕭瓚,171752,蕭文朗,180
150172,蕭岑,171753,蕭琩,180
171753,蕭琩,171754,蕭某,180
171756,竇甝,171757,竇洪景,180
171757,竇洪景,171758,竇儼,180
171758,竇儼,171759,竇明哲,180
171761,竇毅,171762,竇照,180
171762,竇照,171763,竇彥,180
171763,竇彥,171764,竇德明,180
171764,竇德明,171765,竇知敬,180
171763,竇彥,171767,竇德素,180
171767,竇德素,171768,竇懷文,180
171767,竇德素,171803,竇懷哲,180
171763,竇彥,171826,竇德冲,180
171826,竇德冲,171827,竇積善,180
171826,竇德冲,171836,竇君布,180
171826,竇德冲,171840,竇義積,180
171826,竇德冲,171860,竇義節,180
171763,竇彥,171896,竇德玄,180
171896,竇德玄,171897,竇懷讓,180
171896,竇德玄,171936,竇懷道,180
171896,竇德玄,171946,竇懷武,180
171896,竇德玄,171954,竇懷恪,180
171896,竇德玄,171958,竇懷貞,180
171763,竇彥,171960,竇德遠,180
171960,竇德遠,171961,竇知節,180
171960,竇德遠,171965,竇知勖,180
171960,竇德遠,171966,竇處常,180
171960,竇德遠,171971,竇楨幹,180
171763,竇彥,171972,竇德洽,180
171972,竇德洽,171973,竇全真,180
171972,竇德洽,171996,竇全質,180
171972,竇德洽,171999,竇知約,180
171972,竇德洽,172000,竇知軌,180
171972,竇德洽,172009,竇知義,180
171972,竇德洽,172012,竇懷質,180
171761,竇毅,172014,竇文殊,180
171761,竇毅,172015,竇招賢,180
172015,竇招賢,172016,竇孝宣,180
172015,竇招賢,172017,竇紹宣,180
172015,竇招賢,172089,竇鳳宣,180
172089,竇鳳宣,172090,竇志,180
31779,竇抗,172111,竇衍,180
172111,竇衍,172112,竇孝儉,180
172111,竇衍,172114,竇孝威,180
172111,竇衍,172115,竇孝忠,180
31815,竇靜,172119,竇遜,180
31815,竇靜,172120,竇邃,180
31780,竇誕,172121,竇孝德,180
31780,竇誕,172127,竇孝立,180
31780,竇誕,172132,竇孝冲,180
31780,竇誕,172133,竇孝臻,180
31780,竇誕,172140,竇孝誠,180
31780,竇誕,172141,竇孝果,180
31779,竇抗,172175,竇幹,180
31817,竇師綸,172179,竇尚烈,180
31779,竇抗,172183,竇師武,180
172183,竇師武,172184,竇孝綽,180
172183,竇師武,172191,竇孝約,180
31779,竇抗,172192,竇師仁,180
31778,竇榮定,172193,竇慶,180
172193,竇慶,172194,竇智純,180
172193,竇慶,172195,竇智弘,180
172195,竇智弘,172196,竇懷玉,180
172195,竇智弘,172197,竇懷昶,180
172193,竇慶,172203,竇智圓,180
31778,竇榮定,172204,竇璡,180
172204,竇璡,172205,竇普行,180
172205,竇普行,172206,竇揔,180
162724,竇恭,172209,竇軌,180
172209,竇軌,172210,竇奉節,180
172209,竇軌,172211,竇某,180
162726,竇琮,172215,竇孝謙,180
162725,竇熾,172216,竇覽,180
172216,竇覽,172217,竇某,180
172217,竇某,172218,竇孝仁,180
172217,竇某,172219,竇孝鼎,180
162725,竇熾,172220,竇深,180
172220,竇深,172221,竇襲,180
172221,竇襲,172222,竇文表,180
162725,竇熾,172228,竇嶷,180
172228,竇嶷,172229,竇某,180
172229,竇某,172230,竇德宗,180
162725,竇熾,172231,竇誼,180
172231,竇誼,172232,竇某,180
172232,竇某,172233,竇有意,180
162725,竇熾,172235,竇威,180
172235,竇威,172236,竇惲,180
172236,竇惲,172237,竇旻,180
194469,竇紹,172240,竇善衡,180
172264,陳談先,172265,陳曇倩,180
172265,陳曇倩,172266,陳伯山,180
172266,陳伯山,172267,陳君範,180
172266,陳伯山,172268,陳君通,180
172268,陳君通,172269,陳矩,180
172266,陳伯山,172270,陳君賓,180
172265,陳曇倩,172271,陳伯固,180
172271,陳伯固,172272,陳願,180
172265,陳曇倩,172273,陳伯仁,180
172273,陳伯仁,172274,陳蕃,180
172273,陳伯仁,172275,陳某,180
172275,陳某,172276,陳挺,180
172275,陳某,172277,陳岌,180
149670,陳伯義,172278,陳元基,180
149670,陳伯義,172279,陳憲,180
149511,陳酆,172282,陳璿,180
21302,陳頊,172289,陳叔英,180
21302,陳頊,172296,陳叔堅,180
21302,陳頊,172299,陳叔卿,180
32752,陳叔明,172304,陳某,180
32752,陳叔明,172307,陳某,180
21302,陳頊,172322,陳叔彪,180
93608,陳叔達,172328,陳政德,180
93608,陳叔達,172333,陳賢德,180
93608,陳叔達,172334,陳紹德,180
148591,封隆之,172354,封子繪,180
172354,封子繪,172355,封寶蓋,180
172354,封子繪,172356,封某,180
172356,封某,172357,封智瞻,180
148592,封子繡,172359,封德潤,180
172359,封德潤,172360,封行賓,180
172359,封德潤,172363,封行高,180
172359,封德潤,172364,封梁客,180
148592,封子繡,172365,封德如,180
172365,封德如,172366,封元素,180
148592,封子繡,172367,封倫,180
172367,封倫,172368,封言道,180
148590,封回,172373,封興之,180
172373,封興之,172374,封孝琬,180
172373,封興之,172375,封孝琰,180
172375,封孝琰,172376,封君確,180
172375,封孝琰,172377,封君靜,180
172375,封孝琰,172378,封君嚴,180
172375,封孝琰,172379,封君贊,180
172373,封興之,172380,封孝璋,180
172380,封孝璋,172381,封君誕,180
172381,封君誕,172382,封某,180
172382,封某,172383,封叔廉,180
172380,封孝璋,172386,封君夷,180
151100,封道弘,172388,封踐一,180
172413,楊惠嘏,172414,楊謇,180
172414,楊謇,172415,楊鍾馗,180
172415,楊鍾馗,172416,楊處綱,180
172416,楊處綱,172417,楊元景,180
172416,楊處綱,172418,楊元珙,180
172418,楊元珙,172419,楊君操,180
172416,楊處綱,172420,楊元約,180
172420,楊元約,172421,楊諲,180
172421,楊諲,172422,楊孚,180
172422,楊孚,172423,楊黃裳,180
172415,楊鍾馗,172425,楊處樂,180
172413,楊惠嘏,172426,楊烈,180
172426,楊烈,172427,楊禎,180
172427,楊禎,172428,楊忠,180
172428,楊忠,172429,楊堅,180
172429,楊堅,172430,楊廣,180
32210,楊昭,172441,楊倓,180
32210,楊昭,172442,楊侗,180
172451,楊國,172452,楊定,180
172452,楊定,172453,楊紹,180
31168,楊恭仁,172456,楊思誼,180
31168,楊恭仁,172463,楊思訥,180
31169,楊綝,172467,楊思約,180
31169,楊綝,172474,楊思禮,180
31167,楊士雄,172516,楊恭道,180
172516,楊恭道,172517,楊某,180
31432,楊士貴,172528,楊福,180
31434,楊譽,172530,楊崇禮,180
172453,楊紹,172542,楊達,180
172453,楊紹,172561,楊白澤,180
172561,楊白澤,172562,楊孝義,180
172561,楊白澤,172563,楊至公,180
172561,楊白澤,172566,楊知敬,180
172561,楊白澤,172567,楊孝仁,180
172571,楊珍,172572,楊真,180
172572,楊真,172573,楊懿,180
172573,楊懿,172574,楊順,180
31217,楊汪,172576,楊令本,180
172573,楊懿,172593,楊津,180
172593,楊津,172594,楊愔,180
172594,楊愔,172595,楊某,180
172595,楊某,172596,楊某,180
172593,楊津,172598,楊暐,180
172593,楊津,172599,楊岐,180
32329,楊行表,172607,楊亮,180
32329,楊行表,172622,楊寂,180
172623,楊鈞,172624,楊暄,180
172624,楊暄,172625,楊敷,180
172625,楊敷,172626,楊素,180
172626,楊素,172627,楊玄獎,180
172626,楊素,172629,楊積善,180
172626,楊素,172630,楊某,180
172625,楊敷,172648,楊慎,180
172625,楊敷,172649,楊岳,180
172649,楊岳,172651,楊弘文,180
172623,楊鈞,172658,楊儉,180
22557,楊文昇,172660,楊某,180
172660,楊某,172661,楊昉,180
172658,楊儉,172662,楊文休,180
172658,楊儉,172675,楊文异,180
172675,楊文异,172676,楊安仁,180
172676,楊安仁,172743,楊志立,180
172675,楊文异,172747,楊虔遜,180
32798,楊榮,172750,楊師,180
32798,楊榮,172751,楊泰,180
22571,楊文偉,172769,楊士積,180
172769,楊士積,172770,楊緘,180
22571,楊文偉,172773,楊安,180
150360,楊纂,172775,楊守拙,180
150360,楊纂,172779,楊守訥,180
150360,楊纂,172784,楊守柔,180
150360,楊纂,172787,楊守挹,180
172623,楊鈞,172789,楊寬,180
172789,楊寬,172790,楊文紀,180
172790,楊文紀,172791,楊孝湛,180
172791,楊孝湛,172792,楊弘業,180
172790,楊文紀,172793,楊孝儼,180
172793,楊孝儼,172794,楊弘毅,180
172793,楊孝儼,172819,楊弘暕,180
172790,楊文紀,172820,楊孝怡,180
172820,楊孝怡,172821,楊弘冑,180
194398,高祐,172822,高和璧,180
172822,高和璧,172823,高顥,180
172823,高顥,172824,高德政,180
194398,高祐,172839,高振,180
172839,高振,172840,高石安,180
172840,高石安,172841,高志廉,180
172841,高志廉,172842,高正臣,180
172839,高振,172843,高表,180
172843,高表,172844,高衡,180
172844,高衡,172845,高元道,180
172844,高衡,172846,高仲仁,180
172846,高仲仁,172847,高某,180
172847,高某,172848,高豫,180
172844,高衡,172849,高季通,180
172844,高衡,172850,高馮,180
172850,高馮,172851,高正業,180
172852,高湖,172853,高謐,180
172853,高謐,172854,高樹生,180
172854,高樹生,172855,高歡,180
172855,高歡,172856,高廓,180
172856,高廓,172857,高某,180
172857,高某,172858,高某,180
172854,高樹生,172861,高琛,180
172861,高琛,172862,高叡,180
172862,高叡,172863,高正初,180
172863,高正初,172864,高翰,180
172853,高謐,172868,高飜,180
152203,高岳,172870,高勱,180
172870,高勱,172871,高士寧,180
172871,高士寧,172872,高某,180
172870,高勱,172876,高宗儉,180
172876,高宗儉,172877,高文敏,180
172876,高宗儉,172890,高質行,180
172876,高宗儉,172917,高某,180
17130,房玄齡,172942,房遺則,180
172954,房倫,172955,房某,180
172955,房某,172956,房謨,180
172956,房謨,172957,房廣深,180
172957,房廣深,172958,房某,180
32485,杜懿,173007,杜乾祚,180
173007,杜乾祚,173008,杜某,180
30861,杜淹,173055,杜行毓,180
30861,杜淹,173056,杜行則,180
173277,杜顒,173057,杜景恭,180
173057,杜景恭,173058,杜德裕,180
173058,杜德裕,173059,杜敬則,180
172955,房某,173091,房巖,180
173091,房巖,173092,房某,180
173092,房某,173093,房崱,180
173094,宇文洛,173095,宇文裕,180
173103,宇文賢,173104,宇文瑋,180
173104,宇文瑋,173105,宇文弼,180
173105,宇文弼,173106,宇文儉,180
173105,宇文弼,173115,宇文瑗,180
173105,宇文弼,173116,宇文紹,180
173117,宇文盛,173118,宇文歸,180
173118,宇文歸,173119,宇文定及,180
173119,宇文定及,173120,宇文規,180
173117,宇文盛,173124,宇文述,180
173124,宇文述,173125,宇文智及,180
173124,宇文述,173126,宇文化及,180
173124,宇文述,173127,宇文士及,180
173127,宇文士及,173128,宇文某,180
173117,宇文盛,173129,宇文靜,180
173129,宇文靜,173130,宇文福及,180
173130,宇文福及,173131,宇文某,180
31070,長孫覽,173140,長孫洪,180
31070,長孫覽,173141,長孫寬,180
173141,長孫寬,173142,長孫昭,180
31070,長孫覽,173148,長孫龕,180
173148,長孫龕,173149,長孫某,180
31071,長孫操,173153,長孫憲,180
31071,長孫操,173154,長孫誼,180
31071,長孫操,173156,長孫鑒,180
173161,長孫兕,173162,長孫敞,180
173162,長孫敞,173163,長孫無慮,180
31064,長孫熾,173165,長孫安世,180
31065,長孫晟,173170,長孫無乃,180
31065,長孫晟,173171,長孫無傲,180
31065,長孫晟,173172,長孫無憲,180
31065,長孫晟,173173,長孫某,180
31065,長孫晟,173230,長孫無逸,180
173161,長孫兕,173231,長孫義莊,180
30864,杜如晦,173234,杜構,180
30864,杜如晦,173235,杜荷,180
30860,杜吒,173236,杜楚客,180
30861,杜淹,173238,杜敬愛,180
30861,杜淹,173263,杜愛同,180
173277,杜顒,173278,杜景仲,180
173278,杜景仲,173279,杜整,180
173279,杜整,173280,杜孝彝,180
173279,杜整,173284,杜孝獎,180
173279,杜整,173285,杜孝弇,180
173277,杜顒,173287,杜景秀,180
32485,杜懿,173289,杜乾播,180
173289,杜乾播,173290,杜崇胤,180
173306,杜子裕,173307,杜正玄,180
173306,杜子裕,173308,杜正藏,180
173308,杜正藏,173309,杜志靜,180
173306,杜子裕,173327,杜正儀,180
173306,杜子裕,173328,杜正德,180
173329,杜亮,173330,杜伽,180
32680,杜保,173332,杜義博,180
173364,李豫,173365,李某,180
173365,李某,173366,李琰之,180
173366,李琰之,173367,李剛,180
31126,李充節,173371,李大辯,180
173371,李大辯,173372,李直瓘,180
31127,李充信,173378,李某,180
173378,李某,173379,李某,180
31129,李充穎,173388,李思本,180
173388,李思本,173389,李崇敏,180
173366,李琰之,173390,李慧,180
173390,李慧,173391,李充弼,180
173391,李充弼,173392,李嘉,180
173392,李嘉,173393,李虔緒,180
173392,李嘉,173394,李虔繹,180
173391,李充弼,173395,李文楷,180
158248,李韶,173398,李璵,180
173398,李璵,173399,李某,180
173399,李某,173400,李某,180
173400,李某,173401,李某,180
158248,李韶,173411,李瑾,180
163388,李蒨之,173413,李元儉,180
163390,李玄成,173415,李義璹,180
163390,李玄成,173416,李義珙,180
145913,李義璋,173418,李整,180
163390,李玄成,173423,李義瑛,180
163390,李玄成,173428,李義琛,180
163388,李蒨之,173437,李武卿,180
173437,李武卿,173438,李玄德,180
173438,李玄德,173439,李義琰,180
173438,李玄德,173442,李義瓘,180
173438,李玄德,173446,李義璡,180
32735,李行之,173457,李夷道,180
32736,李玄道,173522,李雲將,180
173411,李瑾,173533,李疑之,180
173533,李疑之,173534,李君志,180
173533,李疑之,173535,李君範,180
173535,李君範,173536,李孝深,180
173536,李孝深,173537,李某,180
173536,李孝深,173538,李某,180
173533,李疑之,173542,李君徹,180
173542,李君徹,173543,李某,180
173543,李某,173544,李元珍,180
173533,李疑之,173546,李君可,180
173533,李疑之,173547,李君异,180
155182,李稚川,173549,李夔,180
155182,李稚川,173553,李惇,180
173533,李疑之,173555,李君德,180
173533,李疑之,173556,李君平,180
173556,李君平,173557,李某,180
173557,李某,173558,李某,180
157644,李瓚,173564,李脩年,180
173564,李脩年,173565,李某,180
173565,李某,173566,李某,180
173565,李某,173572,李俊,180
165894,李承,173578,李彥,180
173578,李彥,173579,李燮,180
173579,李燮,173580,李士萬,180
173580,李士萬,173581,李某,180
173581,李某,173582,李某,180
173578,李彥,173587,李爽,180
173587,李爽,173588,李元相,180
173588,李元相,173589,李某,180
173589,李某,173590,李某,180
173587,李爽,173600,李伏陁,180
173600,李伏陁,173601,李某,180
173601,李某,173602,李某,180
156199,李虔,173609,李焕,180
173609,李焕,173610,李裒,180
173610,李裒,173611,李某,180
173611,李某,173612,李德基,180
156199,李虔,173628,李晧,180
173628,李晧,173629,李士操,180
173629,李士操,173630,李某,180
173630,李某,173631,李某,180
156199,李虔,173636,李曉,180
173636,李曉,173637,李超,180
173637,李超,173638,李大師,180
173638,李大師,173639,李慶孫,180
173638,李大師,173640,李正禮,180
173638,李大師,173651,李安世,180
173637,李超,173652,李行師,180
173652,李行師,173653,李玄運,180
173652,李行師,173658,李玄乂,180
173652,李行師,173667,李玄約,180
173652,李行師,173671,李玄挺,180
173636,李曉,173680,李季遠,180
146111,李蕤,173681,李某,180
173681,李某,173682,李某,180
173682,李某,173683,李某,180
173683,李某,173684,李仁璹,180
173685,李文度,173686,李權,180
173686,李權,173687,李崇義,180
173687,李崇義,173688,李詮,180
173688,李詮,173689,李藥王,180
173689,李藥王,173690,李脩志,180
173689,李藥王,173692,李脩行,180
31313,李客師,173694,李德謇,180
31312,李靖,173695,李德獎,180
31313,李客師,173703,李嘉,180
31313,李客師,173706,李大惠,180
31313,李客師,173712,李大志,180
31311,李正明,173716,李志覽,180
31311,李正明,173718,李志貞,180
139557,李爽,173720,李餘福,180
32029,李粲,173732,李旻,180
194412,李聰,173760,李真,180
173760,李真,173761,李紹,180
173761,李紹,173762,李義深,180
173762,李義深,173763,李陶駼,180
173763,李陶駼,173764,李政藻,180
173764,李政藻,173765,李叔眘,180
173763,李陶駼,173772,李政起,180
173772,李政起,173773,李行冲,180
173772,李政起,173774,李行敦,180
173763,李陶駼,173782,李政期,180
173782,李政期,173783,李素立,180
194412,李聰,173816,李融,180
173816,李融,173817,李某,180
173817,李某,173818,李蘭集,180
173818,李蘭集,173819,李某,180
173819,李某,173820,李某,180
173820,李某,173821,李公昌,180
173824,李萬安,173825,李頊,180
173835,李續,173836,李顯達,180
173836,李顯達,173837,李遷,180
173837,李遷,173838,李孝卿,180
173838,李孝卿,173853,李忱,180
173838,李孝卿,173862,李元素,180
194408,李頤,173865,李勰,180
173865,李勰,173866,李靈,180
173866,李靈,173867,李恢,180
173867,李恢,173868,李悅祖,180
173868,李悅祖,173869,李瑾,180
173869,李瑾,173870,李子服,180
173870,李子服,173871,李伏惠,180
173871,李伏惠,173872,李世起,180
173872,李世起,173873,李承真,180
173872,李世起,173874,李挺秀,180
173869,李瑾,173875,李敬叔,180
173875,李敬叔,173876,李君昂,180
173876,李君昂,173877,李仁方,180
173877,李仁方,173878,李玄乂,180
173877,李仁方,173879,李玄本,180
173876,李君昂,173880,李仁則,180
173876,李君昂,173881,李仁表,180
173875,李敬叔,173882,李君素,180
173875,李敬叔,173883,李君節,180
173869,李瑾,173884,李子智,180
173884,李子智,173885,李孝儼,180
173885,李孝儼,173886,李文幹,180
173886,李文幹,173887,李仙務,180
173886,李文幹,173888,李仙幹,180
173867,李恢,173889,李華,180
173889,李華,173890,李敬義,180
32456,李孝端,173948,李知隱,180
173948,李知隱,173949,李慈,180
173948,李知隱,173956,李慤,180
173948,李知隱,173962,李志,180
32455,李仲通,173972,李孝徹,180
173972,李孝徹,173973,李知約,180
173973,李知約,173974,李某,180
173890,李敬義,173979,李延世,180
173979,李延世,173980,李子真,180
173980,李子真,173981,李長卿,180
173981,李長卿,173982,李玄操,180
173981,李長卿,173983,李玄乂,180
173980,李子真,173984,李喬卿,180
173979,李延世,173985,李子遠,180
173985,李子遠,173986,李君信,180
173986,李君信,173987,李素臣,180
173985,李子遠,173988,李君壽,180
173988,李君壽,173989,李思恭,180
173985,李子遠,173990,李君武,180
173990,李君武,173991,李无思,180
173990,李君武,173992,李處靜,180
173990,李君武,173993,李仙童,180
173990,李君武,173994,李思貞,180
173990,李君武,173995,李崇憲,180
173866,李靈,173996,李綜,180
173996,李綜,173997,李遵,180
173997,李遵,173998,李渾,180
173998,李渾,173999,李汪,180
173999,李汪,174000,李國寶,180
173999,李汪,174001,李世寶,180
174001,李世寶,174002,李友益,180
174002,李友益,174003,李元恭,180
174002,李友益,174004,李元休,180
174002,李友益,174005,李元甫,180
174002,李友益,174006,李元儉,180
174002,李友益,174007,李承仙,180
174001,李世寶,174008,李智積,180
174008,李智積,174009,李元嗣,180
174008,李智積,174010,李元符,180
173999,李汪,174011,李人寶,180
174011,李人寶,174012,李損之,180
174012,李損之,174013,李守禮,180
174012,李損之,174014,李依禮,180
174012,李損之,174015,李元貞,180
173997,李遵,174016,李繪,180
174016,李繪,174017,李君章,180
174017,李君章,174018,李師表,180
174018,李師表,174019,李挺立,180
174019,李挺立,174020,李承家,180
174019,李挺立,174021,李承慤,180
173997,李遵,174022,李緯,180
174022,李緯,174023,李立言,180
174023,李立言,174024,李納義,180
174024,李納義,174025,李常,180
173865,李勰,174026,李均,180
174026,李均,174027,李璨,180
174027,李璨,174028,李元茂,180
174028,李元茂,174029,李子雲,180
162495,李道宗,174031,李山壽,180
174031,李山壽,174032,李仁則,180
174031,李山壽,174033,李文尚,180
174033,李文尚,174034,李玄獎,180
174033,李文尚,174035,李玄福,180
174031,李山壽,174036,李仁贍,180
174036,李仁贍,174037,李玄祐,180
174036,李仁贍,174038,李玄恩,180
174031,李山壽,174042,李全壽,180
174042,李全壽,174043,李元楷,180
174042,李全壽,174044,李元規,180
174042,李全壽,174045,李元軌,180
174042,李全壽,174046,李元謹,180
174027,李璨,174047,李宣茂,180
174047,李宣茂,174048,李籍之,180
174048,李籍之,174049,李徹,180
153784,李純,174051,李德饒,180
174051,李德饒,174052,李高行,180
174051,李德饒,174058,李高節,180
153784,李純,174072,李德範,180
174072,李德範,174073,李弄璋,180
174072,李德範,174076,李啟期,180
174072,李德範,174077,李楚人,180
174072,李德範,174078,李啟方,180
174072,李德範,174079,李玄昶,180
153784,李純,174080,李德紹,180
174080,李德紹,174081,李延年,180
174080,李德紹,174082,李高亮,180
153784,李純,174083,李德矩,180
174083,李德矩,174084,李玄威,180
174083,李德矩,174085,李玄乂,180
174083,李德矩,174086,李玄靜,180
153784,李純,174087,李德旻,180
174049,李徹,174114,李公緒,180
174114,李公緒,174115,李少連,180
174115,李少連,174116,李守冲,180
174115,李少連,174117,李守玄,180
174115,李少連,174118,李守忱,180
174115,李少連,174120,李守素,180
174115,李少連,174125,李延祖,180
174048,李籍之,174128,李逖,180
174128,李逖,174129,李賢,180
174128,李逖,174130,李莊生,180
174048,李籍之,174131,李㮣,180
174131,李㮣,174132,李山圖,180
174047,李宣茂,174133,李志之,180
174133,李志之,174134,李璡,180
174134,李璡,174135,李公節,180
174135,李公節,174136,李行詡,180
174136,李行詡,174137,李元慶,180
174135,李公節,174138,李行禮,180
174135,李公節,174139,李行純,180
174135,李公節,174140,李行指,180
174133,李志之,174141,李季璵,180
174133,李志之,174142,李季略,180
174047,李宣茂,174143,李粹之,180
174143,李粹之,174144,李士高,180
174144,李士高,174145,李公俊,180
174145,李公俊,174146,李輔仁,180
174144,李士高,174147,李公嗣,180
174147,李公嗣,174148,李輔義,180
174147,李公嗣,174149,李輔智,180
174143,李粹之,174150,李士儀,180
174143,李粹之,174151,李士章,180
174143,李粹之,174152,李士政,180
174143,李粹之,174153,李士達,180
174027,李璨,174154,李叔胤,180
146120,李弼,174155,李士瑜,180
174155,李士瑜,174156,李孝慈,180
174156,李孝慈,174157,李德源,180
174157,李德源,174158,李儀王,180
174157,李德源,174159,李儀道,180
174156,李孝慈,174160,李德逸,180
146120,李弼,174161,李士璜,180
146120,李弼,174162,李士瓘,180
174162,李士瓘,174163,李祖忽,180
174162,李士瓘,174164,李仲忽,180
174164,李仲忽,174165,李師信,180
174165,李師信,174166,李神景,180
174165,李師信,174173,李神懿,180
174154,李叔胤,174174,李翼,180
174174,李翼,174175,李幼達,180
174175,李幼達,174176,李積善,180
174176,李積善,174177,李玄恭,180
174175,李幼達,174178,李昭善,180
174175,李幼達,174179,李萬善,180
174027,李璨,174180,李仲胤,180
174180,李仲胤,174181,李敦,180
174181,李敦,174182,李述,180
174182,李述,174183,李善慶,180
174183,李善慶,174184,李行充,180
174183,李善慶,174185,李全節,180
174185,李全節,174186,李奉兌,180
174182,李述,174187,李仁元,180
174182,李述,174188,李善昌,180
174188,李善昌,174189,李玄紀,180
174188,李善昌,174190,李玄明,180
174181,李敦,174191,李固,180
174191,李固,174192,李多能,180
174192,李多能,174193,李客師,180
174192,李多能,174194,李某,180
174194,李某,174195,李湛然,180
194408,李頤,174196,李系,180
164060,李順,174198,李式,180
146112,李憲,174199,李希遠,180
145764,李祖牧,174200,李君榮,180
174200,李君榮,174201,李胤卿,180
145764,李祖牧,174202,李君明,180
145764,李祖牧,174203,李君弘,180
174203,李君弘,174204,李師大,180
174204,李師大,174205,李齊彥,180
174203,李君弘,174206,李師稚,180
174206,李師稚,174207,李玄素,180
174203,李君弘,174210,李師仲,180
174203,李君弘,174211,李閑善,180
174203,李君弘,174212,李收善,180
174203,李君弘,174213,李惠善,180
145764,李祖牧,174214,李君亮,180
145764,李祖牧,174215,李君華,180
174215,李君華,174216,李玄度,180
174215,李君華,174217,李光悅,180
174217,李光悅,174218,李子游,180
174217,李光悅,174219,李子貢,180
174217,李光悅,174220,李子哲,180
174215,李君華,174221,李嘉璧,180
174221,李嘉璧,174222,李濞,180
174221,李嘉璧,174223,李滋,180
174215,李君華,174224,李玄惲,180
145764,李祖牧,174225,李稚昌,180
145764,李祖牧,174226,李君盛,180
145764,李祖牧,174227,李君褒,180
146168,李希宗,174228,李祖昇,180
174228,李祖昇,174229,李德璉,180
174229,李德璉,174230,李師旦,180
174229,李德璉,174231,李師素,180
174229,李德璉,174232,李師喬,180
174229,李德璉,174233,李師蘭,180
146168,李希宗,174260,李祖勳,180
174260,李祖勳,174261,李德璋,180
174261,李德璋,174262,李知仁,180
146168,李希宗,174264,李祖訥,180
174264,李祖訥,174265,李德瑞,180
174265,李德瑞,174266,李胡摩,180
174265,李德瑞,174267,李正節,180
174265,李德瑞,174268,李正度,180
174265,李德瑞,174269,李正美,180
174265,李德瑞,174270,李正禮,180
174264,李祖訥,174271,李德?,180
174264,李祖訥,174272,李德珽,180
174272,李德珽,174273,李政感,180
146168,李希宗,174276,李祖揖,180
174276,李祖揖,174277,李德珪,180
174277,李德珪,174278,李行敏,180
174277,李德珪,174279,李行矩,180
151746,李祖欽,174298,李德琰,180
174298,李德琰,174299,李文範,180
174298,李德琰,174300,李文則,180
151746,李祖欽,174315,李德瑋,180
151746,李祖欽,174324,李德瑛,180
174324,李德瑛,174325,李表慶,180
164060,李順,174328,李弈,180
174328,李弈,174329,李慶業,180
174329,李慶業,174330,李祖稱,180
174330,李祖稱,174331,李孝深,180
150882,李善願,174335,李彥之,180
151688,李元卿,174338,李大倫,180
174338,李大倫,174339,李承嗣,180
151688,李元卿,174369,李大儼,180
151688,李元卿,174370,李大衍,180
174370,李大衍,174371,李惠登,180
151688,李元卿,174378,李處惠,180
32754,李仲卿,174380,李文琬,180
32754,李仲卿,174381,李文立,180
174381,李文立,174382,李公曾,180
32754,李仲卿,174383,李文正,180
174383,李文正,174384,李思過,180
174383,李文正,174389,李慎,180
32754,李仲卿,174481,李文乂,180
32754,李仲卿,174482,李文友,180
174482,李文友,174483,李守仁,180
32158,李孝貞,174498,李賓王,180
32158,李孝貞,174499,李遵王,180
32158,李孝貞,174500,李讓王,180
32158,李孝貞,174501,李師王,180
152234,李允王,174592,李崇業,180
31572,李孝基,174667,李東王,180
174667,李東王,174668,李守文,180
174667,李東王,174676,李守節,180
145761,李希禮,174677,李孝俊,180
174677,李孝俊,174678,李壽王,180
174678,李壽王,174679,李翁父,180
174678,李壽王,174680,李翁孫,180
174678,李壽王,174681,李翁叔,180
174677,李孝俊,174682,李勤王,180
174682,李勤王,174683,李世徵,180
174677,李孝俊,174700,李覲王,180
174700,李覲王,174701,李休徵,180
174677,李孝俊,174709,李贊王,180
174709,李贊王,174710,李處約,180
174709,李贊王,174711,李處秘,180
174709,李贊王,174712,李處義,180
174709,李贊王,174715,李處恭,180
174709,李贊王,174728,李有意,180
32157,李孝威,174743,李大真,180
174743,李大真,174744,李構,180
174743,李大真,174751,李承訓,180
174743,李大真,174752,李恪,180
174743,李大真,174753,李某,180
32157,李孝威,174775,李太初,180
174775,李太初,174776,李宣道,180
174775,李太初,174787,李宣德,180
32159,李太冲,174793,李固,180
32159,李太冲,174798,李隆業,180
32159,李太冲,174811,李延業,180
32159,李太冲,174814,李昭業,180
32159,李太冲,174815,李宣業,180
32159,李太冲,174819,李知業,180
32159,李太冲,174820,李慶業,180
32159,李太冲,174829,李紹先,180
32159,李太冲,174834,李敬業,180
151148,李素王,174841,李仁亮,180
151148,李素王,174866,李仁濟,180
151148,李素王,174952,李仁彊,180
174196,李系,174991,李脩基,180
174991,李脩基,174992,李羨策,180
174992,李羨策,174993,李鴻鸞,180
174993,李鴻鸞,174994,李士永,180
174994,李士永,174995,李希寔,180
174995,李希寔,174996,李孝通,180
174996,李孝通,174997,李那舍,180
174996,李孝通,175001,李善意,180
174996,李孝通,175002,李善守,180
174996,李孝通,175003,李君威,180
174996,李孝通,175004,李君協,180
174996,李孝通,175005,李君遵,180
174996,李孝通,175006,李慈師,180
174994,李士永,175007,李希傑,180
175007,李希傑,175008,李仲德,180
174994,李士永,175009,李希彥,180
175009,李希彥,175010,李道常,180
175010,李道常,175011,李公瑜,180
175010,李道常,175013,李君淑,180
175009,李希彥,175014,李德珪,180
175009,李希彥,175015,李義珪,180
175009,李希彥,175016,李信璋,180
174994,李士永,175017,李希猷,180
175017,李希猷,175018,李元素,180
175018,李元素,175019,李孝德,180
174993,李鴻鸞,175020,李士安,180
174993,李鴻鸞,175021,李士儁,180
174993,李鴻鸞,175022,李叔綦,180
175022,李叔綦,175023,李希文,180
175018,李元素,175024,李仲貞,180
175018,李元素,175025,李觀達,180
175018,李元素,175026,李仲質,180
175018,李元素,175028,李季確,180
174991,李脩基,175030,李研,180
175030,李研,175031,李元則,180
175031,李元則,175032,李文殊,180
175032,李文殊,175033,李德潤,180
175033,李德潤,175034,李彥雲,180
175034,李彥雲,175035,李守順,180
175034,李彥雲,175036,李守行,180
175031,李元則,175037,李孝叡,180
175037,李孝叡,175038,李德延,180
175038,李德延,175039,李治端,180
175039,李治端,175040,李玄徽,180
175039,李治端,175041,李玄恪,180
175039,李治端,175042,李玄朗,180
175039,李治端,175043,李玄肅,180
175038,李德延,175044,李治高,180
175037,李孝叡,175045,李德義,180
175045,李德義,175046,李鏡,180
175045,李德義,175047,李素民,180
194408,李頤,175048,李曾,180
175048,李曾,175049,李祥,180
175049,李祥,175050,李安世,180
175050,李安世,175051,李瑒,180
175051,李瑒,175052,李撝,180
175052,李撝,175053,李君正,180
175053,李君正,175054,李志道,180
175054,李志道,175055,李思仁,180
175052,李撝,175056,李君偉,180
175056,李君偉,175057,李陳師,180
175057,李陳師,175058,李思禮,180
175052,李撝,175059,李君游,180
175048,李曾,175060,李孝伯,180
175060,李孝伯,175061,李豹子,180
175061,李豹子,175062,李叔讓,180
175062,李叔讓,175063,李孝緒,180
175063,李孝緒,175064,李延壽,180
175064,李延壽,175065,李璣衡,180
175065,李璣衡,175066,李仁潁,180
175065,李璣衡,175108,李仁軌,180
175065,李璣衡,175109,李仁則,180
175062,李叔讓,175115,李孝約,180
175115,李孝約,175116,李子行,180
175116,李子行,175117,李玫,180
175117,李玫,175118,李師本,180
175062,李叔讓,175119,李孝純,180
175119,李孝純,175120,李子廉,180
175120,李子廉,175121,李瓌,180
175121,李瓌,175122,李師幹,180
194407,李勁,175133,李盛,180
175133,李盛,175134,李纘,180
175134,李纘,175135,李延,180
175135,李延,175136,李建,180
175136,李建,175137,李某,180
175137,李某,175138,李某,180
175138,李某,175139,李某,180
175135,李延,175147,李連,180
175138,李某,175148,李搏,180
175135,李延,175159,李龜,180
175159,李龜,175160,李鳳林,180
175160,李鳳林,175161,李裔,180
149292,李子雄,175163,李公宏,180
149293,李公挺,175165,李世辯,180
149293,李公挺,175166,李緯,180
175159,李龜,175167,李秀林,180
175167,李秀林,175168,李伯茂,180
175168,李伯茂,175169,李某,180
175169,李某,175170,李某,180
175170,李某,175171,李某,180
175134,李纘,175177,李休,180
175177,李休,175178,李詵,180
175178,李詵,175179,李某,180
175179,李某,175180,李某,180
175180,李某,175181,李某,180
175133,李盛,175183,李襲,180
175183,李襲,175184,李閣,180
175184,李閣,175185,李傑,180
175185,李傑,175186,李某,180
175186,李某,175187,李某,180
175187,李某,175188,李某,180
175184,李閣,175198,李侔,180
175198,李侔,175199,李某,180
175199,李某,175200,李恃顯,180
175199,李某,175201,李恃和,180
175201,李恃和,175202,李某,180
194407,李勁,175206,李隆,180
175206,李隆,175207,李謀,180
175207,李謀,175208,李昞,180
175208,李昞,175209,李伯膺,180
175207,李謀,175230,李某,180
175230,李某,175231,李元稱,180
175231,李元稱,175232,李某,180
175232,李某,175233,李孝恭,180
175233,李孝恭,175234,李懷柔,180
175234,李懷柔,175235,李祖威,180
175233,李孝恭,175238,李懷宗,180
175238,李懷宗,175239,李君逸,180
192791,李某,175259,李根,180
175259,李根,175260,李宣,180
175260,李宣,175261,李貴,180
175261,李貴,175262,李永,180
175262,李永,175263,李弼,180
175263,李弼,175264,李耀,180
30886,李密,175267,李知古,180
161865,李寬,175268,李匡民,180
175264,李耀,175269,李偉,180
175269,李偉,175270,李檀,180
175263,李弼,175276,李暉,180
175263,李弼,175277,李安,180
175263,李弼,175278,李衍,180
175278,李衍,175279,李仲威,180
175278,李衍,175280,李某,180
175278,李衍,175290,李仲文,180
175278,李衍,175291,李仲武,180
175278,李衍,175292,李義方,180
175278,李衍,175294,李仲賢,180
175263,李弼,175295,李綸,180
175295,李綸,175296,李長,180
175295,李綸,175297,李稚,180
175295,李綸,175298,李某,180
175298,李某,175299,李某,180
175263,李弼,175303,李晏,180
163286,李椿,175305,李某,180
175305,李某,175306,李某,180
145768,李敬族,175331,李德林,180
154136,王弘讓,175351,王方士,180
154136,王弘讓,175354,王方則,180
154143,王鼒,175393,王弘直,180
175393,王弘直,175394,王緘,180
175393,王弘直,175442,王續,180
175393,王弘直,175448,王繢,180
175393,王弘直,175451,王綝,180
175393,王弘直,175638,王緄,180
175643,王弘仁,175644,王方誕,180
175643,王弘仁,175645,王方寔,180
175646,王弘義,175647,王方諝,180
175647,王方諝,175648,王眘,180
152941,王弘訓,175650,王方茂,180
175660,王弘藝,175661,王方壽,180
175662,王猛,175663,王繕,180
175662,王猛,175664,王纊,180
153383,王德素,175676,王鼎,180
153383,王德素,175678,王瑜,180
153383,王德素,175679,王瑤,180
152187,王續,175680,王德本,180
175680,王德本,175681,王撝,180
175838,王神念,175698,王遵業,180
175698,王遵業,175699,王長明,180
175698,王遵業,175700,王松年,180
175700,王松年,175701,王邵,180
175701,王邵,175702,王孝京,180
175702,王孝京,175743,王子真,180
175701,王邵,175744,王孝柔,180
175700,王松年,175745,王規,180
175745,王規,175746,王大觀,180
175746,王大觀,175747,王同人,180
175745,王規,175757,王元方,180
175757,王元方,175758,王約,180
175700,王松年,175761,王柬,180
155127,王廣業,175763,王野父,180
151070,王君儒,175765,王孝幹,180
175765,王孝幹,175766,王康壽,180
175765,王孝幹,175770,王玄壽,180
175765,王孝幹,175771,王乾壽,180
175765,王孝幹,175772,王神壽,180
151070,王君儒,175773,王孝倫,180
151071,王孝遠,175777,王嶷,180
175763,王野父,175778,王友札,180
175778,王友札,175779,王玄道,180
175778,王友札,175780,王元鼎,180
175778,王友札,175781,王世鼎,180
175778,王友札,175793,王大鼎,180
175778,王友札,175797,王神鼎,180
175763,王野父,175801,王師丘,180
155127,王廣業,175811,王季貞,180
164582,王珌,175842,王閔,180
33013,王珪,175861,王敬直,180
164581,王僧辯,175862,王頍,180
175862,王頍,175863,王遵,180
175863,王遵,175864,王某,180
175838,王神念,175866,王僧修,180
175866,王僧修,175867,王景孝,180
175867,王景孝,175868,王詮,180
175883,王某,175884,王某,180
175884,王某,175885,王某,180
175885,王某,175886,王某,180
175886,王某,175887,王元政,180
175896,王叡,175897,王襲,180
175897,王襲,175898,王忻,180
175898,王忻,175906,王真,180
175906,王真,175907,王怡,180
175927,王羆,175928,王慶遠,180
175928,王慶遠,175929,王述,180
175929,王述,175930,王某,180
175927,王羆,175937,王明遠,180
175937,王明遠,175938,王壽,180
175938,王壽,175939,王喆,180
32336,王直,175961,王某,180
175961,王某,175962,王某,180
32340,王長諧,175975,王德玄,180
176004,魏彥,176005,魏釗,180
176005,魏釗,176006,魏伯胤,180
176005,魏釗,176007,魏長賢,180
176005,魏釗,176025,魏德振,180
196269,温裕,176039,温君攸,180
150721,溫大雅,176041,温無隱,180
176041,温無隱,176042,温克讓,180
176041,温無隱,176043,温克明,180
150721,溫大雅,176044,温釋胤,180
176039,温君攸,176048,温彥博,180
176048,温彥博,176049,溫振,180
176049,溫振,176050,温翁歸,180
176049,溫振,176064,温翁念,180
176049,溫振,176065,温翁愛,180
176048,温彥博,176066,温挺,180
176066,温挺,176067,温常節,180
176039,温君攸,176071,温彥將,180
176071,温彥將,176072,温瓚,180
176072,温瓚,176073,温焯,180
176072,温瓚,176074,温煒,180
176072,温瓚,176075,温炫,180
176071,温彥將,176076,温瑜,180
176071,温彥將,176077,温瑾,180
176071,温彥將,176078,温璩,180
176078,温璩,176079,温延賞,180
176078,温璩,176080,温慎微,180
176078,温璩,176081,温道冲,180
176087,戴景珍,176088,戴冑,180
176087,戴景珍,176089,戴仲孫,180
176092,侯植,176093,侯某,180
176093,侯某,176094,侯君集,180
176141,張穆之,176142,張弘籍,180
176142,張弘籍,176143,張纘,180
176143,張纘,176144,張某,180
176147,張安之,176148,張弘策,180
176148,張弘策,176149,張紑,180
194471,張俊,176158,張弋,180
176158,張弋,176159,張洛,180
12369,張君政,176594,張子卿,180
12369,張君政,176602,張子冲,180
12369,張君政,176616,張子猷,180
33091,張冲,176629,張後胤,180
176629,張後胤,176630,張震,180
176629,張後胤,176631,張濟,180
176629,張後胤,176632,張謙,180
176629,張後胤,176633,張巽,180
176629,張後胤,176644,張小師,180
176629,張後胤,176647,張統師,180
176629,張後胤,176648,張豐仁,180
176629,張後胤,176649,張彥師,180
176629,張後胤,176650,張瑾,180
176629,張後胤,176652,張道師,180
176653,張彝,176654,張始均,180
176654,張始均,176655,張晏之,180
12404,張虔威,176657,張某,180
12404,張虔威,176663,張文璹,180
12405,張虔雄,176665,張文禧,180
12406,張文瓘,176672,張漪,180
12406,張文瓘,176673,張潛,180
12406,張文瓘,176676,張沛,180
12406,張文瓘,176678,張洽,180
12406,張文瓘,176684,張涉,180
12406,張文瓘,176687,張冲,180
194464,張照,176697,張惠寶,180
194464,張照,176698,張惠瑤,180
176698,張惠瑤,176699,張祖政,180
176699,張祖政,176700,張晤,180
176698,張惠瑤,176701,張祖令,180
176701,張祖令,176702,張處冲,180
176701,張祖令,176703,張處訥,180
176701,張祖令,176704,張處珣,180
194464,張照,176705,張惠珍,180
176705,張惠珍,176706,張某,180
176706,張某,176707,張約,180
176706,張某,176708,張通,180
31224,張行鈞,176748,張希臧,180
31224,張行鈞,176754,張魯客,180
31225,張行成,176756,張洛客,180
31225,張行成,176759,張梁客,180
176827,褚法顯,176828,褚炫,180
176828,褚炫,176829,褚漢,180
176829,褚漢,176830,褚象,180
176830,褚象,176831,褚玠,180
30938,褚遂良,176854,褚彥季,180
30936,褚亮,176856,褚遂功,180
30936,褚亮,176857,褚逢年,180
176860,崔蔚,176861,崔暹,180
176861,崔暹,176862,崔瓚,180
176862,崔瓚,176863,崔茂,180
176862,崔瓚,176864,崔某,180
176864,崔某,176865,崔某,180
176861,崔暹,176868,崔慶賓,180
176868,崔慶賓,176869,崔某,180
176869,崔某,176870,崔某,180
176860,崔蔚,176875,崔幼,180
176875,崔幼,176876,崔彥珍,180
176876,崔彥珍,176877,崔某,180
176877,崔某,176878,崔某,180
176875,崔幼,176883,崔景茂,180
176883,崔景茂,176884,崔士憲,180
176884,崔士憲,176885,崔某,180
176875,崔幼,176889,崔彥璋,180
176889,崔彥璋,176890,崔某,180
150265,崔彥穆,176893,崔君綽,180
150266,崔君肅,176895,崔思默,180
152868,崔君宙,176903,崔思敬,180
176903,崔思敬,176904,崔某,180
150265,崔彥穆,176908,崔君贍,180
176875,崔幼,176909,崔彥昇,180
176912,崔彧,176913,崔某,180
176913,崔某,176914,崔子今,180
31358,崔君實,176931,崔縣解,180
31358,崔君實,177036,崔縣象,180
31358,崔君實,177040,崔縣黎,180
177042,崔遵,177043,崔撫,180
177043,崔撫,177044,崔羣,180
177044,崔羣,177045,崔稜,180
177045,崔稜,177046,崔君摸,180
177046,崔君摸,177047,崔文舉,180
177045,崔稜,177049,崔君操,180
177049,崔君操,177050,崔文仲,180
155651,崔休,177074,崔㥄,180
177074,崔㥄,177075,崔瞻,180
177075,崔瞻,177076,崔龍藏,180
177075,崔瞻,177080,崔智藏,180
155651,崔休,177086,崔仲文,180
177086,崔仲文,177087,崔{亻鹿},180
158254,崔世濟,177089,崔元譽,180
158254,崔世濟,177090,崔元敬,180
158254,崔世濟,177097,崔元祚,180
158254,崔世濟,177098,崔元德,180
177087,崔{亻鹿},177118,崔載,180
177087,崔{亻鹿},177122,崔虔,180
155651,崔休,177136,崔叔仁,180
177136,崔叔仁,177137,崔挺,180
177137,崔挺,177138,崔某,180
177138,崔某,177139,崔某,180
177136,崔叔仁,177148,崔彥武,180
177148,崔彥武,177149,崔正辨,180
177149,崔正辨,177150,崔玄靜,180
155651,崔休,177165,崔子侃,180
177165,崔子侃,177166,崔某,180
177166,崔某,177167,崔某,180
155651,崔休,177169,崔子聿,180
177169,崔子聿,177170,崔求言,180
177170,崔求言,177171,崔同,180
177169,崔子聿,177172,崔張蒼,180
177172,崔張蒼,177173,崔某,180
194400,崔長謙,177182,崔子令,180
177182,崔子令,177183,崔世瑛,180
177182,崔子令,177184,崔某,180
177184,崔某,177185,崔某,180
177185,崔某,177186,崔奉節,180
177185,崔某,177187,崔奉孝,180
32633,崔大質,177302,崔玄機,180
177302,崔玄機,177303,崔循禮,180
32633,崔大質,177305,崔玄泰,180
177305,崔玄泰,177306,崔行溫,180
177305,崔玄泰,177338,崔行堅,180
177305,崔玄泰,177342,崔行集,180
177343,崔脩之,177344,崔元孫,180
177344,崔元孫,177345,崔亮,180
177345,崔亮,177346,崔士泰,180
177346,崔士泰,177347,崔肇師,180
177347,崔肇師,177348,崔某,180
177348,崔某,177349,崔道淹,180
177349,崔道淹,177350,崔方騫,180
177344,崔元孫,177354,崔敬默,180
177354,崔敬默,177355,崔思韶,180
177355,崔思韶,177356,崔某,180
177356,崔某,177357,崔子布,180
177357,崔子布,177358,崔某,180
177358,崔某,177359,崔某,180
177356,崔某,177363,崔子治,180
177363,崔子治,177364,崔弘道,180
177356,崔某,177365,崔子叶,180
177365,崔子叶,177366,崔某,180
177366,崔某,177367,崔某,180
177343,崔脩之,177375,崔幼孫,180
177375,崔幼孫,177376,崔光伯,180
177376,崔光伯,177377,崔淊,180
177377,崔淊,177378,崔某,180
177378,崔某,177379,崔信明,180
177379,崔信明,177380,崔冬日,180
177381,崔目連,177382,崔僧淵,180
177382,崔僧淵,177383,崔某,180
177383,崔某,177384,崔某,180
177383,崔某,177396,崔敬素,180
31955,崔仁師,177399,崔揣,180
31955,崔仁師,177416,崔攝,180
31954,崔昂,177424,崔仁術,180
177424,崔仁術,177425,崔晃,180
194399,崔標,177445,崔當,180
177445,崔當,177446,崔伯謙,180
177446,崔伯謙,177447,崔淵,180
177447,崔淵,177448,崔綜,180
177448,崔綜,177449,崔慎,180
177448,崔綜,177491,崔行簡,180
177491,崔行簡,177492,崔旭,180
154187,崔行功,177496,崔旻,180
163413,崔世立,177498,崔固儉,180
163412,崔觖,177520,崔琬,180
177520,崔琬,177521,崔載,180
177520,崔琬,177522,崔某,180
177522,崔某,177523,崔某,180
163412,崔觖,177527,崔仁,180
177527,崔仁,177528,崔某,180
177528,崔某,177529,崔坦,180
178022,崔天護,177530,崔融,180
177530,崔融,177531,崔鴻翻,180
177531,崔鴻翻,177532,崔祖仁,180
177532,崔祖仁,177533,崔某,180
177531,崔鴻翻,177536,崔祖俠,180
177536,崔祖俠,177537,崔待詔,180
177530,崔融,177549,崔鳳舉,180
177549,崔鳳舉,177550,崔某,180
177550,崔某,177551,崔某,180
177551,崔某,177552,崔某,180
178022,崔天護,177556,崔約,180
177556,崔約,177557,崔某,180
177557,崔某,177558,崔某,180
177558,崔某,177559,崔智辨,180
155671,于寔,177561,于顗,180
177561,于顗,177562,于世虔,180
177561,于顗,177564,于哲,180
31488,于欽明,177567,于敏同,180
31488,于欽明,177569,于敏直,180
155671,于寔,177571,于惲,180
177571,于惲,177572,于某,180
155671,于寔,177574,于象賢,180
177574,于象賢,177575,于德基,180
177574,于象賢,177577,于德威,180
31491,于汪,177580,于公冑,180
31491,于汪,177583,于庭順,180
31491,于汪,177584,于庭誨,180
31491,于汪,177596,于敻,180
31491,于汪,177628,于可封,180
177574,于象賢,177631,于德行,180
177574,于象賢,177634,于德方,180
155666,于謹,177635,于翼,180
177635,于翼,177636,于璽,180
177636,于璽,177637,于志本,180
177636,于璽,177638,于某,180
177638,于某,177639,于元嗣,180
177635,于翼,177640,于詮,180
177640,于詮,177641,于某,180
177641,于某,177642,于某,180
33081,于筠,177645,于某,180
177645,于某,177646,于玄英,180
154187,崔行功,177677,崔昱,180
154187,崔行功,177680,崔晷,180
154187,崔行功,177684,崔晃,180
154187,崔行功,177687,崔暈,180
154187,崔行功,177689,崔晨,180
154187,崔行功,177692,崔昊,180
177448,崔綜,177693,崔行真,180
177693,崔行真,177694,崔曇,180
177693,崔行真,177695,崔量,180
177445,崔當,177696,崔仲讓,180
177696,崔仲讓,177697,崔某,180
177697,崔某,177698,崔鳳林,180
177698,崔鳳林,177699,崔從俗,180
177699,崔從俗,177700,崔無詭,180
177699,崔從俗,177703,崔無畏,180
177699,崔從俗,177704,崔無詖,180
31947,崔鳳舉,177706,崔從令,180
177706,崔從令,177707,崔無諍,180
177445,崔當,177709,崔叔仁,180
177709,崔叔仁,177710,崔某,180
177710,崔某,177711,崔元嗣,180
139057,崔泰,177714,崔行範,180
139057,崔泰,177719,崔行則,180
147251,崔長瑜,177724,崔子信,180
177724,崔子信,177725,崔某,180
177725,崔某,177726,崔義起,180
147250,崔仲哲,177727,崔仲琰,180
32107,崔君昇,177767,崔道洽,180
177772,崔書,177773,崔仲業,180
177773,崔仲業,177774,崔某,180
177772,崔書,177781,崔叔業,180
177781,崔叔業,177782,崔某,180
195414,崔辯,177785,崔楷,180
177785,崔楷,177786,崔士元,180
177786,崔士元,177787,崔育王,180
177787,崔育王,177788,崔蔚,180
177786,崔士元,177789,崔勵德,180
177789,崔勵德,177790,崔某,180
177790,崔某,177791,崔某,180
177785,崔楷,177800,崔士謙,180
154507,崔曠,177802,崔丕,180
154508,崔順,177804,崔某,180
149496,崔弈,177809,崔大起,180
149496,崔弈,177810,崔萬石,180
32288,崔確,177852,崔固本,180
32686,崔彭,177866,崔知機,180
177866,崔知機,177867,崔仲恭,180
177800,崔士謙,177868,崔曄,180
177868,崔曄,177869,崔某,180
177869,崔某,177870,崔某,180
177785,崔楷,177875,崔說,180
32211,崔弘度,177877,崔奉賢,180
32284,崔處仁,177885,崔某,180
32214,崔儼,177890,崔暄,180
32214,崔儼,177900,崔璥,180
153042,崔萬善,177903,崔文憲,180
153042,崔萬善,177907,崔文宣,180
153042,崔萬善,177911,崔文操,180
177875,崔說,177915,崔弘正,180
177875,崔說,177916,崔弘舟,180
177916,崔弘舟,177917,崔璡,180
177785,崔楷,177918,崔士順,180
177918,崔士順,177919,崔某,180
177919,崔某,177920,崔某,180
177920,崔某,177921,崔文緒,180
177926,崔挺,177927,崔孝芬,180
177927,崔孝芬,177928,崔勉,180
177928,崔勉,177929,崔龍子,180
177927,崔孝芬,177930,崔猷,180
146086,崔仲方,177931,崔曉,180
165637,崔燾,177933,崔安上,180
165637,崔燾,177940,崔元瑒,180
165637,崔燾,177947,崔績,180
165637,崔燾,177948,崔輔,180
146086,崔仲方,177949,崔令,180
177930,崔猷,177969,崔叔重,180
177969,崔叔重,177970,崔某,180
177970,崔某,177971,崔某,180
177927,崔孝芬,177973,崔宣度,180
31271,崔公業,177985,崔輪王,180
177985,崔輪王,177986,崔某,180
177927,崔孝芬,177991,崔宣軌,180
177927,崔孝芬,177992,崔宣質,180
177927,崔孝芬,177993,崔宣靜,180
177927,崔孝芬,177994,崔宣略,180
177927,崔孝芬,177995,崔長昇,180
177926,崔挺,177996,崔孝暐,180
145923,崔昂,177997,崔謀,180
150762,崔德厚,177999,崔恂,180
145923,崔昂,178004,崔液,180
32395,崔曇首,178006,崔謐,180
145923,崔昂,178015,崔洽,180
178015,崔洽,178016,崔治,180
178022,崔天護,178023,崔穆,180
178023,崔穆,178024,崔謀開,180
178023,崔穆,178025,崔暹,180
178025,崔暹,178026,崔達挐,180
178022,崔天護,178027,崔纂,180
163412,崔觖,178029,崔誠,180
152542,崔儀表,178031,崔敬嗣,180
178029,崔誠,178052,崔行表,180
178052,崔行表,178053,崔某,180
163681,于保寧,178075,于承慶,180
194424,柳僧習,178079,柳鷟,180
31767,柳祚,178082,柳震,180
31767,柳祚,178095,柳幹,180
151370,柳帶韋,178101,柳續,180
149196,柳機,178104,柳述,180
149197,柳逖,178106,柳胤,180
149197,柳逖,178113,柳莽,180
149196,柳機,178114,柳逵,180
149196,柳機,178115,柳逞,180
31784,柳燮,178118,柳子房,180
31784,柳燮,178119,柳子寶,180
31787,柳楷,178131,柳融,180
31787,柳楷,178135,柳子敬,180
178135,柳子敬,178136,柳約,180
178135,柳子敬,178137,柳繹,180
31787,柳楷,178141,柳某,180
31783,柳旦,178155,柳亨,180
178155,柳亨,178156,柳吉,180
178155,柳亨,178160,柳子貢,180
149195,柳慶,178163,柳肅,180
178163,柳肅,178164,柳大隱,180
194424,柳僧習,178165,柳虬,180
178165,柳虬,178166,柳鴻漸,180
178166,柳鴻漸,178167,柳某,180
178167,柳某,178168,柳某,180
178165,柳虬,178171,柳蔡年,180
178171,柳蔡年,178172,柳謇之,180
178172,柳謇之,178173,柳威明,180
178172,柳謇之,178174,柳慈明,180
178172,柳謇之,178181,柳然明,180
178171,柳蔡年,178182,柳諤之,180
178182,柳諤之,178183,柳保隆,180
178171,柳蔡年,178184,柳潁之,180
178184,柳潁之,178185,柳某,180
178171,柳蔡年,178188,柳挺之,180
178165,柳虬,178189,柳止戈,180
178189,柳止戈,178190,柳艮,180
178190,柳艮,178191,柳寔,180
178165,柳虬,178200,柳待价,180
178200,柳待价,178201,柳某,180
194424,柳僧習,178211,柳檜,180
178211,柳檜,178212,柳雄亮,180
178212,柳雄亮,178213,柳贊,180
178213,柳贊,178214,柳某,180
194427,柳卓,178259,柳輔,180
178259,柳輔,178260,柳平,180
178260,柳平,178261,柳某,180
178261,柳某,178262,柳敬起,180
178262,柳敬起,178263,柳昶,180
178263,柳昶,178264,柳某,180
178264,柳某,178265,柳詵,180
178262,柳敬起,178270,柳粹,180
178270,柳粹,178271,柳某,180
178271,柳某,178272,柳某,180
194427,柳卓,178277,柳恬,180
178277,柳恬,178278,柳憑,180
178278,柳憑,178279,柳叔宗,180
178279,柳叔宗,178280,柳世隆,180
147589,柳惔,178282,柳昞,180
178282,柳昞,178283,柳裘,180
178283,柳裘,178284,柳某,180
178278,柳憑,178300,柳叔珍,180
178300,柳叔珍,178301,柳慶遠,180
162336,柳玄,178305,柳某,180
146569,柳彧,178308,柳紹,180
178300,柳叔珍,178313,柳季遠,180
178313,柳季遠,178314,柳遐,180
194427,柳卓,178326,柳傑,180
178326,柳傑,178327,柳某,180
178327,柳某,178328,柳雙虬,180
178328,柳雙虬,178329,柳元章,180
178329,柳元章,178330,柳景賓,180
178330,柳景賓,178331,柳某,180
178331,柳某,178332,柳某,180
178329,柳元章,178335,柳景鴻,180
178335,柳景鴻,178336,柳儉,180
178328,柳雙虬,178337,柳仲仁,180
178337,柳仲仁,178338,柳某,180
178338,柳某,178339,柳某,180
178339,柳某,178340,柳某,180
178328,柳雙虬,178344,柳季和,180
178344,柳季和,178345,柳贊,180
194427,柳卓,178346,柳奮,180
178346,柳奮,178347,柳某,180
178347,柳某,178348,柳某,180
178348,柳某,178349,柳某,180
178349,柳某,178350,柳某,180
178350,柳某,178351,柳某,180
178351,柳某,178352,柳貞望,180
178353,韓褒,178354,韓紹,180
178353,韓褒,178355,韓仲良,180
178355,韓仲良,178356,韓某,180
178356,韓某,178357,韓某,180
178355,韓仲良,178362,韓瑗,180
178353,韓褒,178376,韓遜,180
178353,韓褒,178377,韓滂,180
178377,韓滂,178378,韓同慶,180
178400,韓胄,178401,韓護,180
178572,來崱,178573,來繪,180
178573,來繪,178574,來護兒,180
18636,許敬宗,178589,許昱,180
18636,許敬宗,178590,許昪,180
18636,許敬宗,178591,許果,180
18636,許敬宗,178592,許景,180
178593,許弘周,178594,許法光,180
178594,許法光,178595,許紹,180
178595,許紹,178596,許善,180
178595,許紹,178618,許伯裔,180
178595,許紹,178619,許智仁,180
178595,許紹,178620,許圉師,180
178626,辛某,178627,辛顏,180
178627,辛顏,178628,辛猷,180
196357,辛某,178629,辛巨明,180
178629,辛巨明,178630,辛顯宗,180
178630,辛顯宗,178631,辛元忠,180
178631,辛元忠,178632,辛迪,180
178632,辛迪,178633,辛德本,180
178630,辛顯宗,178634,辛慶之,180
178634,辛慶之,178635,辛加陵,180
178634,辛慶之,178636,辛某,180
178636,辛某,178637,辛某,180
178637,辛某,178638,辛道源,180
178630,辛顯宗,178640,辛珍之,180
178640,辛珍之,178641,辛慤,180
178641,辛慤,178642,辛某,180
178642,辛某,178643,辛文粲,180
178630,辛顯宗,178644,辛豁,180
178644,辛豁,178645,辛昂,180
178644,辛豁,178646,辛政,180
178646,辛政,178647,辛肇,180
178647,辛肇,178648,辛茂將,180
178644,辛豁,178650,辛寬,180
178650,辛寬,178651,辛諝,180
178652,辛裕,178653,辛某,180
178653,辛某,178654,辛某,180
178654,辛某,178655,辛某,180
178655,辛某,178656,辛某,180
178656,辛某,178657,辛晁,180
178657,辛晁,178658,辛敬宗,180
178658,辛敬宗,178659,辛樹寶,180
178658,辛敬宗,178664,辛靈寶,180
178664,辛靈寶,178665,辛徽,180
178665,辛徽,178666,辛季慶,180
178657,辛晁,178669,辛闡,180
178669,辛闡,178670,辛某,180
178670,辛某,178671,辛某,180
178671,辛某,178672,辛寶剛,180
154429,盧陽烏,178696,盧道將,180
178696,盧道將,178697,盧懷祖,180
178697,盧懷祖,178698,盧莊,180
178698,盧莊,178699,盧耀,180
178696,盧道將,178701,盧懷仁,180
178701,盧懷仁,178702,盧彥卿,180
178702,盧彥卿,178703,盧大道,180
178702,盧彥卿,178726,盧安石,180
178702,盧彥卿,178740,盧大觀,180
178702,盧彥卿,178743,盧行嘉,180
178702,盧彥卿,178746,盧方壽,180
178701,盧懷仁,178754,盧彥章,180
178754,盧彥章,178755,盧莊道,180
178701,盧懷仁,178780,盧彥高,180
178780,盧彥高,178781,盧佺壽,180
178780,盧彥高,178783,盧仙壽,180
178780,盧彥高,178791,盧僑壽,180
178780,盧彥高,178793,盧弘壽,180
148599,盧道亮,178835,盧思演,180
178835,盧思演,178836,盧某,180
178836,盧某,178837,盧某,180
31535,盧赤松,178863,盧承悌,180
154429,盧陽烏,178981,盧道舒,180
178981,盧道舒,178982,盧熙裕,180
178982,盧熙裕,178983,盧士綸,180
178983,盧士綸,178984,盧某,180
33019,盧同吉,178986,盧元亨,180
33019,盧同吉,178995,盧利貞,180
178982,盧熙裕,179009,盧士綽,180
178982,盧熙裕,179010,盧士緝,180
178982,盧熙裕,179011,盧士繹,180
179011,盧士繹,179012,盧某,180
32319,盧士繪,179017,盧嘉慶,180
32320,盧方慶,179024,盧受彩,180
157670,盧敏,179032,盧義僖,180
179032,盧義僖,179033,盧愻之,180
179033,盧愻之,179034,盧文構,180
179034,盧文構,179035,盧君肅,180
156236,盧處實,179037,盧守直,180
156236,盧處實,179038,盧昇明,180
156236,盧處實,179044,盧景,180
179034,盧文構,179098,盧君亮,180
179033,盧愻之,179099,盧文壽,180
179099,盧文壽,179100,盧某,180
179100,盧某,179101,盧某,180
179033,盧愻之,179104,盧文挹,180
179104,盧文挹,179105,盧君胄,180
179105,盧君胄,179106,盧貞㭊,180
179104,盧文挹,179109,盧君靜,180
179032,盧義僖,179115,盧憼之,180
179115,盧憼之,179116,盧彪,180
179116,盧彪,179117,盧慈龍,180
179117,盧慈龍,179118,盧同德,180
179115,盧憼之,179135,盧德衡,180
179032,盧義僖,179136,盧息之,180
179136,盧息之,179137,盧彥博,180
157670,盧敏,179138,盧義惇,180
179138,盧義惇,179139,盧景開,180
179139,盧景開,179140,盧仲俊,180
179140,盧仲俊,179141,盧之道,180
179140,盧仲俊,179142,盧之信,180
179139,盧景開,179152,盧叔粲,180
179138,盧義惇,179153,盧景柔,180
32652,盧元幹,179155,盧某,180
179153,盧景柔,179163,盧海相,180
154317,盧彥恭,179172,盧昭禮,180
179163,盧海相,179175,盧彥倫,180
179153,盧景柔,179186,盧楚玉,180
179186,盧楚玉,179187,盧某,180
157670,盧敏,179193,盧義安,180
179193,盧義安,179194,盧某,180
179194,盧某,179195,盧某,180
179195,盧某,179196,盧某,180
179199,盧昶,179200,盧元隆,180
179200,盧元隆,179201,盧士熙,180
179201,盧士熙,179202,盧子令,180
179202,盧子令,179203,盧君通,180
179204,盧園公,179205,盧仁祖,180
179201,盧士熙,179222,盧子哲,180
179222,盧子哲,179223,盧某,180
179199,盧昶,179241,盧元德,180
179241,盧元德,179242,盧士澈,180
179242,盧士澈,179243,盧勝,180
31636,盧仁師,179268,盧世矩,180
179268,盧世矩,179269,盧弘軌,180
179242,盧士澈,179278,盧正師,180
179278,盧正師,179279,盧習信,180
179279,盧習信,179280,盧善觀,180
179279,盧習信,179281,盧善祚,180
32004,盧尚卿,179292,盧敬直,180
32003,盧彭壽,179293,盧懿卿,180
179293,盧懿卿,179294,盧敬實,180
179242,盧士澈,179296,盧師智,180
179296,盧師智,179297,盧大辯,180
179298,盧尚之,179299,盧文甫,180
179299,盧文甫,179300,盧敬通,180
179300,盧敬通,179301,盧正觀,180
179301,盧正觀,179302,盧壽童,180
179302,盧壽童,179303,盧茂道,180
179301,盧正觀,179308,盧仙童,180
179308,盧仙童,179309,盧茂實,180
179301,盧正觀,179310,盧羽客,180
179310,盧羽客,179311,盧茂禮,180
179300,盧敬通,179334,盧正倫,180
179300,盧敬通,179335,盧正命,180
179335,盧正命,179336,盧孝道,180
179298,盧尚之,179337,盧文翼,180
179337,盧文翼,179338,盧士偉,180
179338,盧士偉,179339,盧德基,180
179339,盧德基,179340,盧萬金,180
179339,盧德基,179341,盧萬石,180
179341,盧萬石,179342,盧文勵,180
147211,盧義幹,179351,盧真惠,180
179351,盧真惠,179352,盧玄範,180
179351,盧真惠,179353,盧某,180
147211,盧義幹,179357,盧真相,180
179357,盧真相,179358,盧子義,180
147211,盧義幹,179362,盧真行,180
179362,盧真行,179363,盧大機,180
179362,盧真行,179367,盧大藏,180
179337,盧文翼,179377,盧士朗,180
179397,盧買臣,179378,盧仁爽,180
179377,盧士朗,179396,盧釋壽,180
179396,盧釋壽,179397,盧買臣,180
179396,盧釋壽,179398,盧輔臣,180
179337,盧文翼,179399,盧士嬰,180
179399,盧士嬰,179400,盧璹,180
179400,盧璹,179401,盧法德,180
179401,盧法德,179402,盧某,180
179401,盧法德,179408,盧彝倫,180
179399,盧士嬰,179416,盧珣,180
179416,盧珣,179417,盧虔壽,180
179417,盧虔壽,179418,盧虔,180
179417,盧虔壽,179419,盧壽王,180
179417,盧虔壽,179421,盧藥王,180
179416,盧珣,179422,盧孝德,180
179422,盧孝德,179423,盧仁弘,180
179399,盧士嬰,179429,盧瑱,180
179298,盧尚之,179430,盧文符,180
179430,盧文符,179431,盧士邃,180
179431,盧士邃,179432,盧正力,180
179437,上官回,179438,上官某,180
179438,上官某,179439,上官弘,180
179447,樂恂,179448,樂亮,180
179448,樂亮,179449,樂宗,180
179459,孫伯禮,179460,孫元琥,180
179460,孫元琥,179461,孫靈暉,180
179461,孫靈暉,179462,孫萬安,180
179461,孫靈暉,179479,孫萬壽,180
33740,陸玄之,179572,陸秀方,180
33740,陸玄之,179573,陸彥恭,180
179786,陸丘公,179576,陸瑾,180
179576,陸瑾,179577,陸逖之,180
179785,陸完,179578,陸令公,180
179578,陸令公,179579,陸珣,180
179579,陸珣,179580,陸某,180
179580,陸某,179581,陸餘慶,180
179785,陸完,179588,陸雲公,180
179588,陸雲公,179589,陸瓊,180
33746,陸從典,179591,陸某,180
179610,趙瑤,179611,趙某,180
179611,趙某,179612,趙某,180
179612,趙某,179613,趙乾贊,180
179613,趙乾贊,179614,趙玄極,180
179614,趙玄極,179615,趙仁本,180
179459,孫伯禮,179722,孫廣烈,180
179722,孫廣烈,179723,孫嘉猷,180
179722,孫廣烈,179724,孫希業,180
179724,孫希業,179725,孫微之,180
179724,孫希業,179726,孫翹,180
179724,孫希業,179727,孫啟,180
179728,孫方嗣,179729,孫仲瑜,180
179743,姜明,179744,姜遠,180
179744,姜遠,179745,姜寶誼,180
179761,陸鎮之,179762,陸瑨,180
179762,陸瑨,179763,陸雍,180
32808,陸敬義,179766,陸宣悊,180
32809,陸敦信,179769,陸郢客,180
32809,陸敦信,179771,陸邠卿,180
32809,陸敦信,179776,陸越賓,180
32809,陸敦信,179777,陸慶叶,180
179785,陸完,179786,陸丘公,180
179786,陸丘公,179787,陸琛,180
194003,陸山仁,179788,陸柬之,180
194003,陸山仁,179792,陸靜之,180
179806,趙子遷,179807,趙武蓋,180
192760,韋閬,179831,韋範,180
179831,韋範,179832,韋法儁,180
179832,韋法儁,179833,韋子粲,180
179833,韋子粲,179834,韋孝謇,180
179832,韋法儁,179835,韋榮亮,180
179835,韋榮亮,179836,韋綱,180
179836,韋綱,179837,韋文宗,180
179836,韋綱,179862,韋文傑,180
179831,韋範,179866,韋顥,180
179866,韋顥,179867,韋某,180
179867,韋某,179868,韋暮,180
179868,韋暮,179869,韋士讓,180
179831,韋範,179870,韋祖歡,180
179870,韋祖歡,179871,韋某,180
179871,韋某,179872,韋某,180
179872,韋某,179873,韋世師,180
179872,韋某,179877,韋崇操,180
192764,韋邕,179881,韋鴻胄,180
31021,韋澄,180004,韋慶餘,180
163926,閻毗,180062,閻立行,180
163926,閻毗,180064,閻立本,180
180068,郝迴,180069,郝破敵,180
180069,郝破敵,180070,郝某,180
180070,郝某,180071,郝相貴,180
180076,薛安都,180077,薛真龍,180
180077,薛真龍,180078,薛顯,180
180078,薛顯,180079,薛世斌,180
180079,薛世斌,180080,薛伯琳,180
180079,薛世斌,180081,薛師,180
180081,薛師,180082,薛操,180
180078,薛顯,180086,薛世璡,180
180086,薛世璡,180087,薛敏濟,180
180076,薛安都,180088,薛道龍,180
180088,薛道龍,180089,薛榮,180
180089,薛榮,180090,薛仲孫,180
180090,薛仲孫,180091,薛衍,180
180091,薛衍,180092,薛軌,180
180092,薛軌,180093,薛仁貴,180
180182,薛洪隆,180183,薛驎,180
180183,薛驎,180184,薛慶集,180
180184,薛慶集,180185,薛綱,180
180185,薛綱,180186,薛勤嘉,180
180186,薛勤嘉,180187,薛元珪,180
180183,薛驎,180189,薛英集,180
180189,薛英集,180190,薛端,180
146121,薛元嘏,180193,薛孝廉,180
180189,薛英集,180209,薛彌敏,180
180209,薛彌敏,180210,薛述,180
180210,薛述,180211,薛務寬,180
180182,薛洪隆,180212,薛驥,180
180212,薛驥,180213,薛亮,180
180213,薛亮,180214,薛琰,180
180214,薛琰,180215,薛濬,180
180215,薛濬,180216,薛玄祚,180
162855,薛孝通,180240,薛溫周,180
180240,薛溫周,180241,薛邁,180
180241,薛邁,180242,薛元敬,180
180241,薛邁,180247,薛元穆,180
180240,薛溫周,180248,薛迪,180
180248,薛迪,180249,薛元簡,180
180237,薛瑚,180439,薛彧,180
180439,薛彧,180440,薛長瑜,180
180440,薛長瑜,180441,薛稜伽,180
180441,薛稜伽,180442,薛德義,180
152423,薛景山,180444,薛胤,180
152423,薛景山,180453,薛元宗,180
180237,薛瑚,180458,薛和,180
180458,薛和,180459,薛善周,180
180459,薛善周,180460,薛粹,180
180460,薛粹,180461,薛大鼎,180
180461,薛大鼎,180462,薛克構,180
180462,薛克構,180463,薛微元,180
180461,薛大鼎,180464,薛克勤,180
180459,薛善周,180465,薛袤,180
180465,薛袤,180466,薛臻德,180
180465,薛袤,180467,薛善音,180
33029,薛裕,180469,薛敬仁,180
33029,薛裕,180479,薛敬倫,180
180479,薛敬倫,180480,薛瓌,180
180459,薛善周,180481,薛淹,180
180481,薛淹,180482,薛廉,180
180458,薛和,180483,薛慎,180
180483,薛慎,180484,薛某,180
180484,薛某,180485,薛道旻,180
180458,薛和,180486,薛濟,180
180486,薛濟,180487,薛文度,180
180487,薛文度,180488,薛某,180
180488,薛某,180489,薛瑾,180
180237,薛瑚,180490,薛逸,180
180490,薛逸,180491,薛昶,180
180491,薛昶,180492,薛綱,180
180492,薛綱,180493,薛昭,180
180493,薛昭,180494,薛昉,180
180237,薛瑚,180507,薛芳,180
180507,薛芳,180508,薛膺,180
180508,薛膺,180509,薛處靜,180
180509,薛處靜,180510,薛某,180
180510,薛某,180511,薛某,180
180510,薛某,180514,薛德晟,180
180510,薛某,180515,薛敏恭,180
180507,薛芳,180517,薛蕃,180
180517,薛蕃,180518,薛處道,180
180518,薛處道,180519,薛德祖,180
180519,薛德祖,180520,薛懷操,180
180518,薛處道,180521,薛德元,180
180521,薛德元,180533,薛懷晏,180
180518,薛處道,180545,薛德備,180
180545,薛德備,180546,薛懷嘉,180
180518,薛處道,180552,薛德聞,180
180587,薛昂,180588,薛欽,180
180588,薛欽,180589,薛馥,180
180589,薛馥,180590,薛道實,180
169081,薛寶積,180592,薛待詔,180
169081,薛寶積,180622,薛裔,180
169081,薛寶積,180634,薛緘,180
169081,薛寶積,180635,薛紹,180
169081,薛寶積,180636,薛縯,180
180686,薛慶,180687,薛隆宗,180
180687,薛隆宗,180688,薛仲玉,180
180688,薛仲玉,180689,薛粲,180
180689,薛粲,180690,薛深,180
30994,韋峻,180719,韋貞,180
31239,韋懷敬,180721,韋知藝,180
180719,韋貞,180722,韋懷辯,180
180719,韋貞,180723,韋懷質,180
180719,韋貞,180759,韋匡素,180
31236,韋師,180764,韋某,180
31021,韋澄,180772,韋慶暕,180
179881,韋鴻胄,180777,韋奄,180
180777,韋奄,180782,韋雲表,180
180777,韋奄,180792,韋雲平,180
33619,韋憬,180807,韋某,180
31016,韋世康,180830,韋福獎,180
180830,韋福獎,180831,韋寡尤,180
192765,韋敻,180842,韋洸,180
180842,韋洸,180843,韋恊,180
180843,韋恊,180844,韋仲銳,180
180843,韋恊,180845,韋叔銳,180
192765,韋敻,180856,韋頤,180
180856,韋頤,180857,韋某,180
180857,韋某,180858,韋晤,180
162954,韋瓘,180859,韋仁基,180
180859,韋仁基,180860,韋元祚,180
180859,韋仁基,180864,韋仁祚,180
180859,韋仁基,180872,韋哲,180
192765,韋敻,180878,韋藝,180
180878,韋藝,180879,韋彤,180
180879,韋彤,180880,韋彥師,180
180879,韋彤,180882,韋彥方,180
180878,韋藝,180896,韋彧,180
180896,韋彧,180897,韋元方,180
31418,韋鼎,180906,韋希叔,180
180878,韋藝,180912,韋宣敏,180
180912,韋宣敏,180913,韋嶠,180
31029,韋冲,180951,韋德運,180
180951,韋德運,180952,韋山甫,180
192765,韋敻,180953,韋約,180
180953,韋約,180954,韋克已,180
180954,韋克已,180955,韋遙光,180
180953,韋約,180956,韋後已,180
180956,韋後已,180957,韋某,180
31033,韋總,180973,韋柱成,180
31033,韋總,180984,韋圓照,180
180984,韋圓照,180985,韋觀,180
189341,韋叔裕,181003,韋壽,180
181003,韋壽,181004,韋保巒,180
181004,韋保巒,181005,韋某,180
181003,韋壽,181007,韋義節,180
181007,韋義節,181008,韋某,180
31039,韋琨,181078,韋幼平,180
31039,韋琨,181094,韋調,180
31146,韋瓚,181125,韋季武,180
192882,韋延賓,181161,韋璋,180
181161,韋璋,181162,韋某,180
181162,韋某,181163,韋岌,180
192882,韋延賓,181172,韋福,180
181172,韋福,181173,韋某,180
181173,韋某,181174,韋昌,180
192882,韋延賓,181175,韋議,180
31184,韋仁,181187,韋弘度,180
31184,韋仁,181202,韋弘素,180
163981,韋知止,181263,韋某,180
32545,郭待舉,181283,郭泰方,180
162239,郭榮,181292,郭福善,180
162238,郭徽,181293,郭弘道,180
181293,郭弘道,181294,郭敬君,180
181294,郭敬君,181295,郭依仁,180
181293,郭弘道,181296,郭廣敬,180
162237,郭智,181297,郭進,180
181297,郭進,181298,郭某,180
181298,郭某,181299,郭履球,180
24633,武士稜,181442,武君雅,180
24632,武華,181499,武士彠,180
181525,騫威,181526,騫某,180
181526,騫某,181527,騫某,180
194284,蘇彤,181538,蘇振,180
181538,蘇振,181539,蘇世長,180
181539,蘇世長,181540,蘇良嗣,180
11600,蘇夔,181556,蘇勗,180
181628,史瓖,181629,史某,180
181629,史某,181630,史某,180
181630,史某,181631,史某,180
181631,史某,181632,史某,180
181632,史某,181633,史某,180
181633,史某,181634,史某,180
181646,格顯,181647,格某,180
181647,格某,181648,格某,180
142713,格處仁,181651,格希玄,180
3685,歐陽詢,181657,歐陽長卿,180
3685,歐陽詢,181658,歐陽肅,180
3685,歐陽詢,181660,歐陽倫,180
12199,歐陽通,181689,歐陽幼讓,180
12198,歐陽紇,181690,歐陽亮,180
12198,歐陽紇,181691,歐陽德,180
12198,歐陽紇,181692,歐陽器,180
12197,歐陽頠,181693,歐陽約,180
181693,歐陽約,181694,歐陽胤,180
16433,狄孝緒,181705,狄知儉,180
16433,狄孝緒,181706,狄知本,180
181720,袁令喜,181721,袁異弘,180
181720,袁令喜,181725,袁異度,180
181720,袁令喜,181726,袁異式,180
181731,袁昂,181732,袁君正,180
181732,袁君正,181733,袁憲,180
181733,袁憲,181734,袁承府,180
181733,袁憲,181735,袁承家,180
181732,袁君正,181736,袁潁,180
181736,袁潁,181737,袁子溫,180
181737,袁子溫,181738,袁士政,180
181732,袁君正,181748,袁樞,180
181748,袁樞,181749,袁朗,180
181749,袁朗,181750,袁某,180
181731,袁昂,181752,袁敬,180
181752,袁敬,181753,袁元友,180
181753,袁元友,181754,袁利貞,180
181754,袁利貞,181755,袁斌,180
181731,袁昂,181767,袁泌,180
181767,袁泌,181768,袁方華,180
30971,姚思廉,181774,姚憕,180
30971,姚思廉,181788,姚惲,180
181799,姚最,181800,姚思聰,180
181800,姚思聰,181801,姚慎盈,180
181800,姚思聰,181802,姚某,180
182616,唐陵,181803,唐防,180
164177,唐永,181822,唐瑾,180
181822,唐瑾,181823,唐詮,180
181823,唐詮,181824,唐大智,180
181824,唐大智,181825,唐敬輿,180
181824,唐大智,181827,唐知正,180
181822,唐瑾,181828,唐諒,180
181822,唐瑾,181829,唐則,180
181829,唐則,181830,唐推賢,180
181829,唐則,181831,唐讓德,180
181831,唐讓德,181832,唐思忠,180
181831,唐讓德,181833,唐思雅,180
181831,唐讓德,181834,唐思元,180
181822,唐瑾,181835,唐歆,180
181835,唐歆,181836,唐寶藏,180
181835,唐歆,181837,唐感行,180
31692,唐弘,181839,唐簡,180
181839,唐簡,181840,唐抱一,180
181839,唐簡,181842,唐抱璞,180
181839,唐簡,181844,唐抱素,180
31692,唐弘,181845,唐炎,180
31692,唐弘,181868,唐嚴,180
17868,唐臨,181870,唐旦,180
17868,唐臨,181871,唐晃,180
17868,唐臨,181879,唐昇,180
31692,唐弘,181880,唐亨,180
181822,唐瑾,181881,唐濬,180
181881,唐濬,181882,唐雕題,180
181881,唐濬,181883,唐季友,180
181881,唐濬,181884,唐季札,180
181881,唐濬,181885,唐長仁,180
181881,唐濬,181886,唐叔慈,180
181881,唐濬,181887,唐義謙,180
181887,唐義謙,181888,唐眘微,180
181881,唐濬,181889,唐義友,180
181889,唐義友,181890,唐言思,180
181889,唐義友,181891,唐進思,180
181908,敬歸,181909,敬某,180
181909,敬某,181910,敬頻,180
181910,敬頻,181911,敬某,180
181911,敬某,181912,敬某,180
181912,敬某,181913,敬顯儁,180
181912,敬某,181916,敬法延,180
181916,敬法延,181917,敬某,180
181917,敬某,181918,敬某,180
181912,敬某,181931,敬法朗,180
181802,姚某,181932,姚某,180
181932,姚某,181933,姚某,180
181933,姚某,181934,姚績,180
26934,姚懿,181942,姚元崇,180
182001,豆盧醜,182002,豆盧某,180
182002,豆盧某,182003,豆盧萇,180
182003,豆盧萇,182004,豆盧永恩,180
30965,豆盧寬,182028,豆盧方則,180
182028,豆盧方則,182029,豆盧玄儼,180
182031,豆盧勝,182032,豆盧魯元,180
182032,豆盧魯元,182033,豆盧某,180
182033,豆盧某,182034,豆盧某,180
182034,豆盧某,182035,豆盧某,180
182035,豆盧某,182036,豆盧達,180
182032,豆盧魯元,182040,豆盧陸渾,180
182040,豆盧陸渾,182041,豆盧某,180
182041,豆盧某,182042,豆盧某,180
182042,豆盧某,182043,豆盧某,180
182051,周表,182052,周才卿,180
182052,周才卿,182053,周懷義,180
182056,周靈超,182057,周法僧,180
182057,周法僧,182058,周孝節,180
182058,周孝節,182059,周鳳,180
182058,周孝節,182069,周鴻,180
182056,周靈超,182071,周法尚,180
182071,周法尚,182072,周紹嗣,180
182071,周法尚,182073,周紹範,180
182073,周紹範,182074,周道務,180
182056,周靈超,182081,周炅,180
31692,唐弘,182350,唐瑤,180
182350,唐瑤,182351,唐契,180
182351,唐契,182352,唐褒,180
182352,唐褒,182353,唐茂,180
182353,唐茂,182354,唐文祖,180
182354,唐文祖,182355,唐廣貴,180
182355,唐廣貴,182356,唐懷義,180
182356,唐懷義,182357,唐孝舉,180
182353,唐茂,182358,唐翼,180
182358,唐翼,182359,唐毅,180
182359,唐毅,182360,唐世達,180
182360,唐世達,182361,唐秀實,180
182361,唐秀實,182362,唐行敏,180
182361,唐秀實,182366,唐行表,180
182361,唐秀實,182367,唐行立,180
182361,唐秀實,182368,唐行基,180
182360,唐世達,182373,唐文安,180
182360,唐世達,182374,唐文舉,180
182374,唐文舉,182375,唐行端,180
182374,唐文舉,182376,唐行直,180
182360,唐世達,182377,唐文豪,180
182360,唐世達,182378,唐文度,180
182378,唐文度,182379,唐處一,180
182360,唐世達,182381,唐文壽,180
182381,唐文壽,182382,唐藝臣,180
182381,唐文壽,182383,唐仁儉,180
182381,唐文壽,182384,唐懷一,180
182381,唐文壽,182385,唐固儉,180
182381,唐文壽,182386,唐劍客,180
182360,唐世達,182387,唐文表,180
182360,唐世達,182388,唐文邃,180
182360,唐世達,182389,唐文寂,180
182360,唐世達,182390,唐文感,180
182390,唐文感,182391,唐婆伽,180
182390,唐文感,182392,唐思孝,180
182390,唐文感,182393,唐元一,180
182390,唐文感,182394,唐思忠,180
182359,唐毅,182395,唐濟,180
182395,唐濟,182396,唐玄成,180
182395,唐濟,182397,唐玄德,180
182397,唐玄德,182398,唐義寔,180
182395,唐濟,182399,唐玄都,180
182395,唐濟,182400,唐玄通,180
182400,唐玄通,182401,唐孝約,180
182359,唐毅,182402,唐世徹,180
182402,唐世徹,182403,唐朝政,180
182403,唐朝政,182404,唐行滿,180
182402,唐世徹,182405,唐禮政,180
182402,唐世徹,182406,唐修政,180
182402,唐世徹,182407,唐弘政,180
182359,唐毅,182408,唐世榮,180
182408,唐世榮,182409,唐文哲,180
182409,唐文哲,182410,唐孝讓,180
182408,唐世榮,182411,唐文律,180
182408,唐世榮,182412,唐文廓,180
182408,唐世榮,182413,唐文儼,180
182408,唐世榮,182414,唐文毓,180
182359,唐毅,182415,唐世寵,180
182359,唐毅,182416,唐世雅,180
182416,唐世雅,182417,唐文協,180
182416,唐世雅,182418,唐文琮,180
182416,唐世雅,182419,唐文會,180
182419,唐文會,182420,唐固本,180
182419,唐文會,182421,唐守一,180
182419,唐文會,182422,唐抱一,180
182419,唐文會,182423,唐敬,180
182359,唐毅,182424,唐世恭,180
182424,唐世恭,182425,唐文獎,180
182425,唐文獎,182426,唐善行,180
182425,唐文獎,182427,唐善言,180
182425,唐文獎,182428,唐善見,180
182359,唐毅,182429,唐世慎,180
182429,唐世慎,182430,唐乾蓋,180
182430,唐乾蓋,182431,唐希一,180
182429,唐世慎,182432,唐乾肅,180
182359,唐毅,182433,唐世昊,180
182433,唐世昊,182434,唐文褒,180
182434,唐文褒,182435,唐孝贇,180
182434,唐文褒,182436,唐孝寔,180
182433,唐世昊,182437,唐文襲,180
182358,唐翼,182438,唐詮,180
182438,唐詮,182439,唐仕遵,180
182439,唐仕遵,182440,唐文才,180
182439,唐仕遵,182441,唐文軌,180
182439,唐仕遵,182442,唐文實,180
182439,唐仕遵,182443,唐文智,180
182358,唐翼,182444,唐延澄,180
182358,唐翼,182445,唐雄,180
182445,唐雄,182446,唐紹伯,180
182445,唐雄,182447,唐楷,180
182447,唐楷,182448,唐萬壽,180
182447,唐楷,182449,唐白澤,180
182445,唐雄,182450,唐師,180
182450,唐師,182451,唐太素,180
182450,唐師,182452,唐太力,180
182358,唐翼,182453,唐具貴,180
182453,唐具貴,182454,唐世儁,180
182453,唐具貴,182455,唐世珍,180
182353,唐茂,182456,唐旭,180
182456,唐旭,182457,唐仲璨,180
182457,唐仲璨,182458,唐遐顯,180
182458,唐遐顯,182459,唐禕,180
182458,唐遐顯,182460,唐奉義,180
182458,唐遐顯,182461,唐惲,180
182457,唐仲璨,182462,唐仕超,180
182462,唐仕超,182463,唐修文,180
182462,唐仕超,182464,唐奉禮,180
182462,唐仕超,182465,唐崇德,180
182462,唐仕超,182466,唐行實,180
182457,唐仲璨,182467,唐仕琰,180
182467,唐仕琰,182468,唐孝感,180
182467,唐仕琰,182469,唐孝睦,180
182353,唐茂,182470,唐保建,180
182470,唐保建,182471,唐伯裕,180
182471,唐伯裕,182472,唐毖,180
182472,唐毖,182473,唐儼,180
182470,唐保建,182474,唐伯華,180
182474,唐伯華,182475,唐德宗,180
182475,唐德宗,182476,唐智節,180
182475,唐德宗,182477,唐智堯,180
182474,唐伯華,182478,唐德俊,180
182478,唐德俊,182479,唐智英,180
182478,唐德俊,182480,唐智寂,180
182478,唐德俊,182481,唐智深,180
182478,唐德俊,182482,唐智亮,180
182470,唐保建,182483,唐詢明,180
182483,唐詢明,182484,唐君謩,180
182484,唐君謩,182485,唐振,180
182484,唐君謩,182486,唐寔,180
182484,唐君謩,182487,唐日輪,180
182484,唐君謩,182488,唐羲和,180
182470,唐保建,182489,唐晟,180
182489,唐晟,182490,唐世辯,180
182489,唐晟,182491,唐世才,180
182489,唐晟,182492,唐世進,180
182492,唐世進,182493,唐玄靜,180
182492,唐世進,182494,唐玄默,180
182492,唐世進,182495,唐玄道,180
182495,唐玄道,182496,唐珽,180
182495,唐玄道,182497,唐珪,180
182495,唐玄道,182498,唐瑗,180
182495,唐玄道,182500,唐玠,180
182495,唐玄道,182501,唐璿,180
182489,唐晟,182503,唐石師,180
182489,唐晟,182504,唐小師,180
182504,唐小師,182505,唐和耆,180
182504,唐小師,182506,唐無竭,180
182504,唐小師,182507,唐文教,180
182351,唐契,182508,唐純,180
182508,唐純,182509,唐令世,180
31440,唐邕,182512,唐羲,180
182512,唐羲,182513,唐茂倫,180
182512,唐羲,182514,唐茂言,180
182514,唐茂言,182515,唐嗣宗,180
182517,唐憲,182518,唐思眘,180
182517,唐憲,182519,唐思廉,180
182520,唐茂純,182521,唐節廉,180
142459,唐儉,182523,唐松齡,180
142459,唐儉,182524,唐蒙,180
142459,唐儉,182527,唐同人,180
142459,唐儉,182541,唐善識,180
142459,唐儉,182543,唐觀,180
142459,唐儉,182548,唐授衣,180
182350,唐瑤,182573,唐和,180
182573,唐和,182574,唐欽,180
182574,唐欽,182575,唐歡,180
182575,唐歡,182576,唐二政,180
31097,唐規,182578,唐世宗,180
182578,唐世宗,182579,唐壽,180
182579,唐壽,182580,唐休琰,180
182578,唐世宗,182591,唐儉,180
182591,唐儉,182592,唐表顗,180
182578,唐世宗,182604,唐畛,180
182604,唐畛,182605,唐正心,180
31692,唐弘,182611,唐諮,180
182611,唐諮,182612,唐揣,180
182612,唐揣,182613,唐儼,180
182613,唐儼,182614,唐輪,180
164177,唐永,182616,唐陵,180
182616,唐陵,182617,唐怡,180
182617,唐怡,182618,唐譽,180
182618,唐譽,182619,唐有道,180
182618,唐譽,182627,唐有方,180
182617,唐怡,182628,唐鑒,180
182616,唐陵,182629,唐懿,180
182629,唐懿,182630,唐傑,180
182630,唐傑,182631,唐貞亮,180
182630,唐傑,182637,唐貞松,180
182630,唐傑,182652,唐貞筠,180
182630,唐傑,182653,唐貞質,180
182629,唐懿,182660,唐爽,180
182660,唐爽,182661,唐貞操,180
182660,唐爽,182664,唐貞泰,180
182660,唐爽,182666,唐貞敏,180
182660,唐爽,182674,唐貞節,180
182660,唐爽,182675,唐貞觀,180
182629,唐懿,182678,唐英,180
182629,唐懿,182679,唐師,180
182679,唐師,182680,唐貞廉,180
182679,唐師,182683,唐貞行,180
181931,敬法朗,182687,敬俊,180
151913,敬舉,182689,敬君弘,180
151913,敬舉,182690,敬獎某,180
151913,敬舉,182692,敬播,180
182734,祝俟,182735,祝昭,180
182735,祝昭,182736,祝統,180
182753,鄭胤伯,182754,鄭希儁,180
182754,鄭希儁,182755,鄭道育,180
182755,鄭道育,182756,鄭德政,180
182756,鄭德政,182757,鄭玄瑾,180
182757,鄭玄瑾,182758,鄭楚基,180
182757,鄭玄瑾,182770,鄭知節,180
182756,鄭德政,182791,鄭玄珽,180
182791,鄭玄珽,182792,鄭大力,180
182756,鄭德政,182807,鄭玄珪,180
182807,鄭玄珪,182808,鄭延州,180
182755,鄭道育,182816,鄭子質,180
182755,鄭道育,182817,鄭德眘,180
182817,鄭德眘,182818,鄭元將,180
182818,鄭元將,182819,鄭宣道,180
182818,鄭元將,182836,鄭智藏,180
182817,鄭德眘,182838,鄭元器,180
182838,鄭元器,182839,鄭崇慶,180
182838,鄭元器,182851,鄭崇業,180
182817,鄭德眘,182853,鄭元弼,180
182853,鄭元弼,182854,鄭知運,180
182817,鄭德眘,182858,鄭脩松,180
182858,鄭脩松,182859,鄭進思,180
182858,鄭脩松,182873,鄭退思,180
182858,鄭脩松,182901,鄭言思,180
182858,鄭脩松,182936,鄭行思,180
182858,鄭脩松,182964,鄭延徽,180
182858,鄭脩松,182984,鄭勤思,180
182858,鄭脩松,182990,鄭再思,180
182755,鄭道育,183000,鄭子裕,180
183000,鄭子裕,183001,鄭弘諒,180
183001,鄭弘諒,183002,鄭仁儉,180
183001,鄭弘諒,183006,鄭仁愷,180
32312,鄭師萬,183088,鄭依仁,180
32312,鄭師萬,183104,鄭依禮,180
32312,鄭師萬,183105,鄭依智,180
182755,鄭道育,183113,鄭穆先,180
183113,鄭穆先,183114,鄭弘幹,180
183113,鄭穆先,183136,鄭德英,180
183136,鄭德英,183137,鄭嘉瞻,180
183113,鄭穆先,183140,鄭弘簡,180
183140,鄭弘簡,183141,鄭崇由,180
183140,鄭弘簡,183160,鄭九辨,180
182753,鄭胤伯,183187,鄭幼儒,180
183187,鄭幼儒,183188,鄭敬道,180
32369,鄭正則,183190,鄭孝謨,180
183190,鄭孝謨,183191,鄭行信,180
32369,鄭正則,183197,鄭孝徹,180
183197,鄭孝徹,183198,鄭行瑜,180
183197,鄭孝徹,183202,鄭行琳,180
32369,鄭正則,183204,鄭德峯,180
183204,鄭德峯,183205,鄭行善,180
183204,鄭德峯,183227,鄭行之,180
153140,鄭德秀,183241,鄭行邕,180
153140,鄭德秀,183247,鄭行潁,180
153140,鄭德秀,183265,鄭行欽,180
32369,鄭正則,183285,鄭德挺,180
183285,鄭德挺,183286,鄭行純,180
183285,鄭德挺,183290,鄭行顗,180
183285,鄭德挺,183294,鄭行倫,180
32369,鄭正則,183307,鄭德本,180
183307,鄭德本,183308,鄭行表,180
183307,鄭德本,183348,鄭行質,180
183307,鄭德本,183349,鄭行儼,180
183188,鄭敬道,183399,鄭正義,180
183399,鄭正義,183400,鄭文沾,180
183400,鄭文沾,183401,鄭延祚,180
183400,鄭文沾,183402,鄭延業,180
183399,鄭正義,183403,鄭文湛,180
183403,鄭文湛,183404,鄭行顗,180
183187,鄭幼儒,183406,鄭敬德,180
150140,鄭振,183408,鄭元良,180
183406,鄭敬德,183464,鄭機,180
183464,鄭機,183465,鄭世翼,180
183464,鄭機,183510,鄭世將,180
183464,鄭機,183511,鄭世方,180
32994,鄭撝,183543,鄭弼諧,180
183543,鄭弼諧,183544,鄭脩道,180
32994,鄭撝,183548,鄭弼誠,180
183548,鄭弼誠,183634,鄭九臣,180
183548,鄭弼誠,183653,鄭九言,180
183548,鄭弼誠,183664,鄭九同,180
183548,鄭弼誠,183667,鄭九徵,180
183679,鄭簡,183680,鄭靈虬,180
183680,鄭靈虬,183681,鄭悅,180
183681,鄭悅,183682,鄭鼎,180
183682,鄭鼎,183683,鄭常,180
183683,鄭常,183684,鄭筠,180
183684,鄭筠,183685,鄭孝仁,180
183684,鄭筠,183694,鄭孝僊,180
183683,鄭常,183696,鄭神符,180
183696,鄭神符,183697,鄭孝寬,180
183683,鄭常,183705,鄭昌,180
183705,鄭昌,183706,鄭孝昂,180
183683,鄭常,183709,鄭衡,180
183709,鄭衡,183710,鄭玄膺,180
183683,鄭常,183712,鄭威,180
183712,鄭威,183713,鄭道果,180
183712,鄭威,183724,鄭孝儹,180
183682,鄭鼎,183727,鄭師,180
183727,鄭師,183728,鄭冑,180
183728,鄭冑,183729,鄭喜見,180
183680,鄭靈虬,183732,鄭道德,180
183732,鄭道德,183733,鄭希義,180
183733,鄭希義,183734,鄭道蓋,180
183734,鄭道蓋,183735,鄭元長,180
183735,鄭元長,183736,鄭大隱,180
183734,鄭道蓋,183738,鄭元胤,180
183738,鄭元胤,183739,鄭仁統,180
183734,鄭道蓋,183741,鄭元恭,180
183741,鄭元恭,183742,鄭正衡,180
183734,鄭道蓋,183751,鄭元讓,180
183751,鄭元讓,183752,鄭師伯,180
183733,鄭希義,183753,鄭德猷,180
183753,鄭德猷,183754,鄭元直,180
183754,鄭元直,183755,鄭為範,180
183754,鄭元直,183762,鄭為善,180
183679,鄭簡,183764,鄭白虬,180
183764,鄭白虬,183765,鄭尚仁,180
183765,鄭尚仁,183766,鄭彥,180
148353,鄭景山,183768,鄭伯愛,180
183768,鄭伯愛,183769,鄭身正,180
183765,鄭尚仁,183770,鄭次珍,180
183770,鄭次珍,183771,鄭寶,180
183771,鄭寶,183772,鄭道成,180
183772,鄭道成,183773,鄭履仁,180
183679,鄭簡,183779,鄭季方,180
183779,鄭季方,183780,鄭盆生,180
183780,鄭盆生,183781,鄭鴻猛,180
183781,鄭鴻猛,183782,鄭士則,180
183782,鄭士則,183783,鄭文表,180
183782,鄭士則,183784,鄭思忠,180
183784,鄭思忠,183785,鄭之諒,180
183784,鄭思忠,183787,鄭之信,180
183784,鄭思忠,183789,鄭之皓,180
183781,鄭鴻猛,183791,鄭士譽,180
183791,鄭士譽,183792,鄭才挺,180
183792,鄭才挺,183793,鄭大絢,180
183780,鄭盆生,183797,鄭鴻泉,180
183797,鄭鴻泉,183798,鄭貴,180
183798,鄭貴,183799,鄭福常,180
183799,鄭福常,183800,鄭思義,180
183799,鄭福常,183801,鄭思宰,180
183679,鄭簡,183803,鄭季騧,180
183803,鄭季騧,183804,鄭潁,180
183804,鄭潁,183805,鄭子規,180
183805,鄭子規,183806,鄭海,180
183806,鄭海,183807,鄭德仁,180
183807,鄭德仁,183808,鄭大雅,180
183807,鄭德仁,183818,鄭大惠,180
183807,鄭德仁,183835,鄭大威,180
183807,鄭德仁,183840,鄭弘禮,180
183806,鄭海,183843,鄭德崇,180
183806,鄭海,183844,鄭德玄,180
183844,鄭德玄,183845,鄭言約,180
183806,鄭海,183852,鄭乾嘉,180
183852,鄭乾嘉,183853,鄭大令,180
183852,鄭乾嘉,183857,鄭遵古,180
183852,鄭乾嘉,183858,鄭言顧,180
183803,鄭季騧,183863,鄭宵,180
183863,鄭宵,183864,鄭伯欽,180
183864,鄭伯欽,183865,鄭孝紀,180
183865,鄭孝紀,183866,鄭過庭,180
183803,鄭季騧,183930,鄭昞,180
183930,鄭昞,183931,鄭某,180
183931,鄭某,183932,鄭某,180
183932,鄭某,183933,鄭某,180
183933,鄭某,183934,鄭嘉範,180
183948,鄭蔣,183949,鄭則,180
192874,鍾寵,183953,鍾寶慎,180
183953,鍾寶慎,183954,鍾子威,180
183953,鍾寶慎,183959,鍾山操,180
183960,宋恭,183961,宋某,180
183961,宋某,183962,宋某,180
183962,宋某,183963,宋藥師,180
183963,宋藥師,183964,宋毓,180
183964,宋毓,183965,宋良,180
183965,宋良,183966,宋乾,180
152356,宋大辯,183969,宋守眘,180
152356,宋大辯,183974,宋守儉,180
183965,宋良,183978,宋子皓,180
183978,宋子皓,183979,宋某,180
183963,宋藥師,183981,宋景,180
183981,宋景,183982,宋某,180
183982,宋某,183983,宋孝王,180
183983,宋孝王,183984,宋俠,180
183985,宋畿,183986,宋榮國,180
183986,宋榮國,183987,宋某,180
183987,宋某,183988,宋某,180
183988,宋某,183989,宋弁,180
183989,宋弁,183990,宋紀,180
183990,宋紀,183991,宋欽道,180
31291,宋元節,183993,宋弘峻,180
183993,宋弘峻,183994,宋務本,180
183994,宋務本,183995,宋玄撫,180
183990,宋紀,184013,宋欽仁,180
184013,宋欽仁,184014,宋冏,180
184014,宋冏,184015,宋某,180
184015,宋某,184016,宋某,180
184022,宋洽,184023,宋某,180
184023,宋某,184024,宋謨,180
184024,宋謨,184025,宋欽,180
184025,宋欽,184026,宋某,180
184026,宋某,184027,宋某,180
184027,宋某,184028,宋正文,180
184024,宋謨,184029,宋瓊,180
184029,宋瓊,184030,宋仲羨,180
184030,宋仲羨,184031,宋某,180
184031,宋某,184032,宋某,180
184032,宋某,184033,宋延慶,180
194033,源彪,184047,源師民,180
31846,源誠心,184064,源匡讚,180
32044,牛弘,184079,牛方智,180
32044,牛弘,184080,牛某,180
184080,牛某,184081,牛某,180
184080,牛某,184094,牛某,180
184150,渾潭,184151,渾迥貴,180
184151,渾迥貴,184152,渾元慶,180
184179,齊琰,184180,齊健,180
184179,齊琰,184181,齊澄,180
184181,齊澄,184182,齊某,180
184182,齊某,184183,齊某,180
184183,齊某,184184,齊某,180
184184,齊某,184185,齊某,180
184185,齊某,184186,齊某,180
184179,齊琰,184191,齊粹,180
184191,齊粹,184192,齊某,180
184192,齊某,184193,齊某,180
184193,齊某,184194,齊某,180
184242,賈處澄,184243,賈玄禕,180
184242,賈處澄,184244,賈玄暐,180
184244,賈玄暐,184245,賈季良,180
184244,賈玄暐,184249,賈季鄰,180
31648,權文誕,184267,權崇本,180
170537,令狐虬,184320,令狐某,180
32966,令狐德棻,184336,令狐脩已,180
32974,令狐滔,184340,令狐峴,180
32974,令狐滔,184343,令狐?,180
184357,元謙,184358,元菩提,180
184358,元菩提,184359,元寶琳,180
184359,元寶琳,184360,元昭,180
184360,元昭,184361,元穎,180
184359,元寶琳,184370,元顧道,180
32243,元巖,184372,元琳,180
184372,元琳,184373,元義恭,180
184409,路纂,184410,路濤,180
184410,路濤,184411,路寄奴,180
184411,路寄奴,184412,路恃慶,180
184411,路寄奴,184413,路思令,180
184413,路思令,184414,路君儒,180
184409,路纂,184423,路神龜,180
184423,路神龜,184424,路某,180
184424,路某,184425,路某,180
184425,路某,184426,路某,180
184437,路建,184438,路某,180
184438,路某,184439,路某,180
184439,路某,184440,路慶,180
184440,路慶,184441,路彩,180
146061,路詮,184443,路元叡,180
146061,路詮,184457,路元哲,180
184476,白建,184479,白君慜,180
184479,白君慜,184480,白某,180
193924,徐孝嗣,184610,徐緄,180
184610,徐緄,184611,徐君敷,180
184611,徐君敷,184612,徐榮,180
184612,徐榮,184613,徐恕,180
184613,徐恕,184614,徐筠,180
184614,徐筠,184615,徐皎,180
184614,徐筠,184641,徐昭,180
184614,徐筠,184643,徐昕,180
184614,徐筠,184650,徐晦,180
184614,徐筠,184651,徐晧,180
184610,徐緄,184652,徐君賓,180
184652,徐君賓,184653,徐澈,180
184653,徐澈,184654,徐文遠,180
184654,徐文遠,184655,徐士安,180
184654,徐文遠,184695,徐有業,180
184653,徐澈,184705,徐士會,180
184705,徐士會,184706,徐弘禮,180
184653,徐澈,184707,徐士雅,180
184707,徐士雅,184708,徐有慶,180
184653,徐澈,184710,徐士師,180
184710,徐士師,184711,徐弘仁,180
184710,徐士師,184712,徐弘信,180
184710,徐士師,184713,徐弘度,180
184652,徐君賓,184714,徐文達,180
184714,徐文達,184715,徐奉誠,180
184714,徐文達,184716,徐奉信,180
184714,徐文達,184717,徐昌時,180
184717,徐昌時,184718,徐有鄰,180
192871,徐景初,184724,徐弘師,180
184724,徐弘師,184725,徐琛,180
184725,徐琛,184726,徐懋,180
184726,徐懋,184727,徐元起,180
184734,徐康,184728,徐蓋,180
184727,徐元起,184734,徐康,180
184734,徐康,184735,徐弼,180
192871,徐景初,184736,徐弘道,180
184736,徐弘道,184737,徐珍,180
184737,徐珍,184738,徐元隱,180
184738,徐元隱,184739,徐唐,180
184739,徐唐,184740,徐羌,180
184741,孔渠,184742,孔某,180
184742,孔某,184743,孔某,180
184743,孔某,184744,孔嗣哲,180
184757,孔碩,184758,孔安,180
92271,孔穎達,184760,孔志玄,180
92271,孔穎達,184764,孔志約,180
92271,孔穎達,184766,孔志亮,180
32912,獨孤子佳,184801,獨孤義盛,180
184801,獨孤義盛,184802,獨孤士約,180
194817,安某,184865,安興貴,180
184865,安興貴,184866,安恆安,180
184866,安恆安,184867,安文成,180
184865,安興貴,184875,安元表,180
194817,安某,184876,安脩仁,180
184876,安脩仁,184877,安永壽,180
184876,安脩仁,184878,安永達,180
184876,安脩仁,184885,安永昌,180
194706,田堪,184955,田璟,180
195471,鄭誠,186211,鄭善果,180
186426,皇甫德參,186425,皇甫寡過,180
186479,周法明,186478,周某,180
182081,周炅,186479,周法明,180
186573,李君績,186572,李義廉,180
186637,崔鑒,186636,崔秉德,180
191518,崔綽,186637,崔鑒,180
186880,李熙,186881,李天賜,180
186881,李天賜,186882,李起頭,180
186882,李起頭,186884,李達摩,180
159808,李虎,186885,李延伯,180
159808,李虎,186886,李真,180
186886,李真,186887,李道素,180
31122,李昺,186890,李澄,180
156128,李乞豆,186958,李泠,180
186958,李泠,186959,李义羅,180
186958,李泠,186960,李滿才,180
186960,李滿才,186961,李某,180
186961,李某,186962,李某,180
186885,李延伯,186968,李昭仲,180
186968,李昭仲,186969,李某,180
186969,李某,186970,李元璋,180
159808,李虎,186974,李岡,180
153613,李安,186976,李瓊,180
186976,李瓊,186977,李崇嗣,180
186976,李瓊,186979,李保定,180
153613,李安,186980,李璡,180
186980,李璡,186981,李洪嗣,180
160233,李琛,186983,李儉,180
153614,李孝恭,187104,李崇晦,180
153614,李孝恭,187106,李崇真,180
153613,李安,187107,李瑊,180
187107,李瑊,187108,李儉,180
153613,李安,187149,李崇敬,180
153613,李安,187216,李瓖,180
187216,李瓖,187217,李冲寂,180
187216,李瓖,187220,李冲玄,180
187216,李瓖,187225,李冲虛,180
153613,李安,187226,李哲,180
187226,李哲,187227,李瑋,180
187226,李哲,187229,李瑗,180
159808,李虎,187230,李璋,180
187230,李璋,187231,李孝基,180
187230,李璋,187256,李某,180
187256,李某,187257,李某,180
187257,李某,187258,李某,180
187261,李某,187262,李某,180
187262,李某,187263,李某,180
159808,李虎,187266,李繪,180
187266,李繪,187267,李贄,180
187267,李贄,187268,李道玄,180
187267,李贄,187269,李道明,180
187266,李繪,187270,李韶,180
187269,李道明,187271,李景融,180
187270,李韶,187282,李道宗,180
187282,李道宗,187283,李景悞,180
187282,李道宗,187284,李某,180
187282,李道宗,187290,李景仁,180
187270,李韶,187291,李道興,180
187270,李韶,187292,李道弼,180
187292,李道弼,187293,李某,180
160106,李禕,187297,李伯良,180
32531,李叔良,187299,李孝協,180
160106,李禕,187382,李仲良,180
187382,李仲良,187383,李去病,180
160106,李禕,187384,李季良,180
160106,李禕,187385,李德良,180
187385,李德良,187386,李仁裕,180
187386,李仁裕,187387,李晉,180
187386,李仁裕,187391,李欽,180
187385,李德良,187392,李仁敬,180
187385,李德良,187393,李仁方,180
187393,李仁方,187394,李處淨,180
160106,李禕,187395,李幼長,180
187395,李幼長,187396,李矩,180
32202,李神通,187398,李道彥,180
32202,李神通,187404,李孝{宀詧},180
32202,李神通,187405,李孝同,180
32202,李神通,187415,李孝慈,180
32202,李神通,187416,李孝本,180
32202,李神通,187417,李孝友,180
32202,李神通,187444,李孝義,180
32202,李神通,187481,李孝逸,180
187483,李仁鑒,187484,李某,180
187486,李德懋,187487,李思齊,180
186890,李澄,187600,李士衍,180
186890,李澄,187603,李世證,180
186890,李澄,187604,李世訓,180
32025,李湛,187605,李博义,180
186890,李澄,187605,李博义,180
32025,李湛,187625,李容兒,180
187625,李容兒,187626,李懷真,180
159827,李奉慈,187628,李義節,180
159827,李奉慈,187800,李知本,180
159827,李奉慈,187866,李行褒,180
159827,李奉慈,187868,李餘福,180
159827,李奉慈,187869,李餘慶,180
159827,李奉慈,187901,李圓滿,180
159827,李奉慈,187908,李寶積,180
159827,李奉慈,187913,李明遠,180
159827,李奉慈,187917,李明哲,180
32025,李湛,187918,李長沙,180
187918,李長沙,187919,李某,180
31122,李昺,187921,李洪,180
187921,李洪,187922,李盤陁,180
13059,李淵(唐高祖),187923,李建成,180
13059,李淵(唐高祖),187927,李智雲,180
13059,李淵(唐高祖),187929,李元禮,180
187929,李元禮,187930,李茂,180
187929,李元禮,187934,李蕃,180
187929,李元禮,187935,李蓁,180
13059,李淵(唐高祖),187945,李元則,180
187945,李元則,187946,李絢,180
166399,李元鳳,188007,李顒,180
166399,李元鳳,188017,李茂融,180
166399,李元鳳,188019,李堯臣,180
166399,李元鳳,188023,李舜臣,180
13059,李淵(唐高祖),188024,李元慶,180
188024,李元慶,188025,李誘,180
188024,李元慶,188026,李詢,180
188024,李元慶,188029,李諒,180
188024,李元慶,188031,李詡,180
188024,李元慶,188032,李謐,180
188024,李元慶,188033,李諲,180
188024,李元慶,188038,李?,180
13059,李淵(唐高祖),188055,李元裕,180
188055,李元裕,188056,李炅,180
13059,李淵(唐高祖),188057,李元名,180
188057,李元名,188058,李亶,180
188057,李元名,188062,李昭,180
13059,李淵(唐高祖),188063,李靈夔,180
13059,李淵(唐高祖),188071,李元祥,180
188071,李元祥,188072,李晫,180
188071,李元祥,188073,李晈,180
188071,李元祥,188217,李昕,180
188071,李元祥,188218,李晧,180
188071,李元祥,188219,李炅,180
188071,李元祥,188225,李晃,180
188071,李元祥,188227,李暹,180
13059,李淵(唐高祖),188233,李元嬰,180
188233,李元嬰,188234,李脩琦,180
188233,李元嬰,188235,李脩珌,180
188233,李元嬰,188236,李脩瑀,180
188233,李元嬰,188237,李脩瑤,180
188233,李元嬰,188238,李脩璩,180
188233,李元嬰,188241,李脩珍,180
188233,李元嬰,188242,李脩琬,180
188233,李元嬰,188243,李脩頊,180
188233,李元嬰,188244,李脩玘,180
188233,李元嬰,188245,李脩琨,180
188233,李元嬰,188246,李脩珽,180
188233,李元嬰,188247,李脩瑑,180
188233,李元嬰,188248,李脩琮,180
188233,李元嬰,188250,李脩珵,180
188233,李元嬰,188251,李脩琈,180
188233,李元嬰,188252,李脩琚,180
189334,馮早惠,189335,馮文儉,180
189499,王通,189498,王福祚,180
194475,李明,189564,李進德,180
191372,蕭某,189721,蕭某,180
156042,柳敏,189786,柳務,180
151291,元義全,189843,元翽,180
189851,元野順,189852,元雄,180
189852,元雄,189853,元胄,180
31422,元仁惠,189855,元懷簡,180
32080,韋恪,190203,韋挺,180
190206,王某,190207,王仲亨,180
32080,韋恪,190211,韋機,180
190446,苑璋,190445,苑孝文,180
190447,苑禮,190446,苑璋,180
190453,姚宣業,190452,姚安仁,180
190345,姚宏,190453,姚宣業,180
173371,李大辯,190502,李真瓊,180
190545,李屯,190546,獨孤盛,180
166528,獨孤楷,190547,獨孤凌雲,180
166528,獨孤楷,190548,獨孤平雲,180
166528,獨孤楷,190549,獨孤滕雲,180
166528,獨孤楷,190550,獨孤彥雲,180
166528,獨孤楷,190555,獨孤景雲,180
190546,獨孤盛,190578,獨孤僧達,180
193914,高秘,190612,高士訓,180
190664,盧某,190663,盧某,180
178701,盧懷仁,190664,盧某,180
15610,魏徵,190688,魏叔昇,180
190714,李裕,190713,李九臯,180
190769,魏之逷,190768,魏全珤,180
187929,李元禮,191036,李瑩,180
191148,李粲,191147,李實,180
191292,王昕,191291,王顗,180
191313,張沔,191312,張琵,180
191314,張叡,191313,張沔,180
191315,張暠,191314,張叡,180
191373,蕭恢,191372,蕭某,180
162162,蕭順之,191373,蕭恢,180
191436,李隨,191435,李某,180
191516,崔恃業,191515,崔懷德,180
191517,崔習,191516,崔恃業,180
186637,崔鑒,191517,崔習,180
191711,裴璥,191710,裴行素,180
172240,竇善衡,191844,竇玄蓋,180
32202,李神通,191906,李某,180
170237,顏之推,191921,顏敏楚,180
32430,顏師古,191923,顏趨庭,180
32430,顏師古,191924,顏揚庭,180
32430,顏師古,191925,顏某,180
32430,顏師古,191928,顏某,180
32431,顏相時,191932,顏益期,180
95030,顏游秦,191942,顏元勝,180
192013,王某,192012,王滿,180
192014,王瓊,192013,王某,180
192165,栢季纂,192164,栢敬仁,180
192177,郭才,192176,郭師,180
192178,郭悊,192177,郭才,180
153745,張立德,192453,張崇,180
192455,張某,192456,張大師,180
192455,張某,192457,張儉,180
192455,張某,192458,張延師,180
192646,王隆,192645,王某一,180
152493,鄭武叔,192663,鄭道瑗,180
192669,權某,192668,權文某,180
192762,韋逵,192760,韋閬,180
192760,韋閬,192761,韋道珍,180
192763,韋楷,192762,韋逵,180
192761,韋道珍,192764,韋邕,180
161971,韋旭,192765,韋敻,180
161971,韋旭,192766,韋叔裕,180
192767,韋真嘉,192768,韋祉,180
192877,韋某,192875,韋景略,180
192875,韋景略,192876,韋某,180
192878,韋某,192877,韋某,180
192878,韋某,192879,韋某,180
192879,韋某,192880,韋某,180
192880,韋某,192881,韋某,180
192911,侯安都,192910,侯某,180
193350,周某,193348,周頂某,180
193351,周某,193350,周某,180
193352,周衡,193351,周某,180
153439,孔德紹,193387,孔昌㝢,180
193407,孔宗範,193406,孔伯魚,180
193408,孔休源,193407,孔宗範,180
193409,孔珮,193408,孔休源,180
193410,孔華,193409,孔珮,180
193428,徐宴,193427,徐仁澈,180
193430,徐瓌,193428,徐宴,180
193614,王某,193613,王某,180
157867,王裒,193614,王某,180
193653,張儔,193652,張鵾,180
193654,張某,193653,張儔,180
193655,張裕,193654,張某,180
193883,裴詢,193882,裴規,180
193884,裴纂,193883,裴詢,180
194373,裴遼,193884,裴纂,180
193887,裴弘陁,193886,裴鴻琳,180
193888,裴祖念,193887,裴弘陁,180
193889,裴道護,193888,裴祖念,180
194415,裴冲,193889,裴道護,180
193889,裴道護,193890,裴次愛,180
162726,竇琮,193903,竇考勣,180
93608,陳叔達,193913,陳德,180
177640,于詮,193916,于文雅,180
193925,徐聿之,193924,徐孝嗣,180
193926,徐湛之,193925,徐聿之,180
193927,徐逵之,193926,徐湛之,180
180210,薛述,193932,薛務道,180
180215,薛濬,193938,薛玄祐,180
193943,于子安,193942,于子提,180
155666,于謹,193947,于簡,180
155666,于謹,193949,于廣,180
12255,蕭統,193952,蕭譽,180
12255,蕭統,193953,蕭?,180
12255,蕭統,193954,蕭譼,180
148978,蕭衍,193956,蕭綱,180
148978,蕭衍,193957,蕭續,180
148978,蕭衍,193958,蕭繹,180
148978,蕭衍,193959,蕭綜,180
148978,蕭衍,193960,蕭績,180
148978,蕭衍,193961,蕭綸,180
148978,蕭衍,193962,蕭紀,180
193956,蕭綱,193963,蕭大莊,180
193963,蕭大莊,193964,蕭岱,180
193966,蕭道賜,193967,蕭尚之,180
193966,蕭道賜,193968,蕭崇之,180
162162,蕭順之,193969,蕭懿,180
162162,蕭順之,193970,蕭敷,180
162162,蕭順之,193971,蕭暢,180
162162,蕭順之,193972,蕭融,180
162162,蕭順之,193973,蕭宏,180
162162,蕭順之,193974,蕭偉,180
162162,蕭順之,193975,蕭秀,180
162162,蕭順之,193976,蕭憺,180
191373,蕭恢,193977,蕭解,180
149356,蕭造,193979,蕭鳳龍,180
150172,蕭岑,193980,蕭瑳,180
177574,于象賢,193988,于德輿,180
142506,郭敬善,194000,郭田簡,180
142506,郭敬善,194001,郭田約,180
179787,陸琛,194003,陸山仁,180
150053,崔至仁,194018,崔積善,180
164927,崔公牧,194025,崔玄毅,180
145923,崔昂,194032,崔恪,180
196272,源子恭,194033,源彪,180
194036,杜仁則,194035,杜延福,180
194037,杜琳,194036,杜仁則,180
149356,蕭造,194120,蕭某,180
194120,蕭某,194121,蕭元恭,180
194132,顏亮,194131,顏顗,180
194133,顏慶,194132,顏亮,180
194135,虞世基,194134,虞遜,180
194164,沈不害,194163,沈某,180
152253,許叔牙,194168,許子儒,180
194252,姜圜,194245,姜真,180
194273,李儉,194272,李文禮,180
194274,李辯言,194273,李儉,180
181539,蘇世長,194286,蘇某,180
193969,蕭懿,194291,蕭業,180
193969,蕭懿,194292,蕭藻,180
193969,蕭懿,194293,蕭象,180
193969,蕭懿,194294,蕭猷,180
193969,蕭懿,194295,蕭朗,180
193969,蕭懿,194296,蕭軌,180
193969,蕭懿,194297,蕭明,180
194334,房翼,194333,房熊,180
195025,房某,194334,房翼,180
194334,房翼,194335,房豹,180
195027,歐陽景達,194337,歐陽僧寶,180
31894,裴大同,194362,裴昇,180
171033,裴安石,194368,裴義實,180
194374,裴訛,194373,裴遼,180
194375,裴定宗,194374,裴訛,180
193884,裴纂,194376,裴舒,180
193884,裴纂,194377,裴嗣,180
193884,裴纂,194378,裴秀,180
194376,裴舒,194379,裴昂,180
194379,裴昂,194380,裴玄運,180
172542,楊達,194383,楊則,180
170531,楊尚希,194384,楊壽旻,180
194384,楊壽旻,194385,楊徵,180
194391,韋鄭子,194390,韋瑱,180
194392,韋千雄,194391,韋鄭子,180
194393,韋惠度,194392,韋千雄,180
189341,韋叔裕,194394,韋諶,180
189341,韋叔裕,194395,韋霽,180
189341,韋叔裕,194396,韋靜,180
31146,韋瓚,194397,韋季貞,180
191518,崔綽,194399,崔標,180
194401,崔寅,194400,崔長謙,180
194403,裴叔業,194404,裴芬之,180
194403,裴叔業,194405,裴英之,180
194403,裴叔業,194406,裴藹之,180
194409,李勗,194408,李頤,180
194408,李頤,194411,李奉,180
194413,李吉,194412,李聰,180
194415,裴冲,194416,裴道子,180
194415,裴冲,194417,裴道大,180
194415,裴冲,194418,裴道會,180
194415,裴冲,194419,裴道賜,180
194416,裴道子,194420,裴德歡,180
194416,裴道子,194421,裴恩立,180
194416,裴道子,194422,裴輔立,180
194420,裴德歡,194423,裴禮,180
194425,柳緝,194424,柳僧習,180
194424,柳僧習,194426,柳鸑,180
194465,張羨,194464,張照,180
194470,竇敬遠,194469,竇紹,180
194476,李遠,194475,李明,180
194528,李仲恭,194527,李玄英,180
194529,李伏陁,194528,李仲恭,180
194532,崔邃,194531,崔誠表,180
194533,崔文孺,194532,崔邃,180
194534,崔子舒,194533,崔文孺,180
194610,馬士儒,194609,馬伯達,180
194676,穆弘遠,194675,穆固禮,180
194677,穆伽,194676,穆弘遠,180
194679,穆尊季,194677,穆伽,180
194676,穆弘遠,194678,穆固信,180
194680,穆韶,194679,穆尊季,180
194681,穆蒲坂,194680,穆韶,180
194682,穆忸頭,194681,穆蒲坂,180
194683,穆遂留,194682,穆忸頭,180
194684,穆崇,194683,穆遂留,180
194683,穆遂留,194685,穆觀,180
194720,王元素,194719,王瓌,180
194906,元白澤,194905,元某,180
151811,盧義恭,194920,盧某,180
194935,王寬,194934,王誨之,180
194982,李大經,194981,李元暉,180
32942,獨孤義恭,195010,獨孤士贇,180
195024,楊真,195023,楊承寶,180
195026,房法壽,195025,房某,180
195028,劉某,195029,劉環雋,180
195043,傅冲,195042,傅璀,180
186211,鄭善果,195053,鄭玄度,180
18635,許善心,195064,許某,180
195187,韓均,195186,韓晙,180
195188,韓茂,195187,韓均,180
195210,韓耆,195188,韓茂,180
195188,韓茂,195209,韓備,180
195256,馮長命,195255,馮仁,180
195257,馮世基,195256,馮長命,180
195258,馮謙,195257,馮世基,180
195256,馮長命,195259,馮義弘,180
195256,馮長命,195260,馮禮本,180
195264,樊某,195262,樊思孝,180
195265,樊子車,195264,樊某,180
195266,樊儒,195265,樊子車,180
195267,樊道則,195266,樊儒,180
195402,裴和,195401,裴鍾,180
195403,裴劭,195402,裴和,180
183989,宋弁,195413,宋維,180
195416,崔經,195414,崔辯,180
195414,崔辯,195415,崔逸,180
195417,崔琨,195416,崔經,180
195417,崔琨,195418,崔鬱,180
195420,李祥胤,195419,李壽,180
195421,李慶某,195420,李祥胤,180
195422,李子固,195421,李慶某,180
145768,李敬族,195423,李氏(李敬族女),180
145768,李敬族,195424,李德久,180
165721,盧愷,195441,盧義方,180
195441,盧義方,195442,盧嶷,180
195442,盧嶷,195443,盧琛,180
195455,鄭詮,195454,鄭仲達,180
195780,鄭道邕,195455,鄭詮,180
146112,李憲,195458,李希仁,180
146112,李憲,195459,李騫,180
146112,李憲,195460,李長鈞,180
195460,李長鈞,195461,李譚亮,180
195460,李長鈞,195462,李譚德,180
195470,鄭玄勖,195469,鄭崇嗣,180
186211,鄭善果,195470,鄭玄勖,180
195472,鄭孝穆,195471,鄭誠,180
172205,竇普行,195473,竇令嗣,180
195476,鄭偉,195475,鄭某,180
173411,李瑾,195486,李產之,180
195635,丘和,195632,丘孝忠,180
195642,丘壽,195635,丘和,180
195635,丘和,195636,丘師利,180
195635,丘和,195637,丘行本,180
195635,丘和,195638,丘行恭,180
195635,丘和,195639,丘孝恭,180
195635,丘和,195640,丘行整,180
195635,丘和,195641,丘行淹,180
181007,韋義節,195777,韋懷德,180
195871,韓倫,195870,韓某,180
195898,趙煦,195897,趙徵,180
195899,趙世立,195898,趙煦,180
195900,趙顯和,195899,趙世立,180
195936,鮮于緒,195920,鮮于明,180
195920,鮮于明,195922,鮮于匡贊,180
195922,鮮于匡贊,195923,鮮于迺,180
155468,鮮于匡紹,195933,鮮于建業,180
155468,鮮于匡紹,195934,鮮于建宗,180
195920,鮮于明,195935,鮮于匡濟,180
195922,鮮于匡贊,195945,鮮于士簡,180
195951,李某,195950,李如順,180
195952,李禮成,195951,李某,180
196130,元善禕,196131,元某,180
196177,李廣,196176,李忠,180
196196,趙某,196195,趙某,180
195899,趙世立,196196,趙某,180
196266,元禎,196267,元成,180
196273,源懷,196272,源子恭,180
196273,源懷,196274,源子邕,180
148590,封回,196294,封延之,180
194333,房熊,196335,房彥詡,180
178628,辛猷,196357,辛某,180
196362,呂行鈞,196363,呂某,180
196399,呂某,196394,呂休,180
196400,呂珪,196399,呂某,180
135247,張麗華,339336,陳深,180
149293,李公挺,437509,李辯,180
444871,薛汪,444796,薛舉,180
13059,李淵(唐高祖),444797,李玄霸,180
444804,劉匡,444800,劉武周,180
444805,趙氏(劉武周母),444800,劉武周,180
444821,蕭璿,444814,蕭銑,180
444829,沈恪,444828,沈法興,180
444940,龐茂,444855,龐卿惲,180
444855,龐卿惲,444861,龐同善,180
444796,薛舉,444872,薛仁越,180
444828,沈法興,444962,沈綸,180
12256,蕭詧(西梁宣帝),444997,蕭嶚,180
13060,李世民(唐太宗),512557,李祐,180
13060,李世民(唐太宗),512588,李寬,180
13060,李世民(唐太宗),512593,李愔,180
13060,李世民(唐太宗),512594,李囂,180
13060,李世民(唐太宗),512595,李簡(代王),180
13060,李世民(唐太宗),512596,李福(趙王),180
13060,李世民(唐太宗),512597,李明(曹王),180
31777,竇毅,13059,李淵(唐高祖),181
31065,長孫晟,13060,李世民(唐太宗),181
13060,李世民(唐太宗),20213,劉玄意,181
31208,楊士達,24636,武士彠,181
32191,劉志逵,26934,姚懿,181
18636,許敬宗,30584,錢九龍,181
18636,許敬宗,30588,馮威,181
12175,劉裕,30924,褚湛之,181
12257,蕭巋,30957,楊廣(隋煬帝),181
30953,楊忠,30961,豆盧通,181
30956,楊堅,30965,豆盧寬,181
338239,馮朗,31008,拓跋濬,181
31014,元寶矩,31016,韋世康,181
13060,李世民(唐太宗),31072,長孫詮,181
31131,李玄明,31111,楊德裔,181
31947,崔鳳舉,31190,韋玄貞,181
13059,李淵(唐高祖),31207,楊思敬,181
31770,宇文泰,31475,于翼,181
28919,元宏延,31543,盧道虔,181
32430,顏師古,31665,殷仲容,181
31770,宇文泰,31777,竇毅,181
13059,李淵(唐高祖),31780,竇誕,181
31780,竇誕,31789,柳享,181
13060,李世民(唐太宗),31816,竇逵,181
13059,李淵(唐高祖),31918,裴律師,181
31968,韋仁基,31991,裴希惇,181
145923,崔昂,32158,李孝貞,181
32212,崔弘昇,32210,楊昭,181
13059,李淵(唐高祖),32289,崔恭禮,181
31660,殷英童,32432,顏勸禮,181
31785,柳則,32432,顏勸禮,181
31029,韋冲,32555,楊暕,181
32773,元貴平,32771,陸騰,181
120214,劉義隆,120215,王藻,181
146425,何環,138718,劉粲,181
146444,張勢,138723,胡永,181
146474,仲翔,138739,郭雲,181
146489,趙懿,138744,某謩,181
146547,廣之,138770,徐純,181
146562,安澤公,138774,長孫仁,181
148976,蕭寵,138779,蕭瑤,181
146610,范通,138788,某孝基,181
146680,陳毅,138816,姚暢,181
146691,趙祖連,138818,王通,181
146752,楊祚,138848,李桀,181
146766,孝通,138853,孔長寧,181
146781,趙慶,138859,張育,181
146800,超越,138864,命某,181
146809,翟休,138869,某昉,181
162682,阮奏,138888,某秀,181
146878,國某,138891,董柱,181
146892,楚先,138920,金行舉,181
146937,侯伯和,138939,某才,181
147023,王貴,138973,趙安,181
147127,郭祥,139015,郭嘉,181
147181,彭百,139034,韓通,181
147206,子治,139043,盧萬春,181
195430,崔子治,139043,盧萬春,181
147216,孫弘,139046,王孝瑜,181
147253,張明,139058,王禮,181
147326,長孫某,139086,程雄,181
147336,王某(樂文義岳父),139089,樂文義,181
147364,董某(段秀岳父),139101,段秀,181
147373,成寧,139105,王立,181
147394,柳唐,139113,常某,181
147409,張諤,139118,韓政,181
147448,趙玄,139136,某紹業,181
147616,馮科,139202,苗明,181
147628,逯某,139205,王力士,181
147629,王寧,139206,張泉,181
147701,魏彥,139242,王朗,181
147741,趙徽,139259,張興,181
147760,梁寵,139264,某汪,181
147827,張才,139290,秦義,181
147868,陰才,139306,蘭達,181
147880,竇明,139309,皇甫某,181
147892,康府君(安師岳父),139312,安師,181
149240,蔡悅,139325,張覽,181
149314,王暉,139349,寵德威,181
149335,劉運,139354,李善智,181
149424,麴明,139381,張雄,181
149435,樂卿,139383,陳平,181
149469,董淳,139397,皇甫玄志,181
147929,施道,139409,鄧威,181
148755,張興,139411,李辯,181
147943,陳和,139413,呂德,181
147971,欽寂,139425,皇甫璧,181
148005,辛昌,139435,強偉,181
148230,李宗,139519,王和,181
148236,宋倫,139520,張仁,181
148348,伯愛,139557,李爽,181
183768,鄭伯愛,139557,李爽,181
148364,劉亮,139561,王德,181
148386,淳于悤,139571,曹德,181
148397,郭衡,139575,上官義,181
148412,鄭毗沙,139582,劉德閏,181
148464,車胡,139597,某碩,181
148475,德遇,139599,趙德令,181
148483,王仁本,139600,呂道,181
148572,楊藏,139633,某某,181
148588,李規,139637,封泰,181
148640,薛會,139650,李志,181
148701,李瓊,139669,楊晟,181
148714,戴通,139673,董仁,181
148720,贾廉,139674,張威,181
148725,孫仕,139675,任某,181
148731,楊雄,139676,侯彪,181
148763,王賓,139686,張貞,181
148933,吴某(馬珍岳父),139751,馬珍,181
149479,行本,139839,楊師善,181
149547,張念祖,139860,王玄裕,181
149558,張公,139862,元罕,181
149667,柳淮卿,139894,陳察,181
149986,馬恪,140025,呼延章,181
138722,屈突通,140043,崔玄籍,181
150256,孟政,140093,袁公瑜,181
150479,斛律義,140157,陳叔度,181
151475,世倫,140377,李元確,181
192668,權文某,140535,鄭進思,181
151983,蔡頊,140609,朱信,181
161894,善道,142235,徐彪,181
163336,劉佺,142308,柳行滿,181
163338,乙弗武,142308,柳行滿,181
163393,魏孝液,142318,李義琳,181
162019,神安,142412,牛秀,181
162089,楊舍才,142445,某某,181
162156,法言,142478,張言+歲,181
162169,邊集,142480,段文政,181
162358,崔信,142562,程知節,181
162359,陸兒,142562,程知節,181
162469,大惠,142598,李某基,181
162476,太宗,142599,王大禮,181
162485,姚儉,142602,斛斯政則,181
162492,崔年,142603,李釋,181
162532,彥徵,142621,王韋,181
162553,長仁,142628,嚴師,181
162600,寶璡,142644,姬溫,181
162617,抑行,142652,范褒,181
162140,元務整,142663,唐河上,181
162661,張琮,142668,陳劼,181
162773,元為,142692,馮瓊,181
162812,張延師,142704,郭敬宗,181
162819,鄭璋,142706,苗裕,181
151747,李德瑋,142713,格處仁,181
162930,宋順,142732,王林,181
162966,申嗣,142742,崔拏,181
163019,郭琳,142758,孔業,181
163152,朱延載,142795,袁子游,181
163613,盧之信,142819,李嗣本,181
157372,高覲王,142833,于尚範,181
163945,段志合,142897,霍處訥,181
195413,宋維,145764,李祖牧,181
193613,王某,145901,奚陟,181
147605,崔文康,145913,李義璋,181
195487,若干金明,146121,薛元嘏,181
177785,崔楷,146168,李希宗,181
195053,鄭玄度,146199,盧正道,181
177305,崔玄泰,146210,盧普德,181
139557,李爽,146217,盧承基,181
138708,庫狄真相,146391,李某(庫狄真相婿),181
146112,李憲,147250,崔仲哲,181
140413,孫安,151637,張某(孫安婿),181
195414,崔辯,174154,李叔胤,181
183989,宋弁,174199,李希遠,181
186211,鄭善果,178811,盧將明,181
195486,李產之,179034,盧文構,181
190206,王某,190203,韋挺,181
194537,李某,194535,裴暉,181
12198,歐陽紇,3685,歐陽詢,182
11599,蘇威,11600,蘇夔,182
11600,蘇夔,11601,蘇最,182
12195,歐陽景達,12196,歐陽僧寶,182
12196,歐陽僧寶,12197,歐陽頠,182
12197,歐陽頠,12198,歐陽紇,182
12199,歐陽通,12200,歐陽幼明,182
12254,蕭衍,12255,蕭統,182
12257,蕭巋,12258,蕭琮,182
33101,蕭珣,12260,蕭鈞,182
12365,楊鈞,12366,楊暄,182
12369,張君政,12371,張子虔,182
12398,張始均,12402,張暠之,182
12403,張晏之,12404,張虔威,182
32569,敬長瑜,12839,敬德亮,182
31122,李昺,13059,李淵(唐高祖),182
17129,房彥謙,17130,房玄齡,182
17134,房恭懿,17135,房彥雲,182
32628,崔宗伯,17726,崔休,182
18633,許懋,18634,許亨,182
18634,許亨,18635,許善心,182
18635,許善心,18636,許敬宗,182
18636,許敬宗,18637,許昂,182
19237,郭履球,19238,郭昶,182
19238,郭昶,19239,郭通,182
20210,劉仕雋,20211,劉坦,182
20211,劉坦,20212,劉政會,182
20212,劉政會,20213,劉玄意,182
20310,劉昭,20308,劉文靜,182
20307,劉頤,20310,劉昭,182
33740,陸玄之,20530,陸元方,182
20677,馬暹,20678,馬瑗,182
20678,馬瑗,20679,馬周,182
21298,陳文讚,21299,陳談先,182
21302,陳頊,21303,陳叔寶,182
33244,韓賢,22448,韓符,182
22466,李暠,22467,李寶,182
12366,楊暄,22489,楊敷,182
22489,楊敷,22490,楊素,182
22491,楊約,22492,楊弘禮,182
22789,虞檢,22790,虞荔,182
22790,虞荔,22792,虞世基,182
24632,武華,24633,武士稜,182
26933,姚祥,26934,姚懿,182
22624,杜遜,30861,杜淹,182
30859,杜徽,30861,杜淹,182
30860,杜吒,30864,杜如晦,182
11965,王通,30884,王福郊,182
15610,魏徵,30891,魏叔玉,182
30924,褚湛之,30926,褚淵,182
30926,褚淵,30927,褚賁,182
30925,褚法顯,30931,褚炤,182
30936,褚亮,30937,褚遂賢,182
30938,褚遂良,30940,褚彥甫,182
30962,豆盧勣,30963,豆盧賢,182
30969,姚僧坦,30970,姚察,182
30972,姚處年,30973,姚,182
22264,韋瑱,30994,韋峻,182
30998,韋逵,30999,韋閬,182
31000,韋真善,31001,韋旭,182
31001,韋旭,31004,韋敬遠,182
31004,韋敬遠,31016,韋世康,182
31016,韋世康,31017,韋福,182
31017,韋福,31018,韋悰,182
31019,韋鴻冑,31021,韋澄,182
31022,韋淹,31023,韋雲起,182
31037,韋津,31038,韋琬,182
31039,韋琨,31045,韋暢,182
31061,長孫子裕,31062,長孫紹遠,182
31070,長孫覽,31069,長孫淇,182
31062,長孫紹遠,31070,長孫覽,182
31078,韋弘瑗,31079,韋德倫,182
31079,韋德倫,31080,韋思謙,182
31093,唐和,31094,唐欽,182
31124,李琰之,31125,李剛,182
31125,李剛,31126,李充節,182
31129,李充穎,31131,李玄明,182
31146,韋瓚,31147,韋叔諧,182
31166,楊紹,31167,楊士雄,182
31167,楊士雄,31168,楊恭仁,182
31183,韋議,31184,韋仁,182
31184,韋仁,31185,韋弘慶,182
31021,韋澄,31194,韋慶嗣,182
31171,楊縯,31205,楊思昭,182
31223,張長諧,31224,張行鈞,182
31224,張行鈞,31227,張希藏,182
31034,韋匡伯,31233,韋思言,182
30994,韋峻,31238,韋真,182
31238,韋真,31239,韋懷敬,182
31268,崔挺,31269,崔孝芬,182
31270,崔宣度,31271,崔公業,182
31271,崔公業,31272,崔元植,182
31272,崔元植,31273,崔茂,182
31319,韋兢,31320,韋巨山,182
30587,馮盎,31402,馮戣,182
31418,韋鼎,31419,韋希仲,182
31467,于洛拔,31468,于烈,182
31473,于謹,31474,于寔,182
31476,于義,31477,于宣道,182
31485,于志寧,31486,于立政,182
31487,于仲文,31488,于欽明,182
31519,崔玄伯,31520,崔浩,182
31531,盧度世,31532,盧淵,182
31532,盧淵,31533,盧道將,182
31534,盧思道,31535,盧赤松,182
31535,盧赤松,31536,盧承慶,182
18767,薛道衡,31549,薛大年,182
31573,李野工,31574,李鎮惡,182
31586,孫伯禮,31587,孫孝敏,182
31623,岑善方,31624,岑之元,182
31628,岑文本,31630,岑曼倩,182
31634,盧元德,31635,盧士徹,182
31636,盧仁師,31637,盧世表,182
31645,苻堅,31646,苻丕,182
31648,權文誕,31649,權崇嗣,182
31654,殷高明,31655,殷不害,182
31658,殷不佞,31659,殷梵童,182
31692,唐弘,31693,唐皎,182
31266,崔琨,31698,崔經,182
31698,崔經,31699,崔辨,182
31719,劉琨,31720,劉務本,182
31720,劉務本,31721,劉藏器,182
31633,盧昶,31729,盧元隆,182
31761,柳僧習,31763,柳鷟,182
31763,柳鷟,31766,柳帶韋,182
31766,柳帶韋,31767,柳祚,182
31765,柳檜,31768,柳斌,182
31776,竇善,31778,竇榮定,182
31778,竇榮定,31779,竇抗,182
31762,柳慶,31781,柳機,182
31783,柳旦,31784,柳燮,182
31791,柳子陽,31789,柳享,182
31791,柳子陽,31792,柳誠言,182
31810,柳季遠,31809,柳遐,182
31815,竇靜,31816,竇逵,182
31817,竇師綸,31818,竇尚義,182
31828,源賀,31829,源延,182
31830,源懷,31832,源規,182
31839,源師,31840,源崑玉,182
31874,裴順宗,31875,裴叔寶,182
31882,裴羅,31881,裴公緯,182
31903,裴伯鳳,31904,裴定,182
31904,裴定,31905,裴仁基,182
31917,裴寂,31918,裴律師,182
31942,崔綽,31943,崔標,182
31126,李充節,31964,李大通,182
31974,裴澄,31975,裴景漢,182
31975,裴景漢,31977,裴鏡民,182
31977,裴鏡民,31978,裴熙載,182
31988,裴尼,31989,裴之隱,182
32044,牛弘,32045,牛方大,182
32064,蕭順之,32065,蕭懿,182
32101,崔鑒,32102,崔合,182
32105,崔仲琰,32106,崔君昭,182
13060,李世民(唐太宗),32126,李承乾,182
31571,李希禮,32158,李孝貞,182
32184,裴操之,32185,裴宏泰,182
26934,姚懿,32193,姚元景,182
32201,李亮,32202,李神通,182
30957,楊廣(隋煬帝),32210,楊昭,182
31701,崔說,32211,崔弘度,182
32213,崔弘峻,32214,崔儼,182
32217,白建,32218,白士通,182
32218,白士通,32219,白志善,182
32242,元禎,32243,元巖,182
32244,元弘,32245,元義端,182
32286,崔謙,32287,崔曠,182
32288,崔確,32289,崔恭禮,182
32309,鄭希,32310,鄭道育,182
32311,鄭子柔,32312,鄭師萬,182
32317,盧道舒,32318,盧熙裕,182
32328,楊岐,32329,楊行表,182
32329,楊行表,32330,楊敏,182
32336,王直,32337,王武宣,182
32337,王武宣,32338,王德本,182
32340,王長諧,32341,王德元,182
13751,張公謹,32360,張大象,182
32367,鄭幼儒,32368,鄭敬道,182
32368,鄭敬道,32369,鄭正則,182
32370,鄭德淹,32371,鄭行諶,182
17135,房彥雲,32378,房玄基,182
32392,崔孝暐,32393,崔昂,182
32394,崔寂,32395,崔曇首,182
32414,顏含,32416,顏髦,182
32424,顏協,32425,顏之義,182
32426,顏之推,32427,顏思魯,182
32427,顏思魯,32430,顏師古,182
32453,李華,32454,李敬養,182
32454,李敬養,32455,李仲通,182
32455,李仲通,32456,李孝端,182
32456,李孝端,32457,李知本,182
32449,殷履直,32459,殷嘉紹,182
32514,歐陽允,32515,歐陽諶,182
12838,敬顯雋,32569,敬長瑜,182
32632,崔公華,32633,崔大質,182
32651,盧景柔,32652,盧元幹,182
32736,李玄道,32737,李正基,182
32769,陸彌,32770,陸旭,182
32770,陸旭,32771,陸騰,182
32771,陸騰,32774,陸玄,182
22571,楊文偉,32798,楊榮,182
32806,陸雍,32807,陸元明,182
32807,陸元明,32808,陸敬義,182
32830,楊綱,32831,楊思謙,182
32837,裴師義,32839,裴懷感,182
32854,劉林甫,32855,劉祥道,182
32855,劉祥道,32856,劉齊賢,182
32912,獨孤子佳,32942,獨孤義恭,182
32686,崔彭,32991,崔寶德,182
32995,鄭弼,32996,鄭九思,182
164581,王僧辯,33012,王顗,182
33013,王珪,33014,王崇基,182
32318,盧熙裕,33018,盧士倫,182
31544,盧昌衡,33022,盧寶素,182
33055,薛亮,33056,薛琰,182
33057,薛謨,33058,薛文思,182
33058,薛文思,33059,薛希曾,182
12259,蕭瑀,33097,蕭銳,182
33105,皇甫珍義,33106,皇甫文房,182
33242,韓冑,33243,韓護,182
33243,韓護,33244,韓賢,182
33685,顧胤,33686,顧琮,182
33731,陸閑,33732,陸厥,182
33733,陸完,33734,陸丘公,182
33734,陸丘公,33738,陸琛,182
33738,陸琛,33739,陸東之,182
33735,陸令公,33741,陸琰,182
33736,陸雲公,33743,陸瓊,182
33737,陸晏子,33744,陸玠,182
33743,陸瓊,33745,陸從宜,182
12253,蕭道成,34005,蕭賾,182
34005,蕭賾,34006,蕭長懋,182
34006,蕭長懋,34007,蕭昭業,182
34009,蕭道生,34010,蕭鸞,182
32210,楊昭,35370,楊侑,182
35370,楊侑,35371,楊行基,182
31894,裴大同,162208,裴炎,182
17130,房玄齡,172929,房遺直,182
135646,竇氏(太穆皇后),187923,李建成,182
444796,薛舉,444795,薛仁杲,182
11600,蘇夔,11603,蘇亶,183
12010,蔡興宗,12011,蔡約,183
12369,張君政,12370,張子冑,183
12398,張始均,12403,張晏之,183
12403,張晏之,12405,張虔雄,183
12405,張虔雄,12406,張文瓘,183
21298,陳文讚,12828,陳霸先,183
135646,竇氏(太穆皇后),13060,李世民(唐太宗),183
17133,房謨,17134,房恭懿,183
17135,房彥雲,17138,房玄靜,183
18767,薛道衡,18768,薛收,183
12365,楊鈞,22501,楊穆,183
32478,杜景秀,22624,杜遜,183
22789,虞檢,22791,虞寄,183
22790,虞荔,22793,虞世南,183
24632,武華,24634,武冲,183
26934,姚懿,26935,姚崇,183
30859,杜徽,30860,杜吒,183
30861,杜淹,30863,杜敬同,183
11965,王通,30885,王福畤,183
15610,魏徵,30892,魏叔琬,183
30926,褚淵,30928,褚蓁,183
30925,褚法顯,30932,褚炫,183
30936,褚亮,30938,褚遂良,183
30938,褚遂良,30941,褚彥冲,183
30962,豆盧勣,30964,豆盧毓,183
30972,姚處年,30974,姚珽,183
30998,韋逵,31000,韋真善,183
31001,韋旭,31015,韋孝寬,183
31019,韋鴻冑,31022,韋淹,183
31015,韋孝寬,31033,韋總,183
31033,韋總,31034,韋匡伯,183
31037,韋津,31039,韋琨,183
31039,韋琨,31047,韋展,183
31060,長孫稚,31061,長孫子裕,183
31061,長孫子裕,31063,長孫兕,183
31063,長孫兕,31064,長孫熾,183
31069,長孫淇,31071,長孫操,183
22466,李暠,31117,李歆,183
31120,李天賜,31121,李虎,183
31125,李剛,31127,李充信,183
31131,李玄明,31132,李敬本,183
31167,楊士雄,31169,楊綝,183
31168,楊恭仁,31178,楊思訓,183
31021,韋澄,31195,韋慶植,183
31171,楊縯,31206,楊思玄,183
31223,張長諧,31225,張行成,183
31034,韋匡伯,31234,韋思齊,183
22264,韋瑱,31236,韋師,183
31266,崔琨,31267,崔鬱,183
31288,宋紀,31289,宋欽仁,183
13059,李淵(唐高祖),31303,李元嘉,183
31333,陳迴,31325,陳嗣,183
30587,馮盎,31403,馮玳,183
31166,楊紹,31432,楊士貴,183
31432,楊士貴,31434,楊譽,183
31436,唐契,31437,唐純,183
31440,唐邕,31441,唐敏,183
31473,于謹,31475,于翼,183
31476,于義,31478,于宣敏,183
31477,于宣道,31485,于志寧,183
31474,于寔,31487,于仲文,183
31485,于志寧,31495,于慎言,183
31527,盧諶,31528,盧偃,183
31530,盧玄,31531,盧度世,183
31550,薛行,31551,薛仁偉,183
31571,李希禮,31572,李孝基,183
31623,岑善方,31625,岑之利,183
31531,盧度世,31632,盧敏,183
31633,盧昶,31634,盧元德,183
31635,盧士徹,31636,盧仁師,183
31648,權文誕,31650,權崇基,183
32214,崔儼,31702,崔皚,183
31761,柳僧習,31764,柳虯,183
31765,柳檜,31769,柳雄亮,183
31775,竇岳,31777,竇毅,183
31762,柳慶,31782,柳弘,183
31783,柳旦,31785,柳則,183
31779,竇抗,31815,竇靜,183
31828,源賀,31830,源懷,183
31830,源懷,31833,源榮,183
31874,裴順宗,31876,裴叔業,183
31877,裴令寶,31878,裴彥遠,183
31882,裴羅,31885,裴公繹,183
31947,崔鳳舉,31948,崔從禮,183
31126,李充節,31965,李大亮,183
31975,裴景漢,31976,裴文度,183
31980,裴大方,31981,裴居士,183
31974,裴澄,31988,裴尼,183
31989,裴之隱,31990,裴希仁,183
32044,牛弘,32046,牛方裕,183
32063,蕭副,32064,蕭順之,183
31942,崔綽,32101,崔鑒,183
32101,崔鑒,32103,崔秉,183
32104,崔仲哲,32105,崔仲琰,183
32105,崔仲琰,32107,崔君昇,183
32182,裴英,32181,裴彥,183
32182,裴英,32183,裴兢,183
31701,崔說,32212,崔弘昇,183
32243,元巖,32244,元弘,183
32212,崔弘昇,32284,崔處仁,183
31700,崔楷,32286,崔謙,183
32312,鄭師萬,32313,鄭依義,183
32319,盧士繪,32320,盧方慶,183
32320,盧方慶,32321,盧昭彩,183
32337,王武宣,32339,王德真,183
32336,王直,32340,王長諧,183
13751,張公謹,32361,張大素,183
31268,崔挺,32392,崔孝暐,183
32393,崔昂,32394,崔寂,183
32395,崔曇首,32396,崔紹睿,183
11599,蘇威,32402,蘇季子,183
32414,顏含,32417,顏謙,183
32424,顏協,32426,顏之推,183
32426,顏之推,32428,顏愍楚,183
32427,顏思魯,32431,顏相時,183
32477,杜顒,32478,杜景秀,183
32478,杜景秀,32485,杜懿,183
32485,杜懿,32487,杜乾祐,183
32530,李褘,32531,李叔良,183
32531,李叔良,32532,李孝斌,183
32532,李孝斌,32533,李思誨,183
32545,郭待舉,32546,郭泰初,183
30957,楊廣(隋煬帝),32555,楊暕,183
32569,敬長瑜,32570,敬肅,183
31628,岑文本,32579,岑景倩,183
31767,柳祚,32584,柳範,183
32628,崔宗伯,32629,崔寅,183
32633,崔大質,32634,崔玄弼,183
31632,盧敏,32650,盧義惇,183
32650,盧義惇,32651,盧景柔,183
32680,杜保,32679,杜義寬,183
32686,崔彭,32687,崔知德,183
32733,李韶,32734,李瑾,183
32734,李瑾,32735,李行之,183
32735,李行之,32736,李玄道,183
32753,李希騫,32754,李仲卿,183
32771,陸騰,32775,陸融,183
31955,崔仁師,32792,崔擢,183
32807,陸元明,32809,陸敦信,183
32808,陸敬義,32810,陸遵楷,183
32836,裴鴻,32837,裴師義,183
32854,劉林甫,32858,劉慶道,183
32919,獨孤義順,32920,獨孤元康,183
32965,令狐虯,32967,令狐整,183
32367,鄭幼儒,32993,鄭敬德,183
32994,鄭撝,32995,鄭弼,183
31894,裴大同,33002,裴旦,183
33012,王顗,33013,王珪,183
33013,王珪,33015,王敬直,183
33022,盧寶素,33023,盧安志,183
33029,薛裕,33030,薛敬德,183
33056,薛琰,33057,薛謨,183
31017,韋福,33619,韋憬,183
33058,薛文思,33635,薛希莊,183
33730,陸惠徹,33731,陸閑,183
33733,陸完,33735,陸令公,183
33735,陸令公,33742,陸瑜,183
32836,裴鴻,33909,裴師道,183
33909,裴師道,33910,裴懷儉,183
34006,蕭長懋,34008,蕭昭文,183
34004,蕭承之,34009,蕭道生,183
34010,蕭鸞,34011,蕭寶卷,183
32974,令狐滔,92401,令狐峘,183
136159,徐勉,134693,徐悱,183
17130,房玄齡,172943,房遺愛,183
34004,蕭承之,12253,蕭道成,184
32064,蕭順之,12254,蕭衍,184
12365,楊鈞,12367,楊儉,184
13751,張公謹,13752,張大安,184
16433,狄孝緒,16434,狄知遜,184
17128,房熊,17129,房彥謙,184
31692,唐弘,17868,唐臨,184
22491,楊約,22493,楊弘武,184
12367,楊儉,22557,楊文昇,184
24632,武華,24635,武士逸,184
25793,王羲之,25794,王徽之,184
15610,魏徵,30893,魏叔璘,184
31034,韋匡伯,31035,韋思仁,184
31037,韋津,31040,韋璲,184
31063,長孫兕,31065,長孫晟,184
31098,唐宗,31099,唐諧,184
31117,李歆,31118,李重耳,184
31125,李剛,31129,李充穎,184
31167,楊士雄,31170,楊續,184
31182,韋延賓,31183,韋議,184
31184,韋仁,31189,韋弘表,184
31171,楊縯,31207,楊思敬,184
31166,楊紹,31208,楊士達,184
17121,慕容雋,31260,慕容暐,184
31269,崔孝芬,31270,崔宣度,184
31288,宋紀,31290,宋欽道,184
31310,李詮,31312,李靖,184
31311,李正明,31316,李偉,184
31473,于謹,31476,于義,184
31488,于欽明,31489,于敬之,184
31623,岑善方,31626,岑之象,184
31531,盧度世,31633,盧昶,184
31641,苻洪,31642,苻健,184
31648,權文誕,31651,權崇先,184
17868,唐臨,31695,唐景,184
31699,崔辨,31700,崔楷,184
31700,崔楷,31701,崔說,184
31718,劉偉,31719,劉琨,184
31761,柳僧習,31765,柳檜,184
31774,竇略,31775,竇岳,184
31779,竇抗,31780,竇誕,184
31762,柳慶,31783,柳旦,184
31783,柳旦,31786,柳綽,184
31787,柳楷,31788,柳子夏,184
31802,柳惔,31803,柳映,184
31828,源賀,31831,源奐,184
31830,源懷,31834,源徽,184
31839,源師,31846,源誠心,184
31874,裴順宗,31877,裴令寶,184
31876,裴叔業,31920,裴簡之,184
31989,裴之隱,31991,裴希惇,184
31122,李昺,32025,李湛,184
32103,崔秉,32104,崔仲哲,184
31146,韋瓚,32152,韋叔謙,184
32157,李孝威,32159,李太冲,184
32159,李太冲,32160,李嗣業,184
32180,裴智深,32182,裴英,184
31701,崔說,32213,崔弘峻,184
32214,崔儼,32274,崔晊,184
31532,盧淵,32317,盧道舒,184
32327,楊湋,32328,楊岐,184
32426,顏之推,32429,顏遊素,184
32427,顏思魯,32432,顏勸禮,184
32286,崔謙,32686,崔彭,184
31570,李慶業,32753,李希騫,184
32754,李仲卿,32755,李文政,184
32755,李文政,32756,李晉,184
32798,楊榮,32799,楊恪,184
32854,劉林甫,32857,劉應道,184
32912,獨孤子佳,32913,獨孤叔德,184
32919,獨孤義順,32922,獨孤元慶,184
32993,鄭敬德,32994,鄭撝,184
18764,薛瑚,33027,薛种,184
33028,薛善,33029,薛裕,184
12259,蕭瑀,33098,蕭鉞,184
12254,蕭衍,33251,蕭綱,184
33731,陸閑,33733,陸完,184
33733,陸完,33736,陸雲公,184
33738,陸琛,33740,陸玄之,184
33743,陸瓊,33746,陸從典,184
136168,劉顯,134894,劉臻,184
69869,謝奕,136120,謝玄,184
135646,竇氏(太穆皇后),444797,李玄霸,184
12010,蔡興宗,12012,蔡撙,185
12175,劉裕,12176,劉義康,185
3685,歐陽詢,12199,歐陽通,185
31648,權文誕,13620,權崇匡,185
22489,楊敷,22491,楊約,185
12365,楊鈞,22509,楊寬,185
12367,楊儉,22571,楊文偉,185
24632,武華,24636,武士彠,185
30841,任昉,30844,任東里,185
15610,魏徵,30894,魏叔瑜,185
31037,韋津,31041,韋瑜,185
31065,長孫晟,31068,長孫無忌,185
31071,長孫操,31072,長孫詮,185
31167,楊士雄,31171,楊縯,185
135646,竇氏(太穆皇后),31176,李元吉,185
95217,慕容垂,31262,慕容寶,185
31310,李詮,31313,李客師,185
31021,韋澄,31319,韋兢,185
31473,于謹,31479,于禮,185
31533,盧道將,31534,盧思道,185
31532,盧淵,31543,盧道虔,185
31570,李慶業,31571,李希禮,185
31761,柳僧習,31762,柳慶,185
31774,竇略,31776,竇善,185
31783,柳旦,31787,柳楷,185
31830,源懷,31835,源玄諒,185
31916,裴孝瑜,31917,裴寂,185
31955,崔仁師,31956,崔挹,185
31004,韋敬遠,31968,韋仁基,185
31976,裴文度,31980,裴大方,185
31989,裴之隱,31995,裴希莊,185
31635,盧士徹,32003,盧彭壽,185
31571,李希禮,32157,李孝威,185
32287,崔曠,32288,崔確,185
32854,劉林甫,32862,劉武幹,185
32912,獨孤子佳,32919,獨孤義順,185
33019,盧同吉,33020,盧元茂,185
12257,蕭巋,33101,蕭珣,185
33733,陸完,33737,陸晏子,185
142728,劉珍,162909,劉僧智緒,185
32427,顏思魯,191920,顏育德,185
22791,虞寄,22793,虞世南,186
31111,楊德裔,31112,楊神毅,186
31478,于宣敏,31485,于志寧,186
31831,源奐,31835,源玄諒,186
13060,李世民(唐太宗),13882,李明,188
31422,元仁惠,31421,元懷景,188
32772,元休,32773,元貴平,188
32968,令狐熙,32966,令狐德棻,188
12257,蕭巋,12259,蕭瑀,191
31015,韋孝寬,31037,韋津,191
22466,李暠,31116,李翻,191
31310,李詮,31311,李正明,191
31473,于謹,31480,于智,191
31488,于欽明,31490,于玄範,191
31491,于汪,31492,于夐,191
31535,盧赤松,31537,盧承業,191
31654,殷高明,31658,殷不佞,191
17867,唐瑾,31692,唐弘,191
31783,柳旦,31789,柳享,191
31779,竇抗,31817,竇師綸,191
31830,源懷,31836,源子雍,191
32310,鄭道育,32311,鄭子柔,191
32318,盧熙裕,32319,盧士繪,191
12198,歐陽紇,32514,歐陽允,191
31167,楊士雄,32830,楊綱,191
33092,張德胤,33093,張律師,191
12009,蔡廓,12010,蔡興宗,193
31175,楊師道,31177,楊豫之,193
31397,張弋,31398,張恪,193
31785,柳則,31790,柳奭,193
31004,韋敬遠,31416,韋藝,194
31467,于洛拔,31469,于天恩,194
31473,于謹,31481,于紹,194
31535,盧赤松,31538,盧承泰,194
31830,源懷,31837,源子恭,194
31930,蕭思話,31931,蕭惠蒨,194
21302,陳頊,32752,陳叔明,194
13059,李淵(唐高祖),187928,李元景,194
31004,韋敬遠,31029,韋冲,196
22466,李暠,31123,李豫,196
31167,楊士雄,31175,楊師道,196
31473,于謹,31482,于弼,196
31535,盧赤松,31540,盧承禮,196
31780,竇誕,31819,竇孝諶,196
32065,蕭懿,32066,蕭明,196
31121,李虎,32201,李亮,196
32202,李神通,32203,李孝節,196
32369,鄭正則,32370,鄭德淹,196
12254,蕭衍,33252,蕭繹,196
13060,李世民(唐太宗),19756,李惲,199
31004,韋敬遠,31027,韋約,199
31473,于謹,31483,于蘭,199
31780,竇誕,31824,竇孝禮,199
34010,蕭鸞,34012,蕭寶融,199
13060,李世民(唐太宗),31558,薛曜,201
13060,李世民(唐太宗),19241,李治(唐高宗),206
31473,于謹,31484,于曠,206
32064,蕭順之,32168,蕭恢,206
32202,李神通,32206,李孝銳,206
135187,蕭氏(炀帝后),444814,蕭銑,210
120212,蕭文壽,12175,劉裕,214
13059,李淵(唐高祖),139175,豆盧遜,238
160233,李琛,94019,趙璜,239
13060,李世民(唐太宗),141538,李某,240
148978,蕭衍,12256,蕭詧(西梁宣帝),243
31121,李虎,13059,李淵(唐高祖),243
18636,許敬宗,18640,許遠,243
147422,李康,24408,李勣,243
94165,姚簡,30974,姚珽,243
31007,拓跋燾,31008,拓跋濬,243
28919,元宏延,31011,元子攸,243
31011,元子攸,31012,元修,243
28919,元宏延,31013,元善見,243
28919,元宏延,31014,元寶矩,243
31079,韋德倫,31081,韋承慶,243
20874,楊初,31111,楊德裔,243
31236,韋師,31237,韋弘敏,243
31313,李客師,31314,李令問,243
30587,馮盎,31401,馮君衡,243
31446,梁殊,31445,梁寺,243
31485,于志寧,31498,于休烈,243
31534,盧思道,31537,盧承業,243
18768,薛收,31552,薛稷,243
95096,魏徴,31552,薛稷,243
31628,岑文本,31631,岑羲,243
31645,苻堅,31647,苻登,243
32214,崔儼,31703,崔沔,243
31778,竇榮定,31780,竇誕,243
31920,裴簡之,31921,裴景,243
32119,崔道泠,32120,崔誠,243
32284,崔處仁,32285,崔琬,243
31628,岑文本,32583,岑參,243
32736,李玄道,32740,李揆,243
32854,劉林甫,32856,劉齊賢,243
150341,劉會,32857,劉應道,243
32966,令狐德棻,32976,令狐元超,243
32991,崔寶德,32992,崔道斌,243
33013,王珪,33016,王茂時,243
33018,盧士倫,33019,盧同吉,243
12840,敬法筵,33050,敬仁綱,243
31475,于翼,33081,于筠,243
33619,韋憬,33620,韋希元,243
32966,令狐德棻,92401,令狐峘,243
18636,許敬宗,92742,許彥伯,243
92899,李百藥,92946,李序,243
13060,李世民(唐太宗),92959,李賢,243
92899,李百藥,93078,李䔄,243
376355,郎楚之,93359,郎餘令,243
94339,高儉,94353,高嶠,243
94339,高儉,94368,高瑾,243
12259,蕭瑀,94460,蕭建,243
94815,溫彥博,94818,溫翁念,243
32430,顏師古,95025,顏真卿,243
18767,薛道衡,95047,薛震,243
95096,魏徴,95105,魏謩,243
146443,胡邕,138728,胡質,243
138723,胡永,138743,胡儼,243
12255,蕭統,138779,蕭瑤,243
12256,蕭詧(西梁宣帝),138779,蕭瑤,243
146741,段嚴,138846,段師,243
146817,辛琛,138871,辛衡卿,243
138723,胡永,138872,胡寶,243
12255,蕭統,138946,蕭勝,243
146967,楊琛,138950,楊仁方,243
146631,劉神,138987,劉裕,243
147209,盧士昂,139043,盧萬春,243
147251,崔長瑜,139057,崔泰,243
147302,賈憲,139076,賈統,243
30965,豆盧寬,139175,豆盧遜,243
147567,李願,139184,李三,243
147579,孟仲康,139187,孟普,243
147252,崔子博,139195,崔誠,243
147276,徐約,139267,徐師,243
149197,柳逖,139314,柳永錫,243
149243,張載,139325,張覽,243
146727,李寶,139351,李敏,243
149180,成寬,139356,成忠,243
147801,李素,139444,李智,243
138947,孫遷,139529,孫恭,243
147984,梁達,139553,梁方,243
148441,張仲,139590,張軌,243
146742,段達,139605,段瑋,243
148515,康仁,139609,康敬本,243
148592,封子繡,139637,封泰,243
139652,慕容三藏,139654,慕容知敬,243
147412,韓通,139668,韓仁師,243
148801,王憲,139697,王烈,243
148882,李子徽,139732,李弘裕,243
148854,王勣,139773,王明,243
147567,李願,139784,李辯,243
32633,崔大質,139800,崔志道,243
33105,皇甫珍義,139819,皇甫鏡幾,243
149196,柳機,139837,柳偘,243
149496,崔弈,139842,崔思古,243
149511,陳酆,139849,陳崇本,243
149611,劉某(劉善寂祖),139877,劉善寂,243
149428,張端,139905,張懷寂,243
147673,許康,139965,許行本,243
13751,張公謹,139980,張忱,243
13751,張公謹,140027,張愃,243
32919,獨孤義順,140032,獨孤思貞,243
147952,邊伯,140042,邊惠,243
150053,崔至仁,140043,崔玄籍,243
139652,慕容三藏,140064,慕容知廉,243
148659,慕容正言,140066,慕容昇,243
145958,蕭球,140069,蕭思一,243
145958,蕭球,140070,蕭言思,243
150266,崔君肅,140096,崔哲,243
147321,趙相,140107,趙進,243
31535,盧赤松,140111,盧行毅,243
150444,高王臣,140148,高隆基,243
150496,王粲,140183,王及德,243
32456,李孝端,140198,李愻,243
150639,李孝衡,140213,李延祜,243
150662,劉霸,140217,劉寂,243
150762,崔德厚,140244,崔訥,243
150803,王元季,140254,王行果,243
150813,王敏,140255,王景之,243
151100,封道弘,140291,封無遣,243
31535,盧赤松,140303,盧調,243
13059,李淵(唐高祖),140340,李貞,243
31021,韋澄,140346,韋頊,243
150881,李公源,140377,李元確,243
147579,孟仲康,140385,孟晟,243
151913,敬舉,140491,敬某,243
148659,慕容正言,140520,慕容瑾,243
145962,蕭瑾,140583,蕭令臣,243
152740,白君恕,140592,白羨言,243
145958,蕭球,140593,蕭謙,243
151982,朱暠,140608,朱行斌,243
142652,范褒,140641,范崇禮,243
152188,王德儉,140654,王同人,243
152234,李允王,140665,李謙,243
152941,王弘訓,140737,王固己,243
153067,崔孝康,140767,崔玄隱,243
153383,王德素,140839,王秦客,243
146217,盧承基,140916,盧明遠,243
154136,王弘讓,140992,王鴻,243
32213,崔弘峻,141213,崔暟,243
160861,曹玉,142042,曹弘立,243
150172,蕭岑,142293,蕭繕,243
31477,于宣道,142301,于遂古,243
139381,張雄,142326,張禮臣,243
163413,崔世立,142327,崔汲,243
139501,王道智,142376,王晏,243
163604,李宗默,142381,李延禎,243
31440,唐邕,142459,唐儉,243
145962,蕭瑾,142479,蕭令懲,243
162238,郭徽,142506,郭敬善,243
162085,龍求真,142510,龍澄,243
162085,龍求真,142530,龍義,243
33909,裴師道,142535,裴晧,243
146567,柳仲禮,142555,柳鼓,243
147421,李蓋,142563,李震,243
147579,孟仲康,142597,孟樞,243
162495,李道宗,142603,李釋,243
162726,竇琮,142684,竇希寂,243
162085,龍求真,142686,龍敏,243
162955,韋萬頃,142740,韋綝,243
31779,竇抗,142779,竇琰,243
142440,龍潤,142781,龍壽,243
31037,韋津,142816,韋愔,243
31477,于宣道,142833,于尚範,243
158254,崔世濟,142847,崔逸甫,243
149323,裴爽,142868,裴仲將,243
32919,獨孤義順,142904,獨孤思行,243
148659,慕容正言,142947,慕容相,243
164675,陳叔豎,142994,陳敬玄,243
17130,房玄齡,143020,房承先,243
148659,慕容正言,143729,慕容珣,243
164354,李義玄,143741,李景由,243
138859,張育,146783,張文惠,243
138871,辛衡卿,146821,辛傑,243
138871,辛衡卿,146822,辛玉臣,243
138980,劉建,147047,劉世表,243
139080,呂華,147312,李祖仁,243
139086,程雄,147331,程思溫,243
181732,袁君正,147597,袁弘略,243
139208,解摩,147638,韓洛,243
139564,李氏(李某(李氏夫)妻),148377,李仁智,243
139565,趙氏,148378,某慶宗(趙氏孫),243
139632,王逸,148570,王行表,243
139696,杜行寶,148799,杜恆週,243
139751,馬珍,148940,馬志靜,243
139751,馬珍,148941,馬志某(馬珍孫),243
139894,陳察,149671,陳抱一,243
150443,高伯堅,150446,高敬言,243
140208,陸某,150624,陸處忠,243
151906,李蓐,151664,李道謙,243
140609,朱信,151981,朱昭乘,243
142638,某翟,162582,賈某行(某翟孫),243
142728,劉珍,162910,劉懷度,243
142758,孔業,163020,孔元爽,243
142351,李某,163512,李擇子,243
142879,萬願,163868,萬元,243
142879,萬願,163870,萬四朗,243
179579,陸珣,179581,陸餘慶,243
178702,盧彥卿,378906,盧粲,243
149292,李子雄,437509,李辯,243
146573,蕭巖,444814,蕭銑,243
444855,龐卿惲,444863,龐敬嗣,243
444855,龐卿惲,444866,龐承宗,243
444855,龐卿惲,444868,龐承訓,243
148353,鄭景山,139557,李爽,244
150259,孟陟,140093,袁公瑜,244
178702,盧彥卿,140148,高隆基,244
13060,李世民(唐太宗),140331,元思忠,244
152706,張偉度,140583,蕭令臣,244
151746,李祖欽,142713,格處仁,244
31780,竇誕,32010,竇氏(昭成皇后),251
134679,沈約,134678,沈滿願,251
146569,柳彧,138776,柳婆歸,251
13059,李淵(唐高祖),138861,李氏(李元吉女),251
147421,李蓋,139121,李氏(李康女),251
147490,薛獻,139153,薛瑤華,251
147592,柳遜,139192,柳氏(柳尚真女),251
147596,袁梵,139193,袁客仁,251
149293,李公挺,139342,李道真,251
13059,李淵(唐高祖),139803,李氏(臨川公主),251
150882,李善願,139909,李柔,251
13059,李淵(唐高祖),139912,李氏(李元嘉女),251
150360,楊纂,140125,楊氏(楊守愚女),251
32244,元弘,140126,元氏(元義端女),251
150674,裴掞,140221,裴首兒,251
150692,李放之,140230,李氏(李公淹女),251
150721,溫大雅,140237,溫氏(溫無隱女),251
150769,裴師武,140246,裴覺,251
151071,王孝遠,140282,王氏(王崇女),251
24408,李勣,140322,李氏(李思文女),251
31767,柳祚,140348,柳氏(柳范女),251
139226,許緒,140433,許英,251
151784,劉行之,140454,劉氏(劉延慶女),251
152253,許叔牙,140668,許氏(許子安女),251
12259,蕭瑀,140725,蕭氏(蕭釴女),251
153042,崔萬善,140761,崔氏(崔操女),251
153614,李孝恭,140884,李氏(李晦女),251
155090,王仁緒,141214,王媛,251
13059,李淵(唐高祖),142261,李麗質,251
31626,岑之象,142315,岑平等,251
31033,韋總,142458,韋尼子,251
13059,李淵(唐高祖),142513,李婉順,251
157867,王裒,142553,王氏(王鼒女),251
163178,王令思,142690,王婉,251
31037,韋津,142698,韋金,251
146807,梁達,142759,梁氏(梁基女),251
31079,韋德倫,142826,韋氏(韋仁慎女),251
163926,閻毗,142893,閻婉,251
170918,裴元質,142999,裴氏(裴綺女),251
33019,盧同吉,143039,盧氏(盧叔慈女),251
150259,孟陟,150255,孟氏(袁公瑜妻),251
139894,陳察,149672,陳霸先,253
22490,楊素,22494,楊晤靈,255
12841,敬法明,30948,敬播,255
20874,楊初,31110,楊炯,255
31137,梁睿,31141,梁錡,255
30994,韋峻,31235,韋希緘,255
148599,盧道亮,31537,盧承業,255
32213,崔弘峻,31703,崔沔,255
161982,竇善,31780,竇誕,255
32013,張長度,32017,張嘉祐,255
32214,崔儼,32279,崔祐甫,255
31840,源崑玉,32535,源光乘,255
31905,裴仁基,32794,裴稹,255
150341,劉會,32856,劉齊賢,255
162731,劉矜,32857,劉應道,255
31070,長孫覽,32925,長孫頓,255
32966,令狐德棻,32974,令狐滔,255
32044,牛弘,33613,牛鳳,255
18766,薛孝通,95047,薛震,255
147250,崔仲哲,139057,崔泰,255
30961,豆盧通,139175,豆盧遜,255
149196,柳機,139314,柳永錫,255
146959,孫建,139529,孫恭,255
146741,段嚴,139605,段瑋,255
148591,封隆之,139637,封泰,255
146963,楊寶,139641,楊大隱,255
148655,慕容紹宗,139653,慕容知禮,255
148655,慕容紹宗,139654,慕容知敬,255
149088,崔公華,139800,崔志道,255
149144,皇甫仲延,139819,皇甫鏡幾,255
149195,柳慶,139837,柳偘,255
149510,陳伯謀,139849,陳崇本,255
149612,劉珪,139877,劉善寂,255
13059,李淵(唐高祖),139915,李千里,255
150992,崔樞,139939,崔孝昌,255
148655,慕容紹宗,139943,慕容思廉,255
32912,獨孤子佳,140032,獨孤思貞,255
150053,崔至仁,140045,崔韶,255
150053,崔至仁,140046,崔歆,255
150140,鄭振,140061,鄭知賢,255
148655,慕容紹宗,140064,慕容知廉,255
150172,蕭岑,140070,蕭言思,255
150265,崔彥穆,140096,崔哲,255
31534,盧思道,140111,盧行毅,255
150333,杜魚石,140118,杜并,255
150443,高伯堅,140148,高隆基,255
32455,李仲通,140198,李愻,255
150661,劉裕,140217,劉寂,255
150802,王子景,140254,王行果,255
147673,許康,140298,許義誠,255
31534,盧思道,140303,盧調,255
151271,張敏,140327,張齊丘,255
31965,李大亮,140359,李強友,255
151477,李希仁,140377,李元確,255
151586,裴尼,140403,裴撝,255
151688,李元卿,140417,李敬瑜,255
151906,李蓐,140422,李瑱,255
151720,孔業,140439,孔珪,255
152423,薛景山,140521,薛璿,255
32686,崔彭,140532,崔光嗣,255
152493,鄭武叔,140535,鄭進思,255
145962,蕭瑾,140538,蕭浮丘,255
152585,盧君胤,140553,盧翊,255
150172,蕭岑,140583,蕭令臣,255
152740,白君恕,140590,白慶先,255
150172,蕭岑,140593,蕭謙,255
31535,盧赤松,140594,盧全操,255
31477,于宣道,140632,于士恭,255
148370,范懷,140641,范崇禮,255
152187,王續,140654,王同人,255
150266,崔君肅,140664,崔羨,255
32158,李孝貞,140665,李謙,255
33105,皇甫珍義,140686,皇甫慎,255
152868,崔君宙,140715,崔諶,255
153061,鄭孝通,140766,鄭齊閔,255
153066,崔叔胤,140767,崔玄隱,255
152187,王續,140839,王秦客,255
153439,孔德紹,140853,孔齊參,255
153745,張立德,140914,張去奢,255
31535,盧赤松,140916,盧明遠,255
153745,張立德,140930,張去逸,255
31780,竇誕,140944,竇含,255
153952,李昭貴,140955,李濟,255
146217,盧承基,140958,盧子休,255
149090,崔玄覽,140984,崔湛,255
31535,盧赤松,140990,盧全貞,255
154143,王鼒,140992,王鴻,255
154136,王弘讓,140994,王志悌,255
152597,張則,141025,張胐,255
154317,盧彥恭,141028,盧含,255
33019,盧同吉,141056,盧招,255
148659,慕容正言,141094,慕容曉,255
154717,呂徽,141145,呂德俊,255
154967,裴德超,141197,裴涓,255
32214,崔儼,141211,崔眾甫,255
32214,崔儼,141223,崔夷甫,255
31491,于汪,141305,于申,255
146217,盧承基,141306,盧寂,255
155856,魏乂,141337,魏某,255
147490,薛獻,141355,薛迅,255
158254,崔世濟,141750,崔渙,255
160860,曹治,142042,曹弘立,255
163286,李椿,142297,李則政,255
31476,于義,142301,于遂古,255
163388,李蒨之,142318,李義琳,255
163412,崔觖,142327,崔汲,255
163413,崔世立,142368,崔日新,255
148173,王君素,142376,王晏,255
162122,唐靈芝,142459,唐儉,255
150172,蕭岑,142479,蕭令懲,255
150768,裴鴻智,142535,裴晧,255
162334,柳津,142555,柳鼓,255
31440,唐邕,142663,唐河上,255
162725,竇熾,142684,竇希寂,255
31485,于志寧,142724,于賢,255
162954,韋瓘,142740,韋綝,255
31778,竇榮定,142779,竇琰,255
162085,龍求真,142781,龍壽,255
162955,韋萬頃,142877,韋晃,255
163178,王令思,142903,王嵩,255
32912,獨孤子佳,142904,獨孤思行,255
163981,韋知止,142905,韋希舟,255
164061,李野王,142923,李暢,255
32456,李孝端,142927,李述,255
153613,李安,142957,李尚旦,255
21302,陳頊,142994,陳敬玄,255
17129,房彥謙,143020,房承先,255
164923,鄭乾政,143041,鄭炅,255
165637,崔燾,143188,崔葛,255
164178,唐安,143707,唐聘,255
149323,裴爽,143717,裴翁慶,255
31037,韋津,143735,韋最,255
142440,龍潤,143758,龍叡,255
142731,呂眾,162920,呂師叡,255
142731,呂眾,162921,呂仁敬,255
142731,呂眾,162922,呂弘基,255
142731,呂眾,162923,呂處運,255
142879,萬願,163869,萬玄寂,255
12256,蕭詧(西梁宣帝),444814,蕭銑,255
150768,裴鴻智,140346,韋頊,256
155182,李稚川,141223,崔夷甫,256
164927,崔公牧,143041,鄭炅,256
12828,陳霸先,14035,陳厚陵,263
22557,楊文昇,22502,楊隱朝,263
165500,馬喬卿,24690,馬炫,263
31027,韋約,31028,韋晊,263
32213,崔弘峻,32279,崔祐甫,263
32652,盧元幹,32653,盧貽,263
31904,裴定,32794,裴稹,263
30889,李弼,32846,李承休,263
32968,令狐熙,32969,令狐濞,263
33910,裴懷儉,33911,裴登,263
148978,蕭衍,138779,蕭瑤,263
149356,蕭造,139360,蕭洛賓,263
148503,段緣,139605,段瑋,263
148590,封回,139637,封泰,263
148655,慕容紹宗,140066,慕容昇,263
172824,高德政,140148,高隆基,263
145923,崔昂,140244,崔訥,263
152492,鄭述祖,140535,鄭進思,263
12256,蕭詧(西梁宣帝),140593,蕭謙,263
152203,高岳,140657,高嶸,263
31534,盧思道,140916,盧明遠,263
153784,李純,140919,李迪,263
31535,盧赤松,140958,盧子休,263
31534,盧思道,140990,盧全貞,263
154143,王鼒,140994,王志悌,263
32212,崔弘昇,140999,崔義邕,263
31544,盧昌衡,141060,盧自省,263
31037,韋津,141108,韋端,263
32184,裴操之,141229,裴適,263
155561,李贖,141283,李岐,263
156043,柳煥,141366,柳均,263
32991,崔寶德,141554,崔廷,263
154136,王弘讓,141634,王袞,263
159874,鄭世斌,141733,鄭遇,263
161971,韋旭,142276,韋幾,263
12256,蕭詧(西梁宣帝),142479,蕭令懲,263
162237,郭智,142506,郭敬善,263
162724,竇恭,142684,竇希寂,263
162954,韋瓘,142877,韋晃,263
93608,陳叔達,143000,陳希望,263
32736,李玄道,143076,李盈,263
166528,獨孤楷,143146,獨孤季膺,263
32284,崔處仁,143201,崔可凖,263
151811,盧義恭,143203,盧甫,263
31535,盧赤松,143278,盧侶,263
164177,唐永,143707,唐聘,263
15610,魏徵,15615,魏B,272
32771,陸騰,32776,陸據,272
30998,韋逵,33598,韋挺傑,272
148978,蕭衍,141006,蕭博,272
152492,鄭述祖,141040,鄭宇,272
13060,李世民(唐太宗),141125,李象古,272
155021,獨孤永業,141205,獨孤氏(獨孤通理女),272
156042,柳敏,141366,柳均,272
156128,李乞豆,141379,李頡,272
156741,李來王,141479,李方囗,272
157867,王裒,141634,王袞,272
159827,李奉慈,141728,李述,272
31587,孫孝敏,141796,孫審象,272
148978,蕭衍,142479,蕭令懲,272
13059,李淵(唐高祖),143323,李濟,272
156199,李虔,141392,盧沇,276
22793,虞世南,22794,虞殷,277
31450,席固,31453,席豫,277
31450,席固,31454,席晉,277
32168,蕭恢,32169,蕭穎士,277
32217,白建,32227,白居易,277
31764,柳虯,32460,柳彥昭,277
154429,盧陽烏,141056,盧招,277
155651,崔休,141303,崔氏(崔庭實女),277
155671,于寔,141305,于申,277
32158,李孝貞,141479,李方囗,277
157670,盧敏,141601,盧昂,277
159808,李虎,141725,李眈,277
155651,崔休,141903,崔芑,277
152492,鄭述祖,142176,鄭魯,277
162162,蕭順之,142479,蕭令懲,277
152492,鄭述祖,143216,鄭高,277
155666,于謹,141305,于申,279
145761,李希禮,141479,李方囗,279
152492,鄭述祖,141669,鄭黨五,279
160106,李禕,141955,李招兒,279
164060,李順,142923,李暢,279
155021,獨孤永業,143335,獨孤娥娘,279
22466,李暠,32540,李白,281
157644,李瓚,141597,李萼,281
158248,李韶,141749,李平,281
155651,崔休,142022,崔行規,281
164581,王僧辯,142098,王氏(王從長女),281
165894,李承,143579,李梲,281
142676,元令仲,162702,拓跋晃,281
22468,李冲,22469,李翱,282
33101,蕭珣,699622,蕭揔,283
165894,李承,143233,李氏(李漪女),284
12257,蕭巋,699622,蕭揔,284
155651,崔休,17728,崔周度,285
3835,陶潛,21553,陶鑑,285
3685,歐陽詢,10811,歐陽安時,303
11932,刁弘,11925,刁彥能,303
11965,王通,11966,王J,303
12406,張文瓘,12407,張C,303
12176,劉義康,13282,劉德言,303
13751,張公謹,13753,張播,303
13751,張公謹,13983,張I,303
20874,楊初,20875,楊播,303
21304,陳伯信,21305,陳法會,303
22057,王勣,22058,王傑,303
22624,杜遜,22625,杜開,303
24408,李勣,24409,李叔恆,303
20677,馬暹,24701,馬定國,303
20677,馬暹,24702,馬觀國,303
20677,馬暹,24703,馬持國,303
3835,陶潛,26938,陶矩,303
12828,陳霸先,27217,陳暉,303
28919,元宏延,28921,元春忠,303
13751,張公謹,34945,張N,303
95371,傅翕,40401,釋贊元,303
92784,孫思邈,44917,孫兆,303
25793,王羲之,45806,王鴻,303
147589,柳惔,139192,柳氏(柳尚真女),303
175838,王神念,444908,王氏(玄宗廢后),303
11965,王通,701902,王淑凱,303
17868,唐臨,3823,唐熊,304
31745,史憲,31752,史嶷,304
13059,李淵(唐高祖),135650,李氏(平陽公主),329
138831,釋靜感,146718,釋靜端,330
32449,殷履直,32457,李知本,332
13059,李淵(唐高祖),31172,李氏(長廣公主),335
13060,李世民(唐太宗),134683,李麗質,335
13059,李淵(唐高祖),31173,趙慈景,337
13059,李淵(唐高祖),31175,楊師道,337
32449,殷履直,32463,顏闕疑,337
13060,李世民(唐太宗),134685,長孫冲,337
13060,李世民(唐太宗),33015,王敬直,338
26934,姚懿,32192,劉氏(姚懿妻),344
134367,張楚媛,134469,孔某(張楚媛夫),345
134367,張楚媛,134472,徐道,346
31208,楊士達,31212,楊氏(元獻皇后),347
31779,竇抗,32010,竇氏(昭成皇后),347
146567,柳仲禮,138776,柳婆歸,347
147489,薛胄,139153,薛瑤華,347
181732,袁君正,139193,袁客仁,347
149292,李子雄,139342,李道真,347
150881,李公源,139909,李柔,347
22571,楊文偉,140125,楊氏(楊守愚女),347
32243,元巖,140126,元氏(元義端女),347
13060,李世民(唐太宗),140204,李仙蕙(永泰公主),347
150672,裴讓之,140221,裴首兒,347
150768,裴鴻智,140246,裴覺,347
151070,王君儒,140282,王氏(王崇女),347
151148,李素王,140302,李氏(李延之女),347
147421,李蓋,140322,李氏(李思文女),347
151370,柳帶韋,140348,柳氏(柳范女),347
31312,李靖,140404,李芳,347
147673,許康,140433,許英,347
146086,崔仲方,140459,崔金剛,347
151811,盧義恭,140461,盧氏(盧貞慶女),347
151906,李蓐,140490,李晉,347
151969,崔公禮,140509,崔淑,347
152542,崔儀表,140545,崔順,347
152356,宋大辯,140694,宋練,347
152897,蕭巋,140725,蕭氏(蕭釴女),347
151811,盧義恭,140734,盧氏(盧廣慶女),347
153041,崔弘壽,140761,崔氏(崔操女),347
153140,鄭德秀,140782,鄭敏,347
149323,裴爽,140883,裴氏(裴援女),347
153613,李安,140884,李氏(李晦女),347
32991,崔寶德,140945,崔氏(崔義斌女),347
148659,慕容正言,140981,慕容氏(慕容珣女),347
154187,崔行功,141001,崔氏(崔仲容女),347
32830,楊綱,141012,楊氏(楊履言女),347
154278,王道質,141020,王京,347
151784,劉行之,141055,劉氏(劉含章女),347
154508,崔順,141073,崔氏(崔承嗣女),347
32214,崔儼,141168,崔氏(崔沔女),347
155090,王仁緒,141212,王氏(王溫之女),347
155121,王寶倫,141214,王媛,347
156236,盧處實,141396,盧氏(孫成妻),347
163370,岑善方,142315,岑平等,347
162209,劉軫,142497,劉氏(劉德敏女),347
162209,劉軫,142641,劉氏(劉德威女),347
163177,王緝,142690,王婉,347
163133,李貞,142787,李娘,347
164026,韋福嗣,142917,韋憲英,347
164582,王珌,142971,王芳媚,347
31021,韋澄,143131,韋氏(韋行詮女),347
31039,韋琨,143700,韋美美,347
31773,宇文邕(北周武帝),135646,竇氏(太穆皇后),366
147590,柳暉,139192,柳氏(柳尚真女),368
12255,蕭統,139767,蕭氏(蕭瑀女),368
12255,蕭統,139768,蕭氏(蕭瑀女),368
13059,李淵(唐高祖),140204,李仙蕙(永泰公主),368
32686,崔彭,140945,崔氏(崔義斌女),368
31846,源誠心,140967,源氏(源俊女),368
12256,蕭詧(西梁宣帝),141006,蕭博,368
154507,崔曠,141073,崔氏(崔承嗣女),368
157372,高覲王,141550,高氏(高岳女),368
32584,柳範,141777,柳默然,368
142758,孔業,163014,封氏,370
13059,李淵(唐高祖),142413,段蕑璧,372
31065,長孫晟,142690,王婉,372
134622,長孫安業,31066,長孫氏(李世民妻),374
139354,李善智,149340,劉滿才,385
11965,王通,701049,王彭年,388
136104,劉氏(張嵊妻),134467,張稷,395
139063,劉妙姜,147268,楊詳,395
13060,李世民(唐太宗),93663,武曌(武則天),396
444920,獨孤氏(李昺妻),135646,竇氏(太穆皇后),396
134467,張稷,136104,劉氏(張嵊妻),396
142562,程知節,162367,李氏(程知節媳),396
140090,王氏(王子忠女),150246,王僧綽,397
31587,孫孝敏,32139,孫成,398
92838,杜正倫,92853,杜羔,398
92838,杜正倫,92854,杜兼,398
151271,張敏,93484,張翃,398
31534,盧思道,140958,盧子休,398
31534,盧思道,140998,盧憕,398
154450,盧道虔,141060,盧自省,398
148655,慕容紹宗,141094,慕容曉,398
155127,王廣業,141214,王媛,398
31587,孫孝敏,141363,孫嬰,398
156879,李希騫,141499,李崗,398
153614,李孝恭,141586,李鼎,398
33013,王珪,141595,王師正,398
154143,王鼒,141634,王袞,398
12255,蕭統,142479,蕭令懲,398
164581,王僧辯,142971,王芳媚,398
21302,陳頊,143000,陳希望,398
165721,盧愷,143203,盧甫,398
31534,盧思道,143278,盧侶,398
166399,李元鳳,143323,李濟,398
135646,竇氏(太穆皇后),444920,獨孤氏(李昺妻),399
30957,楊廣(隋煬帝),444814,蕭銑,401
138831,釋靜感,146719,釋靜因,402
30957,楊廣(隋煬帝),13059,李淵(唐高祖),406
13059,李淵(唐高祖),30957,楊廣(隋煬帝),406
31779,竇抗,135646,竇氏(太穆皇后),416
142498,張亮,162218,李氏(張亮兄弟之妻),424
444814,蕭銑,30957,楊廣(隋煬帝),426
134836,謝道韞,3365,謝安,517
136120,謝玄,3365,謝安,517
138723,胡永,146448,胡國珍,518
142232,孟公行,161885,孟威,518
142232,孟公行,161886,孟季,519
3835,陶潛,108361,陶埜仙,522
139429,梁秀,139553,梁方,560
139241,奇長,139614,奇玄表,560
139118,韓政,139668,韓仁師,560
140609,朱信,140608,朱行斌,560
138749,樂陟,143714,某氏(八品亡宮),560
138712,元買得,146402,那盧和,560
138715,王仲,146414,王基,560
138739,郭雲,146476,郭漢章,560
138755,張岳,146516,張苟苟,560
138756,邢弁,146517,邢胤,560
138810,某懷文,146670,某德積(某懷文嗣子),560
138818,王通,146693,王君德,560
138830,班氏(班謙女),146717,宋文義,560
138866,毛盛,146805,毛文舉,560
138873,任道,146828,任行滿,560
138890,侯雲,146874,周彥,560
138920,金行舉,146895,金弘則,560
138921,祁讓,146897,祁須達,560
138963,李清,146998,李孝某(李清嗣子),560
138975,揚清,147036,揚文徹,560
139024,某隴,147150,祖君信,560
139025,某某,147153,某僧壽(嗣子),560
139029,席泰,147167,席元福,560
139033,韓懷,147180,韓寬,560
139041,房基,147202,房永,560
139043,盧萬春,147210,盧子野,560
139056,王瑗達,147247,王行寬,560
139059,韓遷,147261,韓拜臨,560
139064,徐漢,147274,徐處辯,560
139068,蕭𫱮媄,147286,柳尚德,560
139074,趙通,147298,趙懷古,560
139085,可那氏(張某(可那氏夫)妻),147325,張安,560
139102,吳素,147368,吳揚吾,560
139103,張相,147370,張行儼,560
139114,孔玉,147399,梁君英,560
139116,張貞,147404,張舜藝,560
139117,張伽,147408,張元昱,560
139122,張士貴,147426,張仁,560
139122,張士貴,147427,張政,560
139137,徐德,147455,徐世表,560
139151,宋義,147483,宋法神,560
139170,田通,147531,田路孫,560
139172,張義,147537,張玄敬,560
139176,楊媛,147549,郭行徹,560
139180,范信,147559,范威禮,560
139190,王進,147586,王大義,560
139253,某某,147727,某仁軌(嗣子),560
139263,李護,147759,李仁約,560
139266,吳志,147768,吳李某(吳志嗣子),560
139287,袁相,147820,袁崇慶,560
139294,王仁,147840,王神感,560
139302,唐沙,147859,唐仁軌,560
139310,樊秀,147888,樊奴奴,560
139412,焦寶,147942,焦山松,560
139430,段賾,147989,段孝德,560
139434,霍達,148004,霍行感,560
139439,邢𧦬,148023,邢德弼,560
139454,王相兒,148058,某欽行(王相兒嗣子),560
139459,杜醜,148071,某孝為(杜醜嗣子),560
139474,周氏(周弘女),148104,程買,560
139477,馮貞,148109,馮行德,560
139480,董師,148117,董淹,560
139501,王道智,148174,王玄觀,560
139513,董榮,148212,董表,560
139518,王纂,148229,王元真,560
139519,王和,148235,王慈質,560
139520,張仁,148240,張什住,560
139522,靖千年,148249,靖遠,560
139533,張朗,148280,張崇珪,560
139544,李文,148318,李智弘,560
139552,李泰,148340,李善崇,560
139555,孫君,148347,孫蘭奴,560
142652,范褒,148371,范守元,560
139575,上官義,148403,上官政,560
139582,劉德閏,148414,劉弘毅,560
139589,樂達,148440,樂元侃,560
139593,趙氏(趙業女),148451,某處基(趙氏嗣子),560
139593,趙氏(趙業女),148452,某處言(趙氏嗣子),560
139597,某碩,148469,某士基(某碩嗣子),560
139598,王君德,148473,王明感,560
139605,段瑋,148507,段懷節,560
139637,封泰,148598,封玄朗,560
139655,朱遠,148666,朱護,560
139659,王氏(王珍女),148676,某亮徵(王氏嗣子),560
139670,王儉,148708,王文殊,560
139671,張傑,148713,張處真,560
139673,董仁,148719,董行操,560
139677,王則,148738,王玄亮,560
139696,杜行寶,148797,杜六有,560
139696,杜行寶,148798,杜洪貴,560
139701,曹氏(曹毗沙女),148814,康處哲,560
139718,王文曉,148853,王大明,560
139733,樂玉,148888,樂定境,560
139772,王某,149004,王阿師,560
139774,康杴,149011,康善義,560
139818,王岐,149142,王神祐,560
139338,崔某,149280,崔元慶,560
139962,蕭遇,149764,蕭虔舉,560
140385,孟晟,151511,孟瓘,560
142232,孟公行,161884,孟玄鏡,560
142263,某德備,161951,某敬某(某德備嗣子),560
142383,馬叡,161991,馬傑,560
142422,董僧利,162054,董長興,560
142445,某某,162093,某僧護(嗣子),560
142473,封深,162147,封君道,560
142477,姚才,162154,姚大禮,560
142487,劉寬,162190,劉某感(劉寬嗣子),560
142521,張楚賢,162267,張虔禮,560
142530,龍義,162287,龍行某(龍義嗣子),560
142537,杜博乂,162305,杜林宗,560
142558,鄭善,162346,鄭君信,560
142559,趙仁表,162349,趙什善,560
142571,史某,162396,史仁哲,560
142579,焦達,162422,焦遺濟,560
142580,張珪,162426,張善測,560
142633,楊偘,162569,楊善吉,560
142693,某海,162779,某文徹,560
142693,某海,162780,某文晟,560
142693,某海,162781,某文基,560
142719,楊上,162874,楊神機,560
142734,董師(董欽子),162943,董楚,560
142742,崔拏,162967,崔起善,560
142879,萬願,163867,萬文殊,560
