人物ID,姓名,地址ID,地名,地址类型,始年,终年,是否籍贯
3685,歐陽詢,15976,長沙,1,0,0,0
3835,陶潛,15927,潯陽,1,0,0,0
11525,劉晉,14933,離狐,1,0,0,0
11599,蘇威,14540,扶風,1,0,0,0
11600,蘇夔,14540,扶風,1,0,0,0
11932,刁弘,15743,曲阿,1,0,0,0
11965,王通,15023,龍門,1,0,0,0
12009,蔡廓,16036,仙遊,1,0,0,0
12010,蔡興宗,16036,仙遊,1,0,0,0
12011,蔡約,16036,仙遊,1,0,0,0
12012,蔡撙,16036,仙遊,1,0,0,0
12175,劉裕,15742,丹徒,1,0,0,0
12176,劉義康,15742,丹徒,3,0,0,0
12176,劉義康,15922,安福,1,0,0,0
12176,劉義康,15922,安福,2,0,0,0
12195,歐陽景達,15976,長沙,1,0,0,0
12196,歐陽僧寶,15976,長沙,1,0,0,0
12197,歐陽頠,15976,長沙,1,0,0,0
12197,歐陽頠,15976,長沙,1,,,
12198,歐陽紇,15976,長沙,1,0,0,0
12198,歐陽紇,15976,長沙,1,,,
12199,歐陽通,15976,長沙,1,0,0,0
12253,蕭道成,15742,丹徒,1,0,0,0
12253,蕭道成,15742,丹徒,2,0,0,0
12253,蕭道成,15753,武進,3,0,0,0
12254,蕭衍,15742,丹徒,1,0,0,0
12254,蕭衍,15742,丹徒,2,0,0,0
12254,蕭衍,15753,武進,3,0,0,0
12255,蕭統,14493,長安,1,,,
12255,蕭統,14691,河南府,1,,,
12255,蕭統,14692,河南,1,,,
12255,蕭統,14815,徐州,1,,,
12255,蕭統,15330,深澤,1,,,
12255,蕭統,15371,薊縣,1,,,
12255,蕭統,15742,丹徒,1,0,0,0
12256,蕭詧(西梁宣帝),15446,江陵,2,0,0,0
12256,蕭詧(西梁宣帝),15742,丹徒,3,0,0,0
12257,蕭巋,15446,江陵,1,0,0,0
12258,蕭琮,14493,長安,1,0,0,0
12258,蕭琮,14493,長安,2,0,0,0
12258,蕭琮,15446,江陵,3,0,0,0
12259,蕭瑀,14493,長安,1,0,0,0
12259,蕭瑀,14815,徐州,14,,,
12365,楊鈞,15316,安喜,1,0,0,0
12366,楊暄,14493,長安,1,0,0,0
12366,楊暄,14493,長安,2,0,0,0
12366,楊暄,15316,安喜,3,0,0,0
12367,楊儉,14493,長安,1,0,0,0
12369,張君政,15387,固安,3,0,0,0
12369,張君政,16411,曲江,1,0,0,0
12369,張君政,16411,曲江,2,0,0,0
12398,張始均,15237,清河,1,0,0,0
12403,張晏之,15237,清河,1,0,0,0
12404,張虔威,15237,清河,1,0,0,0
12405,張虔雄,15192,昌樂,1,0,0,0
12405,張虔雄,15192,昌樂,2,0,0,0
12405,張虔雄,15237,清河,3,0,0,0
12406,張文瓘,15192,昌樂,3,0,0,0
12406,張文瓘,15767,錢塘,1,0,0,0
12406,張文瓘,15767,錢塘,2,0,0,0
12828,陳霸先,15777,長城,3,0,0,0
12828,陳霸先,16114,江寧,1,0,0,0
12828,陳霸先,16114,江寧,2,0,0,0
12838,敬顯雋,15003,河東,1,0,0,0
12839,敬德亮,15003,河東,1,0,0,0
12840,敬法筵,15003,河東,1,0,0,0
12841,敬法明,15003,河東,1,0,0,0
13059,李淵(唐高祖),14493,長安,1,0,0,0
13059,李淵(唐高祖),16695,成紀,5,,,0
13060,李世民(唐太宗),14493,長安,1,0,0,0
13060,李世民(唐太宗),14510,涇陽,11,,,0
13060,李世民(唐太宗),14510,涇陽,12,,,0
13060,李世民(唐太宗),14549,隴州,12,630,,0
13060,李世民(唐太宗),14555,涇州,12,618,,0
13060,李世民(唐太宗),14627,靈州,12,646,,0
13060,李世民(唐太宗),14719,陝州,12,638,,0
13060,李世民(唐太宗),15169,懷州,12,637,,0
13060,李世民(唐太宗),15370,幽州,12,645,,0
13060,李世民(唐太宗),16695,成紀,5,,,
13060,李世民(唐太宗),400344,并州,12,,645,0
13060,李世民(唐太宗),400408,洛州,12,641,,0
13060,李世民(唐太宗),400951,同州,0,640,,0
13060,李世民(唐太宗),401012,豳州,12,618,,0
13060,李世民(唐太宗),401378,汾州,12,,,0
13060,李世民(唐太宗),401482,崞縣,12,,,0
13060,李世民(唐太宗),404567,介州,12,620,,0
13751,張公謹,15192,昌樂,1,0,0,0
15607,魏釗,15188,館陶,1,0,0,0
15608,魏彥,15188,館陶,1,0,0,0
15609,魏長賢,14961,掖縣,1,0,0,0
15609,魏長賢,14961,掖縣,2,0,0,0
15609,魏長賢,15188,館陶,3,0,0,0
15610,魏徵,14493,長安,1,0,0,0
15610,魏徵,14493,長安,2,0,0,0
15610,魏徵,14961,掖縣,3,0,0,0
15623,汪僧,15964,歙縣,1,0,0,0
15624,汪勳,15964,歙縣,1,0,0,0
15625,汪泰,15964,歙縣,1,0,0,0
15626,汪寶歡,15964,歙縣,1,0,0,0
15627,汪華,15964,歙縣,3,0,0,0
15627,汪華,15968,績溪,1,0,0,0
15627,汪華,15968,績溪,2,0,0,0
16433,狄孝緒,15054,太原,1,0,0,0
17121,慕容雋,15419,柳城,1,0,0,0
17122,慕容德,14743,葉縣,3,0,0,0
17122,慕容德,14908,臨淄,1,0,0,0
17122,慕容德,14908,臨淄,2,0,0,0
17127,房翼,14908,臨淄,1,0,0,0
17128,房熊,14908,臨淄,1,0,0,0
17129,房彥謙,14510,涇陽,10,615,,
17129,房彥謙,14908,臨淄,1,0,0,0
17129,房彥謙,14918,亭山,9,631,,
17130,房玄齡,14908,臨淄,1,0,0,0
17130,房玄齡,14918,亭山,9,652,,
17133,房謨,14694,偃師,1,0,0,0
17134,房恭懿,14694,偃師,1,0,0,0
17135,房彥雲,14694,偃師,1,0,0,0
17866,唐永,14964,膠水,1,0,0,0
17867,唐瑾,14964,膠水,1,0,0,0
17868,唐臨,14493,長安,1,0,0,0
17868,唐臨,14493,長安,2,0,0,0
17868,唐臨,14964,膠水,3,0,0,0
18633,許懋,15773,新城,1,0,0,0
18634,許亨,15773,新城,1,0,0,0
18635,許善心,15773,新城,1,0,0,0
18636,許敬宗,14493,長安,1,0,0,0
18636,許敬宗,14493,長安,2,0,0,0
18636,許敬宗,15392,高陽,5,,,
18636,許敬宗,15773,新城,3,0,0,0
18764,薛瑚,15008,寶鼎,1,0,0,0
18765,薛聰,15008,寶鼎,1,0,0,0
18766,薛孝通,15008,寶鼎,1,0,0,0
18767,薛道衡,15008,寶鼎,1,0,0,0
18768,薛收,15008,寶鼎,1,0,0,0
19237,郭履球,14525,華陰,1,0,0,0
19238,郭昶,14525,華陰,1,0,0,0
20209,劉環雋,14693,洛陽,1,0,0,0
20210,劉仕雋,14693,洛陽,1,0,0,0
20211,劉坦,14693,洛陽,1,0,0,0
20212,劉政會,14693,洛陽,1,0,0,0
20307,劉頤,14518,武功,1,0,0,0
20310,劉昭,14518,武功,1,0,0,0
20677,馬暹,15227,博平,1,0,0,0
20677,馬暹,15227,博平,2,0,0,0
20677,馬暹,15237,清河,3,0,0,0
20678,馬瑗,15227,博平,1,0,0,0
20874,楊初,14525,華陰,1,0,0,0
21298,陳文讚,15777,長城,1,0,0,0
21299,陳談先,15777,長城,1,0,0,0
21300,陳蒨,16114,江寧,1,0,0,0
21301,陳伯宗,16114,江寧,1,0,0,0
21302,陳頊,16114,江寧,1,0,0,0
21303,陳叔寶,14493,長安,1,0,0,0
21303,陳叔寶,14493,長安,2,0,0,0
21303,陳叔寶,16114,江寧,3,0,0,0
21304,陳伯信,14493,長安,1,0,0,0
21305,陳法會,14494,長安,1,0,0,0
22057,王勣,15023,龍門,1,0,0,0
22057,王勣,15059,祁縣,5,,,
22264,韋瑱,14493,長安,1,0,0,0
22466,李暠,16695,成紀,1,0,0,0
22467,李寶,16695,成紀,1,0,0,0
22468,李冲,16695,成紀,1,0,0,0
22489,楊敷,14493,長安,1,0,0,0
22490,楊素,14493,長安,1,0,0,0
22491,楊約,14493,長安,1,0,0,0
22557,楊文昇,14493,長安,1,0,0,0
22571,楊文偉,14493,長安,1,0,0,0
22624,杜遜,14493,長安,1,0,0,0
22789,虞檢,15796,餘姚,1,0,0,0
22790,虞荔,15796,餘姚,1,0,0,0
22791,虞寄,15796,餘姚,1,0,0,0
22792,虞世基,15796,餘姚,1,0,0,0
22793,虞世南,15796,餘姚,1,0,0,0
24408,李勣,14780,滑州,2,,,0
24408,李勣,14783,衛南,1,,,0
24408,李勣,14929,濟陰,5,,,
24408,李勣,14933,離狐,1,,,0
24632,武華,15060,文水,1,0,0,0
24633,武士稜,15060,文水,1,0,0,0
25793,王羲之,15801,剡縣,1,0,0,0
26931,姚宣業,14721,硤石,1,0,0,0
26931,姚宣業,14721,硤石,2,0,0,0
26931,姚宣業,15779,武康,3,0,0,0
26932,姚安仁,14721,硤石,1,0,0,0
26933,姚祥,14721,硤石,1,0,0,0
26934,姚懿,14691,河南府,9,708,,
26934,姚懿,14721,硤石,1,0,0,0
26934,姚懿,16248,雟州,10,663,,
28918,拓跋弘,15082,平城,1,0,0,0
28919,元宏延,14693,洛陽,1,0,0,0
28919,元宏延,14693,洛陽,2,0,0,0
28919,元宏延,15082,平城,3,0,0,0
30392,徐綜,14842,下邳,3,0,0,0
30392,徐綜,15777,長城,1,0,0,0
30392,徐綜,15777,長城,4,0,0,0
30393,徐貴,15777,長城,1,0,0,0
30583,錢文彊,15777,長城,1,0,0,0
30584,錢九龍,15777,長城,1,0,0,0
30587,馮盎,16434,良德,1,0,0,0
30841,任昉,14913,博昌,1,0,0,0
30842,任遐,14913,博昌,1,0,0,0
30843,任遙,14913,博昌,1,0,0,0
30844,任東里,14913,博昌,1,0,0,0
30859,杜徽,14493,長安,1,0,0,0
30860,杜吒,14493,長安,1,0,0,0
30861,杜淹,14493,長安,1,0,0,0
30861,杜淹,16438,杜陵,14,,,
30864,杜如晦,14493,長安,1,0,0,0
30881,王彥,15023,龍門,1,0,0,0
30882,王傑,15023,龍門,1,0,0,0
30883,王隆,15023,龍門,1,0,0,0
30886,李密,4008,遼州,5,,,
30886,李密,14493,長安,1,0,0,0
30886,李密,16699,隴西,1,,,
30887,李寬,14493,長安,1,0,0,0
30887,李寬,14493,長安,2,0,0,0
30887,李寬,15440,安東都護府,3,0,0,0
30888,李曜,15440,安東都護府,1,0,0,0
30889,李弼,15440,安東都護府,1,0,0,0
30907,司馬耽,15742,丹徒,1,0,0,0
30908,司馬丕,15742,丹徒,1,0,0,0
30909,司馬奕,15742,丹徒,1,0,0,0
30910,司馬昱,15742,丹徒,1,0,0,0
30911,司馬曜,15742,丹徒,1,0,0,0
30912,司馬德,15742,丹徒,1,0,0,0
30913,司馬德文,15742,丹徒,1,0,0,0
30919,褚秀之,15767,錢塘,1,0,0,0
30920,褚粹之,15767,錢塘,1,0,0,0
30921,褚陟之,15767,錢塘,1,0,0,0
30922,褚裕之,15767,錢塘,1,0,0,0
30923,褚淡之,15767,錢塘,1,0,0,0
30924,褚湛之,15767,錢塘,1,0,0,0
30925,褚法顯,15767,錢塘,1,0,0,0
30926,褚淵,15767,錢塘,1,0,0,0
30927,褚賁,15767,錢塘,1,0,0,0
30928,褚蓁,15767,錢塘,1,0,0,0
30929,褚麡,15767,錢塘,1,0,0,0
30930,褚向,15767,錢塘,1,0,0,0
30931,褚炤,15767,錢塘,1,0,0,0
30932,褚炫,15767,錢塘,1,0,0,0
30933,褚澐,15767,錢塘,1,0,0,0
30934,褚蒙,15767,錢塘,1,0,0,0
30935,褚玠,15767,錢塘,1,0,0,0
30936,褚亮,14703,陽翟,5,,,
30936,褚亮,15767,錢塘,1,0,0,0
30938,褚遂良,15767,錢塘,1,0,0,0
30945,尉遲本貞,15112,鄯陽,1,0,0,0
30946,尉遲益都,15112,鄯陽,1,0,0,0
30947,尉遲伽,15112,鄯陽,1,0,0,0
30951,楊烈,15112,鄯陽,1,0,0,0
30952,楊禎,15112,鄯陽,1,0,0,0
30953,楊忠,14693,洛陽,1,0,0,0
30953,楊忠,14693,洛陽,2,0,0,0
30953,楊忠,15112,鄯陽,3,0,0,0
30955,楊惠嘏,15112,鄯陽,1,0,0,0
30956,楊堅,14693,洛陽,1,0,0,0
30957,楊廣(隋煬帝),14693,洛陽,1,0,0,0
30959,豆盧萇,14693,洛陽,1,0,0,0
30960,豆盧寧,14693,洛陽,1,0,0,0
30961,豆盧通,14693,洛陽,1,0,0,0
30962,豆盧勣,14693,洛陽,1,0,0,0
30963,豆盧賢,14693,洛陽,1,0,0,0
30964,豆盧毓,14693,洛陽,1,0,0,0
30965,豆盧寬,14693,洛陽,1,0,0,0
30968,姚菩,15779,武康,1,0,0,0
30969,姚僧坦,15779,武康,1,0,0,0
30970,姚察,14693,洛陽,1,0,0,0
30970,姚察,14693,洛陽,2,0,0,0
30970,姚察,15779,武康,3,0,0,0
30971,姚思廉,14491,咸寧,1,0,0,0
30971,姚思廉,14491,咸寧,2,0,0,0
30971,姚思廉,14693,洛陽,3,0,0,0
30972,姚處年,14491,咸寧,1,0,0,0
30994,韋峻,14493,長安,1,0,0,0
30998,韋逵,14493,長安,1,0,0,0
31000,韋真善,14493,長安,1,0,0,0
31001,韋旭,14493,長安,1,0,0,0
31004,韋敬遠,14493,長安,1,0,0,0
31005,拓跋珪,15082,平城,1,0,0,0
31006,拓跋嗣,15082,平城,1,0,0,0
31007,拓跋燾,15082,平城,1,0,0,0
31008,拓跋濬,15082,平城,1,0,0,0
31009,元恪,14693,洛陽,1,0,0,0
31010,元翊,14693,洛陽,1,0,0,0
31011,元子攸,14693,洛陽,1,0,0,0
31012,元修,14693,洛陽,1,0,0,0
31013,元善見,14693,洛陽,3,0,0,0
31013,元善見,14748,開封,1,0,0,0
31013,元善見,14748,開封,2,0,0,0
31014,元寶矩,14693,洛陽,1,0,0,0
31015,韋孝寬,14493,長安,1,0,0,0
31016,韋世康,14493,長安,1,0,0,0
31017,韋福,14493,長安,1,0,0,0
31019,韋鴻冑,14493,長安,1,0,0,0
31020,韋邕,14493,長安,1,0,0,0
31021,韋澄,14493,長安,1,0,0,0
31022,韋淹,14493,長安,1,0,0,0
31027,韋約,14493,長安,1,0,0,0
31029,韋冲,14493,長安,1,0,0,0
31033,韋總,14493,長安,1,0,0,0
31034,韋匡伯,14493,長安,1,0,0,0
31034,韋匡伯,14693,洛陽,9,620,,
31034,韋匡伯,15691,揚州,10,617,,
31037,韋津,14493,長安,1,0,0,0
31039,韋琨,14493,長安,1,0,0,0
31040,韋璲,14493,長安,1,0,0,0
31041,韋瑜,14493,長安,1,0,0,0
31060,長孫稚,14693,洛陽,1,0,0,0
31061,長孫子裕,14693,洛陽,1,0,0,0
31062,長孫紹遠,14693,洛陽,1,0,0,0
31063,長孫兕,14693,洛陽,1,0,0,0
31064,長孫熾,14693,洛陽,1,0,0,0
31065,長孫晟,14693,洛陽,1,0,0,0
31069,長孫淇,14693,洛陽,1,0,0,0
31070,長孫覽,14693,洛陽,1,0,0,0
31071,長孫操,14693,洛陽,1,0,0,0
31078,韋弘瑗,14793,陽武,1,0,0,0
31078,韋弘瑗,14793,陽武,2,0,0,0
31078,韋弘瑗,15501,襄陽,3,0,0,0
31079,韋德倫,14793,陽武,1,0,0,0
31093,唐和,16756,晉昌,1,0,0,0
31094,唐欽,16756,晉昌,1,0,0,0
31095,唐歡,16756,晉昌,1,0,0,0
31096,唐二政,16756,晉昌,1,0,0,0
31097,唐規,16756,晉昌,1,0,0,0
31098,唐宗,16756,晉昌,1,0,0,0
31111,楊德裔,14525,華陰,1,0,0,0
31117,李歆,16695,成紀,1,0,0,0
31118,李重耳,16695,成紀,1,0,0,0
31119,李熙,16695,成紀,1,0,0,0
31120,李天賜,16695,成紀,1,0,0,0
31121,李虎,14498,三原,9,,,0
31121,李虎,16695,成紀,1,0,0,0
31122,李昺,16695,成紀,1,0,0,0
31124,李琰之,16737,狄道,1,0,0,0
31125,李剛,16737,狄道,1,0,0,0
31126,李充節,14510,涇陽,1,0,0,0
31126,李充節,14510,涇陽,2,0,0,0
31126,李充節,16737,狄道,3,0,0,0
31127,李充信,14510,涇陽,1,0,0,0
31129,李充穎,14510,涇陽,4,0,0,0
31129,李充穎,16737,狄道,1,0,0,0
31131,李玄明,14510,涇陽,4,0,0,0
31131,李玄明,16737,狄道,1,0,0,0
31134,朱敞,14693,洛陽,1,0,0,0
31136,梁禦,14559,臨涇,1,0,0,0
31137,梁睿,14559,臨涇,1,0,0,0
31138,梁演,14559,臨涇,1,0,0,0
31142,梁洋,14559,臨涇,1,0,0,0
31145,韋景略,14493,長安,1,0,0,0
31146,韋瓚,14493,長安,1,0,0,0
31165,楊國,14525,華陰,1,0,0,0
31166,楊紹,14525,華陰,1,0,0,0
31167,楊士雄,14525,華陰,1,0,0,0
31168,楊恭仁,14525,華陰,1,0,0,0
31169,楊綝,14525,華陰,1,0,0,0
31171,楊縯,14525,華陰,1,0,0,0
31175,楊師道,14525,華陰,1,0,0,0
31182,韋延賓,14493,長安,1,0,0,0
31183,韋議,14493,長安,1,0,0,0
31184,韋仁,14493,長安,1,0,0,0
31208,楊士達,14525,華陰,1,0,0,0
31209,楊緘,14525,華陰,1,0,0,0
31216,楊琛,15010,永樂,1,0,0,0
31217,楊汪,15010,永樂,1,0,0,0
31223,張長諧,15318,義豐,1,0,0,0
31224,張行鈞,15318,義豐,1,0,0,0
31225,張行成,15318,義豐,1,0,0,0
31236,韋師,14493,長安,1,0,0,0
31237,韋弘敏,14493,長安,1,0,0,0
31238,韋真,14493,長安,1,0,0,0
31239,韋懷敬,14493,長安,1,0,0,0
31260,慕容暐,15419,柳城,1,0,0,0
31262,慕容寶,15419,柳城,1,0,0,0
31263,慕容盛,15419,柳城,1,0,0,0
31266,崔琨,15285,安平,1,0,0,0
31267,崔鬱,15285,安平,1,0,0,0
31268,崔挺,15285,安平,1,0,0,0
31269,崔孝芬,15285,安平,1,0,0,0
31270,崔宣度,15285,安平,1,0,0,0
31271,崔公業,15285,安平,1,0,0,0
31272,崔元植,15285,安平,1,0,0,0
31288,宋紀,15147,南和,1,0,0,0
31290,宋欽道,15147,南和,1,0,0,0
31291,宋元節,15147,南和,1,0,0,0
31308,李權,14493,長安,1,0,0,0
31309,李崇義,14493,長安,1,0,0,0
31310,李詮,14493,長安,1,0,0,0
31311,李正明,14493,長安,1,0,0,0
31312,李靖,14493,長安,3,0,0,0
31312,李靖,14498,三原,1,0,0,0
31312,李靖,14498,三原,2,0,0,0
31313,李客師,14493,長安,1,0,0,0
31319,韋兢,14493,長安,1,0,0,0
31331,陳方慶,16267,射洪,1,0,0,0
31332,陳湯,16267,射洪,1,0,0,0
31333,陳迴,16267,射洪,1,0,0,0
31334,陳通,16267,射洪,1,0,0,0
31356,崔逵,14916,全節,1,0,0,0
31357,崔德仁,14916,全節,1,0,0,0
31358,崔君實,14916,全節,1,0,0,0
31362,石虎,15209,鄴縣,1,0,0,0
31363,石世,15209,鄴縣,1,0,0,0
31364,石遵,15209,鄴縣,1,0,0,0
31366,石祇,15209,鄴縣,1,0,0,0
31396,張俊,14693,洛陽,1,0,0,0
31397,張弋,14693,洛陽,1,0,0,0
31416,韋藝,14493,長安,1,0,0,0
31417,韋晏,14493,長安,1,0,0,0
31418,韋鼎,14493,長安,1,0,0,0
31422,元仁惠,14693,洛陽,1,0,0,0
31423,元順,14693,洛陽,1,0,0,0
31424,元雄,14693,洛陽,1,0,0,0
31425,元冑,14693,洛陽,1,0,0,0
31431,張元悊,15371,薊縣,1,0,0,0
31432,楊士貴,14525,華陰,1,0,0,0
31434,楊譽,14525,華陰,1,0,0,0
31436,唐契,16756,晉昌,1,0,0,0
31437,唐純,16756,晉昌,1,0,0,0
31439,唐靈,16756,晉昌,1,0,0,0
31440,唐邕,16756,晉昌,1,0,0,0
31444,梁遵,14506,藍田,1,0,0,0
31446,梁殊,14506,藍田,1,0,0,0
31450,席固,15501,襄陽,1,0,0,0
31451,席世雅,15501,襄陽,1,0,0,0
31452,席世英,15501,襄陽,1,0,0,0
31455,姜真,16691,上邽,1,0,0,0
31456,姜景,16691,上邽,1,0,0,0
31457,姜謨,16691,上邽,1,0,0,0
31458,姜行本,16691,上邽,1,0,0,0
31467,于洛拔,15099,鴈門,1,0,0,0
31468,于烈,14693,洛陽,1,0,0,0
31468,于烈,14693,洛陽,2,0,0,0
31468,于烈,15099,鴈門,3,0,0,0
31469,于天恩,14693,洛陽,1,0,0,0
31470,于婆,14693,洛陽,1,0,0,0
31471,于安定,14693,洛陽,1,0,0,0
31472,于提,14693,洛陽,1,0,0,0
31473,于謹,14508,高陵,1,0,0,0
31473,于謹,14508,高陵,2,0,0,0
31473,于謹,14693,洛陽,3,0,0,0
31474,于寔,14508,高陵,1,0,0,0
31475,于翼,14508,高陵,1,0,0,0
31476,于義,14508,高陵,1,0,0,0
31477,于宣道,14508,高陵,1,0,0,0
31478,于宣敏,14508,高陵,1,0,0,0
31479,于禮,14508,高陵,1,0,0,0
31480,于智,14508,高陵,1,0,0,0
31481,于紹,14508,高陵,1,0,0,0
31482,于弼,14508,高陵,1,0,0,0
31483,于蘭,14508,高陵,1,0,0,0
31484,于曠,14508,高陵,1,0,0,0
31485,于志寧,14508,高陵,1,0,0,0
31487,于仲文,14508,高陵,1,0,0,0
31488,于欽明,14508,高陵,1,0,0,0
31491,于汪,14508,高陵,1,0,0,0
31519,崔玄伯,15300,平原,1,0,0,0
31527,盧諶,15381,范陽,1,0,0,0
31530,盧玄,15381,范陽,1,0,0,0
31531,盧度世,15381,范陽,1,0,0,0
31532,盧淵,15381,范陽,1,0,0,0
31533,盧道將,15381,范陽,1,0,0,0
31534,盧思道,15381,范陽,1,0,0,0
31535,盧赤松,14490,京兆府,10,625,,
31535,盧赤松,14691,河南府,9,649,,
31535,盧赤松,15381,范陽,1,0,0,0
31536,盧承慶,15381,范陽,1,0,0,0
31543,盧道虔,15381,范陽,1,0,0,0
31544,盧昌衡,15381,范陽,1,0,0,0
31545,楊定,14525,華陰,1,0,0,0
31550,薛行,15008,寶鼎,1,0,0,0
31570,李慶業,15294,贊皇,1,0,0,0
31571,李希禮,15294,贊皇,1,0,0,0
31572,李孝基,15294,贊皇,1,0,0,0
31573,李野工,15294,贊皇,1,0,0,0
31585,孫蔚,15275,武邑,1,0,0,0
31586,孫伯禮,15275,武邑,1,0,0,0
31587,孫孝敏,15275,武邑,1,0,0,0
31596,李摶,15289,平棘,1,0,0,0
31597,李惠明,15289,平棘,1,0,0,0
31621,岑惠甫,15772,鹽官,1,0,0,0
31622,岑昶,15772,鹽官,1,0,0,0
31623,岑善方,15772,鹽官,1,0,0,0
31624,岑之元,15772,鹽官,1,0,0,0
31625,岑之利,15772,鹽官,1,0,0,0
31626,岑之象,15772,鹽官,1,0,0,0
31628,岑文本,15540,棗陽,14,,,
31628,岑文本,15772,鹽官,1,0,0,0
31632,盧敏,15381,范陽,1,0,0,0
31633,盧昶,15381,范陽,1,0,0,0
31634,盧元德,15381,范陽,1,0,0,0
31635,盧士徹,15381,范陽,1,0,0,0
31636,盧仁師,15381,范陽,1,0,0,0
31641,苻洪,15558,西縣,1,0,0,0
31642,苻健,15558,西縣,1,0,0,0
31644,苻生,15558,西縣,1,0,0,0
31645,苻堅,15558,西縣,1,0,0,0
31646,苻丕,15558,西縣,1,0,0,0
31647,苻登,15558,西縣,1,0,0,0
31648,權文誕,16694,清水,1,0,0,0
31653,殷任,14810,項城,1,0,0,0
31654,殷高明,14810,項城,1,0,0,0
31655,殷不害,14810,項城,1,0,0,0
31656,殷僧首,14514,鄠縣,1,0,0,0
31656,殷僧首,14514,鄠縣,2,0,0,0
31656,殷僧首,14810,項城,3,0,0,0
31657,殷嶠,14514,鄠縣,1,0,0,0
31658,殷不佞,14810,項城,1,0,0,0
31659,殷梵童,14810,項城,1,0,0,0
31660,殷英童,14514,鄠縣,1,0,0,0
31660,殷英童,14514,鄠縣,2,0,0,0
31660,殷英童,14810,項城,3,0,0,0
31678,齊虔,15318,義豐,1,0,0,0
31692,唐弘,14964,膠水,1,0,0,0
31698,崔經,15285,安平,1,0,0,0
31699,崔辨,15285,安平,1,0,0,0
31700,崔楷,15285,安平,1,0,0,0
31701,崔說,15285,安平,1,0,0,0
31718,劉偉,14816,彭城,1,0,0,0
31719,劉琨,14816,彭城,1,0,0,0
31720,劉務本,14816,彭城,1,0,0,0
31729,盧元隆,15381,范陽,1,0,0,0
31730,盧士熙,15381,范陽,1,0,0,0
31731,盧悊,14785,靈昌,1,0,0,0
31731,盧悊,14785,靈昌,2,0,0,0
31731,盧悊,15381,范陽,3,0,0,0
31745,史憲,15955,溧陽,1,0,0,0
31760,柳縃,14853,汝陽,1,0,0,0
31761,柳僧習,14853,汝陽,3,0,0,0
31761,柳僧習,15009,解縣,1,0,0,0
31761,柳僧習,15009,解縣,2,0,0,0
31762,柳慶,15009,解縣,1,0,0,0
31763,柳鷟,15009,解縣,1,0,0,0
31764,柳虯,15009,解縣,1,0,0,0
31765,柳檜,15009,解縣,1,0,0,0
31766,柳帶韋,15009,解縣,1,0,0,0
31767,柳祚,15009,解縣,1,0,0,0
31768,柳斌,15009,解縣,1,0,0,0
31769,柳雄亮,15009,解縣,1,0,0,0
31770,宇文泰,14493,長安,1,0,0,0
31770,宇文泰,14493,長安,2,0,0,0
31771,宇文覺,14493,長安,1,0,0,0
31772,宇文毓,14493,長安,1,0,0,0
31773,宇文邕(北周武帝),14493,長安,1,0,0,0
31774,竇略,14504,咸陽,3,0,0,0
31774,竇略,14693,洛陽,1,0,0,0
31774,竇略,14693,洛陽,2,0,0,0
31775,竇岳,14693,洛陽,1,0,0,0
31776,竇善,14693,洛陽,1,0,0,0
31777,竇毅,14693,洛陽,1,0,0,0
31778,竇榮定,16093,盧陽,1,0,0,0
31779,竇抗,14693,洛陽,1,0,0,0
31780,竇誕,14693,洛陽,1,0,0,0
31780,竇誕,400514,平陵,1,,,
31781,柳機,15009,解縣,1,0,0,0
31782,柳弘,15009,解縣,1,0,0,0
31783,柳旦,15009,解縣,1,0,0,0
31784,柳燮,15009,解縣,1,0,0,0
31785,柳則,15009,解縣,1,0,0,0
31786,柳綽,15009,解縣,1,0,0,0
31787,柳楷,15009,解縣,1,0,0,0
31791,柳子陽,15009,解縣,1,0,0,0
31802,柳惔,15501,襄陽,1,0,0,0
31803,柳映,15501,襄陽,1,0,0,0
31809,柳遐,15007,虞鄉,1,0,0,0
31809,柳遐,15007,虞鄉,2,0,0,0
31809,柳遐,15501,襄陽,3,0,0,0
31810,柳季遠,15501,襄陽,1,0,0,0
31811,柳莊,15007,虞鄉,1,0,0,0
31812,柳慶孫,15007,虞鄉,1,0,0,0
31815,竇靜,14693,洛陽,1,0,0,0
31817,竇師綸,14693,洛陽,1,0,0,0
31828,源賀,14693,洛陽,1,0,0,0
31828,源賀,14693,洛陽,2,0,0,0
31828,源賀,16713,湟水,3,0,0,0
31829,源延,14693,洛陽,1,0,0,0
31830,源懷,14693,洛陽,1,0,0,0
31831,源奐,14693,洛陽,1,0,0,0
31832,源規,14693,洛陽,1,0,0,0
31833,源榮,14693,洛陽,1,0,0,0
31834,源徽,14693,洛陽,1,0,0,0
31835,源玄諒,14693,洛陽,1,0,0,0
31836,源子雍,14693,洛陽,1,0,0,0
31837,源子恭,14693,洛陽,1,0,0,0
31838,源彪,14693,洛陽,3,0,0,0
31838,源彪,15215,臨漳,1,0,0,0
31838,源彪,15215,臨漳,2,0,0,0
31839,源師,15215,臨漳,1,0,0,0
31840,源崑玉,15215,臨漳,1,0,0,0
31846,源誠心,15215,臨漳,1,0,0,0
31874,裴順宗,15501,襄陽,1,0,0,0
31875,裴叔寶,15501,襄陽,1,0,0,0
31876,裴叔業,15022,稷山,1,0,0,0
31876,裴叔業,15022,稷山,2,0,0,0
31876,裴叔業,15501,襄陽,3,0,0,0
31877,裴令寶,15020,聞喜,1,0,0,0
31877,裴令寶,15020,聞喜,2,0,0,0
31877,裴令寶,15501,襄陽,3,0,0,0
31878,裴彥遠,15020,聞喜,1,0,0,0
31882,裴羅,14693,洛陽,1,0,0,0
31882,裴羅,14693,洛陽,2,0,0,0
31882,裴羅,15020,聞喜,3,0,0,0
31892,裴義同,15020,聞喜,1,0,0,0
31893,裴仁素,15020,聞喜,1,0,0,0
31894,裴大同,15020,聞喜,1,0,0,0
31903,裴伯鳳,15020,聞喜,1,0,0,0
31904,裴定,15020,聞喜,1,0,0,0
31905,裴仁基,15020,聞喜,1,0,0,0
31914,裴韜,15020,聞喜,1,0,0,0
31915,裴融,15020,聞喜,1,0,0,0
31916,裴孝瑜,15020,聞喜,1,0,0,0
31917,裴寂,15020,聞喜,1,0,0,0
31920,裴簡之,15022,稷山,1,0,0,0
31921,裴景,15022,稷山,1,0,0,0
31922,裴正,15022,稷山,1,0,0,0
31930,蕭思話,15742,丹徒,1,0,0,0
31931,蕭惠蒨,15742,丹徒,1,0,0,0
31932,蕭介,15742,丹徒,1,0,0,0
31933,蕭允,14493,長安,1,0,0,0
31933,蕭允,14493,長安,2,0,0,0
31933,蕭允,15742,丹徒,3,0,0,0
31934,蕭引,15742,丹徒,1,0,0,0
31935,蕭德言,14493,長安,1,0,0,0
31935,蕭德言,14493,長安,2,0,0,0
31935,蕭德言,14815,徐州,5,,,
31935,蕭德言,15742,丹徒,3,0,0,0
31936,蕭沈,14493,長安,1,0,0,0
31942,崔綽,15285,安平,1,0,0,0
31943,崔標,15285,安平,1,0,0,0
31947,崔鳳舉,15285,安平,1,0,0,0
31948,崔從禮,15285,安平,1,0,0,0
31954,崔昂,15316,安喜,1,0,0,0
31955,崔仁師,15316,安喜,1,0,0,0
31964,李大通,14510,涇陽,1,0,0,0
31965,李大亮,14510,涇陽,1,0,0,0
31968,韋仁基,14493,長安,1,0,0,0
31974,裴澄,15020,聞喜,1,0,0,0
31975,裴景漢,15020,聞喜,1,0,0,0
31976,裴文度,15020,聞喜,1,0,0,0
31977,裴鏡民,15020,聞喜,1,0,0,0
31977,裴鏡民,15020,聞喜,9,637,,
31978,裴熙載,15020,聞喜,1,0,0,0
31980,裴大方,15020,聞喜,1,0,0,0
31988,裴尼,15020,聞喜,1,0,0,0
31989,裴之隱,15020,聞喜,1,0,0,0
32003,盧彭壽,15381,范陽,1,0,0,0
32004,盧尚卿,15381,范陽,1,0,0,0
32013,張長度,15006,猗氏,1,0,0,0
32025,李湛,16695,成紀,1,0,0,0
32028,丙明,14493,長安,1,0,0,0
32029,李粲,14493,長安,1,0,0,0
32042,遼熾,14557,鶉觚,1,0,0,0
32043,牛允,14557,鶉觚,1,0,0,0
32044,牛弘,14557,鶉觚,1,0,0,0
32045,牛方大,14557,鶉觚,1,0,0,0
32046,牛方裕,14557,鶉觚,1,0,0,0
32063,蕭副,15753,武進,1,0,0,0
32064,蕭順之,15753,武進,1,0,0,0
32065,蕭懿,15753,武進,1,0,0,0
32079,韋元禮,14493,長安,1,0,0,0
32080,韋恪,14493,長安,1,0,0,0
32101,崔鑒,15285,安平,1,0,0,0
32102,崔合,15285,安平,1,0,0,0
32103,崔秉,15285,安平,1,0,0,0
32104,崔仲哲,15285,安平,1,0,0,0
32105,崔仲琰,15285,安平,1,0,0,0
32106,崔君昭,15285,安平,1,0,0,0
32107,崔君昇,15285,安平,1,0,0,0
32108,崔播,15285,安平,1,0,0,0
32119,崔道泠,15285,安平,1,0,0,0
32157,李孝威,15294,贊皇,1,0,0,0
32158,李孝貞,15292,柏鄉,14,,,
32158,李孝貞,15294,贊皇,1,0,0,0
32159,李太冲,15294,贊皇,1,0,0,0
32168,蕭恢,15742,丹徒,1,0,0,0
32180,裴智深,15020,聞喜,1,0,0,0
32181,裴彥,15020,聞喜,1,0,0,0
32182,裴英,15020,聞喜,1,0,0,0
32183,裴兢,15020,聞喜,1,0,0,0
32184,裴操之,15020,聞喜,1,0,0,0
32201,李亮,16695,成紀,1,0,0,0
32202,李神通,14493,長安,1,0,0,0
32202,李神通,14493,長安,2,0,0,0
32202,李神通,16695,成紀,3,0,0,0
32210,楊昭,14693,洛陽,1,0,0,0
32211,崔弘度,15285,安平,1,0,0,0
32212,崔弘昇,15285,安平,1,0,0,0
32213,崔弘峻,15285,安平,1,0,0,0
32214,崔儼,15285,安平,1,0,0,0
32217,白建,15058,太谷,1,0,0,0
32218,白士通,15058,太谷,1,0,0,0
32242,元禎,14693,洛陽,1,0,0,0
32243,元巖,14693,洛陽,1,0,0,0
32244,元弘,14693,洛陽,1,0,0,0
32284,崔處仁,15285,安平,1,0,0,0
32286,崔謙,15285,安平,1,0,0,0
32287,崔曠,15285,安平,1,0,0,0
32288,崔確,15285,安平,1,0,0,0
32288,崔確,15285,安平,1,,,
32309,鄭希,14791,榮澤,1,0,0,0
32310,鄭道育,14791,榮澤,1,0,0,0
32311,鄭子柔,14791,榮澤,1,0,0,0
32312,鄭師萬,14791,榮澤,1,0,0,0
32317,盧道舒,15381,范陽,1,0,0,0
32318,盧熙裕,15381,范陽,1,0,0,0
32319,盧士繪,15381,范陽,1,0,0,0
32320,盧方慶,15381,范陽,1,0,0,0
32327,楊湋,15316,安喜,1,0,0,0
32328,楊岐,15316,安喜,1,0,0,0
32329,楊行表,15316,安喜,1,0,0,0
32336,王直,14493,長安,1,0,0,0
32337,王武宣,14493,長安,1,0,0,0
32340,王長諧,14493,長安,1,0,0,0
32367,鄭幼儒,14791,榮澤,1,0,0,0
32368,鄭敬道,14791,榮澤,1,0,0,0
32369,鄭正則,14791,榮澤,1,0,0,0
32370,鄭德淹,14791,榮澤,1,0,0,0
32392,崔孝暐,15285,安平,1,0,0,0
32393,崔昂,15285,安平,1,0,0,0
32394,崔寂,15285,安平,1,0,0,0
32395,崔曇首,15285,安平,1,0,0,0
32414,顏含,14955,臨沂,1,0,0,0
32422,顏炳之,14955,臨沂,1,0,0,0
32423,顏見遠,14955,臨沂,1,0,0,0
32424,顏協,14955,臨沂,1,0,0,0
32425,顏之義,14493,長安,1,0,0,0
32425,顏之義,14493,長安,2,0,0,0
32425,顏之義,14955,臨沂,3,0,0,0
32426,顏之推,14493,長安,1,0,0,0
32426,顏之推,14493,長安,2,0,0,0
32426,顏之推,14955,臨沂,3,0,0,0
32427,顏思魯,14493,長安,1,0,0,0
32428,顏愍楚,14493,長安,1,0,0,0
32429,顏遊素,14493,長安,1,0,0,0
32430,顏師古,14493,長安,1,0,0,0
32430,顏師古,14955,臨沂,5,,,
32431,顏相時,14493,長安,1,0,0,0
32449,殷履直,14514,鄠縣,1,0,0,0
32453,李華,15294,贊皇,1,0,0,0
32454,李敬養,15294,贊皇,1,0,0,0
32455,李仲通,15294,贊皇,1,0,0,0
32456,李孝端,15294,贊皇,1,0,0,0
32477,杜顒,14493,長安,1,0,0,0
32478,杜景秀,14493,長安,1,0,0,0
32485,杜懿,14493,長安,1,0,0,0
32487,杜乾祐,14493,長安,1,0,0,0
32503,康孝範,15792,山陰,1,0,0,0
32504,康英,15792,山陰,1,0,0,0
32514,歐陽允,15976,長沙,1,0,0,0
32530,李褘,14493,長安,1,0,0,0
32531,李叔良,14493,長安,1,0,0,0
32532,李孝斌,14493,長安,1,0,0,0
32543,郭育,14703,陽翟,1,0,0,0
32544,郭處範,14703,陽翟,1,0,0,0
32545,郭待舉,14703,陽翟,1,0,0,0
32555,楊暕,14693,洛陽,1,0,0,0
32569,敬長瑜,15003,河東,1,0,0,0
32570,敬肅,15003,河東,1,0,0,0
32571,敬昶,15003,河東,1,0,0,0
32584,柳範,15009,解縣,1,0,0,0
32628,崔宗伯,15237,清河,1,0,0,0
32629,崔寅,15237,清河,1,0,0,0
32630,崔敬禮,15237,清河,1,0,0,0
32632,崔公華,15237,清河,1,0,0,0
32633,崔大質,15237,清河,1,0,0,0
32650,盧義惇,15381,范陽,1,0,0,0
32651,盧景柔,15381,范陽,1,0,0,0
32652,盧元幹,15381,范陽,1,0,0,0
32664,裴魯師,15020,聞喜,1,0,0,0
32677,杜亮,14940,濮陽,1,0,0,0
32678,杜伽,14940,濮陽,1,0,0,0
32680,杜保,14940,濮陽,1,0,0,0
32686,崔彭,15285,安平,1,0,0,0
32727,李抗,16695,成紀,1,0,0,0
32733,李韶,14789,管城,1,0,0,0
32734,李瑾,14789,管城,1,0,0,0
32735,李行之,14789,管城,1,0,0,0
32736,李玄道,14789,管城,1,0,0,0
32736,李玄道,16699,隴西,5,,,
32752,陳叔明,14493,長安,1,0,0,0
32752,陳叔明,14691,河南府,9,615,,
32753,李希騫,15294,贊皇,1,0,0,0
32754,李仲卿,15294,贊皇,1,0,0,0
32755,李文政,15294,贊皇,1,0,0,0
32769,陸彌,15099,鴈門,1,0,0,0
32770,陸旭,15099,鴈門,1,0,0,0
32771,陸騰,15099,鴈門,1,0,0,0
32772,元休,14693,洛陽,1,0,0,0
32773,元貴平,14693,洛陽,1,0,0,0
32774,陸玄,14693,洛陽,1,0,0,0
32774,陸玄,14693,洛陽,2,0,0,0
32774,陸玄,15099,鴈門,3,0,0,0
32775,陸融,14693,洛陽,1,0,0,0
32798,楊榮,14493,長安,1,0,0,0
32806,陸雍,15758,吳縣,1,0,0,0
32807,陸元明,15758,吳縣,1,0,0,0
32808,陸敬義,15758,吳縣,1,0,0,0
32809,陸敦信,15758,吳縣,1,0,0,0
32830,楊綱,14525,華陰,1,0,0,0
32836,裴鴻,15020,聞喜,1,0,0,0
32837,裴師義,15020,聞喜,1,0,0,0
32854,劉林甫,15206,觀城,1,0,0,0
32855,劉祥道,15206,觀城,1,0,0,0
32890,元善褘,14693,洛陽,1,0,0,0
32909,獨孤歸,14693,洛陽,1,0,0,0
32910,獨孤冀,14693,洛陽,1,0,0,0
32911,獨孤永業,14693,洛陽,1,0,0,0
32912,獨孤子佳,14693,洛陽,1,0,0,0
32919,獨孤義順,14693,洛陽,1,0,0,0
32942,獨孤義恭,14693,洛陽,1,0,0,0
32946,路慶,15189,冠氏,1,0,0,0
32947,路彩,15189,冠氏,1,0,0,0
32948,路兗,15189,冠氏,1,0,0,0
32963,令狐嗣,16753,燉煌,1,0,0,0
32964,令狐詔安,16753,燉煌,1,0,0,0
32965,令狐虯,16753,燉煌,1,0,0,0
32966,令狐德棻,14512,華原,1,0,0,0
32966,令狐德棻,14512,華原,2,0,0,0
32966,令狐德棻,16753,燉煌,3,0,0,0
32966,令狐德棻,16753,燉煌,5,,,
32967,令狐整,16753,燉煌,1,0,0,0
32968,令狐熙,16753,燉煌,1,0,0,0
32974,令狐滔,14512,華原,1,0,0,0
32991,崔寶德,15285,安平,1,0,0,0
32993,鄭敬德,14791,榮澤,1,0,0,0
32994,鄭撝,14791,榮澤,1,0,0,0
32995,鄭弼,14791,榮澤,1,0,0,0
33012,王顗,14493,長安,1,0,0,0
33012,王顗,14493,長安,2,0,0,0
33012,王顗,15742,丹徒,3,0,0,0
33013,王珪,14493,長安,1,0,0,0
33013,王珪,15059,祁縣,14,,,
33018,盧士倫,15381,范陽,1,0,0,0
33019,盧同吉,15381,范陽,1,0,0,0
33022,盧寶素,15381,范陽,1,0,0,0
33027,薛种,15008,寶鼎,1,0,0,0
33028,薛善,15008,寶鼎,1,0,0,0
33029,薛裕,15008,寶鼎,1,0,0,0
33030,薛敬德,15008,寶鼎,1,0,0,0
33034,薛馥德,15008,寶鼎,1,0,0,0
33035,薛道賢,15008,寶鼎,1,0,0,0
33055,薛亮,15008,寶鼎,1,0,0,0
33056,薛琰,15008,寶鼎,1,0,0,0
33057,薛謨,15008,寶鼎,1,0,0,0
33058,薛文思,15008,寶鼎,1,0,0,0
33081,于筠,14493,長安,1,0,0,0
33090,張紹,15758,吳縣,1,0,0,0
33091,張冲,15758,吳縣,1,0,0,0
33092,張德胤,15758,吳縣,1,0,0,0
33101,蕭珣,14493,長安,1,0,0,0
33105,皇甫珍義,14559,臨涇,1,0,0,0
33242,韓冑,14798,長葛,1,0,0,0
33243,韓護,14798,長葛,1,0,0,0
33244,韓賢,14798,長葛,1,0,0,0
33251,蕭綱,15742,丹徒,1,0,0,0
33252,蕭繹,15742,丹徒,1,0,0,0
33619,韋憬,14493,長安,1,0,0,0
33683,顧越,15772,鹽官,1,0,0,0
33684,顧賢,15772,鹽官,1,0,0,0
33685,顧胤,15758,吳縣,14,,,
33685,顧胤,15772,鹽官,1,0,0,0
33730,陸惠徹,15758,吳縣,1,0,0,0
33731,陸閑,15758,吳縣,1,0,0,0
33732,陸厥,15758,吳縣,1,0,0,0
33733,陸完,15758,吳縣,1,0,0,0
33734,陸丘公,15758,吳縣,1,0,0,0
33735,陸令公,15758,吳縣,1,0,0,0
33736,陸雲公,15758,吳縣,1,0,0,0
33737,陸晏子,15758,吳縣,1,0,0,0
33738,陸琛,15758,吳縣,1,0,0,0
33739,陸東之,15758,吳縣,1,0,0,0
33740,陸玄之,15758,吳縣,1,0,0,0
33741,陸琰,15758,吳縣,1,0,0,0
33742,陸瑜,15758,吳縣,1,0,0,0
33743,陸瓊,15758,吳縣,1,0,0,0
33744,陸玠,15758,吳縣,1,0,0,0
33745,陸從宜,15758,吳縣,1,0,0,0
33746,陸從典,15758,吳縣,1,0,0,0
33909,裴師道,15020,聞喜,1,0,0,0
33910,裴懷儉,15020,聞喜,1,0,0,0
34004,蕭承之,15753,武進,1,0,0,0
34005,蕭賾,15742,丹徒,1,0,0,0
34006,蕭長懋,15742,丹徒,1,0,0,0
34007,蕭昭業,15742,丹徒,1,0,0,0
34008,蕭昭文,15742,丹徒,1,0,0,0
34009,蕭道生,15753,武進,1,0,0,0
34010,蕭鸞,15742,丹徒,1,0,0,0
34010,蕭鸞,15742,丹徒,2,0,0,0
34010,蕭鸞,15753,武進,3,0,0,0
34011,蕭寶卷,15742,丹徒,1,0,0,0
34012,蕭寶融,15742,丹徒,1,0,0,0
35370,楊侑,14693,洛陽,1,0,0,0
91972,馬嘉運,15177,魏州,1,,,
92072,王梵志,15234,黎陽,1,,,
92271,孔穎達,15273,衡水,1,,,
92273,孔德紹,15791,會稽,1,,,
92521,朱子奢,15758,吳縣,1,,,
92604,劉子翼,14837,臨淮,5,,,
92604,劉子翼,15751,常州,1,,,
92625,劉孝孫,4067,荊州,1,,,
92738,許叔牙,400052,句容,1,,,
92784,孫思邈,14512,華原,1,,,
92838,杜正倫,15214,洹水,1,,,
92899,李百藥,15285,安平,1,,,
93407,張後胤,15764,崑山,1,,,
93537,張蘊古,15214,洹水,1,,,
93551,陸士季,15758,吳縣,1,,,
93580,陳子良,15758,吳縣,1,,,
93608,陳叔達,15777,長城,1,,,
93613,陳政,15006,猗氏,1,,,
93808,鄭元璹,14748,開封,5,,,
93871,鄭頲,14790,榮陽,1,,,
93907,釋法琳,14692,河南,1,,,
93918,釋光智,500001,中印度,1,,,
93938,郎穎,15317,新樂,1,,,
93988,趙弘智,14712,新安,1,,,
94145,祖君彥,15381,范陽,1,,,
94165,姚簡,14492,萬年,1,,,
94181,賀德仁,400053,山陰,1,,,
94339,高儉,15305,蓨縣,1,,,
94348,高馮,15305,蓨縣,1,,,
94425,釋海順,15000,蒲州,1,,,
94767,傅弈,15207,相州,1,,,
94794,釋道會,16614,武陽,1,,,
94799,釋道宣,15742,丹徒,1,,,
94799,釋道宣,15777,長城,14,,,
94810,溫彥弘,15059,祁縣,1,,,
94815,溫彥博,15054,太原,1,,,
94815,溫彥博,15059,祁縣,1,,,
94815,溫彥博,400552,昭陵,9,,,
94832,謝偃,15232,衛縣,1,,,
94984,釋慧淨,15254,真定,1,,,
94991,釋慧賾,15445,江陵府,1,,,
95030,顏游秦,14492,萬年,1,,,
95083,釋辨才,14809,太康,1,,,
95096,魏徴,15188,館陶,1,,,
95121,釋灌頂,15756,義興,5,,,
95121,釋灌頂,15838,臨海,1,,,
95124,王訓,14955,臨沂,5,,,
95148,徐之才,15744,丹陽,1,,,
95159,釋慧偘,15743,曲阿,1,,,
95217,慕容垂,15419,柳城,1,,,
95371,傅翕,15804,義烏,1,,,
134622,長孫安業,14693,洛陽,1,,,
135646,竇氏(太穆皇后),14498,三原,9,,,0
135646,竇氏(太穆皇后),14709,壽安,9,,,0
138706,蘇玉華,14490,京兆府,9,619,,
138706,蘇玉華,14490,京兆府,10,,,
138707,張真誌,14492,萬年,9,620,,
138708,庫狄真相,15252,恆州,1,,,
138708,庫狄真相,400539,芒山,9,623,,
138709,某月相,14691,河南府,10,,,
138709,某月相,15381,范陽,9,625,,
138709,某月相,16737,狄道,1,,,
138710,某長先,14691,河南府,10,,,
138710,某長先,14692,河南,9,626,,
138710,某長先,15285,安平,1,,,
138712,元買得,14692,河南,1,,,
138712,元買得,14693,洛陽,10,,,
138712,元買得,14894,金鄉,9,619,,
138713,麹舉,15162,邯鄲,1,,,
138713,麹舉,400539,芒山,9,620,,
138714,舒懿匡伯,14693,洛陽,9,620,,
138714,舒懿匡伯,15692,江都,10,,,
138714,舒懿匡伯,400609,杜陵,1,,,
138715,王仲,15053,晉陽,1,,,
138715,王仲,400539,芒山,9,620,,
138716,關道愛,16260,東安,1,,,
138716,關道愛,400539,芒山,9,627,,
138717,崔志,15237,清河,1,,,
138717,崔志,400538,北芒山,9,627,,
138718,劉粲,14692,河南,9,627,,
138718,劉粲,400539,芒山,9,627,,
138719,程锺,15207,相州,10,,,
138719,程锺,400038,廣平,1,,,
138719,程锺,400539,芒山,9,627,,
138720,楊敏,14731,弘農,1,,,
138720,楊敏,400538,北芒山,9,628,,
138721,張女羨,14531,白水,1,,,
138721,張女羨,400539,芒山,9,628,,
138722,屈突通,15423,昌黎,5,,,
138722,屈突通,400001,長安,1,,,
138722,屈突通,400073,關中,5,,,
138722,屈突通,400538,北芒山,9,628,,
138723,胡永,14559,臨涇,1,,,
138723,胡永,14693,洛陽,9,628,,
138724,郭通,15054,太原,1,,,
138724,郭通,400538,北芒山,9,628,,
138726,譚伍,14693,洛陽,2,,,
138726,譚伍,400539,芒山,9,629,,
138726,譚伍,400602,渾源,1,,,
138727,某氏(蔣國夫人),400539,芒山,9,629,,
138728,胡質,14559,臨涇,1,,,
138728,胡質,400539,芒山,9,,,
138729,李彥,16699,隴西,1,,,
138729,李彥,400538,北芒山,9,630,,
138730,毛祐,14557,鶉觚,1,,,
138730,毛祐,16740,姑臧,9,630,,
138731,李徹,16695,成紀,1,,,
138731,李徹,400538,北芒山,9,630,,
138734,何氏,15060,文水,1,,,
138734,何氏,400001,長安,9,631,,
138735,某禕,14693,洛陽,9,,,
138735,某禕,15252,恆州,1,,,
138736,麻氏,15744,丹陽,1,,,
138736,麻氏,400001,長安,9,631,,
138737,某守仁,15237,清河,1,,,
138738,劉節,15276,下博,1,,,
138739,郭雲,14492,萬年,1,,,
138740,李壽,14498,三原,9,,,
138740,李壽,14653,延福,10,,,
138740,李壽,16737,狄道,1,,,
138741,楊寶,14525,華陰,1,,,
138741,楊寶,400537,北市,9,632,,
138743,胡儼,14559,臨涇,1,,,
138743,胡儼,400539,芒山,9,,,
138744,某謩,16690,秦州,1,,,
138744,某謩,16690,秦州,9,632,,
138745,張濬,14693,洛陽,9,632,,
138745,張濬,15513,南陽,1,,,
138746,張濬,15513,南陽,1,,,
138746,張濬,400538,北芒山,9,633,,
138747,張伯,14531,白水,1,,,
138747,張伯,400539,芒山,9,,,
138748,盧野客,14693,洛陽,9,633,,
138749,樂陟,14531,白水,1,,,
138749,樂陟,400539,芒山,9,633,,
138750,賈通,14693,洛陽,1,,,
138750,賈通,400539,芒山,9,633,,
138751,張明,15237,清河,1,,,
138752,某遠,14693,洛陽,9,633,,
138752,某遠,16303,南平,1,,,
138753,郭提,14693,洛陽,2,,,
138753,郭提,15054,太原,1,,,
138753,郭提,400539,芒山,9,634,,
138754,解深,14691,河南府,10,,,
138754,解深,15003,河東,1,,,
138754,解深,400539,芒山,9,634,,
138755,張岳,15513,南陽,1,,,
138755,張岳,400539,芒山,9,634,,
138756,邢弁,15391,河間,1,,,
138756,邢弁,400539,芒山,9,634,,
138758,李繼叔,15289,平棘,1,,,
138758,李繼叔,400539,芒山,9,634,,
138759,田氏(田暉女),14693,洛陽,10,,,
138759,田氏(田暉女),15069,西河,1,,,
138759,田氏(田暉女),400539,芒山,9,634,,
138760,某孝敏,14693,洛陽,9,,,
138760,某孝敏,16375,南海,10,,,
138760,某孝敏,400607,平昌,1,,,
138761,張妃,14531,白水,1,,,
138761,張妃,14693,洛陽,9,,,
138762,孫隆,400514,平陵,1,,,
138762,孫隆,400539,芒山,9,634,,
138764,耿某,14788,鄭州,5,,,
138765,長孫家慶,14490,京兆府,10,,,
138765,長孫家慶,14693,洛陽,1,,,
138766,王安,14694,偃師,1,,,
138766,王安,400539,芒山,9,,,
138767,蔣喜,14693,洛陽,1,,,
138767,蔣喜,400537,北市,9,,,
138768,王氏(王仁則女),14693,洛陽,10,,,
138768,王氏(王仁則女),15053,晉陽,5,,,
138768,王氏(王仁則女),15054,太原,2,,,
138769,李氏(汝南公主),16737,狄道,1,,,
138770,徐純,14950,東海,1,,,
138770,徐純,400537,北市,9,,,
138771,王護,15054,太原,1,,,
138771,王護,400539,芒山,9,637,,
138773,羅副,14693,洛陽,10,,,
138773,羅副,14915,歷城,1,,,
138773,羅副,400539,芒山,9,637,,
138774,長孫仁,14692,河南,9,637,,
138774,長孫仁,14693,洛陽,1,,,
138775,張舉,15237,清河,1,,,
138778,潘基,14693,洛陽,10,,,
138778,潘基,15237,清河,1,,,
138778,潘基,400539,芒山,9,638,,
138779,蕭瑤,14692,河南,9,,,
138779,蕭瑤,14815,徐州,1,,,
138779,蕭瑤,14950,東海,1,,,
138780,張某,15130,涉縣,1,,,
138781,段元哲,14492,萬年,9,639,,
138781,段元哲,400544,遼西總管府,1,,,
138782,張騷,14531,白水,1,,,
138782,張騷,400539,芒山,9,,,
138783,秦詳兒,14894,金鄉,9,640,,
138783,秦詳兒,15169,懷州,1,,,
138784,楊士漢,400539,芒山,9,,,
138785,雷氏(雷俊女),14531,白水,1,,,
138785,雷氏(雷俊女),400539,芒山,9,,,
138786,孟保同,14693,洛陽,9,640,,
138786,孟保同,400607,平昌,1,,,
138788,某孝基,15237,清河,1,,,
138788,某孝基,400539,芒山,9,640,,
138790,某裴,15020,聞喜,1,,,
138791,賈仕通,14693,洛陽,1,,,
138791,賈仕通,400539,芒山,9,641,,
138792,薄氏(薄元禮女),14693,洛陽,10,,,
138792,薄氏(薄元禮女),400344,并州,1,,,
138793,梁凝達,14692,河南,1,,,
138793,梁凝達,400538,北芒山,9,641,,
138794,劉氏(劉岡女),14693,洛陽,10,,,
138794,劉氏(劉岡女),15208,安陽,1,,,
138794,劉氏(劉岡女),400538,北芒山,9,641,,
138796,杜各榮,400539,芒山,9,641,,
138796,杜各榮,400609,杜陵,1,,,
138797,劉氏(王才粲妻),14525,華陰,1,,,
138797,劉氏(王才粲妻),400539,芒山,9,642,,
138798,劉粲,14693,洛陽,10,,,
138798,劉粲,14816,彭城,1,,,
138798,劉粲,400539,芒山,9,642,,
138799,楊玉姿,14525,華陰,1,,,
138799,楊玉姿,400538,北芒山,9,642,,
138801,張孝緒,14531,白水,1,,,
138801,張孝緒,400538,北芒山,9,,,
138803,劉政,15391,河間,1,,,
138803,劉政,400538,北芒山,9,642,,
138805,李仲賓,14693,洛陽,10,,,
138805,李仲賓,15003,河東,1,,,
138805,李仲賓,400539,芒山,9,643,,
138806,姚孝寬,14766,譙縣,1,,,
138806,姚孝寬,400539,芒山,9,643,,
138807,某賓,15054,太原,1,,,
138807,某賓,400538,北芒山,9,643,,
138808,馬志道,400527,茂陵,1,,,
138808,馬志道,400539,芒山,9,643,,
138809,王仁則,14525,華陰,5,,,
138809,王仁則,14794,新鄭,10,,,
138809,王仁則,16655,琅琊,1,,,
138809,王仁則,400537,北市,9,644,,
138810,某懷文,16655,琅琊,1,,,
138810,某懷文,400539,芒山,9,644,,
138811,某信,14693,洛陽,5,,,
138811,某信,400537,北市,9,644,,
138815,霍恭,14692,河南,10,,,
138815,霍恭,400539,芒山,9,644,,
138816,姚暢,16699,隴西,1,,,
138816,姚暢,400539,芒山,9,644,,
138817,某鍾葵,400537,北市,9,644,,
138818,王通,15054,太原,1,,,
138818,王通,400538,北芒山,9,644,,
138820,崔某,15227,博平,1,,,
138822,楊氏(楊貴女),14731,弘農,1,,,
138822,楊氏(楊貴女),400539,芒山,9,645,,
138823,明雅,14693,洛陽,10,,,
138823,明雅,400539,芒山,9,645,,
138824,霍漢,15288,趙州,1,,,
138825,任氏(任玄女),15068,汾州,1,,,
138825,任氏(任玄女),400539,芒山,9,645,,
138826,何相,400514,平陵,1,,,
138826,何相,400539,芒山,9,645,,
138827,某綱,14531,白水,1,,,
138827,某綱,400538,北芒山,9,645,,
138829,劉德,14693,洛陽,10,,,
138829,劉德,14816,彭城,1,,,
138829,劉德,400537,北市,9,645,,
138830,班氏(班謙女),15615,清化,10,,,
138830,班氏(班謙女),400344,并州,1,,,
138830,班氏(班謙女),400539,芒山,9,646,,
138831,釋靜感,16699,隴西,1,,,
138834,楊德,14693,洛陽,10,,,
138834,楊德,14731,弘農,1,,,
138834,楊德,400539,芒山,9,646,,
138835,齊氏(齊某陁(齊氏父)女),14950,東海,1,,,
138835,齊氏(齊某陁(齊氏父)女),400539,芒山,9,646,,
138836,尹貞,14490,京兆府,1,,,
138836,尹貞,400553,終南山,9,,,
138837,李護,14693,洛陽,10,,,
138837,李護,16699,隴西,1,,,
138837,李護,400537,北市,9,646,,
138838,魏文德,14693,洛陽,1,,,
138838,魏文德,400539,芒山,9,646,,
138839,楊士達,14525,華陰,1,,,
138839,楊士達,14693,洛陽,10,,,
138839,楊士達,400539,芒山,9,646,,
138840,餘當,14950,東海,1,,,
138840,餘當,400538,北芒山,9,646,,
138841,某忠,14693,洛陽,10,,,
138841,某忠,400539,芒山,9,646,,
138841,某忠,400611,上谷郡,1,,,
138842,傅叔,14627,靈州,1,,,
138842,傅叔,14693,洛陽,2,,,
138842,傅叔,400537,北市,9,646,,
138843,孫佰悅,15212,堯城,1,,,
138844,馬氏(王某(馬氏夫)妻),14540,扶風,1,,,
138844,馬氏(王某(馬氏夫)妻),400539,芒山,9,646,,
138845,某相,14693,洛陽,6,,,
138845,某相,400402,魏郡,1,,,
138846,段師,14692,河南,1,,,
138846,段師,14693,洛陽,6,,,
138846,段師,14693,洛陽,10,,,
138846,段師,400537,北市,9,646,,
138847,王才,15054,太原,1,,,
138847,王才,400537,北市,9,,,
138848,李桀,400467,趙郡,1,,,
138848,李桀,400539,芒山,9,646,,
138850,某舉,16165,陽安,1,,,
138850,某舉,400539,芒山,9,647,,
138851,元質,14693,洛陽,1,,,
138851,元質,400539,芒山,9,647,,
138852,萬德,14691,河南府,6,,,
138852,萬德,16699,隴西,1,,,
138852,萬德,400539,芒山,9,647,,
138853,孔長寧,14693,洛陽,1,0,0,0
138853,孔長寧,14693,洛陽,5,0,0,0
138853,孔長寧,14693,洛陽,10,0,0,0
138853,孔長寧,15227,博平,5,0,0,0
138853,孔長寧,400516,魯國,1,0,0,0
138853,孔長寧,400539,芒山,9,647,0,0
138853,孔長寧,400539,芒山,9,647,0,0
138854,樂善文,14692,河南,9,647,,
138854,樂善文,15451,石首,10,,,
138854,樂善文,15513,南陽,1,,,
138855,劉氏(徐某(劉氏夫)妻),14692,河南,1,,,
138855,劉氏(徐某(劉氏夫)妻),400539,芒山,9,647,,
138856,向英,15170,河內,1,,,
138856,向英,400538,北芒山,9,647,,
138857,某達,14731,弘農,1,,,
138857,某達,400539,芒山,9,647,,
138859,張育,15209,鄴縣,1,,,
138859,張育,400538,北芒山,9,648,,
138860,趙昭,16699,隴西,1,,,
138860,趙昭,400539,芒山,9,648,,
138862,張行滿,14693,洛陽,1,,,
138862,張行滿,400537,北市,9,648,,
138863,丘蘊,400419,吳興郡,1,,,
138863,丘蘊,400539,芒山,9,648,,
138864,命某,400539,芒山,9,648,,
138865,張通,15237,清河,1,,,
138865,張通,400539,芒山,9,648,,
138866,毛盛,14693,洛陽,10,,,
138866,毛盛,14790,榮陽,1,,,
138866,毛盛,400537,北市,9,648,,
138868,王朋顯,16765,交河,6,,,
138869,某昉,400467,趙郡,1,,,
138869,某昉,400539,芒山,9,648,,
138870,霍寬,15315,定州,1,,,
138870,霍寬,400539,芒山,9,,,
138871,辛衡卿,14691,河南府,10,,,
138871,辛衡卿,16737,狄道,1,,,
138871,辛衡卿,400539,芒山,9,,,
138873,任道,14692,河南,1,,,
138873,任道,14693,洛陽,10,,,
138873,任道,400539,芒山,9,,,
138874,宋榮,400038,廣平,1,,,
138874,宋榮,400539,芒山,9,648,,
138875,賈昂,14693,洛陽,10,,,
138875,賈昂,15003,河東,1,,,
138875,賈昂,400539,芒山,9,,,
138876,趙某,400467,趙郡,5,,,
138876,趙某,400539,芒山,9,649,,
138877,麴氏(麴某(麴氏父)女),15237,清河,1,,,
138877,麴氏(麴某(麴氏父)女),400539,芒山,9,649,,
138878,關英,400023,安邑,1,,,
138878,關英,400539,芒山,9,649,,
138879,楊昭,400537,北市,9,649,,
138880,薛朗,400351,汾陰,1,,,
138880,薛朗,400539,芒山,9,649,,
138881,張雲,14492,萬年,10,,,
138881,張雲,14531,白水,1,,,
138881,張雲,400539,芒山,9,649,,
138882,禹藝,15877,蘄春,1,,,
138882,禹藝,400539,芒山,9,649,,
138883,楊成其,14525,華陰,1,,,
138883,楊成其,400539,芒山,9,649,,
138884,李良,16737,狄道,1,,,
138884,李良,400539,芒山,9,649,,
138886,張舒,15809,武成,1,,,
138886,張舒,400539,芒山,9,649,,
138888,某秀,14693,洛陽,1,,,
138888,某秀,14766,譙縣,1,,,
138888,某秀,400539,芒山,9,649,,
138889,周仲隱,14693,洛陽,1,,,
138889,周仲隱,400539,芒山,9,,,
138890,侯雲,16699,隴西,1,,,
138890,侯雲,400539,芒山,9,649,,
138891,董柱,400539,芒山,9,649,,
138892,斛斯達,14694,偃師,9,649,,
138892,斛斯達,16737,狄道,1,,,
138893,李君絢,16765,交河,6,,,
138900,麴慶瑜,16765,交河,10,,,
138913,任法悅,16765,交河,6,,,
138916,王闍桂,16765,交河,6,,,
138917,某太景,16765,交河,6,,,
138920,金行舉,16699,隴西,1,,,
138920,金行舉,400539,芒山,9,650,,
138921,祁讓,400539,芒山,9,650,,
138922,樂達,14692,河南,1,,,
138922,樂達,400539,芒山,9,650,,
138923,段氏(段龍女),16699,隴西,1,,,
138923,段氏(段龍女),400537,北市,9,,,
138924,某朋某,15490,西城,10,,,
138924,某朋某,16765,交河,1,,,
138925,張鳳憐,15513,南陽,1,,,
138925,張鳳憐,400537,北市,9,650,,
138926,安諒,14929,濟陰,1,,,
138926,安諒,15403,平州,10,,,
138926,安諒,400539,芒山,9,650,,
138927,張寶,14697,伊闕,1,,,
138927,張寶,400539,芒山,9,650,,
138928,呂買,14692,河南,6,,,
138928,呂買,15014,正平,1,,,
138928,呂買,400539,芒山,9,650,,
138929,毛文通,14793,陽武,1,,,
138929,毛文通,400539,芒山,9,,,
138930,某藥,14531,白水,1,,,
138930,某藥,400539,芒山,9,650,,
138932,劉初,14816,彭城,1,,,
138932,劉初,400539,芒山,9,651,,
138933,傷大妃,14490,京兆府,1,,,
138933,傷大妃,400001,長安,9,651,,
138934,支茂,14512,華原,1,,,
138934,支茂,14691,河南府,9,651,,
138935,潘卿,14693,洛陽,10,,,
138935,潘卿,16699,隴西,1,,,
138935,潘卿,400539,芒山,9,651,,
138936,王順孫,14492,萬年,1,,,
138936,王順孫,15128,鄉縣,10,,,
138936,王順孫,400537,北市,9,651,,
138937,許士端,14693,洛陽,1,,,
138937,許士端,14693,洛陽,9,651,,
138938,支彥,16749,酒泉,1,,,
138938,支彥,400539,芒山,9,651,,
138939,某才,15423,昌黎,1,,,
138939,某才,400539,芒山,9,651,,
138941,仇道,14546,虢縣,1,,,
138941,仇道,14693,洛陽,10,,,
138941,仇道,400537,北市,9,,,
138942,郝榮,14693,洛陽,10,,,
138942,郝榮,15054,太原,1,,,
138942,郝榮,400537,北市,9,651,,
138943,李敬,16699,隴西,1,,,
138943,李敬,400539,芒山,9,651,,
138944,單信,14692,河南,1,,,
138944,單信,15227,博平,5,,,
138944,單信,400539,芒山,9,651,,
138945,張義,15513,南陽,1,,,
138945,張義,400537,北市,9,651,,
138946,蕭勝,14492,萬年,9,651,,
138946,蕭勝,14950,東海,1,,,
138947,孫遷,14693,洛陽,1,,,
138947,孫遷,400539,芒山,9,651,,
138948,楊藝,14525,華陰,1,,,
138948,楊藝,400538,北芒山,9,651,,
138949,和姬,15119,上黨,1,,,
138949,和姬,400538,北芒山,9,651,,
138950,楊仁方,14731,弘農,1,,,
138950,楊仁方,400539,芒山,9,651,,
138951,某基,14525,華陰,1,,,
138951,某基,15381,范陽,10,,,
138951,某基,400537,北市,9,651,,
138952,唐阿深,14716,濟源,1,,,
138952,唐阿深,400539,芒山,9,651,,
138953,姚潔,14693,洛陽,1,,,
138953,姚潔,14693,洛陽,10,,,
138953,姚潔,400539,芒山,9,651,,
138955,馬壽,400537,北市,9,651,,
138956,馬忠,14540,扶風,1,,,
138956,馬忠,14693,洛陽,10,,,
138956,馬忠,400539,芒山,9,651,,
138957,趙才,14692,河南,9,652,,
138957,趙才,14693,洛陽,1,,,
138958,成公氏(張某(成公氏夫)妻),14780,滑州,1,,,
138959,申好,15173,修武,1,,,
138959,申好,400539,芒山,9,652,,
138960,楊佰隴,14731,弘農,1,,,
138960,楊佰隴,400537,北市,9,652,,
138961,吳孝,15311,渤海,5,,,
138961,吳孝,400537,北市,9,652,,
138962,楊氏(楊威女),14525,華陰,1,,,
138962,楊氏(楊威女),400539,芒山,9,652,,
138963,李清,16737,狄道,1,0,0,0
138963,李清,400539,芒山,9,652,0,0
138964,鄭金,14790,榮陽,1,,,
138964,鄭金,15615,清化,10,,,
138964,鄭金,400539,芒山,9,652,,
138965,皇甫德相,400443,安定郡,1,,,
138965,皇甫德相,400537,北市,9,652,,
138966,王宏,14955,臨沂,1,,,
138966,王宏,15243,臨清,10,,,
138967,秦進儀,16699,隴西,1,,,
138967,秦進儀,400537,北市,9,652,,
138968,張萬善,14531,白水,1,,,
138968,張萬善,14894,金鄉,9,652,,
138969,劉意,14816,彭城,1,,,
138971,王則,15054,太原,1,,,
138971,王則,400539,芒山,9,652,,
138972,鄭滿,14693,洛陽,2,,,
138972,鄭滿,14788,鄭州,1,,,
138972,鄭滿,400539,芒山,9,652,,
138973,趙安,14692,河南,9,652,,
138973,趙安,15513,南陽,5,,,
138974,顏瓌,14692,河南,9,652,,
138974,顏瓌,14693,洛陽,10,,,
138974,顏瓌,400516,魯國,1,,,
138975,揚清,14693,洛陽,1,0,0,0
138975,揚清,400539,芒山,9,652,0,0
138976,魏德,15144,鉅鹿,1,,,
138976,魏德,400539,芒山,9,652,,
138977,孫氏(孫叉女),14693,洛陽,1,,,
138977,孫氏(孫叉女),400537,北市,9,652,,
138979,段會,14490,京兆府,10,,,
138979,段會,14968,鄒平,1,,,
138979,段會,400539,芒山,9,652,,
138980,劉建,14782,韋城,10,,,
138980,劉建,14819,沛縣,1,,,
138980,劉建,400539,芒山,9,652,,
138981,索相兒,14693,洛陽,1,,,
138981,索相兒,400537,北市,9,652,,
138983,閻志雄,14569,新平,10,,,
138983,閻志雄,400539,芒山,9,652,,
138983,閻志雄,400612,天水郡,1,,,
138984,程寶安,14697,伊闕,6,,,
138985,張洛,15513,南陽,1,,,
138985,張洛,400539,芒山,9,653,,
138986,劉普曜,15391,河間,1,,,
138986,劉普曜,400538,北芒山,9,653,,
138988,梁有意,14693,洛陽,9,653,,
138988,梁有意,14693,洛陽,10,,,
138988,梁有意,400343,始平,1,,,
138989,王協,14693,洛陽,10,,,
138989,王協,14955,臨沂,1,,,
138989,王協,400539,芒山,9,653,,
138990,顏人,400516,魯國,1,,,
138990,顏人,400539,芒山,9,653,,
138994,安延,14693,洛陽,5,,,
138994,安延,15002,河西,1,,,
138994,安延,400537,北市,9,653,,
138995,李智,14693,洛陽,1,,,
138995,李智,400539,芒山,9,653,,
138996,邢仙姬,400539,芒山,9,653,,
138998,甘朗,15744,丹陽,1,,,
138998,甘朗,400539,芒山,9,653,,
138999,楊逸,14525,華陰,1,,,
138999,楊逸,400539,芒山,9,,,
139003,劉攬,14816,彭城,1,,,
139003,劉攬,400539,芒山,9,653,,
139004,田氏(田伯女),14490,京兆府,1,,,
139004,田氏(田伯女),400539,芒山,9,653,,
139005,曹氏(曹剛女),14693,洛陽,1,,,
139005,曹氏(曹剛女),400538,北芒山,9,653,,
139006,何盛,14693,洛陽,1,,,
139006,何盛,400539,芒山,9,653,,
139007,楊氏(楊樂女),14693,洛陽,1,,,
139007,楊氏(楊樂女),400539,芒山,9,653,,
139008,姜氏(姜伯女),14694,偃師,1,,,
139008,姜氏(姜伯女),400539,芒山,9,653,,
139009,張皎,14692,河南,1,,,
139009,張皎,400539,芒山,9,653,,
139010,楊吳生,14693,洛陽,1,,,
139010,楊吳生,400537,北市,9,653,,
139011,張伯,15513,南陽,1,,,
139011,張伯,400539,芒山,9,653,,
139012,段會,14693,洛陽,10,,,
139012,段會,14968,鄒平,1,,,
139012,段會,400539,芒山,9,653,,
139014,韓邏,14801,臨穎,1,,,
139014,韓邏,400537,北市,9,654,,
139015,郭嘉,14693,洛陽,10,,,
139015,郭嘉,15513,南陽,5,,,
139015,郭嘉,400539,芒山,9,654,,
139016,華歆,400539,芒山,9,654,,
139017,劉皆,14816,彭城,1,,,
139017,劉皆,400001,長安,9,654,,
139018,王素,14621,金城,10,,,
139018,王素,14955,臨沂,1,,,
139018,王素,400539,芒山,9,654,,
139019,趙摩,16699,隴西,1,,,
139019,趙摩,400539,芒山,9,654,,
139020,王才,15054,太原,5,,,
139020,王才,400537,北市,9,654,,
139021,李信,16699,隴西,1,,,
139021,李信,400539,芒山,9,654,,
139023,顏相,14693,洛陽,1,,,
139023,顏相,400537,北市,9,654,,
139024,某隴,400537,北市,9,654,,
139025,某某,14693,洛陽,9,654,,
139026,孫光,14692,河南,1,,,
139026,孫光,14692,河南,5,,,
139026,孫光,14933,離狐,6,,,
139026,孫光,14933,離狐,10,,,
139026,孫光,400539,芒山,9,654,,
139027,苻肅,14692,河南,1,,,
139028,成遠,14693,洛陽,1,,,
139028,成遠,400537,北市,9,654,,
139029,席泰,400443,安定郡,1,,,
139029,席泰,400539,芒山,9,654,,
139030,姬推,400516,魯國,1,,,
139030,姬推,400539,芒山,9,654,,
139030,姬推,400539,芒山,9,654,,
139031,張琛,14693,洛陽,1,,,
139031,張琛,400539,芒山,9,,,
139032,楊貴,14525,華陰,1,,,
139032,楊貴,400539,芒山,9,654,,
139033,韓懷,14693,洛陽,2,,,
139033,韓懷,15423,昌黎,1,,,
139033,韓懷,400539,芒山,9,654,,
139034,韓通,400539,芒山,9,654,,
139035,金魏,14693,洛陽,1,,,
139035,金魏,400539,芒山,9,654,,
139037,李強,14692,河南,1,,,
139037,李強,14693,洛陽,5,,,
139037,李強,400346,愛州,10,,,
139037,李強,400539,芒山,9,655,,
139038,效姬,14693,洛陽,1,,,
139038,效姬,400539,芒山,9,,,
139039,王寬,15054,太原,1,,,
139040,沈士公,400419,吳興郡,1,,,
139040,沈士公,400539,芒山,9,655,,
139041,房基,14692,河南,9,,,
139041,房基,15237,清河,1,,,
139042,元勇,14693,洛陽,1,,,
139042,元勇,400539,芒山,9,655,,
139043,盧萬春,14698,密縣,10,,,
139043,盧萬春,15381,范陽,1,,,
139043,盧萬春,400539,芒山,9,655,,
139044,趙仲子,14693,洛陽,1,,,
139044,趙仲子,400539,芒山,9,655,,
139045,張湏摩,15513,南陽,1,,,
139045,張湏摩,16253,昆明,9,655,,
139045,張湏摩,400001,長安,10,,,
139046,王孝瑜,15054,太原,1,,,
139046,王孝瑜,400539,芒山,9,655,,
139047,張才,14531,白水,1,,,
139047,張才,14693,洛陽,2,,,
139047,張才,400538,北芒山,9,655,,
139051,權開善,16699,隴西,1,,,
139051,權開善,400537,北市,9,655,,
139052,趙勣,15035,趙城,1,,,
139052,趙勣,400537,北市,9,655,,
139056,王瑗達,14693,洛陽,1,,,
139056,王瑗達,400539,芒山,9,655,,
139057,崔泰,15285,安平,1,,,
139057,崔泰,400539,芒山,9,655,,
139059,韓遷,14693,洛陽,1,,,
139059,韓遷,400537,北市,9,655,,
139060,王惠,14782,韋城,10,,,
139060,王惠,14955,臨沂,1,,,
139060,王惠,400537,北市,9,655,,
139060,王惠,400537,北市,9,655,,
139062,郭氏(王某(郭氏夫)妻),400539,芒山,9,655,,
139063,劉妙姜,14691,河南府,2,,,
139063,劉妙姜,15053,晉陽,1,,,
139063,劉妙姜,400538,北芒山,9,655,,
139064,徐漢,14911,北海,1,,,
139064,徐漢,400539,芒山,9,655,,
139065,徐君通,14816,彭城,1,,,
139065,徐君通,400537,北市,9,655,,
139066,高儼仁,14693,洛陽,10,,,
139066,高儼仁,15311,渤海,1,,,
139066,高儼仁,400539,芒山,9,655,,
139068,蕭𫱮媄,14692,河南,10,,,
139068,蕭𫱮媄,400510,蘭陵縣,1,,,
139068,蕭𫱮媄,400538,北芒山,9,656,,
139069,陰容,15053,晉陽,1,,,
139069,陰容,16595,平樂,9,,,
139070,任相住,16765,交河,1,,,
139073,張弘秀,14693,洛陽,1,,,
139073,張弘秀,400537,北市,9,656,,
139074,趙通,14693,洛陽,1,,,
139074,趙通,400539,芒山,9,656,,
139077,孟秤,400539,芒山,9,656,,
139078,張肅,15513,南陽,1,,,
139078,張肅,400539,芒山,9,656,,
139079,韓玄,15423,昌黎,1,,,
139080,呂華,14950,東海,5,,,
139080,呂華,400539,芒山,9,656,,
139081,車詵,14692,河南,1,,,
139081,車詵,400539,芒山,9,656,,
139083,張氏(張震女),15237,清河,5,,,
139083,張氏(張震女),400537,北市,9,656,,
139084,趙肅,14693,洛陽,10,,,
139084,趙肅,16699,隴西,1,,,
139084,趙肅,400539,芒山,9,656,,
139085,可那氏(張某(可那氏夫)妻),14693,洛陽,1,,,
139085,可那氏(張某(可那氏夫)妻),400539,芒山,9,656,,
139086,程雄,14692,河南,9,656,,
139087,王師感,14692,河南,9,656,,
139087,王師感,14696,鞏州,1,,,
139088,張盛,14531,白水,1,,,
139088,張盛,400539,芒山,9,656,,
139089,樂文義,14693,洛陽,1,,,
139089,樂文義,400539,芒山,9,656,,
139091,程騭,14692,河南,5,,,
139091,程騭,15000,蒲州,10,,,
139091,程騭,400038,廣平,5,,,
139091,程騭,400539,芒山,9,656,,
139092,王卿,14874,光山,10,,,
139092,王卿,15054,太原,1,,,
139092,王卿,400537,北市,9,656,,
139095,張才,14531,白水,1,,,
139095,張才,14692,河南,10,,,
139095,張才,400539,芒山,9,657,,
139096,張伽,14531,白水,1,,,
139096,張伽,14693,洛陽,10,,,
139096,張伽,400539,芒山,9,657,,
139097,房高,14692,河南,1,,,
139097,房高,400539,芒山,9,657,,
139098,杜文貢,400539,芒山,9,657,,
139098,杜文貢,400609,杜陵,1,,,
139101,段秀,14692,河南,1,,,
139102,吳素,15311,渤海,1,,,
139102,吳素,400539,芒山,9,657,,
139103,張相,15513,南陽,1,,,
139103,張相,400539,芒山,9,657,,
139105,王立,15054,太原,1,,,
139105,王立,400539,芒山,9,657,,
139108,緱綱,14693,洛陽,1,,,
139108,緱綱,400539,芒山,9,657,,
139111,張氏(張定景女),14697,伊闕,1,,,
139112,霍氏(霍遵女),14692,河南,1,,,
139112,霍氏(霍遵女),400539,芒山,9,657,,
139114,孔玉,14901,曲阜,1,,,
139116,張貞,14531,白水,1,,,
139116,張貞,400539,芒山,9,657,,
139117,張伽,14692,河南,1,,,
139117,張伽,400538,北芒山,9,657,,
139118,韓政,15423,昌黎,1,,,
139118,韓政,400537,北市,9,657,,
139120,姚某,14692,河南,1,,,
139120,姚某,400539,芒山,9,657,,
139121,李氏(李康女),14691,河南府,10,,,
139121,李氏(李康女),15134,高平,1,,,
139121,李氏(李康女),400538,北芒山,9,657,,
139122,張士貴,14692,河南,10,,,
139122,張士貴,14731,弘農,1,,,
139123,某登寶,15230,汲縣,1,,,
139123,某登寶,15237,清河,9,657,,
139124,支懷,14693,洛陽,1,,,
139124,支懷,14693,洛陽,9,657,,
139125,安靜,14693,洛陽,1,,,
139125,安靜,400537,北市,9,657,,
139128,王段,400071,江東,5,,,
139128,王段,400071,江東,5,,,
139128,王段,400539,芒山,9,,,
139129,高達,15311,渤海,1,,,
139129,高達,400539,芒山,9,658,,
139130,慕容麗,15209,鄴縣,1,,,
139130,慕容麗,400539,芒山,9,658,,
139134,劉某,14651,上縣,1,,,
139135,王氏(宋某(王氏夫)妻),14693,洛陽,2,,,
139135,王氏(宋某(王氏夫)妻),15054,太原,1,,,
139135,王氏(宋某(王氏夫)妻),400539,芒山,9,658,,
139137,徐德,14894,金鄉,1,,,
139137,徐德,400539,芒山,9,658,,
139139,王法,15054,太原,1,,,
139139,王法,400537,北市,9,658,,
139143,某恆貴,14693,洛陽,1,0,0,0
139143,某恆貴,400537,北市,9,658,0,0
139146,張端,15513,南陽,1,,,
139146,張端,400538,北芒山,9,658,,
139147,王公,15053,晉陽,1,,,
139147,王公,400553,終南山,9,,,
139149,王氏(王儜女),15054,太原,1,,,
139149,王氏(王儜女),400539,芒山,9,658,,
139150,暴賢,15118,潞州,9,658,,
139151,宋義,14693,洛陽,6,,,
139151,宋義,400038,廣平,1,,,
139151,宋義,400539,芒山,9,658,,
139152,張宷,14692,河南,9,658,,
139152,張宷,14693,洛陽,1,,,
139152,張宷,14693,洛陽,6,,,
139155,薛忠,15003,河東,1,,,
139155,薛忠,400539,芒山,9,658,,
139156,霍萬,14693,洛陽,1,,,
139156,霍萬,400539,芒山,9,658,,
139157,李氏(李通女),16699,隴西,5,,,
139157,李氏(李通女),400537,北市,9,659,,
139158,成朗,14692,河南,9,,,
139158,成朗,14880,東平,1,,,
139159,楊士,14525,華陰,1,,,
139159,楊士,400537,北市,9,659,,
139162,蘇娬,14875,安樂,9,659,,
139162,蘇娬,15082,平城,10,,,
139162,蘇娬,400343,始平,1,,,
139163,李某,14693,洛陽,1,,,
139163,李某,400537,北市,9,659,,
139165,戴滿,14490,京兆府,9,659,,
139165,戴滿,14766,譙縣,1,,,
139165,戴滿,400001,長安,10,,,
139166,尉遲恭,14693,洛陽,1,,,
139167,張弘,14691,河南府,1,,,
139167,張弘,400539,芒山,9,659,,
139168,王摩,15054,太原,1,,,
139168,王摩,400539,芒山,9,659,,
139169,支懷,14692,河南,1,,,
139169,支懷,14693,洛陽,9,659,,
139170,田通,14693,洛陽,1,,,
139170,田通,400537,北市,9,659,,
139171,萇氏(萇某(萇氏父)女),14692,河南,9,659,,
139172,張義,15170,河內,1,,,
139172,張義,16595,平樂,9,659,,
139174,某某,14693,洛陽,2,,,
139174,某某,15791,會稽,1,,,
139174,某某,400538,北芒山,9,659,,
139176,楊媛,14692,河南,1,,,
139176,楊媛,400539,芒山,9,659,,
139179,董明,16699,隴西,1,,,
139179,董明,400539,芒山,9,659,,
139180,范信,14693,洛陽,10,,,
139180,范信,14852,汝南,1,,,
139180,范信,400539,芒山,9,659,,
139182,路氏(徐某(路氏夫)妻),14692,河南,1,,,
139182,路氏(徐某(路氏夫)妻),14693,洛陽,9,659,,
139183,安度,15976,長沙,1,,,
139183,安度,400538,北芒山,9,659,,
139186,段金,15355,樂陵,1,,,
139186,段金,400539,芒山,9,659,,
139187,孟普,15301,平昌,1,,,
139187,孟普,400539,芒山,9,,,
139188,張振,15513,南陽,1,,,
139188,張振,400537,北市,9,,,
139190,王進,15053,晉陽,1,,,
139190,王進,400539,芒山,9,,,
139193,袁客仁,14492,萬年,10,,,
139193,袁客仁,14809,太康,1,,,
139196,樊寬,15003,河東,1,,,
139197,宋豐,14693,洛陽,5,,,
139197,宋豐,400038,廣平,5,,,
139197,宋豐,400537,北市,9,660,,
139199,劉延壽,15391,河間,1,,,
139199,劉延壽,400538,北芒山,9,,,
139202,苗明,14750,陳留,9,660,,
139202,苗明,14797,長社,1,,,
139203,趙軌,15513,南陽,1,,,
139203,趙軌,400539,芒山,9,660,,
139205,王力士,15054,太原,1,,,
139205,王力士,400538,北芒山,9,660,,
139208,解摩,14693,洛陽,1,,,
139208,解摩,15854,武昌,10,,,
139208,解摩,400344,并州,5,,,
139208,解摩,400539,芒山,9,660,,
139209,任德,15841,樂安,1,,,
139209,任德,400539,芒山,9,660,,
139211,常玉,15170,河內,1,,,
139211,常玉,400537,北市,9,660,,
139212,張懷文,14693,洛陽,1,,,
139212,張懷文,400539,芒山,9,660,,
139213,韓氏(韓軌女),14692,河南,10,,,
139213,韓氏(韓軌女),14819,沛縣,1,,,
139213,韓氏(韓軌女),400539,芒山,9,660,,
139216,茹氏(茹代女),400537,北市,9,660,,
139217,魏某,400538,北芒山,9,660,,
139218,高德,15311,渤海,5,,,
139219,封氏,15311,渤海,1,,,
139219,封氏,400539,芒山,9,660,,
139222,耿文訓,15144,鉅鹿,1,,,
139222,耿文訓,400539,芒山,9,660,,
139225,祖忠,15385,范陽,1,,,
139225,祖忠,400537,北市,9,660,,
139226,許緒,15392,高陽,1,,,
139226,許緒,400538,北芒山,9,660,,
139228,賈某,14693,洛陽,1,,,
139229,某令賓,400608,大基,9,,,
139232,某琳,14693,洛陽,1,,,
139232,某琳,14693,洛陽,10,,,
139232,某琳,400539,芒山,9,661,,
139233,某詮,14492,萬年,9,661,,
139233,某詮,15470,清水,1,,,
139235,王敏,14693,洛陽,10,,,
139235,王敏,15054,太原,1,,,
139235,王敏,400537,北市,9,661,,
139239,王寬,14955,臨沂,1,,,
139239,王寬,400538,北芒山,9,661,,
139241,奇長,14693,洛陽,10,,,
139241,奇長,400539,芒山,9,661,,
139241,奇長,400611,上谷郡,1,,,
139242,王朗,14693,洛陽,5,,,
139242,王朗,15053,晉陽,1,,,
139242,王朗,400539,芒山,9,661,,
139245,王孫,14694,偃師,1,,,
139245,王孫,400537,北市,9,661,,
139246,譚二娘,400344,并州,1,,,
139246,譚二娘,400539,芒山,9,661,,
139247,宋虎,14693,洛陽,1,,,
139247,宋虎,400539,芒山,9,661,,
139248,斛斯師德,14693,洛陽,1,,,
139248,斛斯師德,400537,北市,9,661,,
139249,竹妙,400539,芒山,9,661,,
139250,靖徹,14693,洛陽,1,,,
139250,靖徹,400538,北芒山,9,661,,
139251,吳辯,14693,洛陽,1,,,
139252,張獎,14693,洛陽,6,,,
139252,張獎,15513,南陽,1,,,
139252,張獎,400538,北芒山,9,661,,
139253,某某,14693,洛陽,6,,,
139253,某某,400344,并州,1,,,
139253,某某,400539,芒山,9,661,,
139255,房寶子,14692,河南,9,661,,
139255,房寶子,14693,洛陽,1,,,
139256,郭壽,14693,洛陽,9,661,,
139256,郭壽,14694,偃師,5,,,
139256,郭壽,15054,太原,1,,,
139257,張士高,15207,相州,1,,,
139258,徐綜,15134,高平,1,,,
139258,徐綜,400537,北市,9,661,,
139259,張興,15209,鄴縣,9,661,,
139259,張興,15513,南陽,1,,,
139260,張寶,15513,南陽,1,,,
139260,張寶,400539,芒山,9,661,,
139263,李護,15615,清化,10,,,
139263,李護,16737,狄道,1,,,
139264,某汪,15333,曲陽,9,661,,
139264,某汪,16699,隴西,10,,,
139264,某汪,16737,狄道,1,,,
139265,王孝義,15054,太原,1,,,
139265,王孝義,400539,芒山,9,661,,
139266,吳志,14693,洛陽,1,,,
139266,吳志,400539,芒山,9,661,,
139270,張伯通,14531,白水,1,,,
139270,張伯通,400539,芒山,9,662,,
139271,某某,15119,上黨,5,,,
139271,某某,400537,北市,9,662,,
139273,董氏,14692,河南,10,,,
139273,董氏,15736,望江,5,,,
139273,董氏,400537,北市,9,662,,
139273,董氏,400554,鞏洛,5,,,
139276,張禮,14693,洛陽,1,,,
139276,張禮,400539,芒山,9,662,,
139277,索玄,14693,洛陽,6,,,
139277,索玄,16753,燉煌,1,,,
139277,索玄,400539,芒山,9,662,,
139281,王羅,15054,太原,1,,,
139281,王羅,400539,芒山,9,662,,
139282,韓文,14693,洛陽,1,,,
139282,韓文,400539,芒山,9,662,,
139286,毛姿臺,400605,高昌,1,,,
139286,毛姿臺,400605,高昌,9,662,,
139287,袁相,14693,洛陽,6,,,
139287,袁相,14852,汝南,1,,,
139287,袁相,400539,芒山,9,662,,
139290,秦義,14692,河南,1,,,
139290,秦義,400539,芒山,9,663,,
139291,周師,14692,河南,10,,,
139291,周師,14693,洛陽,6,,,
139291,周師,14854,平輿,1,,,
139291,周師,400539,芒山,9,663,,
139294,王仁,15054,太原,1,,,
139294,王仁,400539,芒山,9,,,
139298,田君彥,14693,洛陽,1,,,
139298,田君彥,400539,芒山,9,663,,
139299,魏郎仁,15144,鉅鹿,1,,,
139299,魏郎仁,400539,芒山,9,663,,
139302,唐沙,14693,洛陽,1,,,
139302,唐沙,400539,芒山,9,663,,
139303,宗氏(宗太女),15513,南陽,1,,,
139303,宗氏(宗太女),400539,芒山,9,663,,
139306,蘭達,14693,洛陽,1,,,
139306,蘭達,400539,芒山,9,663,,
139307,常開,14693,洛陽,1,,,
139307,常開,400537,北市,9,663,,
139308,王楷,14693,洛陽,1,,,
139308,王楷,400537,北市,9,663,,
139309,皇甫某,400443,安定郡,1,,,
139309,皇甫某,400539,芒山,9,663,,
139310,樊秀,14693,洛陽,5,,,
139310,樊秀,15513,南陽,1,,,
139311,程氏(程嵩朗女),400038,廣平,1,,,
139311,程氏(程嵩朗女),400539,芒山,9,663,,
139319,張倫,14693,洛陽,1,,,
139319,張倫,400539,芒山,10,,,
139338,崔某,14693,洛陽,10,,,
139338,崔某,400538,北芒山,9,687,,
139344,高夔,14712,新安,2,,,
139344,高夔,14894,金鄉,9,687,,
139344,高夔,15311,渤海,1,,,
139349,寵德威,14766,譙縣,1,,,
139353,陳護,14819,沛縣,1,,,
139354,李善智,16699,隴西,1,,,
139354,李善智,400537,北市,9,688,,
139381,張雄,14531,白水,5,,,
139381,張雄,400605,高昌,5,,,
139381,張雄,400605,高昌,9,689,,
139391,邢郭,15391,河間,1,,,
139401,封溫,15311,渤海,1,,,
139401,封溫,400538,北芒山,9,663,,
139402,仵某,14693,洛陽,5,,,
139402,仵某,14693,洛陽,10,,,
139402,仵某,14694,偃師,1,,,
139402,仵某,400538,北芒山,9,663,,
139403,趙氏(趙士政女),14490,京兆府,9,663,,
139403,趙氏(趙士政女),14693,洛陽,10,,,
139403,趙氏(趙士政女),15228,高唐,5,,,
139403,趙氏(趙士政女),400612,天水郡,1,,,
139405,李英,14693,洛陽,6,,,
139405,李英,16753,燉煌,1,,,
139405,李英,400537,北市,9,,,
139406,劉氏(劉仁崱女),15335,鼓城,1,,,
139406,劉氏(劉仁崱女),400539,芒山,9,663,,
139409,鄧威,15993,平陽,1,,,
139409,鄧威,400537,北市,9,,,
139410,張氏(桓琮妻),14531,白水,1,,,
139410,張氏(桓琮妻),400537,北市,9,,,
139411,李辯,16699,隴西,1,,,
139411,李辯,16737,狄道,1,,,
139411,李辯,400537,北市,9,674,,
139411,李辯,400538,北芒山,9,664,,
139412,焦寶,14766,譙縣,1,,,
139412,焦寶,400539,芒山,9,664,,
139413,呂德,14880,東平,1,,,
139413,呂德,400537,北市,9,664,,
139415,李文,14528,馮翊,9,664,,
139415,李文,16699,隴西,1,,,
139416,邊師,14693,洛陽,1,,,
139416,邊師,400539,芒山,9,664,,
139417,王才,15054,太原,1,,,
139417,王才,15325,北平,9,664,,
139421,某仁,14693,洛陽,6,,,
139421,某仁,15513,南陽,1,,,
139422,康波密提慕至既,400537,北市,9,664,,
139423,宋璋,14693,洛陽,9,664,,
139423,宋璋,14713,陸渾,1,,,
139423,宋璋,400038,廣平,5,,,
139424,鮮於氏(王德妻),14692,河南,1,,,
139424,鮮於氏(王德妻),400539,芒山,9,664,,
139425,皇甫璧,14692,河南,6,,,
139425,皇甫璧,14692,河南,6,,,
139425,皇甫璧,15513,南陽,5,,,
139425,皇甫璧,400443,安定郡,5,,,
139425,皇甫璧,400539,芒山,9,664,,
139426,王玄,14693,洛陽,9,664,,
139426,王玄,14955,臨沂,5,,,
139428,孟師,14950,東海,1,,,
139428,孟師,400539,芒山,9,664,,
139429,梁秀,14695,緱氏,1,,,
139429,梁秀,400539,芒山,9,664,,
139430,段賾,16740,姑臧,1,,,
139430,段賾,400539,芒山,9,664,,
139431,羅端,14693,洛陽,1,,,
139431,羅端,400539,芒山,9,,,
139432,喪弘毅,400538,北芒山,9,664,,
139434,霍達,14693,洛陽,6,,,
139434,霍達,15003,河東,1,,,
139434,霍達,400539,芒山,9,664,,
139436,王君,14955,臨沂,1,,,
139436,王君,400537,北市,9,664,,
139439,邢𧦬,15391,河間,1,,,
139439,邢𧦬,400538,北芒山,9,,,
139441,劉寶,14490,京兆府,9,665,,
139441,劉寶,14816,彭城,1,,,
139442,李遠,14691,河南府,10,,,
139442,李遠,14693,洛陽,1,,,
139442,李遠,400539,芒山,9,665,,
139443,趙端,14692,河南,6,,,
139443,趙端,14695,緱氏,1,,,
139443,趙端,400539,芒山,9,665,,
139446,杜令姿,14490,京兆府,1,,,
139446,杜令姿,400537,北市,9,665,,
139448,楊康,14525,華陰,1,,,
139454,王相兒,14697,伊闕,6,,,
139454,王相兒,15054,太原,1,,,
139454,王相兒,400539,芒山,9,665,,
139456,史信,14525,華陰,1,,,
139456,史信,400539,芒山,9,665,,
139459,杜醜,14693,洛陽,9,665,,
139459,杜醜,400609,杜陵,1,,,
139461,賈信,14693,洛陽,1,,,
139461,賈信,400539,芒山,9,665,,
139468,楊客僧,14731,弘農,1,,,
139468,楊客僧,400539,芒山,9,665,,
139470,趙某,14692,河南,1,,,
139470,趙某,400537,北市,9,665,,
139473,王宣,15054,太原,1,,,
139473,王宣,400539,芒山,9,665,,
139474,周氏(周弘女),14693,洛陽,10,,,
139474,周氏(周弘女),400405,吳郡,1,,,
139474,周氏(周弘女),400538,北芒山,9,665,,
139475,田信,400514,平陵,1,,,
139475,田信,400539,芒山,9,665,,
139476,某君,14693,洛陽,1,,,
139476,某君,400539,芒山,9,665,,
139476,某君,400539,芒山,9,665,,
139477,馮貞,14692,河南,10,,,
139477,馮貞,14693,洛陽,6,,,
139477,馮貞,16738,長樂,1,,,
139477,馮貞,400537,北市,9,665,,
139478,張寬,14531,白水,1,,,
139478,張寬,400539,芒山,9,666,,
139479,張仁,14531,白水,1,,,
139479,張仁,400537,北市,9,666,,
139480,董師,14693,洛陽,10,,,
139480,董師,16737,狄道,1,,,
139480,董師,400539,芒山,9,666,,
139484,楊達,14692,河南,6,,,
139484,楊達,14731,弘農,1,,,
139484,楊達,400537,北市,9,666,,
139489,趙宗,14519,好畤,10,,,
139489,趙宗,16699,隴西,1,,,
139489,趙宗,400539,芒山,9,666,,
139490,來僧,14492,萬年,1,,,
139490,來僧,14693,洛陽,9,666,,
139490,來僧,15963,歙州,10,,,
139491,支郎子,14692,河南,1,,,
139491,支郎子,400537,北市,9,666,,
139492,某士端,14692,河南,1,,,
139492,某士端,14692,河南,6,,,
139492,某士端,14692,河南,10,,,
139492,某士端,14693,洛陽,9,666,,
139495,梁氏(梁隆女),14692,河南,9,666,,
139495,梁氏(梁隆女),14693,洛陽,1,,,
139496,張某,14531,白水,1,,,
139499,陳才,14692,河南,6,,,
139499,陳才,14693,洛陽,10,,,
139499,陳才,14819,沛縣,1,,,
139499,陳才,400537,北市,9,667,,
139501,王道智,15053,晉陽,1,,,
139501,王道智,400538,北芒山,9,667,,
139503,董葵,14697,伊闕,1,,,
139503,董葵,400537,北市,9,667,,
139504,張爽,14693,洛陽,10,,,
139504,張爽,400539,芒山,9,667,,
139505,楊元,14693,洛陽,1,,,
139505,楊元,16595,平樂,9,667,,
139511,張海,15237,清河,1,,,
139511,張海,400539,芒山,9,667,,
139513,董榮,16737,狄道,1,,,
139513,董榮,400539,芒山,9,667,,
139515,王端,14693,洛陽,1,,,
139515,王端,400538,北芒山,9,667,,
139516,張鬼,15237,清河,1,,,
139516,張鬼,400539,芒山,9,667,,
139518,王纂,15054,太原,1,,,
139518,王纂,400001,長安,10,,,
139518,王纂,400539,芒山,9,667,,
139519,王和,15054,太原,1,,,
139519,王和,400539,芒山,9,667,,
139520,張仁,15237,清河,1,,,
139520,張仁,400537,北市,9,667,,
139521,張善,14693,洛陽,1,,,
139521,張善,16595,平樂,9,667,,
139522,靖千年,15134,高平,1,,,
139522,靖千年,400539,芒山,9,667,,
139525,張某,14693,洛陽,1,,,
139527,許國,14693,洛陽,6,,,
139527,許國,14819,沛縣,5,,,
139527,許國,400537,北市,9,667,,
139528,李弘,16699,隴西,1,,,
139528,李弘,400538,北芒山,9,667,,
139533,張朗,14692,河南,6,,,
139533,張朗,15170,河內,1,,,
139533,張朗,400539,芒山,9,667,,
139535,張彥,15170,河內,1,,,
139535,張彥,400539,芒山,9,668,,
139537,靖徹,15146,平鄉,9,668,,
139537,靖徹,15157,清漳,1,,,
139538,張曜,15237,清河,5,,,
139544,李文,16737,狄道,1,,,
139544,李文,400539,芒山,9,668,,
139545,張願,14693,洛陽,6,,,
139545,張願,15513,南陽,1,,,
139545,張願,400539,芒山,9,668,,
139547,王贊,15054,太原,1,,,
139547,王贊,400539,芒山,9,668,,
139548,牛氏(牛善女),14693,洛陽,1,,,
139548,牛氏(牛善女),400537,北市,9,668,,
139549,李政,14691,河南府,10,,,
139549,李政,16699,隴西,1,,,
139549,李政,400537,北市,9,668,,
139552,李泰,14692,河南,9,668,,
139552,李泰,16699,隴西,1,,,
139555,孫君,400538,北芒山,9,668,,
139557,李爽,16699,隴西,1,,,
139557,李爽,400613,明堂,9,668,,
139562,范彥,14692,河南,1,,,
139562,范彥,400539,芒山,9,669,,
139563,王氏(楊義妻),14499,醴泉,6,,,
139563,王氏(楊義妻),14875,安樂,9,669,,
139564,李氏(李某(李氏夫)妻),15054,太原,1,,,
139564,李氏(李某(李氏夫)妻),16737,狄道,1,,,
139564,李氏(李某(李氏夫)妻),400537,北市,9,669,,
139565,趙氏,14693,洛陽,1,,,
139565,趙氏,15300,平原,9,669,,
139571,曹德,14692,河南,6,,,
139571,曹德,14766,譙縣,1,,,
139571,曹德,400539,芒山,9,669,,
139572,趙義,14693,洛陽,5,,,
139572,趙義,400539,芒山,9,669,,
139575,上官義,16699,隴西,1,,,
139575,上官義,400539,芒山,9,669,,
139580,張文母,15384,涿州,1,,,
139580,張文母,400537,北市,9,670,,
139582,劉德閏,14816,彭城,1,,,
139582,劉德閏,400539,芒山,9,670,,
139584,劉德師,14693,洛陽,9,670,,
139584,劉德師,14816,彭城,1,,,
139585,劉朗,14816,彭城,5,,,
139585,劉朗,400537,北市,9,670,,
139588,楊湯,14691,河南府,10,,,
139588,楊湯,14693,洛陽,1,,,
139588,楊湯,400539,芒山,9,670,,
139588,楊湯,400539,芒山,9,670,,
139589,樂達,15513,南陽,1,,,
139589,樂達,400539,芒山,9,670,,
139591,索行,14693,洛陽,1,,,
139591,索行,400539,芒山,9,670,,
139592,庫狄通,14692,河南,6,,,
139592,庫狄通,400537,北市,9,670,,
139592,庫狄通,400612,天水郡,1,,,
139593,趙氏(趙業女),14693,洛陽,1,,,
139593,趙氏(趙業女),400538,北芒山,9,670,,
139595,蓋蕃,14902,泗水,1,,,
139595,蓋蕃,400539,芒山,9,670,,
139597,某碩,400038,廣平,1,,,
139597,某碩,400539,芒山,9,670,,
139598,王君德,15053,晉陽,1,,,
139598,王君德,400539,芒山,9,,,
139599,趙德令,400539,芒山,9,670,,
139599,趙德令,400612,天水郡,1,,,
139600,呂道,14697,伊闕,1,,,
139600,呂道,400539,芒山,9,,,
139602,朱通,400405,吳郡,1,,,
139602,朱通,400538,北芒山,9,670,,
139603,樂玄,15513,南陽,1,,,
139603,樂玄,400539,芒山,9,670,,
139605,段瑋,16740,姑臧,1,,,
139605,段瑋,400539,芒山,9,670,,
139607,王婉,14490,京兆府,9,670,,
139607,王婉,14492,萬年,10,,,
139607,王婉,15054,太原,1,,,
139608,張曉,14523,華州,10,,,
139608,張曉,14694,偃師,5,,,
139608,張曉,15237,清河,5,,,
139618,王智,15054,太原,1,,,
139618,王智,400537,北市,9,671,,
139622,劉盛,14731,弘農,1,,,
139622,劉盛,400537,北市,9,,,
139629,張祖,14531,白水,1,,,
139629,張祖,15219,滏陽,9,672,,
139630,康武通,14693,洛陽,9,672,,
139630,康武通,15054,太原,1,,,
139632,王逸,15054,太原,1,,,
139632,王逸,400539,芒山,9,672,,
139636,尹達,15286,樂壽,1,,,
139637,封泰,15311,渤海,1,,,
139637,封泰,400539,芒山,9,,,
139639,嚴朗,400539,芒山,9,,,
139639,嚴朗,400612,天水郡,1,,,
139642,陳恭,400539,芒山,9,672,,
139646,郭遷,14693,洛陽,9,672,,
139646,郭遷,15054,太原,1,,,
139647,李子如,16737,狄道,1,,,
139647,李子如,400539,芒山,9,672,,
139648,費胤斌,14692,河南,10,,,
139648,費胤斌,14693,洛陽,9,672,,
139648,費胤斌,15852,江夏,1,,,
139651,畢粹,14693,洛陽,9,,,
139651,畢粹,14693,洛陽,9,,,
139651,畢粹,14713,陸渾,5,,,
139651,畢粹,14880,東平,1,,,
139652,慕容三藏,15423,昌黎,5,,,
139652,慕容三藏,400538,北芒山,9,673,,
139655,朱遠,14504,咸陽,9,,,
139656,某廉,15119,上黨,1,,,
139658,侯氏(侯華女),15288,趙州,10,,,
139658,侯氏(侯華女),400537,北市,9,,,
139658,侯氏(侯華女),400611,上谷郡,1,,,
139659,王氏(王珍女),14691,河南府,10,,,
139659,王氏(王珍女),15054,太原,1,,,
139659,王氏(王珍女),400537,北市,9,673,,
139666,曹澄,14691,河南府,10,,,
139666,曹澄,14766,譙縣,1,,,
139666,曹澄,400537,北市,9,673,,
139669,楊晟,14525,華陰,5,,,
139669,楊晟,14691,河南府,10,,,
139669,楊晟,14693,洛陽,5,,,
139669,楊晟,400537,北市,9,673,,
139670,王儉,14693,洛陽,10,,,
139670,王儉,15054,太原,1,,,
139670,王儉,400538,北芒山,9,673,,
139671,張傑,14531,白水,5,0,0,0
139671,張傑,14693,洛陽,1,0,0,0
139671,張傑,400537,北市,9,673,0,0
139673,董仁,14693,洛陽,10,,,
139673,董仁,16737,狄道,1,,,
139673,董仁,400537,北市,9,,,
139675,任某,14693,洛陽,1,,,
139675,任某,14693,洛陽,9,673,,
139676,侯彪,15642,東鄉,10,,,
139676,侯彪,400539,芒山,9,,,
139676,侯彪,400611,上谷郡,1,,,
139677,王則,15054,太原,1,,,
139677,王則,400539,芒山,9,674,,
139693,孟運,14693,洛陽,6,,,
139693,孟運,400537,北市,9,,,
139695,蔡君長,14750,陳留,1,,,
139695,蔡君長,400539,芒山,9,677,,
139698,賈整,15993,平陽,1,,,
139698,賈整,400538,北芒山,9,677,,
139701,曹氏(曹毗沙女),14766,譙縣,1,,,
139701,曹氏(曹毗沙女),400539,芒山,9,677,,
139702,某元,15119,上黨,1,,,
139703,王氏(王宣女),14955,臨沂,1,,,
139703,王氏(王宣女),400539,芒山,9,677,,
139705,周廣,14852,汝南,1,,,
139710,某氏,400538,北芒山,9,678,,
139711,王式,14955,臨沂,1,,,
139711,王式,400539,芒山,9,678,,
139715,王強,15054,太原,1,,,
139715,王強,400538,北芒山,9,678,,
139717,楊神威,14525,華陰,5,,,
139717,楊神威,14693,洛陽,2,,,
139717,楊神威,400537,北市,9,,,
139718,王文曉,14694,偃師,2,,,
139718,王文曉,15054,太原,1,,,
139718,王文曉,400539,芒山,9,,,
139726,王留生,15054,太原,1,,,
139733,樂玉,14693,洛陽,1,,,
139733,樂玉,14693,洛陽,9,679,,
139737,元仁師,14692,河南,9,679,,
139737,元仁師,14693,洛陽,1,,,
139738,張曄,14531,白水,1,,,
139738,張曄,15219,滏陽,10,,,
139740,某宮,15144,鉅鹿,5,,,
139740,某宮,15231,新鄉,5,,,
139741,朱憲,14693,洛陽,1,,,
139742,管深,400553,終南山,9,679,,
139747,羅甑生,400537,北市,9,679,,
139749,杜秀,15252,恆州,1,,,
139749,杜秀,400001,長安,5,,,
139751,馬珍,15162,邯鄲,5,,,
139751,馬珍,400527,茂陵,1,,,
139767,蕭氏(蕭瑀女),15000,蒲州,10,,,
139767,蕭氏(蕭瑀女),400510,蘭陵縣,1,,,
139767,蕭氏(蕭瑀女),400613,明堂,9,681,,
139772,王某,14693,洛陽,2,,,
139772,王某,15054,太原,5,,,
139772,王某,400538,北芒山,9,681,,
139774,康杴,14692,河南,1,,,
139774,康杴,400539,芒山,9,681,,
139777,張某,14531,白水,1,,,
139785,李聞禮,14899,乾封,10,,,
139785,李聞禮,15392,高陽,9,682,,
139785,李聞禮,16699,隴西,1,,,
139805,張懿,15237,清河,1,,,
139805,張懿,400001,長安,9,683,,
139811,孫義普,14508,高陵,9,684,,
139818,王岐,14692,河南,1,,,
139818,王岐,15054,太原,5,,,
139818,王岐,15415,漁陽,10,,,
139818,王岐,400538,北芒山,9,684,,
139869,申屠寶,14621,金城,1,,,
139869,申屠寶,15122,潞城,9,692,,
139885,梁玄敏,15901,饒州,10,,,
139885,梁玄敏,16595,平樂,9,693,,
139885,梁玄敏,400443,安定郡,1,,,
139894,陳察,14819,沛縣,5,,,
139894,陳察,15587,文州,10,,,
139894,陳察,400419,吳興郡,1,,,
139894,陳察,400539,芒山,9,693,,
139962,蕭遇,15902,鄱陽,5,,,
139967,齊朗,15391,河間,1,,,
139967,齊朗,400538,北芒山,9,695,,
139989,王定,14492,萬年,10,,,
139989,王定,14955,臨沂,1,,,
139989,王定,400001,長安,9,696,,
140090,王氏(王子忠女),14693,洛陽,10,,,
140090,王氏(王子忠女),14955,臨沂,1,,,
140208,陸某,14693,洛陽,1,,,
140385,孟晟,400607,平昌,1,,,
140413,孫安,14693,洛陽,1,,,
140413,孫安,14906,青州,10,,,
140609,朱信,14819,沛縣,1,,,
142214,某某,14492,萬年,1,,,
142214,某某,400410,蜀郡,10,,,
142216,趙意,14492,萬年,10,,,
142216,趙意,15501,襄陽,1,,,
142217,高氏(高世達女),15311,渤海,1,,,
142220,張鼻兒,16753,燉煌,1,,,
142221,張阿貭兒,16753,燉煌,1,,,
142226,張娥子,14692,河南,1,,,
142227,囗諒,15395,博野,1,,,
142228,丁氏,15691,揚州,1,,,
142229,李立言,15311,渤海,1,,,
142232,孟公行,15717,歷陽,10,,,
142232,孟公行,400607,平昌,1,,,
142233,耿士隆,15053,晉陽,1,,,
142234,楊業洛,14525,華陰,1,,,
142235,徐彪,15134,高平,1,,,
142235,徐彪,15209,鄴縣,10,,,
142236,張秀,15419,柳城,1,,,
142237,彭師德,14492,萬年,10,,,
142237,彭師德,14693,洛陽,1,,,
142239,蔣合,14693,洛陽,1,,,
142240,宋行,400038,廣平,1,,,
142242,竇娘子,400514,平陵,1,,,
142243,徐謩,15134,高平,1,,,
142244,趙隆,14490,京兆府,10,,,
142244,趙隆,400402,魏郡,1,,,
142244,趙隆,400530,三輔,2,,,
142246,楊溫,14490,京兆府,10,,,
142246,楊溫,14525,華陰,1,,,
142249,陳感意,15068,汾州,1,,,
142250,王靈仙,15053,晉陽,1,,,
142250,王靈仙,400001,長安,10,,,
142258,李紹,14492,萬年,10,,,
142258,李紹,16699,隴西,1,,,
142260,綦母氏(綦母賾女),16749,酒泉,1,,,
142263,某德備,16655,琅琊,1,,,
142264,劉氏,14504,咸陽,1,,,
142265,楊十戒,14525,華陰,1,,,
142265,楊十戒,400001,長安,10,,,
142267,張海伯,400605,高昌,1,,,
142268,王凝華,14490,京兆府,10,,,
142268,王凝華,15054,太原,1,,,
142269,劉相,14490,京兆府,1,,,
142269,劉相,14492,萬年,1,,,
142269,劉相,14816,彭城,5,,,
142273,薛賾,15872,黃州,1,,,
142274,樂某,15393,平舒,1,,,
142278,延陁氏(延陁區利支達官女),14645,夏州,10,,,
142382,崔震,15285,安平,1,,,
142383,馬叡,15170,河內,1,,,
142384,楊敏,14597,洛川,1,,,
142384,楊敏,14731,弘農,1,,,
142387,劉文,14816,彭城,1,,,
142388,燕明,14692,河南,1,,,
142399,氾延憙,16765,交河,1,,,
142408,牛通,14693,洛陽,10,,,
142408,牛通,16699,隴西,1,,,
142411,王道仁,14691,河南府,10,,,
142411,王道仁,14693,洛陽,1,,,
142411,王道仁,16655,琅琊,5,,,
142412,牛秀,14492,萬年,10,,,
142412,牛秀,14940,濮陽,1,,,
142412,牛秀,16699,隴西,5,,,
142414,賈貞,15254,真定,1,,,
142416,宋舉,14532,西河,1,,,
142418,張氏(郭某(張氏夫)妻),14531,白水,1,,,
142419,楊氏(楊威女),14525,華陰,1,,,
142422,董僧利,400001,長安,1,,,
142423,趙寵,400607,平昌,1,,,
142425,韓素,14693,洛陽,1,,,
142427,張團兒,400605,高昌,1,,,
142430,王恭,15054,太原,1,,,
142433,令狐氏,16766,天山,1,,,
142434,王淨,15054,太原,1,,,
142435,馬敏,14540,扶風,5,,,
142435,馬敏,14692,河南,1,,,
142439,高冏,14948,海州,10,,,
142439,高冏,15311,渤海,1,,,
142440,龍潤,15053,晉陽,1,,,
142441,索仁,14693,洛陽,1,,,
142445,某某,15054,太原,1,,,
142447,皇甫滔,16268,通泉,10,,,
142447,皇甫滔,400443,安定郡,1,,,
142448,夏侯絢,14766,譙縣,1,,,
142448,夏侯絢,15003,河東,2,,,
142448,夏侯絢,15782,睦州,10,,,
142449,某玉,15129,襄垣,1,,,
142452,宋懷熹,400605,高昌,1,,,
142456,田玉,14693,洛陽,1,,,
142459,唐儉,15053,晉陽,1,,,
142460,呂氏(張方妻),14693,洛陽,1,,,
142464,楊操,15054,太原,1,,,
142465,范阿伯,16762,西州,1,,,
142468,支隆,14490,京兆府,1,,,
142473,封深,15311,渤海,1,,,
142474,庾氏,400344,并州,1,,,
142477,姚才,15003,河東,1,,,
142478,張言+歲,15237,清河,1,,,
142480,段文政,14911,北海,1,,,
142481,孫弄珪,14492,萬年,10,,,
142481,孫弄珪,14693,洛陽,1,,,
142482,魏倫,14836,泗州,10,,,
142482,魏倫,15335,鼓城,1,,,
142487,劉寬,14693,洛陽,1,,,
142488,李政,14492,萬年,10,,,
142488,李政,15181,貴鄉,1,,,
142492,陶後興,14506,藍田,1,,,
142493,王行,14693,洛陽,6,,,
142493,王行,16655,琅琊,5,,,
142498,張亮,15118,潞州,5,,,
142499,李棨,15293,高邑,1,,,
142500,范澄,15053,晉陽,1,,,
142503,陽昕,15325,北平,1,,,
142503,陽昕,15392,高陽,10,,,
142504,董氏(董恭女),14492,萬年,10,,,
142504,董氏(董恭女),16753,燉煌,1,,,
142505,高文,15513,南陽,1,,,
142506,郭敬善,15054,太原,1,,,
142514,何光,14490,京兆府,10,,,
142514,何光,15731,廬江,1,,,
142521,張楚賢,14490,京兆府,10,,,
142521,張楚賢,15003,河東,1,,,
142522,趙順,14492,萬年,1,,,
142526,王氏(王靜女),15054,太原,1,,,
142526,王氏(王靜女),400001,長安,10,,,
142530,龍義,15053,晉陽,1,,,
142537,杜博乂,400001,長安,10,,,
142537,杜博乂,400609,杜陵,1,,,
142539,某貞,15003,河東,1,,,
142541,宋懷仁,400605,高昌,1,,,
142543,張某,14693,洛陽,10,,,
142545,何剛,14492,萬年,1,,,
142551,梁延懷,400605,高昌,1,,,
142553,王氏(王鼒女),14490,京兆府,10,,,
142553,王氏(王鼒女),14955,臨沂,5,,,
142554,張哲,15231,新鄉,1,,,
142555,柳鼓,14871,定城,10,,,
142557,呂道,14780,滑州,1,,,
142558,鄭善,15391,河間,1,,,
142559,趙仁表,14693,洛陽,1,,,
142562,程知節,14880,東平,1,,,
142565,徐氏(徐稱女),15119,上黨,1,,,
142566,溫濬,15054,太原,1,,,
142567,宋文矩,14693,洛陽,1,,,
142567,宋文矩,400038,廣平,5,,,
142571,史某,15229,衛州,1,,,
142572,某朗,14703,陽翟,1,,,
142575,聿珪,14692,河南,10,,,
142575,聿珪,400609,杜陵,1,,,
142579,焦達,14766,譙縣,1,,,
142580,張珪,15237,清河,1,,,
142581,曹欽,14490,京兆府,1,,,
142581,曹欽,400550,獻陵,10,,,
142584,張師,400031,行唐,1,,,
142587,崔穆,15235,貝州,1,,,
142589,王雅,16762,西州,1,,,
142590,張臣合,15053,晉陽,5,,,
142590,張臣合,15691,揚州,10,,,
142591,楊某,15311,渤海,1,,,
142592,張威,15513,南陽,1,,,
142597,孟樞,15301,平昌,1,,,
142597,孟樞,15791,會稽,10,,,
142598,李某基,16699,隴西,1,,,
142600,李貴,15277,武強,1,,,
142601,郭益,15119,上黨,1,,,
142602,斛斯政則,14490,京兆府,1,,,
142603,李釋,15294,贊皇,1,,,
142603,李釋,15528,唐州,10,,,
142605,孫建,15841,樂安,5,,,
142613,董滿,15146,平鄉,1,,,
142616,史住,400605,高昌,1,,,
142621,王韋,15054,太原,1,,,
142621,王韋,15235,貝州,10,,,
142623,左才,14911,北海,1,,,
142624,孫信,400405,吳郡,1,,,
142625,劉文,15391,河間,1,,,
142632,李三娘,14692,河南,10,,,
142632,李三娘,16699,隴西,1,,,
142633,楊偘,14731,弘農,1,,,
142646,任君,14693,洛陽,1,,,
142646,任君,14693,洛陽,2,,,
142647,成庫,15003,河東,1,,,
142652,范褒,14692,河南,1,,,
142652,范褒,15791,會稽,5,,,
142653,馬惲,14540,扶風,1,,,
142656,宋善至,15316,安喜,1,,,
142659,張琮,15513,南陽,1,,,
142660,某某,14531,白水,5,,,
142660,某某,400605,高昌,1,,,
142661,俎威,14703,陽翟,1,,,
142668,陳劼,14796,許州,1,,,
145761,李希禮,15790,越州,9,556,,
145762,李難勝,15207,相州,9,570,,
145763,李稚廉,15790,越州,9,574,,
145764,李祖牧,15207,相州,10,569,,
145764,李祖牧,15790,越州,9,574,,
145765,宋靈媛,15207,相州,10,561,,
145765,宋靈媛,15790,越州,9,574,,
145766,李君穎,15207,相州,10,573,,
145766,李君穎,15790,越州,9,574,,
145767,崔幼妃,15207,相州,10,575,,
145767,崔幼妃,15790,越州,9,576,,
145768,李敬族,15207,相州,10,547,,
145768,李敬族,15284,饒陽,9,586,,
145913,李義璋,14692,河南,9,708,,
145913,李義璋,14692,河南,10,679,,
145916,崔忠,14691,河南府,10,641,,
145916,崔忠,14694,偃師,9,641,,
145923,崔昂,15209,鄴縣,10,565,,
145923,崔昂,15252,恆州,9,566,,
145948,崔幹,14492,萬年,9,650,,
145949,崔大善,14719,陝州,10,587,,
145949,崔大善,15252,恆州,9,595,,
145957,蕭沈,14691,河南府,9,615,,
145957,蕭沈,15118,潞州,10,615,,
145958,蕭球,14691,河南府,9,613,,
145958,蕭球,15330,深澤,10,612,,
145960,蕭濱,14692,河南,9,615,,
145961,蕭瑒,14692,河南,9,612,,
145961,蕭瑒,15371,薊縣,10,611,,
145962,蕭瑾,14692,河南,9,613,,
145962,蕭瑾,14692,河南,10,613,,
146041,裴璣,15020,聞喜,9,565,,
146042,裴休義,15020,聞喜,9,565,,
146061,路詮,14492,萬年,9,661,,
146061,路詮,400353,泰州,10,661,,
146063,蕭汾,14692,河南,10,646,,
146063,蕭汾,14693,洛陽,9,646,,
146073,蕭玄撤,14492,萬年,9,637,,
146073,蕭玄撤,15498,平利,10,636,,
146086,崔仲方,14693,洛陽,10,614,,
146086,崔仲方,15257,靈壽,9,637,,
146092,韋孝忠,14492,萬年,9,670,,
146092,韋孝忠,14684,永豐,10,667,,
146111,李蕤,14691,河南府,9,505,,
146111,李蕤,14691,河南府,10,505,,
146112,李憲,15790,越州,9,538,,
146120,李弼,14691,河南府,10,526,,
146120,李弼,15790,越州,9,534,,
146121,薛元嘏,14490,京兆府,9,666,,
146121,薛元嘏,16332,瀘州,10,665,,
146168,李希宗,15790,越州,9,544,,
146217,盧承基,14691,河南府,9,661,,
146217,盧承基,15524,郢州,10,659,,
146387,庫狄洛,15252,恆州,1,,,
146387,庫狄洛,400539,芒山,1,,,
146394,某產之(某月相父),14691,河南府,1,,,
146394,某產之(某月相父),15381,范陽,1,,,
146394,某產之(某月相父),16737,狄道,1,,,
146398,某期(某長先父),14691,河南府,1,,,
146398,某期(某長先父),14692,河南,1,,,
146398,某期(某長先父),15285,安平,1,,,
146403,元乂,14692,河南,1,,,
146403,元乂,14693,洛陽,1,,,
146403,元乂,14894,金鄉,1,,,
146405,麹仁,15162,邯鄲,1,,,
146405,麹仁,400539,芒山,1,,,
146408,舒懿總,14693,洛陽,1,,,
146408,舒懿總,15692,江都,1,,,
146408,舒懿總,400609,杜陵,1,,,
146413,王某(王仲父),15053,晉陽,1,,,
146413,王某(王仲父),400539,芒山,1,,,
146416,關海,16260,東安,1,,,
146416,關海,400539,芒山,1,,,
146419,崔會仁,15237,清河,1,,,
146419,崔會仁,400538,北芒山,1,,,
146422,崔義深,15237,清河,1,,,
146422,崔義深,400538,北芒山,1,,,
146424,劉伽,14692,河南,1,,,
146424,劉伽,400539,芒山,1,,,
146427,劉德操,14692,河南,1,,,
146427,劉德操,400539,芒山,1,,,
146429,程鑒,15207,相州,1,,,
146429,程鑒,400038,廣平,1,,,
146429,程鑒,400539,芒山,1,,,
146432,楊盛,14731,弘農,1,,,
146432,楊盛,400538,北芒山,1,,,
146433,張賓,14531,白水,1,,,
146433,張賓,400539,芒山,1,,,
146440,屈突長卿,15423,昌黎,1,,,
146440,屈突長卿,400001,長安,1,,,
146440,屈突長卿,400073,關中,1,,,
146440,屈突長卿,400538,北芒山,1,,,
146441,屈突壽,15423,昌黎,1,,,
146441,屈突壽,400001,長安,1,,,
146441,屈突壽,400073,關中,1,,,
146441,屈突壽,400538,北芒山,1,,,
146443,胡邕,14559,臨涇,1,,,
146443,胡邕,14693,洛陽,1,,,
146450,郭略,15054,太原,1,,,
146450,郭略,400538,北芒山,1,,,
146452,郭倫,15054,太原,1,,,
146452,郭倫,400538,北芒山,1,,,
146454,譚亮,14693,洛陽,1,,,
146454,譚亮,400539,芒山,1,,,
146454,譚亮,400602,渾源,1,,,
146459,李鸞,16699,隴西,1,,,
146459,李鸞,400538,北芒山,1,,,
146461,毛寶成,14557,鶉觚,1,,,
146461,毛寶成,16740,姑臧,1,,,
146464,李和,16695,成紀,1,,,
146464,李和,400538,北芒山,1,,,
146470,某彥式(某守仁父),15237,清河,1,,,
146473,郭振武,14492,萬年,1,,,
146480,楊達,14525,華陰,1,,,
146480,楊達,400537,北市,1,,,
146488,某景(某謩父),16690,秦州,1,,,
146492,張義,14693,洛陽,1,,,
146492,張義,15513,南陽,1,,,
146494,張亢,15513,南陽,1,,,
146494,張亢,400538,北芒山,1,,,
146499,張務,14531,白水,1,,,
146499,張務,400539,芒山,1,,,
146500,王氏(張伯妻),14955,臨沂,1,,,
146501,張文朗,14531,白水,1,,,
146501,張文朗,400539,芒山,1,,,
146507,賈寶,14693,洛陽,1,,,
146507,賈寶,400539,芒山,1,,,
146510,郭馗,14693,洛陽,1,,,
146510,郭馗,15054,太原,1,,,
146510,郭馗,400539,芒山,1,,,
146512,解孫,14691,河南府,1,,,
146512,解孫,15003,河東,1,,,
146512,解孫,400539,芒山,1,,,
146513,解公逸,14691,河南府,1,,,
146513,解公逸,15003,河東,1,,,
146513,解公逸,400539,芒山,1,,,
146515,張貳郎,15513,南陽,1,,,
146515,張貳郎,400539,芒山,1,,,
146520,李顯,15289,平棘,1,,,
146520,李顯,400539,芒山,1,,,
146523,田暉,14693,洛陽,1,,,
146523,田暉,15069,西河,1,,,
146523,田暉,400539,芒山,1,,,
146527,某豹(某孝敏父),14693,洛陽,1,,,
146527,某豹(某孝敏父),16375,南海,1,,,
146527,某豹(某孝敏父),400607,平昌,1,,,
146530,張魏,14531,白水,1,,,
146530,張魏,14693,洛陽,1,,,
146533,耿深,14788,鄭州,1,,,
146538,蔣子虞,14693,洛陽,1,,,
146538,蔣子虞,400537,北市,1,,,
146541,王仁則,14693,洛陽,1,,,
146541,王仁則,15053,晉陽,1,,,
146541,王仁則,15054,太原,1,,,
146546,徐瑜,14950,東海,1,,,
146546,徐瑜,400537,北市,1,,,
146550,王珍業,15054,太原,1,,,
146550,王珍業,400539,芒山,1,,,
146553,劉神,14693,洛陽,1,,,
146553,劉神,14816,彭城,1,,,
146557,羅曠,14693,洛陽,1,,,
146557,羅曠,14915,歷城,1,,,
146557,羅曠,400539,芒山,1,,,
146561,長孫熾,14692,河南,1,,,
146561,長孫熾,14693,洛陽,1,,,
146565,張纂,15237,清河,1,,,
146566,張興,15237,清河,1,,,
146567,柳仲禮,14871,定城,1,,,
146568,柳自然,14691,河南府,1,,,
146568,柳自然,15003,河東,1,,,
146568,柳自然,400538,北芒山,1,,,
146569,柳彧,14871,定城,1,,,
146571,潘國,14693,洛陽,1,,,
146571,潘國,15237,清河,1,,,
146571,潘國,400539,芒山,1,,,
146573,蕭巖,14692,河南,1,,,
146573,蕭巖,14815,徐州,1,,,
146573,蕭巖,14950,東海,1,,,
146578,段榮,14492,萬年,1,,,
146578,段榮,400544,遼西總管府,1,,,
146585,秦亮,14894,金鄉,1,,,
146585,秦亮,15169,懷州,1,,,
146590,楊俊,400539,芒山,1,,,
146593,雷俊,14531,白水,1,,,
146593,雷俊,400539,芒山,1,,,
146597,孟智略,14693,洛陽,1,,,
146597,孟智略,400607,平昌,1,,,
146599,孟光慶,14693,洛陽,1,,,
146599,孟光慶,400607,平昌,1,,,
146609,某珍國(某孝基父),15237,清河,1,,,
146609,某珍國(某孝基父),400539,芒山,1,,,
146616,薄元禮,14693,洛陽,1,,,
146616,薄元禮,400344,并州,1,,,
146620,梁喜,14692,河南,1,,,
146620,梁喜,400538,北芒山,1,,,
146621,梁孝基,14692,河南,1,,,
146621,梁孝基,400538,北芒山,1,,,
146622,劉岡,14693,洛陽,1,,,
146622,劉岡,15208,安陽,1,,,
146622,劉岡,400538,北芒山,1,,,
146628,杜各華,400539,芒山,1,,,
146628,杜各華,400609,杜陵,1,,,
146631,劉神,14693,洛陽,1,,,
146631,劉神,14816,彭城,1,,,
146631,劉神,400539,芒山,1,,,
146634,楊彪,14525,華陰,1,,,
146634,楊彪,400538,北芒山,1,,,
146637,張素德,15694,江陽,1,,,
146637,張素德,16699,隴西,1,,,
146641,張則,14531,白水,1,,,
146641,張則,400538,北芒山,1,,,
146643,劉誕,15391,河間,1,,,
146643,劉誕,400538,北芒山,1,,,
146649,馮怦,14693,洛陽,1,,,
146649,馮怦,15034,霍邑,1,,,
146649,馮怦,15272,信都,1,,,
146655,李遵,14693,洛陽,1,,,
146655,李遵,15003,河東,1,,,
146655,李遵,400539,芒山,1,,,
146657,李世權,14693,洛陽,1,,,
146657,李世權,15003,河東,1,,,
146657,李世權,400539,芒山,1,,,
146659,某客(某賓父),15054,太原,1,,,
146659,某客(某賓父),400538,北芒山,1,,,
146661,馬廉,400527,茂陵,1,,,
146661,馬廉,400539,芒山,1,,,
146666,王思武,14525,華陰,1,,,
146666,王思武,14794,新鄭,1,,,
146666,王思武,16655,琅琊,1,,,
146666,王思武,400537,北市,1,,,
146668,某熾(某懷文父),16655,琅琊,1,,,
146668,某熾(某懷文父),400539,芒山,1,,,
146675,霍孝騫,14692,河南,1,,,
146675,霍孝騫,400539,芒山,1,,,
146679,姚賓,16699,隴西,1,,,
146679,姚賓,400539,芒山,1,,,
146683,某茂(父),400537,北市,1,,,
146685,某信(子),400537,北市,1,,,
146686,某方(子),400537,北市,1,,,
146687,某海(子),400537,北市,1,,,
146694,楊貴,14731,弘農,1,,,
146694,楊貴,400539,芒山,1,,,
146698,明士敖,14693,洛陽,1,,,
146698,明士敖,400539,芒山,1,,,
146699,明晞,14693,洛陽,1,,,
146699,明晞,400539,芒山,1,,,
146701,霍勝,15288,趙州,1,,,
146702,任玄,15068,汾州,1,,,
146702,任玄,400539,芒山,1,,,
146706,何孝緒,400514,平陵,1,,,
146706,何孝緒,400539,芒山,1,,,
146714,劉仁哲,14693,洛陽,1,,,
146714,劉仁哲,14816,彭城,1,,,
146714,劉仁哲,400537,北市,1,,,
146715,班謙,15615,清化,1,,,
146715,班謙,400344,并州,1,,,
146715,班謙,400539,芒山,1,,,
146721,楊華,14693,洛陽,1,,,
146721,楊華,14731,弘農,1,,,
146721,楊華,400539,芒山,1,,,
146724,齊某陁(齊氏父),14950,東海,1,,,
146724,齊某陁(齊氏父),400539,芒山,1,,,
146727,李寶,14693,洛陽,1,,,
146727,李寶,16699,隴西,1,,,
146727,李寶,400537,北市,1,,,
146731,楊頗,14525,華陰,1,,,
146731,楊頗,14693,洛陽,1,,,
146731,楊頗,400539,芒山,1,,,
146733,某顯(某忠父),14693,洛陽,1,,,
146733,某顯(某忠父),400539,芒山,1,,,
146733,某顯(某忠父),400611,上谷郡,1,,,
146736,傅仁弘,14627,靈州,1,,,
146736,傅仁弘,14693,洛陽,1,,,
146736,傅仁弘,400537,北市,1,,,
146738,傅無為,14627,靈州,1,,,
146738,傅無為,14693,洛陽,1,,,
146738,傅無為,400537,北市,1,,,
146741,段嚴,14692,河南,1,,,
146741,段嚴,14693,洛陽,1,,,
146741,段嚴,400537,北市,1,,,
146742,段達,14692,河南,1,,,
146742,段達,14693,洛陽,1,,,
146742,段達,400537,北市,1,,,
146747,王開,15054,太原,1,,,
146747,王開,400537,北市,1,,,
146751,李貴,400467,趙郡,1,,,
146751,李貴,400539,芒山,1,,,
146757,某稱(某舉父),16165,陽安,1,,,
146757,某稱(某舉父),400539,芒山,1,,,
146760,元崇略,14693,洛陽,1,,,
146760,元崇略,400539,芒山,1,,,
146762,萬周,14691,河南府,1,,,
146762,萬周,16699,隴西,1,,,
146762,萬周,400539,芒山,1,,,
146764,康和,14693,洛陽,1,,,
146764,康和,15227,博平,1,,,
146764,康和,400516,魯國,1,,,
146764,康和,400539,芒山,1,,,
146765,孔香,14693,洛陽,1,,,
146765,孔香,15227,博平,1,,,
146765,孔香,400516,魯國,1,,,
146765,孔香,400539,芒山,1,,,
146769,樂貞,14692,河南,1,,,
146769,樂貞,15451,石首,1,,,
146769,樂貞,15513,南陽,1,,,
146773,向榮,15170,河內,1,,,
146773,向榮,400538,北芒山,1,,,
146776,某貞(某達父),14731,弘農,1,,,
146776,某貞(某達父),400539,芒山,1,,,
146780,張達,15209,鄴縣,1,,,
146780,張達,400538,北芒山,1,,,
146785,趙拏,16699,隴西,1,,,
146785,趙拏,400539,芒山,1,,,
146793,張猷,14693,洛陽,1,,,
146793,張猷,400537,北市,1,,,
146796,丘沙,400419,吳興郡,1,,,
146796,丘沙,400539,芒山,1,,,
146799,某開(父),400539,芒山,1,,,
146803,張定,15237,清河,1,,,
146803,張定,400539,芒山,1,,,
146807,梁達,400443,安定郡,1,,,
146807,梁達,400539,芒山,1,,,
146812,某某(某昉父),400467,趙郡,1,,,
146812,某某(某昉父),400539,芒山,1,,,
146814,霍寶,15315,定州,1,,,
146814,霍寶,400539,芒山,1,,,
146817,辛琛,14691,河南府,1,,,
146817,辛琛,16737,狄道,1,,,
146817,辛琛,400539,芒山,1,,,
146818,辛術,14691,河南府,1,,,
146818,辛術,16737,狄道,1,,,
146818,辛術,400539,芒山,1,,,
146820,辛郁,14691,河南府,1,,,
146820,辛郁,16737,狄道,1,,,
146820,辛郁,400539,芒山,1,,,
146827,任爽,14692,河南,1,,,
146827,任爽,14693,洛陽,1,,,
146827,任爽,400539,芒山,1,,,
146830,宋知禮,400038,廣平,1,,,
146830,宋知禮,400539,芒山,1,,,
146832,賈達,14693,洛陽,1,,,
146832,賈達,15003,河東,1,,,
146832,賈達,400539,芒山,1,,,
146835,趙詵,400467,趙郡,1,,,
146835,趙詵,400539,芒山,1,,,
146838,麴某(麴氏父),15237,清河,1,,,
146838,麴某(麴氏父),400539,芒山,1,,,
146840,關生,400023,安邑,1,,,
146840,關生,400539,芒山,1,,,
146842,楊林,400537,北市,1,,,
146847,薛通,400351,汾陰,1,,,
146847,薛通,400539,芒山,1,,,
146850,張恭,14492,萬年,1,,,
146850,張恭,14531,白水,1,,,
146850,張恭,400539,芒山,1,,,
146852,禹康,15877,蘄春,1,,,
146852,禹康,400539,芒山,1,,,
146854,楊裕,14525,華陰,1,,,
146854,楊裕,400539,芒山,1,,,
146857,李節,16737,狄道,1,,,
146857,李節,400539,芒山,1,,,
146859,楊士貴,14525,華陰,1,,,
146859,楊士貴,400537,北市,1,,,
146861,張琛,15809,武成,1,,,
146861,張琛,400539,芒山,1,,,
146867,某暉(某秀父),14693,洛陽,1,,,
146867,某暉(某秀父),14766,譙縣,1,,,
146867,某暉(某秀父),400539,芒山,1,,,
146877,侯通,400539,芒山,1,,,
146879,董訶通,14694,偃師,1,,,
146879,董訶通,16737,狄道,1,,,
146882,斛斯士操,16765,交河,1,,,
146891,武雅,15054,太原,1,,,
146891,武雅,400001,長安,1,,,
146891,武雅,400344,并州,1,,,
146894,金達,16699,隴西,1,,,
146894,金達,400539,芒山,1,,,
146896,祁信,400539,芒山,1,,,
146899,樂孫,14692,河南,1,,,
146899,樂孫,400539,芒山,1,,,
146902,段龍,16699,隴西,1,,,
146902,段龍,400537,北市,1,,,
146905,張建,15513,南陽,1,,,
146905,張建,400537,北市,1,,,
146909,安林,14929,濟陰,1,,,
146909,安林,15403,平州,1,,,
146909,安林,400539,芒山,1,,,
146910,安承洛,14929,濟陰,1,,,
146910,安承洛,15403,平州,1,,,
146910,安承洛,400539,芒山,1,,,
146912,張高,14697,伊闕,1,,,
146912,張高,400539,芒山,1,,,
146915,呂俊,14692,河南,1,,,
146915,呂俊,15014,正平,1,,,
146915,呂俊,400539,芒山,1,,,
146918,某藥子(某藥父),14531,白水,1,,,
146918,某藥子(某藥父),400539,芒山,1,,,
146921,傷薄俱,14490,京兆府,1,,,
146921,傷薄俱,400001,長安,1,,,
146925,支元集,14512,華原,1,,,
146925,支元集,14691,河南府,1,,,
146928,潘富,14693,洛陽,1,,,
146928,潘富,16699,隴西,1,,,
146928,潘富,400539,芒山,1,,,
146932,王璇,14492,萬年,1,,,
146932,王璇,15128,鄉縣,1,,,
146932,王璇,400537,北市,1,,,
146936,支義,16749,酒泉,1,,,
146936,支義,400539,芒山,1,,,
146940,某恭(某才父),15423,昌黎,1,,,
146940,某恭(某才父),400539,芒山,1,,,
146943,仇識,14546,虢縣,1,,,
146943,仇識,14693,洛陽,1,,,
146943,仇識,400537,北市,1,,,
146944,仇孝成,14546,虢縣,1,,,
146944,仇孝成,14693,洛陽,1,,,
146944,仇孝成,400537,北市,1,,,
146945,李洛,16699,隴西,1,,,
146945,李洛,400539,芒山,1,,,
146950,單瑜,14692,河南,1,,,
146950,單瑜,15227,博平,1,,,
146950,單瑜,400539,芒山,1,,,
146953,張昂,15513,南陽,1,,,
146953,張昂,400537,北市,1,,,
146959,孫建,14693,洛陽,1,,,
146959,孫建,400539,芒山,1,,,
146963,楊寶,14525,華陰,1,,,
146963,楊寶,400538,北芒山,1,,,
146965,和道,15119,上黨,1,,,
146965,和道,400538,北芒山,1,,,
146967,楊琛,15010,永樂,1,,,
146971,某汪(某基父),14525,華陰,1,,,
146971,某汪(某基父),15381,范陽,1,,,
146971,某汪(某基父),400537,北市,1,,,
146974,唐達,14716,濟源,1,,,
146974,唐達,400539,芒山,1,,,
146977,姚政,14693,洛陽,1,,,
146977,姚政,400539,芒山,1,,,
146982,馬義,14540,扶風,1,,,
146982,馬義,14693,洛陽,1,,,
146982,馬義,400539,芒山,1,,,
146984,趙弘略,14692,河南,1,,,
146984,趙弘略,14693,洛陽,1,,,
146988,申儉,15173,修武,1,,,
146988,申儉,400539,芒山,1,,,
146991,吳弘,15311,渤海,1,,,
146991,吳弘,400537,北市,1,,,
146994,楊威,14525,華陰,1,,,
146994,楊威,400539,芒山,1,,,
146997,李貴,16737,狄道,1,,,
146997,李貴,400539,芒山,1,,,
147000,鄭達,14790,榮陽,1,,,
147000,鄭達,15615,清化,1,,,
147000,鄭達,400539,芒山,1,,,
147005,皇甫道,400443,安定郡,1,,,
147005,皇甫道,400537,北市,1,,,
147007,王敞,14955,臨沂,1,,,
147007,王敞,15243,臨清,1,,,
147009,秦景,16699,隴西,1,,,
147009,秦景,400537,北市,1,,,
147015,蓋倫,400539,芒山,1,,,
147018,王伯仁,15054,太原,1,,,
147018,王伯仁,400539,芒山,1,,,
147021,鄭元守,14693,洛陽,1,,,
147021,鄭元守,14788,鄭州,1,,,
147021,鄭元守,400539,芒山,1,,,
147027,趙伯,14692,河南,1,,,
147027,趙伯,15513,南陽,1,,,
147030,顏伽,14692,河南,1,,,
147030,顏伽,14693,洛陽,1,,,
147030,顏伽,400516,魯國,1,,,
147038,魏榮,15144,鉅鹿,1,,,
147038,魏榮,400539,芒山,1,,,
147041,孫叉,14693,洛陽,1,,,
147041,孫叉,400537,北市,1,,,
147043,段偃師,14490,京兆府,1,,,
147043,段偃師,14968,鄒平,1,,,
147043,段偃師,400539,芒山,1,,,
147050,索天洛,14693,洛陽,1,,,
147050,索天洛,400537,北市,1,,,
147056,閻深,14569,新平,1,,,
147056,閻深,400539,芒山,1,,,
147056,閻深,400612,天水郡,1,,,
147060,張士隆,15513,南陽,1,,,
147060,張士隆,400539,芒山,1,,,
147063,劉猛,15391,河間,1,,,
147063,劉猛,400538,北芒山,1,,,
147068,梁巘,14693,洛陽,1,,,
147068,梁巘,400343,始平,1,,,
147070,王某(王協父),14693,洛陽,1,,,
147070,王某(王協父),14955,臨沂,1,,,
147070,王某(王協父),400539,芒山,1,,,
147073,顏徹,400516,魯國,1,,,
147073,顏徹,400539,芒山,1,,,
147075,韓達,15513,南陽,1,,,
147075,韓達,400537,北市,1,,,
147078,趙弘仁,14692,河南,1,,,
147078,趙弘仁,14712,新安,1,,,
147078,趙弘仁,14990,東阿,1,,,
147081,安比失,14693,洛陽,1,,,
147081,安比失,15002,河西,1,,,
147081,安比失,400537,北市,1,,,
147084,李暉,14693,洛陽,1,,,
147084,李暉,400539,芒山,1,,,
147087,邢紹,400539,芒山,1,,,
147091,甘顯,15744,丹陽,1,,,
147091,甘顯,400539,芒山,1,,,
147093,楊俊,14525,華陰,1,,,
147093,楊俊,400539,芒山,1,,,
147096,朱達,14693,洛陽,1,,,
147096,朱達,400537,北市,1,,,
147098,孫文,14693,洛陽,1,,,
147098,孫文,400539,芒山,1,,,
147102,劉提,14816,彭城,1,,,
147102,劉提,400539,芒山,1,,,
147104,田伯,14490,京兆府,1,,,
147104,田伯,400539,芒山,1,,,
147105,曹剛,14693,洛陽,1,,,
147105,曹剛,400538,北芒山,1,,,
147107,何那,14693,洛陽,1,,,
147107,何那,400539,芒山,1,,,
147108,楊樂,14693,洛陽,1,,,
147108,楊樂,400539,芒山,1,,,
147111,姜伯,14694,偃師,1,,,
147111,姜伯,400539,芒山,1,,,
147113,張文,14692,河南,1,,,
147113,張文,400539,芒山,1,,,
147116,楊通,14693,洛陽,1,,,
147116,楊通,400537,北市,1,,,
147119,張貞,15513,南陽,1,,,
147119,張貞,400539,芒山,1,,,
147122,段師,14693,洛陽,1,,,
147122,段師,14968,鄒平,1,,,
147122,段師,400539,芒山,1,,,
147126,韓護,14801,臨穎,1,,,
147126,韓護,400537,北市,1,,,
147131,郭合,14693,洛陽,1,,,
147131,郭合,15513,南陽,1,,,
147131,郭合,400539,芒山,1,,,
147134,王宗,14621,金城,1,,,
147134,王宗,14955,臨沂,1,,,
147134,王宗,400539,芒山,1,,,
147138,趙達,16699,隴西,1,,,
147138,趙達,400539,芒山,1,,,
147142,李貴,16699,隴西,1,,,
147142,李貴,400539,芒山,1,,,
147145,顏和,14693,洛陽,1,,,
147145,顏和,400537,北市,1,,,
147149,某宜生(某隴父),400537,北市,1,,,
147156,孫興,14692,河南,1,,,
147156,孫興,14933,離狐,1,,,
147156,孫興,400539,芒山,1,,,
147159,苻達,14692,河南,1,,,
147162,成貴,14693,洛陽,1,,,
147162,成貴,400537,北市,1,,,
147166,席鄆,400443,安定郡,1,,,
147166,席鄆,400539,芒山,1,,,
147171,姬讓,400516,魯國,1,,,
147171,姬讓,400539,芒山,1,,,
147176,楊弘,14525,華陰,1,,,
147176,楊弘,400539,芒山,1,,,
147179,韓恭,14693,洛陽,1,,,
147179,韓恭,15423,昌黎,1,,,
147179,韓恭,400539,芒山,1,,,
147184,韓欽,400539,芒山,1,,,
147186,金文,14693,洛陽,1,,,
147186,金文,400539,芒山,1,,,
147190,李文雅,14692,河南,1,,,
147190,李文雅,14693,洛陽,1,,,
147190,李文雅,400346,愛州,1,,,
147190,李文雅,400539,芒山,1,,,
147193,效君恪,14693,洛陽,1,,,
147193,效君恪,400539,芒山,1,,,
147196,王恭,15054,太原,1,,,
147198,沈弘,400419,吳興郡,1,,,
147198,沈弘,400539,芒山,1,,,
147203,房崱,14692,河南,1,,,
147203,房崱,15237,清河,1,,,
147205,元華,14693,洛陽,1,,,
147205,元華,400539,芒山,1,,,
147209,盧士昂,14698,密縣,1,,,
147209,盧士昂,15381,范陽,1,,,
147209,盧士昂,400539,芒山,1,,,
147211,盧義幹,14698,密縣,1,,,
147211,盧義幹,15381,范陽,1,,,
147211,盧義幹,400539,芒山,1,,,
147213,趙伯比,14693,洛陽,1,,,
147213,趙伯比,400539,芒山,1,,,
147218,王義,15054,太原,1,,,
147218,王義,400539,芒山,1,,,
147225,王伯,15054,太原,1,,,
147225,王伯,400538,北芒山,1,,,
147230,李通,14692,河南,1,,,
147230,李通,400539,芒山,1,,,
147232,權弘,16699,隴西,1,,,
147232,權弘,400537,北市,1,,,
147235,趙璨,15035,趙城,1,,,
147235,趙璨,400537,北市,1,,,
147243,姚藻,14693,洛陽,1,,,
147243,姚藻,15003,河東,1,,,
147243,姚藻,400539,芒山,1,,,
147246,王盛,14693,洛陽,1,,,
147246,王盛,400539,芒山,1,,,
147250,崔仲哲,15285,安平,1,,,
147251,崔長瑜,15285,安平,1,,,
147251,崔長瑜,400539,芒山,1,,,
147252,崔子博,15285,安平,1,,,
147252,崔子博,400539,芒山,1,,,
147256,王表,15391,河間,1,,,
147256,王表,400539,芒山,1,,,
147257,王弘道,14492,萬年,1,,,
147257,王弘道,14955,臨沂,1,,,
147257,王弘道,15391,河間,1,,,
147257,王弘道,400001,長安,1,,,
147257,王弘道,400539,芒山,1,,,
147260,韓和高,14693,洛陽,1,,,
147260,韓和高,400537,北市,1,,,
147264,王理,14782,韋城,1,,,
147264,王理,14955,臨沂,1,,,
147264,王理,400537,北市,1,,,
147265,王文合,14782,韋城,1,,,
147265,王文合,14955,臨沂,1,,,
147265,王文合,400537,北市,1,,,
147273,徐淳,14911,北海,1,,,
147273,徐淳,400539,芒山,1,,,
147276,徐約,14816,彭城,1,,,
147276,徐約,400537,北市,1,,,
147280,高孝德,14693,洛陽,1,,,
147280,高孝德,15311,渤海,1,,,
147280,高孝德,400539,芒山,1,,,
147289,陰伯,15053,晉陽,1,,,
147289,陰伯,16595,平樂,1,,,
147295,張巖,14693,洛陽,1,,,
147295,張巖,400537,北市,1,,,
147300,韓節,400539,芒山,1,,,
147302,賈憲,15993,平陽,1,,,
147302,賈憲,400538,北芒山,1,,,
147306,張光,15513,南陽,1,,,
147306,張光,400539,芒山,1,,,
147308,韓禮,15423,昌黎,1,,,
147311,呂方賢,14950,東海,1,,,
147311,呂方賢,400539,芒山,1,,,
147314,車竦,14692,河南,1,,,
147314,車竦,400539,芒山,1,,,
147318,張震,15237,清河,1,,,
147318,張震,400537,北市,1,,,
147321,趙相,14693,洛陽,1,,,
147321,趙相,16699,隴西,1,,,
147321,趙相,400539,芒山,1,,,
147330,程叉,14692,河南,1,,,
147333,王安,14692,河南,1,,,
147333,王安,14696,鞏州,1,,,
147335,張穆,14531,白水,1,,,
147335,張穆,400539,芒山,1,,,
147338,樂雄,14693,洛陽,1,,,
147338,樂雄,400539,芒山,1,,,
147340,張秦師,14490,京兆府,1,,,
147340,張秦師,14531,白水,1,,,
147340,張秦師,400001,長安,1,,,
147340,張秦師,400539,芒山,1,,,
147342,程念,14692,河南,1,,,
147342,程念,15000,蒲州,1,,,
147342,程念,400038,廣平,1,,,
147342,程念,400539,芒山,1,,,
147345,王叔孫,14874,光山,1,,,
147345,王叔孫,15054,太原,1,,,
147345,王叔孫,400537,北市,1,,,
147349,張意,14531,白水,1,,,
147349,張意,14692,河南,1,,,
147349,張意,400539,芒山,1,,,
147356,杜原始,400539,芒山,1,,,
147356,杜原始,400609,杜陵,1,,,
147360,張琮,14693,洛陽,1,,,
147360,張琮,15513,南陽,1,,,
147360,張琮,400539,芒山,1,,,
147362,元大通,14693,洛陽,1,,,
147362,元大通,400537,北市,1,,,
147367,吳子徹,15311,渤海,1,,,
147367,吳子徹,400539,芒山,1,,,
147371,張顒,15513,南陽,1,,,
147371,張顒,400539,芒山,1,,,
147380,緱定,14693,洛陽,1,,,
147380,緱定,400539,芒山,1,,,
147385,張定景,14697,伊闕,1,,,
147388,霍遵,14692,河南,1,,,
147388,霍遵,400539,芒山,1,,,
147393,常達摩,400537,北市,1,,,
147401,某揆(某玄父),14955,臨沂,1,,,
147407,張和,14692,河南,1,,,
147407,張和,400538,北芒山,1,,,
147412,韓通,15423,昌黎,1,,,
147412,韓通,400537,北市,1,,,
147415,李曹仁,400467,趙郡,1,,,
147415,李曹仁,400539,芒山,1,,,
147419,姚榮,14692,河南,1,,,
147419,姚榮,400539,芒山,1,,,
147421,李蓋,14780,滑州,1,,,
147421,李蓋,14783,衛南,1,,,
147421,李蓋,14929,濟陰,1,,,
147421,李蓋,14933,離狐,1,,,
147422,李康,14691,河南府,1,,,
147422,李康,15134,高平,1,,,
147422,李康,400538,北芒山,1,,,
147425,張國,14692,河南,1,,,
147425,張國,14731,弘農,1,,,
147430,某吉(某登寶父),15230,汲縣,1,,,
147430,某吉(某登寶父),15237,清河,1,,,
147432,支仁,14693,洛陽,1,,,
147434,安遠,14693,洛陽,1,,,
147434,安遠,400537,北市,1,,,
147438,王如,400071,江東,1,,,
147438,王如,400539,芒山,1,,,
147441,高元稱,15311,渤海,1,,,
147441,高元稱,400539,芒山,1,,,
147452,某法尚(某紹業父),14766,譙縣,1,,,
147452,某法尚(某紹業父),400539,芒山,1,,,
147454,徐升,14894,金鄉,1,,,
147454,徐升,400539,芒山,1,,,
147458,王伯仁,15054,太原,1,,,
147458,王伯仁,400537,北市,1,,,
147461,王榮,14955,臨沂,1,,,
147461,王榮,400539,芒山,1,,,
147463,韓節,400537,北市,1,,,
147468,某嵩仁(某恆貴父),14693,洛陽,1,0,0,0
147468,某嵩仁(某恆貴父),400537,北市,1,0,0,0
147473,張珍,15513,南陽,1,,,
147473,張珍,400538,北芒山,1,,,
147477,王儜,15054,太原,1,,,
147477,王儜,400539,芒山,1,,,
147482,宋師,14693,洛陽,1,,,
147482,宋師,400038,廣平,1,,,
147482,宋師,400539,芒山,1,,,
147486,張矩,14692,河南,1,,,
147486,張矩,14693,洛陽,1,,,
147489,薛胄,14490,京兆府,1,,,
147489,薛胄,16332,瀘州,1,,,
147490,薛獻,14490,京兆府,1,0,0,0
147490,薛獻,16332,瀘州,1,0,0,0
147492,霍漢胡,14693,洛陽,1,,,
147492,霍漢胡,400539,芒山,1,,,
147496,李通,16699,隴西,1,,,
147496,李通,400537,北市,1,,,
147498,成壽,14692,河南,1,,,
147498,成壽,14880,東平,1,,,
147500,楊郎,14525,華陰,1,,,
147500,楊郎,400537,北市,1,,,
147507,張嘉,14531,白水,1,,,
147507,張嘉,14693,洛陽,1,,,
147507,張嘉,400539,芒山,1,,,
147512,蘇謙,14875,安樂,1,,,
147512,蘇謙,15082,平城,1,,,
147512,蘇謙,400343,始平,1,,,
147522,張朗,14691,河南府,1,,,
147522,張朗,400539,芒山,1,,,
147525,王鑒,15054,太原,1,,,
147525,王鑒,400539,芒山,1,,,
147527,支賢,14692,河南,1,,,
147527,支賢,14693,洛陽,1,,,
147530,田運,14693,洛陽,1,,,
147530,田運,400537,北市,1,,,
147534,萇某(萇氏父),14692,河南,1,,,
147536,張寶,15170,河內,1,,,
147536,張寶,16595,平樂,1,,,
147540,楊寶德,14692,河南,1,,,
147540,楊寶德,14693,洛陽,1,,,
147550,楊某(楊媛父),14692,河南,1,,,
147550,楊某(楊媛父),400539,芒山,1,,,
147553,王興,14692,河南,1,,,
147553,王興,15054,太原,1,,,
147553,王興,400539,芒山,1,,,
147556,董由,16699,隴西,1,,,
147556,董由,400539,芒山,1,,,
147558,范休,14693,洛陽,1,,,
147558,范休,14852,汝南,1,,,
147558,范休,400539,芒山,1,,,
147561,皇甫良,14490,京兆府,1,,,
147561,皇甫良,400609,杜陵,1,,,
147564,安定,15976,長沙,1,,,
147564,安定,400538,北芒山,1,,,
147568,李考達,16699,隴西,1,,,
147568,李考達,400537,北市,1,,,
147575,段達,15355,樂陵,1,,,
147575,段達,400539,芒山,1,,,
147579,孟仲康,15717,歷陽,1,,,
147579,孟仲康,400607,平昌,1,,,
147583,張會,15513,南陽,1,,,
147583,張會,400537,北市,1,,,
147585,翟道生干,14693,洛陽,1,,,
147585,翟道生干,400539,芒山,1,,,
147589,柳惔,15501,襄陽,1,,,
147590,柳暉,15501,襄陽,1,,,
147592,柳遜,14692,河南,1,,,
147592,柳遜,15003,河東,1,,,
147592,柳遜,15658,晉安,1,,,
147592,柳遜,400510,蘭陵縣,1,,,
147592,柳遜,400537,北市,1,,,
147592,柳遜,400538,北芒山,1,,,
147597,袁弘略,14492,萬年,1,,,
147597,袁弘略,14809,太康,1,,,
147605,崔文康,15285,安平,1,,,
147605,崔文康,400001,長安,1,,,
147605,崔文康,400539,芒山,1,,,
147608,樊匡,15003,河東,1,,,
147611,張之信,14693,洛陽,1,,,
147611,張之信,15534,方城,1,,,
147611,張之信,400539,芒山,1,,,
147615,王機,15054,太原,1,,,
147615,王機,400539,芒山,1,,,
147620,苗先,14750,陳留,1,,,
147620,苗先,14797,長社,1,,,
147622,趙虎,15513,南陽,1,,,
147622,趙虎,400539,芒山,1,,,
147627,王褘,15054,太原,1,,,
147627,王褘,400538,北芒山,1,,,
147632,張令賓,14693,洛陽,1,,,
147632,張令賓,400539,芒山,1,,,
147634,桓卿信,14693,洛陽,1,,,
147634,桓卿信,400539,芒山,1,,,
147637,解寶,14693,洛陽,1,,,
147637,解寶,15854,武昌,1,,,
147637,解寶,400344,并州,1,,,
147637,解寶,400539,芒山,1,,,
147642,張嵩,14693,洛陽,1,,,
147642,張嵩,400539,芒山,1,,,
147645,韓軌,14692,河南,1,,,
147645,韓軌,14819,沛縣,1,,,
147645,韓軌,400539,芒山,1,,,
147650,茹代,400537,北市,1,,,
147654,高洛,15311,渤海,1,,,
147659,耿相,15144,鉅鹿,1,,,
147659,耿相,400539,芒山,1,,,
147662,某緒(某行師父),15392,高陽,1,,,
147662,某緒(某行師父),16595,平樂,1,,,
147666,姚元,16595,平樂,1,,,
147666,姚元,400443,安定郡,1,,,
147671,祖承,15385,范陽,1,,,
147671,祖承,400537,北市,1,,,
147673,許康,15392,高陽,1,,,
147673,許康,400538,北芒山,1,,,
147679,賈興,14693,洛陽,1,,,
147685,某袞(某詮父),14492,萬年,1,,,
147685,某袞(某詮父),15470,清水,1,,,
147688,侯孝孫,15806,永康,1,,,
147688,侯孝孫,400539,芒山,1,,,
147688,侯孝孫,400611,上谷郡,1,,,
147691,王穆,14693,洛陽,1,,,
147691,王穆,15054,太原,1,,,
147691,王穆,400537,北市,1,,,
147699,奇績,14693,洛陽,1,,,
147699,奇績,400539,芒山,1,,,
147699,奇績,400611,上谷郡,1,,,
147703,王粲,14693,洛陽,1,,,
147703,王粲,15053,晉陽,1,,,
147703,王粲,400539,芒山,1,,,
147709,譚約,400344,并州,1,,,
147709,譚約,400539,芒山,1,,,
147714,竹懷威,400539,芒山,1,,,
147718,靖綜,14693,洛陽,1,,,
147718,靖綜,400538,北芒山,1,,,
147721,張遵,14693,洛陽,1,,,
147721,張遵,15513,南陽,1,,,
147721,張遵,400538,北芒山,1,,,
147726,某宗(父),14693,洛陽,1,,,
147726,某宗(父),400344,并州,1,,,
147726,某宗(父),400539,芒山,1,,,
147728,袁約,400539,芒山,1,,,
147731,房叔,14692,河南,1,,,
147731,房叔,14693,洛陽,1,,,
147734,郭貴,14693,洛陽,1,,,
147734,郭貴,14694,偃師,1,,,
147734,郭貴,15054,太原,1,,,
147738,徐文整,15134,高平,1,,,
147738,徐文整,400537,北市,1,,,
147739,徐恪,15134,高平,1,,,
147739,徐恪,400537,北市,1,,,
147740,徐明敬,15134,高平,1,,,
147740,徐明敬,400537,北市,1,,,
147744,張才,15209,鄴縣,1,,,
147744,張才,15513,南陽,1,,,
147747,張義,15513,南陽,1,,,
147747,張義,400539,芒山,1,,,
147754,喬雲,14693,洛陽,1,,,
147754,喬雲,14766,譙縣,1,,,
147754,喬雲,400538,北芒山,1,,,
147758,李才,15615,清化,1,,,
147758,李才,16737,狄道,1,,,
147764,某樂淵(某汪父),15333,曲陽,1,,,
147764,某樂淵(某汪父),16699,隴西,1,,,
147764,某樂淵(某汪父),16737,狄道,1,,,
147766,王相,15054,太原,1,,,
147766,王相,400539,芒山,1,,,
147767,吳某(吳志父),14693,洛陽,1,,,
147767,吳某(吳志父),400539,芒山,1,,,
147772,王猛略,14693,洛陽,1,,,
147772,王猛略,400001,長安,1,,,
147772,王猛略,400539,芒山,1,,,
147776,賈宜,14693,洛陽,1,,,
147776,賈宜,400539,芒山,1,,,
147778,張超,14531,白水,1,,,
147778,張超,400539,芒山,1,,,
147782,某爽(父),15119,上黨,1,,,
147782,某爽(父),400537,北市,1,,,
147792,索沙,14693,洛陽,1,,,
147792,索沙,16753,燉煌,1,,,
147792,索沙,400539,芒山,1,,,
147801,李素,16699,隴西,1,,,
147801,李素,400538,北芒山,1,,,
147810,韓阿金,14693,洛陽,1,,,
147810,韓阿金,400539,芒山,1,,,
147812,皇甫順,14693,洛陽,1,,,
147812,皇甫順,400443,安定郡,1,,,
147812,皇甫順,400539,芒山,1,,,
147819,袁摩,14693,洛陽,1,,,
147819,袁摩,14852,汝南,1,,,
147819,袁摩,400539,芒山,1,,,
147823,辛正臣,16737,狄道,1,,,
147823,辛正臣,400539,芒山,1,,,
147826,高侯,14692,河南,1,,,
147826,高侯,15311,渤海,1,,,
147826,高侯,400539,芒山,1,,,
147831,秦朗,14692,河南,1,,,
147831,秦朗,400539,芒山,1,,,
147834,周賓,14692,河南,1,,,
147834,周賓,14693,洛陽,1,,,
147834,周賓,14854,平輿,1,,,
147834,周賓,400539,芒山,1,,,
147839,王達,15054,太原,1,,,
147839,王達,400539,芒山,1,,,
147842,路買,14693,洛陽,1,,,
147842,路買,400537,北市,1,,,
147851,魏巖,15144,鉅鹿,1,,,
147851,魏巖,400539,芒山,1,,,
147858,唐護,14693,洛陽,1,,,
147858,唐護,400539,芒山,1,,,
147862,宗太,15513,南陽,1,,,
147862,宗太,400539,芒山,1,,,
147867,獨孤達,14490,京兆府,1,,,
147867,獨孤達,15002,河西,1,,,
147867,獨孤達,400001,長安,1,,,
147867,獨孤達,400539,芒山,1,,,
147871,蘭祖,14693,洛陽,1,,,
147871,蘭祖,400539,芒山,1,,,
147875,常某(常開父),14693,洛陽,1,,,
147875,常某(常開父),400537,北市,1,,,
147879,王煥,14693,洛陽,1,,,
147879,王煥,400537,北市,1,,,
147883,皇甫則,400443,安定郡,1,,,
147883,皇甫則,400539,芒山,1,,,
147891,程嵩朗,400038,廣平,1,,,
147891,程嵩朗,400539,芒山,1,,,
147896,安豹,14693,洛陽,1,,,
147898,樊榮,14692,河南,1,,,
147898,樊榮,400539,芒山,1,,,
147903,張金,14531,白水,1,,,
147903,張金,14692,河南,1,,,
147903,張金,400537,北市,1,,,
147905,古合,14693,洛陽,1,,,
147905,古合,400539,芒山,1,,,
147908,封仲,15311,渤海,1,,,
147908,封仲,400538,北芒山,1,,,
147911,仵德,14693,洛陽,1,,,
147911,仵德,14694,偃師,1,,,
147911,仵德,400538,北芒山,1,,,
147913,趙士政,14490,京兆府,1,,,
147913,趙士政,14693,洛陽,1,,,
147913,趙士政,15228,高唐,1,,,
147913,趙士政,400612,天水郡,1,,,
147918,某瑜(某敬父),15054,太原,1,,,
147918,某瑜(某敬父),400539,芒山,1,,,
147921,李弘,14693,洛陽,1,,,
147921,李弘,16753,燉煌,1,,,
147921,李弘,400537,北市,1,,,
147924,劉仁崱,15335,鼓城,1,,,
147924,劉仁崱,400539,芒山,1,,,
147933,鄧方,15993,平陽,1,,,
147933,鄧方,400537,北市,1,,,
147937,李某(李辯父),16699,隴西,1,,,
147937,李某(李辯父),16737,狄道,1,,,
147937,李某(李辯父),400537,北市,1,,,
147937,李某(李辯父),400538,北芒山,1,,,
147941,焦買,14766,譙縣,1,,,
147941,焦買,400539,芒山,1,,,
147947,呂買,14880,東平,1,,,
147947,呂買,400537,北市,1,,,
147952,邊伯,14693,洛陽,1,,,
147952,邊伯,400539,芒山,1,,,
147956,王言,15054,太原,1,,,
147956,王言,15325,北平,1,,,
147962,樂希有,14691,河南府,1,,,
147962,樂希有,400539,芒山,1,,,
147965,某良(某仁父),14693,洛陽,1,,,
147965,某良(某仁父),15513,南陽,1,,,
147968,某和(父),400537,北市,1,,,
147978,鄭德通,14748,開封,1,,,
147981,孟暉,14950,東海,1,,,
147981,孟暉,400539,芒山,1,,,
147984,梁達,14695,緱氏,1,,,
147984,梁達,400539,芒山,1,,,
147988,段光,16740,姑臧,1,,,
147988,段光,400539,芒山,1,,,
147992,羅穆,14693,洛陽,1,,,
147992,羅穆,400539,芒山,1,,,
147997,喪梵,400538,北芒山,1,,,
148000,王寵,15054,太原,1,,,
148000,王寵,15137,陽城,1,,,
148000,王寵,400537,北市,1,,,
148003,霍寶,14693,洛陽,1,,,
148003,霍寶,15003,河東,1,,,
148003,霍寶,400539,芒山,1,,,
148010,強寶質,14540,扶風,1,,,
148010,強寶質,14692,河南,1,,,
148010,強寶質,15777,長城,1,,,
148016,王光,14955,臨沂,1,,,
148016,王光,400537,北市,1,,,
148022,邢泰,15391,河間,1,,,
148022,邢泰,400538,北芒山,1,,,
148030,劉海,14490,京兆府,1,,,
148030,劉海,14816,彭城,1,,,
148032,李慧,14691,河南府,1,,,
148032,李慧,14693,洛陽,1,,,
148032,李慧,400539,芒山,1,,,
148035,趙信,14692,河南,1,,,
148035,趙信,14695,緱氏,1,,,
148035,趙信,400539,芒山,1,,,
148042,杜素,14490,京兆府,1,,,
148042,杜素,400537,北市,1,,,
148050,楊臨,14525,華陰,1,,,
148051,王遜,15054,太原,1,,,
148051,王遜,400539,芒山,1,,,
148056,王某(王師父),15023,龍門,1,,,
148056,王某(王師父),15054,太原,1,,,
148061,郭貴,15054,太原,1,,,
148061,郭貴,400538,北芒山,1,,,
148064,史嵩,14525,華陰,1,,,
148064,史嵩,400539,芒山,1,,,
148069,張弘,14531,白水,1,,,
148069,張弘,400539,芒山,1,,,
148078,索才,16753,燉煌,1,,,
148078,索才,400539,芒山,1,,,
148080,張幹,14531,白水,1,,,
148080,張幹,400538,北芒山,1,,,
148091,楊柱,14731,弘農,1,,,
148091,楊柱,400539,芒山,1,,,
148093,趙陁,14692,河南,1,,,
148093,趙陁,400537,北市,1,,,
148097,王穆,15054,太原,1,,,
148097,王穆,400539,芒山,1,,,
148103,周弘,14693,洛陽,1,,,
148103,周弘,400405,吳郡,1,,,
148103,周弘,400538,北芒山,1,,,
148108,馮運,14692,河南,1,,,
148108,馮運,14693,洛陽,1,,,
148108,馮運,16738,長樂,1,,,
148108,馮運,400537,北市,1,,,
148111,張宗,14531,白水,1,,,
148111,張宗,400539,芒山,1,,,
148115,董則,14693,洛陽,1,,,
148115,董則,16737,狄道,1,,,
148115,董則,400537,北市,1,,,
148115,董則,400539,芒山,1,,,
148120,王則,14693,洛陽,1,,,
148120,王則,15054,太原,1,,,
148120,王則,400539,芒山,1,,,
148125,田進,15325,北平,1,,,
148125,田進,400539,芒山,1,,,
148140,趙雅,14519,好畤,1,,,
148140,趙雅,16699,隴西,1,,,
148140,趙雅,400539,芒山,1,,,
148146,來威,14492,萬年,1,,,
148146,來威,14693,洛陽,1,,,
148146,來威,15963,歙州,1,,,
148150,某雙(某士端父),14692,河南,1,,,
148150,某雙(某士端父),14693,洛陽,1,,,
148152,崔逸元,14692,河南,1,,,
148152,崔逸元,15285,安平,1,,,
148157,梁隆,14692,河南,1,,,
148157,梁隆,14693,洛陽,1,,,
148160,張世海,14531,白水,1,,,
148166,陳則,14692,河南,1,,,
148166,陳則,14693,洛陽,1,,,
148166,陳則,14819,沛縣,1,,,
148166,陳則,400537,北市,1,,,
148169,裴灌頂,14692,河南,1,,,
148169,裴灌頂,14693,洛陽,1,,,
148169,裴灌頂,15020,聞喜,1,,,
148173,王君素,15053,晉陽,1,,,
148173,王君素,400538,北芒山,1,,,
148178,梁某,14555,涇州,1,,,
148178,梁某,400443,安定郡,1,,,
148183,張貴,14693,洛陽,1,,,
148183,張貴,400539,芒山,1,,,
148186,楊通,14693,洛陽,1,,,
148186,楊通,16595,平樂,1,,,
148192,周捨,14692,河南,1,,,
148200,陳珤(寶),14693,洛陽,1,,,
148200,陳珤(寶),14819,沛縣,1,,,
148204,張達,15237,清河,1,,,
148204,張達,400539,芒山,1,,,
148209,楊神通,14525,華陰,1,,,
148209,楊神通,14528,馮翊,1,,,
148211,董璨,16737,狄道,1,,,
148211,董璨,400539,芒山,1,,,
148214,張榮,15513,南陽,1,,,
148214,張榮,400537,北市,1,,,
148218,王叔卿,14693,洛陽,1,,,
148218,王叔卿,400538,北芒山,1,,,
148221,張達,15237,清河,1,,,
148221,張達,400539,芒山,1,,,
148224,袁摩,14691,河南府,1,,,
148224,袁摩,14692,河南,1,,,
148224,袁摩,14852,汝南,1,,,
148224,袁摩,400539,芒山,1,,,
148234,王護,15054,太原,1,,,
148234,王護,400539,芒山,1,,,
148239,張長,15237,清河,1,,,
148239,張長,400537,北市,1,,,
148245,張陁,14693,洛陽,1,,,
148245,張陁,16595,平樂,1,,,
148248,靖鄭,15134,高平,1,,,
148248,靖鄭,400539,芒山,1,,,
148257,張彪,14693,洛陽,1,,,
148260,許護,14693,洛陽,1,,,
148260,許護,14819,沛縣,1,,,
148260,許護,400537,北市,1,,,
148263,李郝,16699,隴西,1,,,
148263,李郝,400538,北芒山,1,,,
148267,孫信,15128,鄉縣,1,,,
148267,孫信,400405,吳郡,1,,,
148267,孫信,400537,北市,1,,,
148269,婁榮,400539,芒山,1,,,
148279,張通,14692,河南,1,,,
148279,張通,15170,河內,1,,,
148279,張通,400539,芒山,1,,,
148286,張莊,15170,河內,1,,,
148286,張莊,400539,芒山,1,,,
148294,靖褘,15146,平鄉,1,,,
148294,靖褘,15157,清漳,1,,,
148296,張祥,15237,清河,1,,,
148308,高士逸,15311,渤海,1,,,
148308,高士逸,16595,平樂,1,,,
148317,李岸高,16737,狄道,1,,,
148317,李岸高,400539,芒山,1,,,
148321,張貴,14693,洛陽,1,,,
148321,張貴,15513,南陽,1,,,
148321,張貴,400539,芒山,1,,,
148326,牛善,14693,洛陽,1,,,
148326,牛善,400537,北市,1,,,
148328,李暉宗,14691,河南府,1,,,
148328,李暉宗,16699,隴西,1,,,
148328,李暉宗,400537,北市,1,,,
148333,王淵,14693,洛陽,1,,,
148333,王淵,14955,臨沂,1,,,
148333,王淵,400539,芒山,1,,,
148338,李亮,14692,河南,1,,,
148338,李亮,16699,隴西,1,,,
148343,梁粲,14692,河南,1,,,
148343,梁粲,14693,洛陽,1,,,
148343,梁粲,14695,緱氏,1,,,
148343,梁粲,400539,芒山,1,,,
148346,孫感,400538,北芒山,1,,,
148353,鄭景山,14790,榮陽,1,,,
148353,鄭景山,16571,桂州,1,,,
148354,李偉節,16699,隴西,1,,,
148354,李偉節,400613,明堂,1,,,
148358,朱達,14697,伊闕,1,,,
148358,朱達,400538,北芒山,1,,,
148368,王某(王德父),15054,太原,1,,,
148368,王某(王德父),400539,芒山,1,,,
148370,范懷,14692,河南,1,,,
148370,范懷,15791,會稽,1,,,
148370,范懷,400539,芒山,1,,,
148383,楊及,14525,華陰,1,,,
148383,楊及,400539,芒山,1,,,
148388,曹賓,14692,河南,1,,,
148388,曹賓,14766,譙縣,1,,,
148388,曹賓,400539,芒山,1,,,
148396,惠達,14490,京兆府,1,,,
148396,惠達,14693,洛陽,1,,,
148402,上官昌,16699,隴西,1,,,
148402,上官昌,400539,芒山,1,,,
148410,程通,400038,廣平,1,,,
148410,程通,400539,芒山,1,,,
148416,劉褐,14816,彭城,1,,,
148416,劉褐,400539,芒山,1,,,
148421,劉貞,14693,洛陽,1,,,
148421,劉貞,14816,彭城,1,,,
148424,劉明,14816,彭城,1,,,
148424,劉明,400537,北市,1,,,
148428,毛達,14692,河南,1,,,
148428,毛達,400539,芒山,1,,,
148436,楊某(楊湯父),14691,河南府,1,,,
148436,楊某(楊湯父),14693,洛陽,1,,,
148436,楊某(楊湯父),400539,芒山,1,,,
148441,張仲,14523,華州,1,,,
148441,張仲,14694,偃師,1,,,
148441,張仲,15237,清河,1,,,
148444,索照,14693,洛陽,1,,,
148444,索照,400539,芒山,1,,,
148450,趙業,14693,洛陽,1,,,
148450,趙業,400538,北芒山,1,,,
148455,樊頭,15513,南陽,1,,,
148460,蓋洪,14902,泗水,1,,,
148460,蓋洪,400539,芒山,1,,,
148468,某達(某碩父),400038,廣平,1,,,
148468,某達(某碩父),400539,芒山,1,,,
148471,王約,15053,晉陽,1,,,
148471,王約,400539,芒山,1,,,
148479,趙澄,400539,芒山,1,,,
148479,趙澄,400612,天水郡,1,,,
148486,呂祥,14697,伊闕,1,,,
148486,呂祥,400539,芒山,1,,,
148489,郭敬,15053,晉陽,1,,,
148489,郭敬,400539,芒山,1,,,
148495,樂昉,15513,南陽,1,,,
148495,樂昉,400539,芒山,1,,,
148499,仵德,15371,薊縣,1,,,
148503,段緣,14692,河南,1,,,
148503,段緣,14693,洛陽,1,,,
148503,段緣,400537,北市,1,,,
148515,康仁,14693,洛陽,1,,,
148515,康仁,15054,太原,1,,,
148519,韓才,14691,河南府,1,,,
148519,韓才,15423,昌黎,1,,,
148519,韓才,400539,芒山,1,,,
148521,張通,14597,洛川,1,,,
148521,張通,14693,洛陽,1,,,
148521,張通,15513,南陽,1,,,
148521,張通,400537,北市,1,,,
148535,王音,15054,太原,1,,,
148535,王音,400537,北市,1,,,
148542,宋文,14693,洛陽,1,,,
148542,宋文,400038,廣平,1,,,
148546,鄧霞,15121,屯留,1,,,
148546,鄧霞,15513,南陽,1,,,
148549,劉勝,14731,弘農,1,,,
148549,劉勝,400537,北市,1,,,
148554,牛明,16699,隴西,1,,,
148554,牛明,400001,長安,1,,,
148559,張長,14531,白水,1,,,
148559,張長,15219,滏陽,1,,,
148577,某逸(父),15054,太原,1,,,
148577,某逸(父),400538,北芒山,1,,,
148586,尹貴,15286,樂壽,1,,,
148590,封回,15311,渤海,1,,,
148590,封回,400539,芒山,1,,,
148591,封隆之,15311,渤海,1,,,
148591,封隆之,400539,芒山,1,,,
148592,封子繡,15311,渤海,1,,,
148592,封子繡,400539,芒山,1,,,
148593,封德輿,15311,渤海,1,,,
148593,封德輿,400539,芒山,1,,,
148599,盧道亮,15381,范陽,1,,,
148610,張達,14717,河清,1,,,
148610,張達,400539,芒山,1,,,
148616,陳師敏,400539,芒山,1,,,
148620,韓擒某(韓昭父),14691,河南府,1,,,
148620,韓擒某(韓昭父),14692,河南,1,,,
148620,韓擒某(韓昭父),400539,芒山,1,,,
148623,王威,14693,洛陽,1,,,
148623,王威,400537,北市,1,,,
148627,張子起,14692,河南,1,,,
148627,張子起,15513,南陽,1,,,
148627,張子起,15841,樂安,1,,,
148627,張子起,400539,芒山,1,,,
148628,張見,14692,河南,1,,,
148628,張見,15513,南陽,1,,,
148628,張見,15841,樂安,1,,,
148628,張見,400539,芒山,1,,,
148632,郭興,14693,洛陽,1,,,
148632,郭興,15054,太原,1,,,
148635,李賢,16737,狄道,1,,,
148635,李賢,400539,芒山,1,,,
148639,費清,14692,河南,1,0,0,0
148639,費清,14693,洛陽,1,0,0,0
148639,費清,15852,江夏,1,0,0,0
148644,李遷,14742,魯山,1,,,
148644,李遷,16699,隴西,1,,,
148644,李遷,400539,芒山,1,,,
148648,畢仕政,14693,洛陽,1,,,
148648,畢仕政,14713,陸渾,1,,,
148648,畢仕政,14880,東平,1,,,
148655,慕容紹宗,15423,昌黎,1,,,
148655,慕容紹宗,400538,北芒山,1,,,
148659,慕容正言,14693,洛陽,1,,,
148659,慕容正言,15423,昌黎,1,,,
148659,慕容正言,15806,永康,1,,,
148659,慕容正言,400538,北芒山,1,,,
148659,慕容正言,400539,芒山,1,,,
148665,朱寬,14504,咸陽,1,,,
148672,侯華,15288,趙州,1,,,
148672,侯華,400537,北市,1,,,
148672,侯華,400611,上谷郡,1,,,
148675,王珍,14691,河南府,1,,,
148675,王珍,15054,太原,1,,,
148675,王珍,400537,北市,1,,,
148679,張伽,14693,洛陽,1,,,
148679,張伽,15513,南陽,1,,,
148679,張伽,400538,北芒山,1,,,
148681,康仵相,14693,洛陽,1,,,
148681,康仵相,15137,陽城,1,,,
148681,康仵相,15208,安陽,1,,,
148681,康仵相,15209,鄴縣,1,,,
148681,康仵相,400537,北市,1,,,
148704,楊正巒,14525,華陰,1,,,
148704,楊正巒,14691,河南府,1,,,
148704,楊正巒,14693,洛陽,1,,,
148704,楊正巒,400537,北市,1,,,
148707,王獎,14693,洛陽,1,,,
148707,王獎,15054,太原,1,,,
148707,王獎,400538,北芒山,1,,,
148712,張慶,14531,白水,1,,,
148712,張慶,14693,洛陽,1,,,
148712,張慶,400537,北市,1,,,
148722,張訓,400539,芒山,1,,,
148722,張訓,400617,中山,1,,,
148729,任德,14693,洛陽,1,,,
148732,侯敬,15642,東鄉,1,,,
148732,侯敬,400539,芒山,1,,,
148732,侯敬,400611,上谷郡,1,,,
148737,王寶德,15054,太原,1,,,
148737,王寶德,400539,芒山,1,,,
148741,王基,15806,永康,1,,,
148741,王基,16699,隴西,1,,,
148753,黃滿,14692,河南,1,,,
148753,黃滿,14693,洛陽,1,,,
148753,黃滿,15862,安陸,1,,,
148753,黃滿,400539,芒山,1,,,
148759,李同,16699,隴西,1,,,
148759,李同,16737,狄道,1,,,
148759,李同,400537,北市,1,,,
148759,李同,400538,北芒山,1,,,
148772,某絢(某嶷父),15335,鼓城,1,,,
148772,某絢(某嶷父),400539,芒山,1,,,
148775,王伽,15053,晉陽,1,,,
148775,王伽,400539,芒山,1,,,
148780,王秀,15054,太原,1,,,
148786,孟洪度,14693,洛陽,1,,,
148786,孟洪度,400537,北市,1,,,
148794,蔡徹,14750,陳留,1,,,
148794,蔡徹,400539,芒山,1,,,
148801,王憲,14692,河南,1,,,
148801,王憲,14697,伊闕,1,,,
148813,曹毗沙,14766,譙縣,1,,,
148813,曹毗沙,400539,芒山,1,,,
148817,某洛(某元父),15119,上黨,1,,,
148820,王宣,14955,臨沂,1,,,
148820,王宣,400539,芒山,1,,,
148824,周雄,14852,汝南,1,,,
148839,董翼,16737,狄道,1,,,
148839,董翼,400539,芒山,1,,,
148849,楊慈,14525,華陰,1,,,
148849,楊慈,14693,洛陽,1,,,
148849,楊慈,400537,北市,1,,,
148854,王勣,14694,偃師,1,,,
148854,王勣,15054,太原,1,,,
148854,王勣,400539,芒山,1,,,
148882,李子徽,16699,隴西,1,,,
148882,李子徽,400537,北市,1,,,
148887,樂緒,14693,洛陽,1,,,
148889,王滿,15054,太原,1,,,
148892,某行莊(某旦父),14692,河南,1,,,
148892,某行莊(某旦父),14693,洛陽,1,,,
148892,某行莊(某旦父),400538,北芒山,1,,,
148895,元善積,14692,河南,1,,,
148895,元善積,14693,洛陽,1,,,
148898,張讓,14531,白水,1,,,
148898,張讓,15219,滏陽,1,,,
148905,某處昂(某宮父),15144,鉅鹿,1,,,
148905,某處昂(某宮父),15231,新鄉,1,,,
148908,朱詮,14693,洛陽,1,,,
148912,王嵩,15054,太原,1,,,
148921,羅季樂,400537,北市,1,,,
148925,張寬,15392,高陽,1,,,
148925,張寬,15513,南陽,1,,,
148925,張寬,16086,辰州,1,,,
148928,杜乞,15252,恆州,1,,,
148928,杜乞,400001,長安,1,,,
148930,王伏,15054,太原,1,,,
148944,顏昶,14691,河南府,1,,,
148944,顏昶,14692,河南,1,,,
148944,顏昶,16655,琅琊,1,,,
148978,蕭衍,14493,長安,1,,,
148978,蕭衍,14691,河南府,1,,,
148978,蕭衍,14692,河南,1,,,
148978,蕭衍,14815,徐州,1,,,
148978,蕭衍,15330,深澤,1,,,
148978,蕭衍,15371,薊縣,1,,,
148982,蕭嚴,14692,河南,1,,,
148982,蕭嚴,14815,徐州,1,,,
148982,蕭嚴,14950,東海,1,,,
148999,王彥,15054,太原,1,,,
149001,羅令祖,15300,平原,1,,,
149003,王懷智,14693,洛陽,1,,,
149003,王懷智,15054,太原,1,,,
149003,王懷智,400538,北芒山,1,,,
149012,康陁,14692,河南,1,,,
149012,康陁,400539,芒山,1,,,
149025,張桃湯,14531,白水,1,,,
149043,李壯,14899,乾封,1,,,
149043,李壯,15392,高陽,1,,,
149043,李壯,16699,隴西,1,,,
149056,胡玉竭,14691,河南府,1,,,
149059,康洛,14692,河南,1,,,
149059,康洛,14693,洛陽,1,,,
149059,康洛,16595,平樂,1,,,
149059,康洛,16762,西州,1,,,
149081,崔璋,15121,屯留,1,,,
149088,崔公華,15237,清河,1,,,
149090,崔玄覽,15003,河東,1,,,
149090,崔玄覽,15237,清河,1,,,
149090,崔玄覽,400537,北市,1,,,
149095,某義慈(某隆父),400537,北市,1,,,
149108,張緒,15237,清河,1,,,
149108,張緒,400001,長安,1,,,
149127,孫乾,14508,高陵,1,,,
149141,王子紹,14692,河南,1,,,
149141,王子紹,15054,太原,1,,,
149141,王子紹,15415,漁陽,1,,,
149141,王子紹,400538,北芒山,1,,,
149144,皇甫仲延,14559,臨涇,1,,,
149159,王機,14731,弘農,1,,,
149159,王機,14911,北海,1,,,
149159,王機,15988,衡山,1,,,
149167,李德倫,14691,河南府,1,,,
149167,李德倫,16699,隴西,1,,,
149167,李德倫,400539,芒山,1,,,
149176,孟義,14693,洛陽,1,,,
149176,孟義,15237,清河,1,,,
149176,孟義,400539,芒山,1,,,
149180,成寬,14693,洛陽,1,,,
149180,成寬,14731,弘農,1,,,
149180,成寬,400539,芒山,1,,,
149188,張濟,14531,白水,1,,,
149188,張濟,14691,河南府,1,,,
149188,張濟,400537,北市,1,,,
149195,柳慶,15009,解縣,1,,,
149196,柳機,15003,河東,1,,,
149196,柳機,15009,解縣,1,,,
149196,柳機,15512,穰縣,1,,,
149196,柳機,400537,北市,1,,,
149197,柳逖,15003,河東,1,,,
149197,柳逖,15512,穰縣,1,,,
149197,柳逖,400537,北市,1,,,
149215,獨孤宣,14691,河南府,1,,,
149215,獨孤宣,14692,河南,1,,,
149219,張義,14693,洛陽,1,,,
149219,張義,400539,芒山,1,,,
149243,張載,15237,清河,1,,,
149246,張?,15237,清河,1,,,
149246,張?,400539,芒山,1,,,
149270,郭儉,14693,洛陽,1,,,
149270,郭儉,15053,晉陽,1,,,
149289,司馬晟,15170,河內,1,,,
149289,司馬晟,400539,芒山,1,,,
149292,李子雄,14691,河南府,1,,,
149292,李子雄,400538,北芒山,1,,,
149293,李公挺,14691,河南府,1,,,
149293,李公挺,400538,北芒山,1,,,
149300,高業,14712,新安,1,,,
149300,高業,14894,金鄉,1,,,
149300,高業,15311,渤海,1,,,
149319,寵師,14766,譙縣,1,,,
149323,裴爽,14691,河南府,1,,,
149323,裴爽,15020,聞喜,1,,,
149348,某感(某威父),14621,金城,1,,,
149348,某感(某威父),400537,北市,1,,,
149354,陸仁徵,14693,洛陽,1,,,
149356,蕭造,14692,河南,1,,,
149356,蕭造,16139,新都,1,,,
149384,楊興,14693,洛陽,1,,,
149384,楊興,14731,弘農,1,,,
149384,楊興,400537,北市,1,,,
149428,張端,14531,白水,1,,,
149428,張端,400605,高昌,1,,,
149439,陳才,15124,壺關,1,,,
149443,高進,15208,安陽,1,,,
149443,高進,15311,渤海,1,,,
149463,李儒,14691,河南府,1,,,
149463,李儒,14693,洛陽,1,,,
149463,李儒,400467,趙郡,1,,,
149485,楊德倫,14731,弘農,1,,,
149485,楊德倫,400537,北市,1,,,
149488,斛斯叔,14692,河南,1,,,
149488,斛斯叔,400538,北芒山,1,,,
149489,斛斯禮,14692,河南,1,,,
149489,斛斯禮,400538,北芒山,1,,,
149496,崔弈,14490,京兆府,1,,,
149496,崔弈,15227,博平,1,,,
149496,崔弈,16595,平樂,1,,,
149510,陳伯謀,14493,長安,1,,,
149511,陳酆,14799,許昌,1,,,
149537,爨仁,16556,封山,1,,,
149537,爨仁,400344,并州,1,,,
149537,爨仁,400538,北芒山,1,,,
149551,王才,400538,北芒山,1,,,
149560,元叡,14693,洛陽,1,,,
149560,元叡,16294,方義,1,,,
149560,元叡,400539,芒山,1,,,
149573,某剛(某堯父),14815,徐州,1,,,
149573,某剛(某堯父),15119,上黨,1,,,
149582,申屠士,14621,金城,1,,,
149582,申屠士,15122,潞城,1,,,
149585,蘇相,14518,武功,1,,,
149585,蘇相,14691,河南府,1,,,
149585,蘇相,14740,梁縣,1,,,
149585,蘇相,400537,北市,1,,,
149589,董淹,14691,河南府,1,,,
149589,董淹,14693,洛陽,1,,,
149589,董淹,16699,隴西,1,,,
149589,董淹,400539,芒山,1,,,
149616,邢道,14691,河南府,1,,,
149616,邢道,15391,河間,1,,,
149616,邢道,400539,芒山,1,,,
149643,梁衍,15901,饒州,1,,,
149643,梁衍,16595,平樂,1,,,
149643,梁衍,400443,安定郡,1,,,
149670,陳伯義,14819,沛縣,1,,,
149670,陳伯義,15587,文州,1,,,
149670,陳伯義,400419,吳興郡,1,,,
149670,陳伯義,400539,芒山,1,,,
149696,張崇,14531,白水,1,,,
149696,張崇,400539,芒山,1,,,
149748,陸孝友,14692,河南,1,,,
149748,陸孝友,14693,洛陽,1,,,
149748,陸孝友,400539,芒山,1,,,
149763,蕭卿,15902,鄱陽,1,,,
149789,齊隆,15391,河間,1,,,
149789,齊隆,400538,北芒山,1,,,
149837,馮材,14528,馮翊,1,,,
149879,仇詵,14490,京兆府,1,,,
149879,仇詵,15392,高陽,1,,,
149879,仇詵,400514,平陵,1,,,
149897,常貴,15121,屯留,1,,,
149991,呼延裕,14692,河南,1,,,
149991,呼延裕,14693,洛陽,1,,,
149991,呼延裕,400614,合宮,1,,,
150053,崔至仁,14691,河南府,1,,,
150053,崔至仁,15003,河東,1,,,
150140,鄭振,14791,榮澤,1,,,
150172,蕭岑,14691,河南府,1,,,
150172,蕭岑,14692,河南,1,,,
150172,蕭岑,15330,深澤,1,,,
150210,淳于道,14693,洛陽,1,,,
150210,淳于道,15300,平原,1,,,
150213,鄭才,14748,開封,1,,,
150213,鄭才,15852,江夏,1,,,
150213,鄭才,400539,芒山,1,,,
150221,麴降,400018,西平,1,,,
150221,麴降,400538,北芒山,1,,,
150241,馮才,15276,下博,1,,,
150241,馮才,16738,長樂,1,,,
150244,王子忠,14693,洛陽,1,,,
150244,王子忠,14955,臨沂,1,,,
150260,袁弘,16520,白州,1,,,
150265,崔彥穆,15003,河東,1,,,
150266,崔君肅,15003,河東,1,,,
150279,劉仵,15119,上黨,1,,,
150333,杜魚石,14493,長安,1,,,
150341,劉會,15206,觀城,1,,,
150360,楊纂,14493,長安,1,,,
150376,常亮,15254,真定,1,,,
150383,張殊,14531,白水,1,,,
150443,高伯堅,14692,河南,1,,,0
150484,陳敦,14797,長社,1,,,
150496,王粲,15054,太原,1,,,
150623,陸秀,14693,洛陽,1,,,
150639,李孝衡,15790,越州,1,,,
150672,裴讓之,15020,聞喜,1,,,
150674,裴掞,15020,聞喜,1,,,
150692,李放之,15289,平棘,1,,,
150721,溫大雅,14980,溫縣,1,,,
150721,溫大雅,15207,相州,1,,,
150762,崔德厚,15209,鄴縣,1,,,
150762,崔德厚,15252,恆州,1,,,
150762,崔德厚,15285,安平,1,,,
150768,裴鴻智,15020,聞喜,1,,,
150769,裴師武,15020,聞喜,1,,,
150785,和顯壽,16303,南平,1,,,
150802,王子景,14693,洛陽,1,,,
150802,王子景,15054,太原,1,,,
150802,王子景,400617,中山,1,,,
150803,王元季,14693,洛陽,1,,,
150803,王元季,15054,太原,1,,,
150803,王元季,400617,中山,1,,,
150813,王敏,15054,太原,1,,,
150813,王敏,15235,貝州,1,,,
150881,李公源,15289,平棘,1,,,
150882,李善願,15289,平棘,1,,,
150923,張武,14692,河南,1,,,
150923,張武,15237,清河,1,,,
150992,崔樞,14691,河南府,1,,,
150992,崔樞,14692,河南,1,,,
150992,崔樞,14796,許州,1,,,
150992,崔樞,15003,河東,1,,,
150992,崔樞,15239,東武城,1,,,
150992,崔樞,16224,平康,1,,,
151070,王君儒,14492,萬年,1,,,
151070,王君儒,15053,晉陽,1,,,
151071,王孝遠,14492,萬年,1,,,
151071,王孝遠,15053,晉陽,1,,,
151100,封道弘,15311,渤海,1,,,
151148,李素王,15294,贊皇,1,,,
151148,李素王,15790,越州,1,,,
151194,王隴,15054,太原,1,,,
151271,張敏,14923,山茌,1,,,
151271,張敏,400443,安定郡,1,,,
151291,元義全,14692,河南,1,,,
151291,元義全,16737,狄道,1,,,
151370,柳帶韋,15009,解縣,1,,,
151477,李希仁,15289,平棘,1,,,
151477,李希仁,15294,贊皇,1,,,
151510,孟公平,400607,平昌,1,,,
151538,王淹,16195,名山,1,,,
151538,王淹,16655,琅琊,1,,,
151586,裴尼,15020,聞喜,1,,,
151636,孫曜,14693,洛陽,1,,,
151636,孫曜,14906,青州,1,,,
151688,李元卿,15294,贊皇,1,,,
151720,孔業,14874,光山,1,,,
151720,孔業,14901,曲阜,1,,,
151746,李祖欽,15790,越州,1,,,
151784,劉行之,14494,長安,1,,,
151784,劉行之,14692,河南,1,,,
151784,劉行之,15029,臨汾,1,,,
151811,盧義恭,14691,河南府,1,,,
151906,李蓐,400467,趙郡,1,,,0
151913,敬舉,14695,緱氏,1,,,
151969,崔公禮,14692,河南,1,,,
151969,崔公禮,15003,河東,1,,,
151982,朱暠,14819,沛縣,1,,,
152187,王續,14693,洛陽,1,,,
152187,王續,16655,琅琊,1,,,
152188,王德儉,14490,京兆府,1,,,
152188,王德儉,14836,泗州,1,,,
152203,高岳,14693,洛陽,1,,,
152203,高岳,15908,虔州,1,,,
152234,李允王,15292,柏鄉,1,,,
152234,李允王,15294,贊皇,1,,,
152253,許叔牙,14692,河南,1,,,
152253,許叔牙,14693,洛陽,1,,,
152253,許叔牙,14694,偃師,1,,,
152253,許叔牙,14819,沛縣,1,,,
152356,宋大辯,400038,廣平,1,,,
152423,薛景山,14692,河南,1,,,
152423,薛景山,15445,江陵府,1,,,
152542,崔儀表,14693,洛陽,1,,,
152542,崔儀表,15285,安平,1,,,
152585,盧君胤,15381,范陽,1,,,
152597,張則,14693,洛陽,1,,,
152597,張則,15502,安養,1,,,
152597,張則,15534,方城,1,,,
152740,白君恕,14490,京兆府,1,,,
152740,白君恕,15054,太原,1,,,
152740,白君恕,15058,太谷,1,,,
152868,崔君宙,14691,河南府,1,,,
152868,崔君宙,15237,清河,1,,,
152897,蕭巋,14493,長安,1,,,
152897,蕭巋,14692,河南,1,,,
152897,蕭巋,14815,徐州,1,,,
152897,蕭巋,15371,薊縣,1,,,
152941,王弘訓,14692,河南,1,,,
152941,王弘訓,14955,臨沂,1,,,
153041,崔弘壽,15285,安平,1,,,
153042,崔萬善,15285,安平,1,,,
153061,鄭孝通,14494,長安,1,,,
153061,鄭孝通,14693,洛陽,1,,,
153061,鄭孝通,14694,偃師,1,,,
153061,鄭孝通,14748,開封,1,,,
153066,崔叔胤,15285,安平,1,,,
153067,崔孝康,15285,安平,1,,,
153140,鄭德秀,14791,榮澤,1,,,
153383,王德素,14693,洛陽,1,,,
153383,王德素,16655,琅琊,1,,,
153439,孔德紹,15008,寶鼎,1,,,
153439,孔德紹,15791,會稽,1,,,
153613,李安,16695,成紀,1,,,
153614,李孝恭,16695,成紀,1,,,
153633,某敬(某永父),15059,祁縣,1,,,
153745,張立德,14490,京兆府,1,,,
153745,張立德,14492,萬年,1,,,
153745,張立德,15385,范陽,1,,,
153745,張立德,15534,方城,1,,,
153745,張立德,400001,長安,1,,,
153784,李純,25058,趙國,1,,,
153952,李昭貴,16695,成紀,1,,,
154136,王弘讓,14490,京兆府,1,,,
154136,王弘讓,14691,河南府,1,,,
154136,王弘讓,14955,臨沂,1,,,
154143,王鼒,14490,京兆府,1,,,
154143,王鼒,14955,臨沂,1,,,
154187,崔行功,14691,河南府,1,,,
154187,崔行功,15227,博平,1,,,
154187,崔行功,15265,井陘,1,,,
154187,崔行功,15285,安平,1,,,
154278,王道質,15054,太原,1,,,
154317,盧彥恭,15381,范陽,1,,,
154429,盧陽烏,15381,范陽,1,,,
154450,盧道虔,15381,范陽,1,,,
154507,崔曠,15285,安平,1,,,
154508,崔順,15285,安平,1,,,
154717,呂徽,14880,東平,1,,,
154967,裴德超,14739,汝州,1,,,
154967,裴德超,15020,聞喜,1,,,
155021,獨孤永業,14693,洛陽,1,,,
155090,王仁緒,14492,萬年,1,,,
155090,王仁緒,15053,晉陽,1,,,
155121,王寶倫,14492,萬年,1,,,
155121,王寶倫,15053,晉陽,1,,,
155127,王廣業,14492,萬年,1,,,
155127,王廣業,15053,晉陽,1,,,
155182,李稚川,14789,管城,1,,,
155468,鮮于匡紹,15415,漁陽,1,,,
155468,鮮于匡紹,15660,蒼溪,1,,,
155468,鮮于匡紹,15664,新政,1,,,
155468,鮮于匡紹,15858,沔州,1,,,
155561,李贖,15692,江都,1,,,
155561,李贖,15852,江夏,1,,,
155651,崔休,14693,洛陽,1,,,
155651,崔休,14764,寧陵,1,,,
155651,崔休,15003,河東,1,,,
155651,崔休,15237,清河,1,,,
155666,于謹,14508,高陵,1,,,
155671,于寔,14508,高陵,1,,,
156042,柳敏,14935,考城,1,,,
156043,柳煥,14935,考城,1,,,
156128,李乞豆,16695,成紀,1,,,
156199,李虔,14691,河南府,1,,,
156236,盧處實,15381,范陽,1,,,
156321,張元濟,15237,清河,1,,,
156321,張元濟,15721,壽春,1,,,
156741,李來王,15292,柏鄉,1,,,
156741,李來王,15294,贊皇,1,,,
156879,李希騫,15294,贊皇,1,,,
156924,楊德立,14493,長安,1,,,
156932,楊峻,14493,長安,1,,,
157372,高覲王,14693,洛陽,1,,,
157644,李瓚,14691,河南府,1,,,
157644,李瓚,14789,管城,1,,,
157670,盧敏,15381,范陽,1,,,
157867,王裒,14490,京兆府,1,,,
157867,王裒,14955,臨沂,1,,,
158248,李韶,14691,河南府,1,,,
158248,李韶,14789,管城,1,,,
158254,崔世濟,14693,洛陽,1,,,
158254,崔世濟,14764,寧陵,1,,,
158254,崔世濟,15003,河東,1,,,
158254,崔世濟,15237,清河,1,,,
158301,陳惠,14695,緱氏,1,,,
159808,李虎,16695,成紀,1,,,
159827,李奉慈,16695,成紀,1,,,
159874,鄭世斌,14791,榮澤,1,,,
160106,李禕,14493,長安,1,,,
160233,李琛,16695,成紀,1,,,
160860,曹治,15290,元氏,1,,,
160861,曹玉,15290,元氏,1,,,
160862,曹長,15290,元氏,1,,,
161865,李寬,4008,遼州,1,,,
161865,李寬,14493,長安,1,,,
161865,李寬,16699,隴西,1,,,
161868,某世冲(父),14492,萬年,1,0,0,0
161868,某世冲(父),400410,蜀郡,1,0,0,0
161872,高世達,15311,渤海,1,,,
161875,張定國,14692,河南,1,,,
161877,某讓(某諒父),15395,博野,1,,,
161879,李綱,15311,渤海,1,,,
161889,耿子相,15053,晉陽,1,,,
161893,楊買,14525,華陰,1,,,
161897,徐慶,15134,高平,1,,,
161897,徐慶,15209,鄴縣,1,,,
161900,張珍,15419,柳城,1,,,
161902,彭信,14492,萬年,1,,,
161902,彭信,14693,洛陽,1,,,
161913,宋干,400038,廣平,1,,,
161920,竇璨,400514,平陵,1,,,
161923,徐林卿,15134,高平,1,,,
161926,趙景,14490,京兆府,1,,,
161926,趙景,400402,魏郡,1,,,
161926,趙景,400530,三輔,1,,,
161932,王貴,15053,晉陽,1,,,
161932,王貴,400001,長安,1,,,
161937,李方元,14492,萬年,1,,,
161937,李方元,16699,隴西,1,,,
161941,綦母賾,16749,酒泉,1,,,
161950,某恩武(某德備父),16655,琅琊,1,,,
161954,楊雄,14525,華陰,1,,,
161954,楊雄,400001,長安,1,,,
161961,劉藏,14490,京兆府,1,,,
161961,劉藏,14492,萬年,1,,,
161961,劉藏,14816,彭城,1,,,
161965,薛寵,15872,黃州,1,,,
161971,韋旭,14493,長安,1,,,
161979,延陁區利支達官,14645,夏州,1,,,
161982,竇善,16093,盧陽,1,,,
161986,崔吉甫,15285,安平,1,,,
161987,崔行甫,15285,安平,1,,,
161990,馬騰,15170,河內,1,,,
161994,楊誼,14597,洛川,1,,,
161994,楊誼,14731,弘農,1,,,
162001,劉淵,14816,彭城,1,,,
162004,燕胡,14692,河南,1,,,
162018,王實,14691,河南府,1,,,
162018,王實,14693,洛陽,1,,,
162018,王實,16655,琅琊,1,,,
162023,牛漢,14492,萬年,1,,,
162023,牛漢,14940,濮陽,1,,,
162023,牛漢,16699,隴西,1,,,
162035,段綸,400001,長安,1,,,
162035,段綸,400544,遼西總管府,1,,,
162041,宋悅,14532,西河,1,,,
162053,董英,400001,長安,1,,,
162056,趙遵,400607,平昌,1,,,
162058,韓仁,14693,洛陽,1,,,
162060,張貴,15513,南陽,1,,,
162063,王那仁,15054,太原,1,,,
162064,王武保,15054,太原,1,,,
162067,王通,15054,太原,1,,,
162071,馬信,14540,扶風,1,,,
162071,馬信,14692,河南,1,,,
162074,張珍,14490,京兆府,1,,,
162074,張珍,15513,南陽,1,,,
162079,高瑗,14948,海州,1,,,
162079,高瑗,15311,渤海,1,,,
162085,龍求真,15053,晉陽,1,,,
162092,某雲(父),15054,太原,1,,,
162096,皇甫該,15176,濟源,1,,,
162096,皇甫該,400443,安定郡,1,,,
162100,皇甫澯,16268,通泉,1,,,
162100,皇甫澯,400443,安定郡,1,,,
162102,夏侯誠,14766,譙縣,1,,,
162102,夏侯誠,15003,河東,1,,,
162102,夏侯誠,15782,睦州,1,,,
162104,某珍(某玉父),15129,襄垣,1,,,
162108,李道通,14492,萬年,1,,,
162115,田蘭,14693,洛陽,1,,,
162117,霍裕,15290,元氏,1,,,
162122,唐靈芝,16756,晉昌,1,,,
162124,唐鑒,15053,晉陽,1,,,
162128,楊達,15054,太原,1,,,
162131,胡讓,16577,建陵,1,,,
162131,胡讓,400443,安定郡,1,,,
162134,支佰,14490,京兆府,1,,,
162140,元務整,14492,萬年,1,,,
162140,元務整,14693,洛陽,1,,,
162144,陳統,14819,沛縣,1,,,
162146,封璨,15311,渤海,1,,,
162150,許嵩,14693,洛陽,1,,,
162150,許嵩,400342,始州,1,,,
162153,姚正,15003,河東,1,,,
162162,蕭順之,14493,長安,1,,,
162162,蕭順之,14691,河南府,1,,,
162162,蕭順之,14692,河南,1,,,
162162,蕭順之,14815,徐州,1,,,
162162,蕭順之,15330,深澤,1,,,
162162,蕭順之,15371,薊縣,1,,,
162162,蕭順之,16139,新都,1,,,
162167,蕭澤,16130,成都,1,,,
162167,蕭澤,400510,蘭陵縣,1,,,
162173,段順,14911,北海,1,,,
162179,孫穎,14492,萬年,1,,,
162179,孫穎,14693,洛陽,1,,,
162182,魏元凱,14836,泗州,1,,,
162182,魏元凱,15335,鼓城,1,,,
162189,劉讓,14693,洛陽,1,,,
162200,陶模,14506,藍田,1,,,
162204,王某(王行父),14693,洛陽,1,,,
162204,王某(王行父),16655,琅琊,1,,,
162206,宇文士及,14693,洛陽,1,,,
162206,宇文士及,14850,豫州,1,,,
162209,劉軫,14816,彭城,1,,,
162221,李郎,15293,高邑,1,,,
162225,范昌,15053,晉陽,1,,,
162231,陽榮,15325,北平,1,,,
162231,陽榮,15392,高陽,1,,,
162233,董恭,14492,萬年,1,,,
162233,董恭,16753,燉煌,1,,,
162236,高涘往,15513,南陽,1,,,
162237,郭智,15054,太原,1,,,
162238,郭徽,15054,太原,1,,,
162239,郭榮,15054,太原,1,,,
162253,何嗣,14490,京兆府,1,,,
162253,何嗣,15731,廬江,1,,,
162265,張淵,14490,京兆府,1,,,
162265,張淵,15003,河東,1,,,
162273,王興,14492,萬年,1,,,
162273,王興,15053,晉陽,1,,,
162273,王興,15791,會稽,1,,,
162276,王靜,15054,太原,1,,,
162276,王靜,400001,長安,1,,,
162279,薛粲,15023,龍門,1,,,
162280,范歡伯,400605,高昌,1,,,
162294,王子唐,16655,琅琊,1,,,
162299,裴懷節,14490,京兆府,1,,,
162299,裴懷節,15020,聞喜,1,,,
162299,裴懷節,400001,長安,1,,,
162304,杜考普,400001,長安,1,,,
162304,杜考普,400609,杜陵,1,,,
162309,某某(某貞父),15003,河東,1,,,
162314,張裕,14693,洛陽,1,,,
162325,梁祐,400605,高昌,1,,,
162334,柳津,14871,定城,1,,,
162336,柳玄,14871,定城,1,,,
162340,呂珍,14780,滑州,1,,,
162344,鄭當,15391,河間,1,,,
162348,趙良,14693,洛陽,1,,,
162352,張仲容,400351,汾陰,1,,,
162365,程婁,14880,東平,1,,,
162369,李今,14929,濟陰,1,,,
162369,李今,16265,梓州,1,,,
162372,徐稱,15119,上黨,1,,,
162373,溫椿某(溫濬父),15054,太原,1,,,
162376,宋士元,14693,洛陽,1,,,
162376,宋士元,400038,廣平,1,,,
162397,史乂,15229,衛州,1,,,
162401,田植,14691,河南府,1,,,
162401,田植,15325,北平,1,,,
162410,聿玄成,14692,河南,1,,,
162410,聿玄成,400609,杜陵,1,,,
162417,強榮,15513,南陽,1,,,
162425,張游,15237,清河,1,,,
162429,曹整,14490,京兆府,1,,,
162429,曹整,400550,獻陵,1,,,
162441,韋師,14490,京兆府,1,,,
162441,韋師,14691,河南府,1,,,
162447,崔樹,15235,貝州,1,,,
162450,張明達,15053,晉陽,1,,,
162450,張明達,15691,揚州,1,,,
162455,張岳,15513,南陽,1,,,
162459,李子護,15029,臨汾,1,,,
162459,李子護,16699,隴西,1,,,
162462,李植,14490,京兆府,1,,,
162462,李植,15391,河間,1,,,
162475,李嗣祜,16699,隴西,1,,,
162480,王朗,14693,洛陽,1,,,
162480,王朗,15963,歙州,1,,,
162482,李長,15277,武強,1,,,
162490,斛斯倫,14490,京兆府,1,,,
162495,李道宗,14691,河南府,1,,,
162495,李道宗,15790,越州,1,,,
162497,李全壽,15294,贊皇,1,,,
162497,李全壽,15528,唐州,1,,,
162499,孫建,15841,樂安,1,,,
162502,孫遷,15841,樂安,1,,,
162508,燕實壽,14788,鄭州,1,,,
162508,燕實壽,15301,平昌,1,,,
162518,董義,15146,平鄉,1,,,
162526,李仁政,16699,隴西,1,,,
162542,劉龍,15098,代州,1,,,
162543,左琛,14911,北海,1,,,
162546,孫亮,400405,吳郡,1,,,
162548,劉君度,15391,河間,1,,,
162549,劉敬道,15391,河間,1,,,
162552,王湛,15128,鄉縣,1,,,
162557,嚴達,15731,廬江,1,,,
162563,元懷式,14693,洛陽,1,,,
162565,李恭,14692,河南,1,,,
162565,李恭,16699,隴西,1,,,
162568,楊亮,14731,弘農,1,,,
162573,某卿(某藻父),15153,雞澤,1,,,
162601,姬權,14693,洛陽,1,,,
162607,鄧義,15393,平舒,1,,,
162624,馬暉,14540,扶風,1,,,
162631,韓尚,15426,邯鄲,1,,,
162634,宋濤,15316,安喜,1,,,
162643,岐善才,400001,長安,1,,,
162645,張文,15513,南陽,1,,,
162673,王道,14694,偃師,1,,,
162673,王道,400539,芒山,1,,,
162676,張剛,14693,洛陽,1,,,
162676,張剛,15208,安陽,1,,,
162676,張剛,400538,北芒山,1,,,
162684,皇甫通,14692,河南,1,,,
162684,皇甫通,15513,南陽,1,,,
162684,皇甫通,400443,安定郡,1,,,
162684,皇甫通,400539,芒山,1,,,
162731,劉矜,15206,觀城,1,,,
162733,劉林某,15206,觀城,1,,,
162854,薛聰,15008,寶鼎,1,,,
162855,薛孝通,15008,寶鼎,1,,,
162856,薛道衡,15008,寶鼎,1,,,
162899,掌仙,400539,芒山,1,,,
162954,韋瓘,14492,萬年,1,,,
162954,韋瓘,14493,長安,1,,,
162954,韋瓘,15751,常州,1,,,
162955,韋萬頃,14492,萬年,1,,,
162955,韋萬頃,14493,長安,1,,,
162955,韋萬頃,15751,常州,1,,,
163133,李貞,16695,成紀,1,,,
163286,李椿,4008,遼州,1,,,
163286,李椿,14493,長安,1,,,
163286,李椿,14691,河南府,1,,,
163286,李椿,15425,滏陽,1,,,
163286,李椿,16699,隴西,1,,,
163370,岑善方,15772,鹽官,1,,,
163388,李蒨之,14789,管城,1,,,
163390,李玄成,14692,河南,1,,,
163412,崔觖,14693,洛陽,1,,,
163412,崔觖,14785,靈昌,1,,,
163412,崔觖,15285,安平,1,,,
163412,崔觖,15322,博陵,1,,,
163413,崔世立,14785,靈昌,1,,,
163413,崔世立,15322,博陵,1,,,
163681,于保寧,14508,高陵,1,0,0,0
163771,陳叔武,16114,江寧,1,,,
163981,韋知止,14793,陽武,1,,,
163981,韋知止,15501,襄陽,1,,,
164026,韋福嗣,14493,長安,1,,,
164060,李順,15790,越州,1,,,
164061,李野王,15294,贊皇,1,,,
164177,唐永,14964,膠水,1,,,
164178,唐安,14964,膠水,1,,,
164581,王僧辯,14493,長安,1,,,
164581,王僧辯,15742,丹徒,1,,,
164582,王珌,14493,長安,1,,,
164582,王珌,15742,丹徒,1,,,
164623,蔡衍,14969,濟陽,1,,,
164623,蔡衍,15744,丹陽,1,,,
164675,陳叔豎,16114,江寧,1,,,
164927,崔公牧,14510,涇陽,1,,,
164927,崔公牧,14692,河南,1,,,
164927,崔公牧,15285,安平,1,,,
165500,馬喬卿,14540,扶風,1,,,
165637,崔燾,14693,洛陽,1,,,
165637,崔燾,15257,靈壽,1,,,
165721,盧愷,14691,河南府,1,,,
165894,李承,14691,河南府,1,,,
166399,李元鳳,14493,長安,1,,,
166399,李元鳳,16695,成紀,1,,,
169081,薛寶積,15008,寶鼎,1,,,
169751,論尊,14490,京兆府,1,,,
170229,郭澄,14490,京兆府,1,,,
170229,郭澄,14694,偃師,1,,,
170229,郭澄,15054,太原,1,,,
170229,郭澄,16129,成都府,1,,,
170235,論賛,14490,京兆府,1,,,
170237,顏之推,14492,萬年,1,,,
170276,契苾葛,14504,咸陽,1,,,
170276,契苾葛,16740,姑臧,1,,,
170490,郭昶,14490,京兆府,1,,,
170490,郭昶,14694,偃師,1,,,
170490,郭昶,15054,太原,1,,,
170490,郭昶,16129,成都府,1,,,
170500,薛某,14691,河南府,1,,,
170521,楊燾運,14490,京兆府,1,,,
170521,楊燾運,14787,匡城,1,,,
170530,黎瑠{王解},15721,壽春,1,,,
170530,黎瑠{王解},16399,端州,1,,,
170531,楊尚希,14490,京兆府,1,,,
170531,楊尚希,14787,匡城,1,,,
170533,蔡慈,14969,濟陽,1,,,
170533,蔡慈,15744,丹陽,1,,,
170534,楊異,14493,長安,1,,,
170535,沈客卿,15779,武康,1,,,
170535,沈客卿,400001,長安,1,,,
170535,沈客卿,400419,吳興郡,1,,,
170535,沈客卿,400548,嵩山,1,,,
170537,令狐虬,14512,華原,1,,,
170537,令狐虬,16753,燉煌,1,,,
170538,令狐整,16753,燉煌,1,,,
170555,裴景惠,15020,聞喜,1,,,
170556,裴會,15020,聞喜,1,,,
170557,裴韜,15020,聞喜,1,,,
170558,裴融,15020,聞喜,1,,,
170560,裴該,15020,聞喜,1,,,
170565,裴褘,15020,聞喜,1,,,
170566,裴爽,15020,聞喜,1,,,
170573,裴他,15020,聞喜,1,,,
170575,裴某,15020,聞喜,1,,,
170576,裴淨,15020,聞喜,1,,,
170577,裴綸,15020,聞喜,1,,,
170581,裴訥之,15020,聞喜,1,,,
170583,裴某,15020,聞喜,1,,,
170584,裴某,15020,聞喜,1,,,
170587,裴矩,15020,聞喜,1,,,
170588,裴宣機,15020,聞喜,1,,,
170589,裴奉高,15020,聞喜,1,,,
170591,裴善昌,15020,聞喜,1,,,
170592,裴謁之,15020,聞喜,1,,,
170593,裴通,15020,聞喜,1,,,
170594,裴某,15020,聞喜,1,,,
170596,裴天恩,15020,聞喜,1,,,
170597,裴安祖,15020,聞喜,1,,,
170598,裴思濟,15020,聞喜,1,,,
170599,裴宗賢,15020,聞喜,1,,,
170600,裴錯,15020,聞喜,1,,,
170616,裴幼雋,15020,聞喜,1,,,
170617,裴某,15020,聞喜,1,,,
170618,裴處晞,15020,聞喜,1,,,
170619,裴慶升,15020,聞喜,1,,,
170620,裴某,15020,聞喜,1,,,
170621,裴某,15020,聞喜,1,,,
170624,裴祖思,15020,聞喜,1,,,
170625,裴仲初,15020,聞喜,1,,,
170626,裴昶,15020,聞喜,1,,,
170627,裴某,15020,聞喜,1,,,
170632,裴祖愛,15020,聞喜,1,,,
170633,裴義同,15020,聞喜,1,,,
170634,裴倫,15020,聞喜,1,,,
170641,裴翼,15020,聞喜,1,,,
170642,裴某,15020,聞喜,1,,,
170646,裴道玄,15020,聞喜,1,,,
170647,裴某,15020,聞喜,1,,,
170652,裴天壽,15020,聞喜,1,,,
170653,裴智深,15020,聞喜,1,,,
170654,裴襲,15020,聞喜,1,,,
170655,裴叔騰,15020,聞喜,1,,,
170656,裴某,14692,河南,1,,,
170656,裴某,15020,聞喜,1,,,
170656,裴某,15482,朗州,1,,,
170656,裴某,15976,長沙,1,,,
170657,裴善政,14692,河南,1,,,
170657,裴善政,15020,聞喜,1,,,
170657,裴善政,15482,朗州,1,,,
170657,裴善政,15976,長沙,1,,,
170673,裴述,15020,聞喜,1,,,
170674,裴某,15020,聞喜,1,,,
170675,裴士衡,15020,聞喜,1,,,
170676,裴某,15020,聞喜,1,,,
170680,裴士勣,15020,聞喜,1,,,
170681,裴某,15020,聞喜,1,,,
170684,裴英,15020,聞喜,1,,,
170685,裴元,15020,聞喜,1,,,
170686,裴彥,15020,聞喜,1,,,
170687,裴通,15020,聞喜,1,,,
170688,裴弘策,15020,聞喜,1,,,
170706,裴善文,15020,聞喜,1,,,
170721,裴大猷,14490,京兆府,1,,,
170721,裴大猷,14551,汧陽,1,,,
170721,裴大猷,15020,聞喜,1,,,
170723,裴大方,15020,聞喜,1,,,
170725,裴蒨之,15022,稷山,1,,,
170726,裴譚,15022,稷山,1,,,
170727,裴測,15022,稷山,1,,,
170728,裴某,15022,稷山,1,,,
170729,裴某,15022,稷山,1,,,
170734,裴簡之,15022,稷山,1,,,
170735,裴某,15022,稷山,1,,,
170736,裴景,15022,稷山,1,,,
170823,裴義山,15020,聞喜,1,,,
170948,裴雙虎,15020,聞喜,1,,,
170949,裴秀業,15020,聞喜,1,,,
170950,裴邃,15020,聞喜,1,,,
170951,裴文舉,15020,聞喜,1,,,
170952,裴冑,15020,聞喜,1,,,
170953,裴神,15020,聞喜,1,,,
170959,裴某,15020,聞喜,1,,,
170960,裴某,15020,聞喜,1,,,
170966,裴惠秀,15020,聞喜,1,,,
170967,裴嵩壽,14739,汝州,1,,,
170967,裴嵩壽,15020,聞喜,1,,,
170968,裴伯鳳,14739,汝州,1,,,
170968,裴伯鳳,15020,聞喜,1,,,
170969,裴定高,14739,汝州,1,,,
170969,裴定高,15020,聞喜,1,,,
171004,裴三虎,14691,河南府,1,,,
171004,裴三虎,15054,太原,1,,,
171005,裴文德,14691,河南府,1,,,
171005,裴文德,15054,太原,1,,,
171006,裴軌,14691,河南府,1,,,
171006,裴軌,15054,太原,1,,,
171007,裴瑾,14691,河南府,1,,,
171007,裴瑾,15054,太原,1,,,
171008,裴某,14691,河南府,1,,,
171008,裴某,15054,太原,1,,,
171009,裴某,14691,河南府,1,,,
171009,裴某,15054,太原,1,,,
171010,裴某,14691,河南府,1,,,
171010,裴某,15054,太原,1,,,
171012,裴子瑜,14691,河南府,1,,,
171012,裴子瑜,15054,太原,1,,,
171013,裴某,14691,河南府,1,,,
171013,裴某,15054,太原,1,,,
171014,裴某,14691,河南府,1,,,
171014,裴某,15054,太原,1,,,
171015,裴某,14691,河南府,1,,,
171015,裴某,15054,太原,1,,,
171017,裴景深,14691,河南府,1,,,
171017,裴景深,15054,太原,1,,,
171018,裴著,14691,河南府,1,,,
171018,裴著,15054,太原,1,,,
171019,裴世清,14691,河南府,1,0,0,0
171019,裴世清,15054,太原,1,0,0,0
171020,裴嘉陵,14691,河南府,1,,,
171020,裴嘉陵,15054,太原,1,,,
171021,裴某,14691,河南府,1,,,
171021,裴某,15054,太原,1,,,
171029,裴嵩仁,14691,河南府,1,,,
171029,裴嵩仁,15054,太原,1,,,
171030,裴某,14691,河南府,1,,,
171030,裴某,15054,太原,1,,,
171031,裴某,14691,河南府,1,,,
171031,裴某,15054,太原,1,,,
171032,裴耀之,14691,河南府,1,,,
171032,裴耀之,15054,太原,1,,,
171033,裴安石,14691,河南府,1,,,
171033,裴安石,15054,太原,1,,,
171044,裴桃弓,14691,河南府,1,,,
171044,裴桃弓,15003,河東,1,,,
171044,裴桃弓,15054,太原,1,,,
171044,裴桃弓,400538,北芒山,1,,,
171045,裴夙,15003,河東,1,,,
171045,裴夙,400538,北芒山,1,,,
171046,裴鑒,15003,河東,1,,,
171046,裴鑒,400538,北芒山,1,,,
171047,裴澤,15003,河東,1,,,
171047,裴澤,400538,北芒山,1,,,
171048,裴祥,15003,河東,1,,,
171048,裴祥,400538,北芒山,1,,,
171049,裴某,15003,河東,1,,,
171049,裴某,400538,北芒山,1,,,
171053,裴訢,15020,聞喜,1,,,
171054,裴揔,15020,聞喜,1,,,
171055,裴某,15020,聞喜,1,,,
171056,裴世節,15020,聞喜,1,,,
171095,裴澄,15020,聞喜,1,,,
171096,裴景漢,15020,聞喜,1,,,
171105,裴熙勣,15020,聞喜,1,,,
171157,裴正覺,15020,聞喜,1,,,
171160,裴師民,15020,聞喜,1,,,
171161,裴之爽,15020,聞喜,1,,,
171204,裴巨源,15020,聞喜,1,,,
171206,裴稚珪,15020,聞喜,1,,,
171279,裴懷肅,15020,聞喜,1,,,
171282,裴懷煚,15020,聞喜,1,,,
171321,裴欣敬,15020,聞喜,1,,,
171322,裴某,15020,聞喜,1,,,
171323,裴某,15020,聞喜,1,,,
171347,劉敏,14816,彭城,1,,,
171348,劉慶,14816,彭城,1,,,
171350,劉通,14816,彭城,1,,,
171379,劉德智,14816,彭城,1,,,
171387,劉軌,14816,彭城,1,,,
171388,劉某,14816,彭城,1,,,
171389,劉權,14816,彭城,1,,,
171390,劉澈,14816,彭城,1,,,
171391,劉僧利,14816,彭城,1,,,
171392,劉世明,14816,彭城,1,,,
171393,劉偉,14816,彭城,1,,,
171394,劉瑗,14494,長安,1,,,
171394,劉瑗,14692,河南,1,,,
171394,劉瑗,14816,彭城,1,,,
171394,劉瑗,15029,臨汾,1,,,
171395,劉胤之,14494,長安,1,,,
171395,劉胤之,14692,河南,1,,,
171395,劉胤之,14816,彭城,1,,,
171395,劉胤之,15029,臨汾,1,,,
171409,劉珉,14816,彭城,1,,,
171444,劉懿,14518,武功,1,,,
171450,劉通,14753,尉氏,1,,,
171450,劉通,16374,廣州,1,,,
171451,劉能,14753,尉氏,1,,,
171451,劉能,16374,廣州,1,,,
171452,劉熾,14753,尉氏,1,,,
171452,劉熾,16374,廣州,1,,,
171453,劉子威,14753,尉氏,1,,,
171453,劉子威,16374,廣州,1,,,
171468,劉虬,15948,宣州,1,,,
171469,劉之遴,15948,宣州,1,,,
171470,劉某,15948,宣州,1,,,
171471,劉某,15948,宣州,1,,,
171472,劉洎,15948,宣州,1,,,
171478,劉藻,15206,觀城,1,,,
171634,劉仕雋,14693,洛陽,1,,,
171660,蕭介,14493,長安,1,,,
171660,蕭介,14815,徐州,1,,,
171660,蕭介,15742,丹徒,1,,,
171661,蕭引,14493,長安,1,,,
171661,蕭引,14815,徐州,1,,,
171661,蕭引,15742,丹徒,1,,,
171671,蕭歡,14493,長安,1,,,
171671,蕭歡,14691,河南府,1,,,
171671,蕭歡,14692,河南,1,,,
171671,蕭歡,14815,徐州,1,,,
171671,蕭歡,15330,深澤,1,,,
171671,蕭歡,15371,薊縣,1,,,
171672,蕭某,14493,長安,1,,,
171672,蕭某,14691,河南府,1,,,
171672,蕭某,14692,河南,1,,,
171672,蕭某,14815,徐州,1,,,
171672,蕭某,15330,深澤,1,,,
171672,蕭某,15371,薊縣,1,,,
171673,蕭某,14493,長安,1,,,
171673,蕭某,14691,河南府,1,,,
171673,蕭某,14692,河南,1,,,
171673,蕭某,14815,徐州,1,,,
171673,蕭某,15330,深澤,1,,,
171673,蕭某,15371,薊縣,1,,,
171679,蕭琮,14493,長安,1,,,
171679,蕭琮,14692,河南,1,,,
171679,蕭琮,14815,徐州,1,,,
171679,蕭琮,15371,薊縣,1,,,
171681,蕭璟,14493,長安,1,,,
171681,蕭璟,14692,河南,1,,,
171681,蕭璟,14815,徐州,1,,,
171681,蕭璟,15371,薊縣,1,,,
171682,蕭琢,14493,長安,1,,,
171682,蕭琢,14692,河南,1,,,
171682,蕭琢,14815,徐州,1,,,
171682,蕭琢,15371,薊縣,1,,,
171746,蕭岌,14493,長安,1,,,
171746,蕭岌,14691,河南府,1,,,
171746,蕭岌,14692,河南,1,,,
171746,蕭岌,14815,徐州,1,,,
171746,蕭岌,15330,深澤,1,,,
171746,蕭岌,15371,薊縣,1,,,
171747,蕭瑊,14691,河南府,1,,,
171747,蕭瑊,14790,榮陽,1,,,
171751,蕭瓚,14691,河南府,1,,,
171751,蕭瓚,14692,河南,1,,,
171751,蕭瓚,15330,深澤,1,,,
171753,蕭琩,14691,河南府,1,,,
171753,蕭琩,14692,河南,1,,,
171753,蕭琩,15330,深澤,1,,,
171756,竇甝,14492,萬年,1,,,
171756,竇甝,400343,始平,1,,,
171757,竇洪景,14492,萬年,1,,,
171757,竇洪景,400343,始平,1,,,
171758,竇儼,14492,萬年,1,,,
171758,竇儼,400343,始平,1,,,
171761,竇毅,14492,萬年,1,,,
171761,竇毅,400343,始平,1,,,
171762,竇照,14492,萬年,1,,,
171762,竇照,400343,始平,1,,,
171763,竇彥,14492,萬年,1,,,
171763,竇彥,14691,河南府,1,,,
171763,竇彥,400343,始平,1,,,
171764,竇德明,14492,萬年,1,,,
171764,竇德明,14691,河南府,1,,,
171764,竇德明,400343,始平,1,,,
171767,竇德素,14492,萬年,1,,,
171767,竇德素,14691,河南府,1,,,
171767,竇德素,400343,始平,1,,,
171826,竇德冲,14691,河南府,1,0,0,0
171896,竇德玄,14492,萬年,1,,,
171896,竇德玄,14691,河南府,1,,,
171896,竇德玄,400343,始平,1,,,
171960,竇德遠,14492,萬年,1,,,
171960,竇德遠,14691,河南府,1,,,
171960,竇德遠,400343,始平,1,,,
171972,竇德洽,14492,萬年,1,,,
171972,竇德洽,14691,河南府,1,,,
171972,竇德洽,400343,始平,1,,,
172014,竇文殊,14492,萬年,1,,,
172014,竇文殊,400343,始平,1,,,
172015,竇招賢,14492,萬年,1,,,
172015,竇招賢,400343,始平,1,,,
172016,竇孝宣,14492,萬年,1,,,
172016,竇孝宣,400343,始平,1,,,
172017,竇紹宣,14492,萬年,1,,,
172017,竇紹宣,400343,始平,1,,,
172089,竇鳳宣,14492,萬年,1,,,
172089,竇鳳宣,400343,始平,1,,,
172111,竇衍,14693,洛陽,1,,,
172175,竇幹,14693,洛陽,1,,,
172183,竇師武,14693,洛陽,1,,,
172192,竇師仁,14693,洛陽,1,,,
172193,竇慶,16093,盧陽,1,,,
172194,竇智純,16093,盧陽,1,,,
172195,竇智弘,16093,盧陽,1,,,
172203,竇智圓,16093,盧陽,1,,,
172204,竇璡,16093,盧陽,1,,,
172205,竇普行,16093,盧陽,1,,,
172240,竇善衡,14540,扶風,1,,,
172240,竇善衡,14621,金城,1,,,
172240,竇善衡,14694,偃師,1,,,
172264,陳談先,14493,長安,1,,,
172264,陳談先,14691,河南府,1,,,
172265,陳曇倩,14493,長安,1,,,
172266,陳伯山,14493,長安,1,,,
172267,陳君範,14493,長安,1,,,
172268,陳君通,14493,長安,1,,,
172270,陳君賓,14493,長安,1,,,
172271,陳伯固,14493,長安,1,,,
172272,陳願,14493,長安,1,,,
172273,陳伯仁,14493,長安,1,,,
172274,陳蕃,14493,長安,1,,,
172275,陳某,14493,長安,1,,,
172278,陳元基,14819,沛縣,1,,,
172278,陳元基,15587,文州,1,,,
172278,陳元基,400419,吳興郡,1,,,
172278,陳元基,400539,芒山,1,,,
172279,陳憲,14819,沛縣,1,,,
172279,陳憲,15587,文州,1,,,
172279,陳憲,400419,吳興郡,1,,,
172279,陳憲,400539,芒山,1,,,
172354,封子繪,15311,渤海,1,,,
172354,封子繪,400539,芒山,1,,,
172355,封寶蓋,15311,渤海,1,,,
172355,封寶蓋,400539,芒山,1,,,
172356,封某,15311,渤海,1,,,
172356,封某,400539,芒山,1,,,
172359,封德潤,15311,渤海,1,,,
172359,封德潤,400539,芒山,1,,,
172365,封德如,15311,渤海,1,,,
172365,封德如,400539,芒山,1,,,
172367,封倫,15311,渤海,1,,,
172367,封倫,400539,芒山,1,,,
172373,封興之,15311,渤海,1,,,
172373,封興之,400539,芒山,1,,,
172374,封孝琬,15311,渤海,1,,,
172374,封孝琬,400539,芒山,1,,,
172375,封孝琰,15311,渤海,1,,,
172375,封孝琰,400539,芒山,1,,,
172376,封君確,15311,渤海,1,,,
172376,封君確,400539,芒山,1,,,
172377,封君靜,15311,渤海,1,,,
172377,封君靜,400539,芒山,1,,,
172378,封君嚴,15311,渤海,1,,,
172378,封君嚴,400539,芒山,1,,,
172379,封君贊,15311,渤海,1,,,
172379,封君贊,400539,芒山,1,,,
172380,封孝璋,15311,渤海,1,,,
172381,封君誕,15311,渤海,1,,,
172382,封某,15311,渤海,1,,,
172386,封君夷,15311,渤海,1,,,
172413,楊惠嘏,14693,洛陽,1,,,
172414,楊謇,14693,洛陽,1,,,
172415,楊鍾馗,14693,洛陽,1,,,
172416,楊處綱,14693,洛陽,1,,,
172417,楊元景,14693,洛陽,1,,,
172418,楊元珙,14693,洛陽,1,,,
172419,楊君操,14693,洛陽,1,,,
172420,楊元約,14693,洛陽,1,,,
172421,楊諲,14693,洛陽,1,,,
172422,楊孚,14693,洛陽,1,,,
172425,楊處樂,14693,洛陽,1,,,
172426,楊烈,14693,洛陽,1,,,
172427,楊禎,14693,洛陽,1,,,
172428,楊忠,14693,洛陽,1,,,
172429,楊堅,14693,洛陽,1,,,
172430,楊廣,14693,洛陽,1,,,
172451,楊國,14525,華陰,1,,,
172452,楊定,14525,華陰,1,,,
172453,楊紹,14525,華陰,1,,,
172516,楊恭道,14525,華陰,1,,,
172528,楊福,14525,華陰,1,,,
172542,楊達,14525,華陰,1,,,
172561,楊白澤,14525,華陰,1,,,
172562,楊孝義,14525,華陰,1,,,
172566,楊知敬,14525,華陰,1,,,
172567,楊孝仁,14525,華陰,1,,,
172571,楊珍,15010,永樂,1,,,
172571,楊珍,15316,安喜,1,,,
172572,楊真,15010,永樂,1,,,
172572,楊真,15316,安喜,1,,,
172573,楊懿,15010,永樂,1,,,
172573,楊懿,15316,安喜,1,,,
172574,楊順,15010,永樂,1,,,
172593,楊津,15316,安喜,1,,,
172594,楊愔,15316,安喜,1,,,
172595,楊某,15316,安喜,1,,,
172598,楊暐,15316,安喜,1,,,
172599,楊岐,15316,安喜,1,,,
172623,楊鈞,14493,長安,1,,,
172624,楊暄,14493,長安,1,,,
172625,楊敷,14493,長安,1,,,
172626,楊素,14493,長安,1,,,
172648,楊慎,14493,長安,1,,,
172649,楊岳,14493,長安,1,,,
172658,楊儉,14493,長安,1,,,
172660,楊某,14493,長安,1,,,
172675,楊文异,14493,長安,1,,,
172676,楊安仁,14493,長安,1,,,
172747,楊虔遜,14493,長安,1,,,
172769,楊士積,14493,長安,1,,,
172773,楊安,14493,長安,1,,,
172789,楊寬,14493,長安,1,,,
172790,楊文紀,14791,榮澤,1,,,
172791,楊孝湛,14791,榮澤,1,,,
172793,楊孝儼,14791,榮澤,1,,,
172820,楊孝怡,14791,榮澤,1,,,
172822,高和璧,14692,河南,1,,,
172823,高顥,14692,河南,1,,,
172824,高德政,14692,河南,1,,,
172839,高振,14692,河南,1,,,
172840,高石安,14692,河南,1,,,
172841,高志廉,14692,河南,1,,,
172842,高正臣,14692,河南,1,,,
172843,高表,14692,河南,1,,,
172844,高衡,14692,河南,1,,,
172845,高元道,14692,河南,1,,,
172846,高仲仁,14692,河南,1,,,
172847,高某,14692,河南,1,,,
172849,高季通,14692,河南,1,,,
172850,高馮,14692,河南,1,,,
172851,高正業,14692,河南,1,,,
172852,高湖,14693,洛陽,1,,,
172852,高湖,15908,虔州,1,,,
172853,高謐,14693,洛陽,1,,,
172853,高謐,15908,虔州,1,,,
172854,高樹生,14693,洛陽,1,,,
172854,高樹生,15908,虔州,1,,,
172855,高歡,14693,洛陽,1,,,
172855,高歡,15908,虔州,1,,,
172856,高廓,14693,洛陽,1,,,
172856,高廓,15908,虔州,1,,,
172857,高某,14693,洛陽,1,,,
172857,高某,15908,虔州,1,,,
172861,高琛,14693,洛陽,1,,,
172861,高琛,15908,虔州,1,,,
172862,高叡,14693,洛陽,1,,,
172862,高叡,15908,虔州,1,,,
172863,高正初,14693,洛陽,1,,,
172863,高正初,15908,虔州,1,,,
172868,高飜,14693,洛陽,1,,,
172868,高飜,15908,虔州,1,,,
172870,高勱,14693,洛陽,1,,,
172870,高勱,15908,虔州,1,,,
172871,高士寧,14693,洛陽,1,0,0,0
172871,高士寧,15908,虔州,1,0,0,0
172876,高宗儉,14693,洛陽,1,,,
172876,高宗儉,15908,虔州,1,,,
172954,房倫,14694,偃師,1,,,
172955,房某,14694,偃師,1,,,
172956,房謨,14694,偃師,1,,,
172957,房廣深,14694,偃師,1,,,
173007,杜乾祚,14493,長安,1,,,
173057,杜景恭,14493,長安,1,,,
173058,杜德裕,14493,長安,1,,,
173091,房巖,14694,偃師,1,,,
173092,房某,14694,偃師,1,,,
173094,宇文洛,14692,河南,1,,,
173094,宇文洛,14693,洛陽,1,,,
173094,宇文洛,400001,長安,1,,,
173138,長孫紹遠,14693,洛陽,1,,,
173140,長孫洪,14693,洛陽,1,,,
173141,長孫寬,14693,洛陽,1,,,
173148,長孫龕,14693,洛陽,1,,,
173161,長孫兕,14693,洛陽,1,,,
173162,長孫敞,14693,洛陽,1,,,
173231,長孫義莊,14693,洛陽,1,,,
173236,杜楚客,14493,長安,1,,,
173238,杜敬愛,14493,長安,1,,,
173238,杜敬愛,16438,杜陵,1,,,
173263,杜愛同,14493,長安,1,,,
173263,杜愛同,16438,杜陵,1,,,
173277,杜顒,14493,長安,1,,,
173278,杜景仲,14493,長安,1,,,
173279,杜整,14493,長安,1,,,
173287,杜景秀,14493,長安,1,,,
173289,杜乾播,14493,長安,1,,,
173306,杜子裕,15214,洹水,1,,,
173307,杜正玄,15214,洹水,1,,,
173308,杜正藏,15214,洹水,1,,,
173327,杜正儀,15214,洹水,1,,,
173328,杜正德,15214,洹水,1,,,
173329,杜亮,14940,濮陽,1,,,
173330,杜伽,14940,濮陽,1,,,
173364,李豫,14510,涇陽,1,,,
173364,李豫,16737,狄道,1,,,
173365,李某,14510,涇陽,1,,,
173365,李某,16737,狄道,1,,,
173366,李琰之,14510,涇陽,1,,,
173366,李琰之,16737,狄道,1,,,
173367,李剛,14510,涇陽,1,,,
173367,李剛,16737,狄道,1,,,
173371,李大辯,14510,涇陽,1,,,
173371,李大辯,16737,狄道,1,,,
173378,李某,14510,涇陽,1,,,
173388,李思本,14510,涇陽,1,,,
173388,李思本,16737,狄道,1,,,
173390,李慧,14510,涇陽,1,,,
173390,李慧,16737,狄道,1,,,
173391,李充弼,14510,涇陽,1,,,
173391,李充弼,16737,狄道,1,,,
173392,李嘉,14510,涇陽,1,,,
173392,李嘉,16737,狄道,1,,,
173395,李文楷,14510,涇陽,1,,,
173395,李文楷,16737,狄道,1,,,
173398,李璵,14691,河南府,1,,,
173398,李璵,14789,管城,1,,,
173399,李某,14691,河南府,1,,,
173399,李某,14789,管城,1,,,
173400,李某,14691,河南府,1,,,
173400,李某,14789,管城,1,,,
173411,李瑾,14789,管城,1,,,
173413,李元儉,14692,河南,1,,,
173437,李武卿,14691,河南府,1,,,
173437,李武卿,14789,管城,1,,,
173438,李玄德,14691,河南府,1,,,
173457,李夷道,14789,管城,1,,,
173533,李疑之,14789,管城,1,,,
173534,李君志,14789,管城,1,,,
173535,李君範,14789,管城,1,,,
173536,李孝深,14789,管城,1,,,
173542,李君徹,14789,管城,1,,,
173543,李某,14789,管城,1,,,
173546,李君可,14789,管城,1,,,
173547,李君异,14789,管城,1,,,
173555,李君德,14789,管城,1,,,
173556,李君平,14789,管城,1,,,
173557,李某,14789,管城,1,,,
173564,李脩年,14691,河南府,1,,,
173564,李脩年,14789,管城,1,,,
173565,李某,14691,河南府,1,,,
173565,李某,14789,管城,1,,,
173578,李彥,14691,河南府,1,,,
173579,李燮,14691,河南府,1,,,
173580,李士萬,14691,河南府,1,,,
173581,李某,14691,河南府,1,,,
173587,李爽,14691,河南府,1,,,
173588,李元相,14691,河南府,1,,,
173589,李某,14691,河南府,1,,,
173600,李伏陁,14691,河南府,1,,,
173601,李某,14691,河南府,1,,,
173609,李焕,14691,河南府,1,,,
173610,李裒,14691,河南府,1,,,
173611,李某,14691,河南府,1,,,
173628,李晧,16765,交河,1,,,
173629,李士操,16765,交河,1,,,
173630,李某,16765,交河,1,,,
173636,李曉,14691,河南府,1,,,
173637,李超,14691,河南府,1,,,
173638,李大師,14692,河南,1,,,
173638,李大師,14708,福昌,1,,,
173652,李行師,14691,河南府,1,,,
173652,李行師,14692,河南,1,,,
173652,李行師,14979,河陰,1,,,
173680,李季遠,14691,河南府,1,,,
173681,李某,14691,河南府,1,,,
173682,李某,14691,河南府,1,,,
173683,李某,14691,河南府,1,,,
173685,李文度,14493,長安,1,,,
173685,李文度,14498,三原,1,,,
173685,李文度,16699,隴西,1,,,
173685,李文度,400613,明堂,1,,,
173686,李權,14493,長安,1,,,
173686,李權,14498,三原,1,,,
173686,李權,16699,隴西,1,,,
173686,李權,400613,明堂,1,,,
173687,李崇義,14493,長安,1,,,
173687,李崇義,14498,三原,1,,,
173687,李崇義,16699,隴西,1,,,
173687,李崇義,400613,明堂,1,,,
173688,李詮,14493,長安,1,,,
173688,李詮,14498,三原,1,,,
173689,李藥王,14493,長安,1,,,
173689,李藥王,14498,三原,1,,,
173760,李真,15790,越州,1,,,
173761,李紹,15790,越州,1,,,
173762,李義深,15790,越州,1,,,
173763,李陶駼,15790,越州,1,,,
173764,李政藻,15790,越州,1,,,
173772,李政起,14691,河南府,1,,,
173772,李政起,15691,揚州,1,,,
173772,李政起,15790,越州,1,,,
173782,李政期,15293,高邑,1,,,
173816,李融,15790,越州,1,,,
173817,李某,15790,越州,1,,,
173818,李蘭集,15790,越州,1,,,
173819,李某,15790,越州,1,,,
173820,李某,15790,越州,1,,,
173824,李萬安,14492,萬年,1,,,
173824,李萬安,14501,奉先,1,,,
173835,李續,14766,譙縣,1,,,
173836,李顯達,14766,譙縣,1,,,
173837,李遷,14766,譙縣,1,,,
173838,李孝卿,14766,譙縣,1,,,
173865,李勰,14691,河南府,1,,,
173865,李勰,15790,越州,1,,,
173866,李靈,15294,贊皇,1,,,
173867,李恢,15294,贊皇,1,,,
173868,李悅祖,15294,贊皇,1,,,
173869,李瑾,15294,贊皇,1,,,
173870,李子服,15294,贊皇,1,,,
173871,李伏惠,15294,贊皇,1,,,
173872,李世起,15294,贊皇,1,,,
173875,李敬叔,15294,贊皇,1,,,
173876,李君昂,15294,贊皇,1,,,
173877,李仁方,15294,贊皇,1,,,
173880,李仁則,15294,贊皇,1,,,
173881,李仁表,15294,贊皇,1,,,
173882,李君素,15294,贊皇,1,,,
173883,李君節,15294,贊皇,1,,,
173884,李子智,15294,贊皇,1,,,
173885,李孝儼,15294,贊皇,1,,,
173886,李文幹,15294,贊皇,1,,,
173889,李華,15294,贊皇,1,,,
173890,李敬義,15294,贊皇,1,,,
173948,李知隱,15294,贊皇,1,,,
173972,李孝徹,15294,贊皇,1,,,
173973,李知約,15294,贊皇,1,,,
173979,李延世,15294,贊皇,1,,,
173980,李子真,15294,贊皇,1,,,
173981,李長卿,15294,贊皇,1,,,
173984,李喬卿,15294,贊皇,1,,,
173985,李子遠,15294,贊皇,1,,,
173986,李君信,15294,贊皇,1,,,
173988,李君壽,15294,贊皇,1,,,
173990,李君武,15294,贊皇,1,,,
173996,李綜,15294,贊皇,1,,,
173997,李遵,15294,贊皇,1,,,
173998,李渾,15294,贊皇,1,,,
173999,李汪,15294,贊皇,1,,,
174000,李國寶,15294,贊皇,1,,,
174001,李世寶,15294,贊皇,1,,,
174002,李友益,15294,贊皇,1,,,
174008,李智積,15294,贊皇,1,,,
174011,李人寶,15294,贊皇,1,,,
174012,李損之,15294,贊皇,1,,,
174016,李繪,15294,贊皇,1,,,
174017,李君章,15294,贊皇,1,,,
174018,李師表,15294,贊皇,1,,,
174019,李挺立,15294,贊皇,1,,,
174022,李緯,15294,贊皇,1,,,
174023,李立言,15294,贊皇,1,,,
174024,李納義,15294,贊皇,1,,,
174025,李常,15294,贊皇,1,,,
174026,李均,14691,河南府,1,,,
174026,李均,15790,越州,1,,,
174027,李璨,14691,河南府,1,,,
174027,李璨,15790,越州,1,,,
174028,李元茂,14691,河南府,1,,,
174028,李元茂,15790,越州,1,,,
174029,李子雲,14691,河南府,1,,,
174029,李子雲,15790,越州,1,,,
174031,李山壽,14691,河南府,1,,,
174031,李山壽,15790,越州,1,,,
174032,李仁則,14691,河南府,1,,,
174032,李仁則,15790,越州,1,,,
174033,李文尚,14691,河南府,1,,,
174033,李文尚,15790,越州,1,,,
174036,李仁贍,14691,河南府,1,,,
174036,李仁贍,15790,越州,1,,,
174042,李全壽,14691,河南府,1,,,
174042,李全壽,15790,越州,1,,,
174047,李宣茂,14691,河南府,1,,,
174047,李宣茂,15790,越州,1,,,
174048,李籍之,14691,河南府,1,,,
174048,李籍之,15790,越州,1,,,
174049,李徹,14691,河南府,1,,,
174049,李徹,15790,越州,1,,,
174049,李徹,25058,趙國,1,,,
174051,李德饒,25058,趙國,1,,,
174072,李德範,25058,趙國,1,,,
174080,李德紹,25058,趙國,1,,,
174083,李德矩,25058,趙國,1,,,
174087,李德旻,25058,趙國,1,,,
174114,李公緒,14691,河南府,1,,,
174114,李公緒,15790,越州,1,,,
174114,李公緒,25058,趙國,1,,,
174115,李少連,14691,河南府,1,,,
174115,李少連,15790,越州,1,,,
174115,李少連,25058,趙國,1,,,
174128,李逖,14691,河南府,1,,,
174128,李逖,15790,越州,1,,,
174129,李賢,14691,河南府,1,,,
174129,李賢,15790,越州,1,,,
174130,李莊生,14691,河南府,1,,,
174130,李莊生,15790,越州,1,,,
174131,李㮣,14691,河南府,1,,,
174131,李㮣,15790,越州,1,,,
174132,李山圖,14691,河南府,1,,,
174132,李山圖,15790,越州,1,,,
174133,李志之,14691,河南府,1,,,
174133,李志之,15790,越州,1,,,
174134,李璡,14691,河南府,1,,,
174134,李璡,15790,越州,1,,,
174135,李公節,14691,河南府,1,,,
174135,李公節,15790,越州,1,,,
174136,李行詡,14691,河南府,1,,,
174136,李行詡,15790,越州,1,,,
174138,李行禮,14691,河南府,1,,,
174138,李行禮,15790,越州,1,,,
174139,李行純,14691,河南府,1,,,
174139,李行純,15790,越州,1,,,
174140,李行指,14691,河南府,1,,,
174140,李行指,15790,越州,1,,,
174141,李季璵,14691,河南府,1,,,
174141,李季璵,15790,越州,1,,,
174142,李季略,14691,河南府,1,,,
174142,李季略,15790,越州,1,,,
174143,李粹之,14691,河南府,1,,,
174143,李粹之,15790,越州,1,,,
174144,李士高,14691,河南府,1,,,
174144,李士高,15790,越州,1,,,
174145,李公俊,14691,河南府,1,,,
174145,李公俊,15790,越州,1,,,
174146,李輔仁,14691,河南府,1,,,
174146,李輔仁,15790,越州,1,,,
174147,李公嗣,14691,河南府,1,,,
174147,李公嗣,15790,越州,1,,,
174148,李輔義,14691,河南府,1,,,
174148,李輔義,15790,越州,1,,,
174149,李輔智,14691,河南府,1,,,
174149,李輔智,15790,越州,1,,,
174150,李士儀,14691,河南府,1,,,
174150,李士儀,15790,越州,1,,,
174151,李士章,14691,河南府,1,,,
174151,李士章,15790,越州,1,,,
174152,李士政,14691,河南府,1,,,
174152,李士政,15790,越州,1,,,
174153,李士達,14691,河南府,1,,,
174153,李士達,15790,越州,1,,,
174154,李叔胤,14691,河南府,1,,,
174154,李叔胤,15790,越州,1,,,
174155,李士瑜,14691,河南府,1,,,
174155,李士瑜,15790,越州,1,,,
174156,李孝慈,14691,河南府,1,,,
174156,李孝慈,15790,越州,1,,,
174157,李德源,14691,河南府,1,,,
174157,李德源,15790,越州,1,,,
174160,李德逸,14691,河南府,1,,,
174160,李德逸,15790,越州,1,,,
174161,李士璜,14691,河南府,1,,,
174161,李士璜,15790,越州,1,,,
174162,李士瓘,14691,河南府,1,,,
174162,李士瓘,15790,越州,1,,,
174163,李祖忽,14691,河南府,1,,,
174163,李祖忽,15790,越州,1,,,
174164,李仲忽,14691,河南府,1,,,
174164,李仲忽,15790,越州,1,,,
174165,李師信,14691,河南府,1,,,
174165,李師信,15790,越州,1,,,
174174,李翼,14691,河南府,1,,,
174174,李翼,15790,越州,1,,,
174175,李幼達,14691,河南府,1,,,
174175,李幼達,15790,越州,1,,,
174176,李積善,14691,河南府,1,,,
174176,李積善,15790,越州,1,,,
174177,李玄恭,14691,河南府,1,,,
174177,李玄恭,15790,越州,1,,,
174178,李昭善,14691,河南府,1,,,
174178,李昭善,15790,越州,1,,,
174179,李萬善,14691,河南府,1,,,
174179,李萬善,15790,越州,1,,,
174180,李仲胤,14691,河南府,1,,,
174180,李仲胤,15790,越州,1,,,
174181,李敦,14691,河南府,1,,,
174181,李敦,15790,越州,1,,,
174182,李述,14691,河南府,1,,,
174182,李述,15790,越州,1,,,
174183,李善慶,14691,河南府,1,,,
174183,李善慶,15790,越州,1,,,
174184,李行充,14691,河南府,1,,,
174184,李行充,15790,越州,1,,,
174185,李全節,14691,河南府,1,,,
174185,李全節,15790,越州,1,,,
174187,李仁元,14691,河南府,1,,,
174187,李仁元,15790,越州,1,,,
174188,李善昌,14691,河南府,1,,,
174188,李善昌,15790,越州,1,,,
174189,李玄紀,14691,河南府,1,,,
174189,李玄紀,15790,越州,1,,,
174190,李玄明,14691,河南府,1,,,
174190,李玄明,15790,越州,1,,,
174191,李固,14691,河南府,1,,,
174191,李固,15790,越州,1,,,
174192,李多能,14691,河南府,1,,,
174192,李多能,15790,越州,1,,,
174193,李客師,14691,河南府,1,,,
174193,李客師,15790,越州,1,,,
174194,李某,14691,河南府,1,,,
174194,李某,15790,越州,1,,,
174196,李系,15790,越州,1,,,
174198,李式,15790,越州,1,,,
174199,李希遠,15207,相州,1,,,
174199,李希遠,15790,越州,1,,,
174200,李君榮,15207,相州,1,,,
174200,李君榮,15790,越州,1,,,
174201,李胤卿,15207,相州,1,,,
174201,李胤卿,15790,越州,1,,,
174202,李君明,15207,相州,1,,,
174202,李君明,15790,越州,1,,,
174203,李君弘,15207,相州,1,,,
174203,李君弘,15790,越州,1,,,
174204,李師大,15207,相州,1,,,
174204,李師大,15790,越州,1,,,
174206,李師稚,15207,相州,1,,,
174206,李師稚,15790,越州,1,,,
174210,李師仲,15207,相州,1,,,
174210,李師仲,15790,越州,1,,,
174211,李閑善,15207,相州,1,,,
174211,李閑善,15790,越州,1,,,
174212,李收善,15207,相州,1,,,
174212,李收善,15790,越州,1,,,
174213,李惠善,15207,相州,1,,,
174213,李惠善,15790,越州,1,,,
174214,李君亮,15207,相州,1,,,
174214,李君亮,15790,越州,1,,,
174215,李君華,15207,相州,1,,,
174215,李君華,15790,越州,1,,,
174216,李玄度,15207,相州,1,,,
174216,李玄度,15790,越州,1,,,
174217,李光悅,15207,相州,1,,,
174217,李光悅,15790,越州,1,,,
174221,李嘉璧,15207,相州,1,,,
174221,李嘉璧,15790,越州,1,,,
174224,李玄惲,15207,相州,1,,,
174224,李玄惲,15790,越州,1,,,
174225,李稚昌,15207,相州,1,,,
174225,李稚昌,15790,越州,1,,,
174226,李君盛,15207,相州,1,,,
174226,李君盛,15790,越州,1,,,
174227,李君褒,15207,相州,1,,,
174227,李君褒,15790,越州,1,,,
174228,李祖昇,15790,越州,1,,,
174229,李德璉,15790,越州,1,,,
174260,李祖勳,15207,相州,1,,,
174260,李祖勳,15790,越州,1,,,
174261,李德璋,15207,相州,1,,,
174261,李德璋,15790,越州,1,,,
174264,李祖訥,15790,越州,1,,,
174265,李德瑞,15790,越州,1,,,
174271,李德?,15790,越州,1,,,
174272,李德珽,15790,越州,1,,,
174276,李祖揖,15790,越州,1,,,
174277,李德珪,15790,越州,1,,,
174298,李德琰,15790,越州,1,,,
174315,李德瑋,15128,鄉縣,1,,,
174315,李德瑋,15294,贊皇,1,,,
174315,李德瑋,15790,越州,1,,,
174324,李德瑛,15790,越州,1,,,
174328,李弈,15294,贊皇,1,,,
174328,李弈,15790,越州,1,,,
174329,李慶業,15294,贊皇,1,,,
174330,李祖稱,15294,贊皇,1,,,
174331,李孝深,15294,贊皇,1,,,
174338,李大倫,15294,贊皇,1,,,
174369,李大儼,15294,贊皇,1,,,
174370,李大衍,14693,洛陽,1,,,
174370,李大衍,15290,元氏,1,,,
174370,李大衍,400467,趙郡,1,,,
174378,李處惠,15294,贊皇,1,,,
174380,李文琬,15294,贊皇,1,,,
174381,李文立,15294,贊皇,1,,,
174383,李文正,15294,贊皇,1,,,
174481,李文乂,15294,贊皇,1,,,
174482,李文友,15294,贊皇,1,,,
174498,李賓王,15292,柏鄉,1,,,
174498,李賓王,15294,贊皇,1,,,
174499,李遵王,15292,柏鄉,1,,,
174499,李遵王,15294,贊皇,1,,,
174500,李讓王,15292,柏鄉,1,,,
174500,李讓王,15294,贊皇,1,,,
174501,李師王,15292,柏鄉,1,,,
174501,李師王,15294,贊皇,1,,,
174667,李東王,15294,贊皇,1,,,
174677,李孝俊,15790,越州,1,,,
174678,李壽王,15790,越州,1,,,
174682,李勤王,15790,越州,1,,,
174700,李覲王,15790,越州,1,,,
174709,李贊王,15790,越州,1,,,
174743,李大真,15294,贊皇,1,,,
174775,李太初,15294,贊皇,1,,,
174991,李脩基,15790,越州,1,,,
174992,李羨策,15790,越州,1,,,
174993,李鴻鸞,15790,越州,1,,,
174994,李士永,15790,越州,1,,,
174995,李希寔,15790,越州,1,,,
174996,李孝通,15790,越州,1,,,
175007,李希傑,15790,越州,1,0,0,0
175008,李仲德,15790,越州,1,,,
175009,李希彥,15790,越州,1,,,
175010,李道常,15790,越州,1,,,
175014,李德珪,15790,越州,1,,,
175015,李義珪,15790,越州,1,,,
175016,李信璋,15790,越州,1,,,
175017,李希猷,15790,越州,1,,,
175018,李元素,15790,越州,1,,,
175020,李士安,15790,越州,1,,,
175021,李士儁,15790,越州,1,,,
175022,李叔綦,15790,越州,1,,,
175023,李希文,15790,越州,1,,,
175030,李研,15790,越州,1,,,
175031,李元則,15790,越州,1,,,
175032,李文殊,15790,越州,1,,,
175033,李德潤,15790,越州,1,,,
175034,李彥雲,15790,越州,1,,,
175037,李孝叡,15790,越州,1,,,
175038,李德延,15790,越州,1,,,
175039,李治端,15790,越州,1,,,
175044,李治高,15790,越州,1,,,
175045,李德義,15790,越州,1,,,
175046,李鏡,15790,越州,1,,,
175047,李素民,15790,越州,1,,,
175048,李曾,15790,越州,1,,,
175049,李祥,15790,越州,1,,,
175050,李安世,15790,越州,1,,,
175051,李瑒,15790,越州,1,,,
175052,李撝,15790,越州,1,,,
175053,李君正,15790,越州,1,,,
175054,李志道,15790,越州,1,,,
175056,李君偉,15790,越州,1,,,
175057,李陳師,15790,越州,1,,,
175059,李君游,15790,越州,1,,,
175060,李孝伯,15790,越州,1,,,
175061,李豹子,15790,越州,1,,,
175062,李叔讓,15288,趙州,1,,,
175063,李孝緒,15288,趙州,1,,,
175064,李延壽,15288,趙州,1,,,
175065,李璣衡,15288,趙州,1,,,
175115,李孝約,15288,趙州,1,,,
175116,李子行,15288,趙州,1,,,
175117,李玫,15288,趙州,1,,,
175119,李孝純,15288,趙州,1,,,
175120,李子廉,15288,趙州,1,,,
175121,李瓌,15288,趙州,1,,,
175133,李盛,15289,平棘,1,,,
175134,李纘,15289,平棘,1,,,
175135,李延,15289,平棘,1,,,
175136,李建,15289,平棘,1,,,
175137,李某,15289,平棘,1,,,
175138,李某,15289,平棘,1,,,
175139,李某,15289,平棘,1,,,
175147,李連,15289,平棘,1,,,
175148,李搏,15289,平棘,1,,,
175159,李龜,14691,河南府,1,,,
175159,李龜,15289,平棘,1,,,
175159,李龜,400538,北芒山,1,,,
175160,李鳳林,14691,河南府,1,,,
175160,李鳳林,400538,北芒山,1,,,
175161,李裔,14691,河南府,1,,,
175161,李裔,400538,北芒山,1,,,
175163,李公宏,14691,河南府,1,,,
175163,李公宏,400538,北芒山,1,,,
175167,李秀林,14691,河南府,1,,,
175167,李秀林,15289,平棘,1,,,
175167,李秀林,400538,北芒山,1,,,
175168,李伯茂,14691,河南府,1,,,
175168,李伯茂,15289,平棘,1,,,
175168,李伯茂,400538,北芒山,1,,,
175169,李某,14691,河南府,1,,,
175169,李某,15289,平棘,1,,,
175169,李某,400538,北芒山,1,,,
175170,李某,14691,河南府,1,,,
175170,李某,15289,平棘,1,,,
175170,李某,400538,北芒山,1,,,
175177,李休,15289,平棘,1,,,
175178,李詵,15289,平棘,1,,,
175179,李某,15289,平棘,1,,,
175180,李某,15289,平棘,1,,,
175183,李襲,14787,匡城,1,,,
175184,李閣,14787,匡城,1,,,
175185,李傑,14787,匡城,1,0,0,0
175186,李某,14787,匡城,1,,,
175187,李某,14787,匡城,1,,,
175198,李侔,14787,匡城,1,,,
175199,李某,14787,匡城,1,,,
175200,李恃顯,14787,匡城,1,,,
175201,李恃和,14787,匡城,1,,,
175206,李隆,14692,河南,1,,,
175206,李隆,14693,洛陽,1,,,
175206,李隆,15226,清平,1,,,
175206,李隆,15243,臨清,1,,,
175206,李隆,16571,桂州,1,,,
175206,李隆,16595,平樂,1,,,
175206,李隆,400467,趙郡,1,,,
175207,李謀,14692,河南,1,,,
175207,李謀,14693,洛陽,1,,,
175207,李謀,15226,清平,1,,,
175207,李謀,15243,臨清,1,,,
175207,李謀,16571,桂州,1,,,
175207,李謀,16595,平樂,1,,,
175207,李謀,400467,趙郡,1,,,
175208,李昞,14692,河南,1,,,
175208,李昞,14693,洛陽,1,,,
175208,李昞,15226,清平,1,,,
175208,李昞,15243,臨清,1,,,
175208,李昞,16571,桂州,1,,,
175208,李昞,16595,平樂,1,,,
175208,李昞,400467,趙郡,1,,,
175209,李伯膺,14692,河南,1,,,
175209,李伯膺,14693,洛陽,1,,,
175209,李伯膺,15226,清平,1,,,
175209,李伯膺,15243,臨清,1,,,
175209,李伯膺,16571,桂州,1,,,
175209,李伯膺,16595,平樂,1,,,
175209,李伯膺,400467,趙郡,1,,,
175230,李某,14692,河南,1,,,
175230,李某,14693,洛陽,1,,,
175230,李某,15226,清平,1,,,
175230,李某,15243,臨清,1,,,
175230,李某,16571,桂州,1,,,
175230,李某,16595,平樂,1,,,
175230,李某,400467,趙郡,1,,,
175231,李元稱,14692,河南,1,,,
175231,李元稱,14693,洛陽,1,,,
175231,李元稱,15226,清平,1,,,
175231,李元稱,15243,臨清,1,,,
175231,李元稱,15289,平棘,1,,,
175231,李元稱,16571,桂州,1,,,
175231,李元稱,16595,平樂,1,,,
175231,李元稱,400467,趙郡,1,,,
175232,李某,15289,平棘,1,,,
175233,李孝恭,15289,平棘,1,,,
175234,李懷柔,15289,平棘,1,,,
175238,李懷宗,15289,平棘,1,,,
175259,李根,4008,遼州,1,,,
175259,李根,14493,長安,1,,,
175259,李根,16699,隴西,1,,,
175260,李宣,4008,遼州,1,,,
175260,李宣,14493,長安,1,,,
175260,李宣,16699,隴西,1,,,
175261,李貴,4008,遼州,1,,,
175261,李貴,14493,長安,1,,,
175261,李貴,16699,隴西,1,,,
175262,李永,4008,遼州,1,,,
175262,李永,14493,長安,1,,,
175262,李永,16699,隴西,1,,,
175263,李弼,4008,遼州,1,,,
175263,李弼,14493,長安,1,,,
175263,李弼,16699,隴西,1,,,
175264,李耀,4008,遼州,1,,,
175264,李耀,14493,長安,1,,,
175264,李耀,16699,隴西,1,,,
175269,李偉,4008,遼州,1,,,
175269,李偉,14493,長安,1,,,
175269,李偉,16699,隴西,1,,,
175276,李暉,4008,遼州,1,,,
175276,李暉,14493,長安,1,,,
175276,李暉,16699,隴西,1,,,
175277,李安,4008,遼州,1,,,
175277,李安,14493,長安,1,,,
175277,李安,16699,隴西,1,,,
175278,李衍,14494,長安,1,,,
175295,李綸,4008,遼州,1,,,
175295,李綸,14493,長安,1,,,
175295,李綸,16699,隴西,1,,,
175296,李長,4008,遼州,1,,,
175296,李長,14493,長安,1,,,
175296,李長,16699,隴西,1,,,
175297,李稚,4008,遼州,1,,,
175297,李稚,14493,長安,1,,,
175297,李稚,16699,隴西,1,,,
175298,李某,4008,遼州,1,,,
175298,李某,14493,長安,1,,,
175298,李某,16699,隴西,1,,,
175303,李晏,4008,遼州,1,,,
175303,李晏,14493,長安,1,,,
175303,李晏,16699,隴西,1,,,
175305,李某,4008,遼州,1,,,
175305,李某,14493,長安,1,,,
175305,李某,14691,河南府,1,,,
175305,李某,15425,滏陽,1,,,
175305,李某,16699,隴西,1,,,
175331,李德林,15207,相州,1,,,
175331,李德林,15284,饒陽,1,,,
175331,李德林,15285,安平,1,,,
175393,王弘直,14490,京兆府,1,,,
175393,王弘直,14504,咸陽,1,,,
175393,王弘直,14955,臨沂,1,,,
175650,王方茂,14692,河南,1,,,
175650,王方茂,14955,臨沂,1,,,
175662,王猛,14490,京兆府,1,,,
175662,王猛,14693,洛陽,1,,,
175662,王猛,14836,泗州,1,,,
175662,王猛,16655,琅琊,1,,,
175663,王繕,14490,京兆府,1,,,
175663,王繕,14693,洛陽,1,,,
175663,王繕,14836,泗州,1,,,
175663,王繕,16655,琅琊,1,,,
175664,王纊,14490,京兆府,1,,,
175664,王纊,14836,泗州,1,,,
175680,王德本,14693,洛陽,1,,,
175680,王德本,16655,琅琊,1,,,
175698,王遵業,14691,河南府,1,,,
175698,王遵業,15053,晉陽,1,,,
175698,王遵業,400538,北芒山,1,,,
175699,王長明,14691,河南府,1,,,
175699,王長明,15053,晉陽,1,,,
175699,王長明,400538,北芒山,1,,,
175700,王松年,14691,河南府,1,,,
175700,王松年,15053,晉陽,1,,,
175700,王松年,400538,北芒山,1,,,
175701,王邵,14691,河南府,1,,,
175701,王邵,15053,晉陽,1,,,
175701,王邵,400538,北芒山,1,,,
175702,王孝京,14691,河南府,1,,,
175702,王孝京,15053,晉陽,1,,,
175702,王孝京,400538,北芒山,1,,,
175744,王孝柔,14691,河南府,1,,,
175744,王孝柔,15053,晉陽,1,,,
175744,王孝柔,400538,北芒山,1,,,
175745,王規,14691,河南府,1,,,
175745,王規,14692,河南,1,,,
175745,王規,15053,晉陽,1,,,
175745,王規,400538,北芒山,1,,,
175746,王大觀,14692,河南,1,,,
175757,王元方,14691,河南府,1,,,
175757,王元方,14692,河南,1,,,
175757,王元方,15053,晉陽,1,,,
175757,王元方,400538,北芒山,1,,,
175761,王柬,14691,河南府,1,,,
175761,王柬,15053,晉陽,1,,,
175761,王柬,400538,北芒山,1,,,
175763,王野父,14492,萬年,1,,,
175763,王野父,15053,晉陽,1,,,
175765,王孝幹,14492,萬年,1,,,
175765,王孝幹,15053,晉陽,1,,,
175778,王友札,14492,萬年,1,,,
175778,王友札,15053,晉陽,1,,,
175778,王友札,15741,潤州,1,,,
175778,王友札,15742,丹徒,1,,,
175801,王師丘,15054,太原,1,,,
175811,王季貞,14492,萬年,1,,,
175811,王季貞,15053,晉陽,1,,,
175838,王神念,14493,長安,1,,,
175838,王神念,15742,丹徒,1,,,
175862,王頍,14493,長安,1,,,
175862,王頍,15742,丹徒,1,,,
175863,王遵,14493,長安,1,,,
175863,王遵,15742,丹徒,1,,,
175866,王僧修,14493,長安,1,,,
175866,王僧修,15742,丹徒,1,,,
175867,王景孝,14493,長安,1,,,
175867,王景孝,15742,丹徒,1,,,
175883,王某,15054,太原,1,,,
175884,王某,15054,太原,1,,,
175885,王某,15054,太原,1,,,
175886,王某,15054,太原,1,,,
175896,王叡,14693,洛陽,1,,,
175896,王叡,15054,太原,1,,,
175896,王叡,400617,中山,1,,,
175897,王襲,14693,洛陽,1,,,
175897,王襲,15054,太原,1,,,
175897,王襲,400617,中山,1,,,
175898,王忻,14693,洛陽,1,,,
175898,王忻,15054,太原,1,,,
175898,王忻,400617,中山,1,,,
175906,王真,14693,洛陽,1,,,
175906,王真,15054,太原,1,,,
175906,王真,400617,中山,1,,,
175927,王羆,14492,萬年,1,,,
175927,王羆,14504,咸陽,1,,,
175927,王羆,16438,杜陵,1,,,
175928,王慶遠,14492,萬年,1,,,
175928,王慶遠,14504,咸陽,1,,,
175928,王慶遠,16438,杜陵,1,,,
175929,王述,14492,萬年,1,,,
175929,王述,14504,咸陽,1,,,
175929,王述,16438,杜陵,1,,,
175937,王明遠,14492,萬年,1,,,
175937,王明遠,14504,咸陽,1,,,
175937,王明遠,16438,杜陵,1,,,
175938,王壽,14492,萬年,1,,,
175938,王壽,14504,咸陽,1,,,
175938,王壽,16438,杜陵,1,,,
175961,王某,14493,長安,1,,,
176004,魏彥,14493,長安,1,,,
176004,魏彥,14961,掖縣,1,,,
176005,魏釗,14493,長安,1,,,
176005,魏釗,14961,掖縣,1,,,
176006,魏伯胤,14493,長安,1,,,
176006,魏伯胤,14961,掖縣,1,,,
176007,魏長賢,14493,長安,1,,,
176007,魏長賢,14961,掖縣,1,,,
176025,魏德振,14493,長安,1,,,
176025,魏德振,14961,掖縣,1,,,
176039,温君攸,14980,溫縣,1,,,
176039,温君攸,15207,相州,1,,,
176041,温無隱,14980,溫縣,1,,,
176041,温無隱,15207,相州,1,,,
176044,温釋胤,14980,溫縣,1,,,
176044,温釋胤,15207,相州,1,,,
176048,温彥博,14980,溫縣,1,,,
176048,温彥博,15207,相州,1,,,
176049,溫振,14980,溫縣,1,,,
176049,溫振,15207,相州,1,,,
176066,温挺,14980,溫縣,1,,,
176066,温挺,15207,相州,1,,,
176071,温彥將,14980,溫縣,1,,,
176071,温彥將,15207,相州,1,,,
176072,温瓚,14980,溫縣,1,,,
176072,温瓚,15207,相州,1,,,
176076,温瑜,14980,溫縣,1,,,
176076,温瑜,15207,相州,1,,,
176077,温瑾,14980,溫縣,1,,,
176077,温瑾,15207,相州,1,,,
176078,温璩,14980,溫縣,1,,,
176078,温璩,15207,相州,1,,,
176087,戴景珍,14691,河南府,1,,,
176087,戴景珍,14766,譙縣,1,,,
176087,戴景珍,14899,乾封,1,,,
176147,張安之,14693,洛陽,1,,,
176147,張安之,15502,安養,1,,,
176147,張安之,15534,方城,1,,,
176148,張弘策,14693,洛陽,1,,,
176148,張弘策,15502,安養,1,,,
176148,張弘策,15534,方城,1,,,
176149,張紑,14693,洛陽,1,,,
176149,張紑,15502,安養,1,,,
176149,張紑,15534,方城,1,,,
176158,張弋,14691,河南府,1,,,
176159,張洛,14691,河南府,1,,,
176190,張守禮,15387,固安,1,,,
176190,張守禮,16411,曲江,1,,,
176627,張紹,15758,吳縣,1,,,
176629,張後胤,15758,吳縣,1,,,
176653,張彝,15192,昌樂,1,,,
176653,張彝,15237,清河,1,,,
176654,張始均,15192,昌樂,1,,,
176654,張始均,15237,清河,1,,,
176655,張晏之,15192,昌樂,1,,,
176655,張晏之,15237,清河,1,,,
176697,張惠寶,14492,萬年,1,,,
176697,張惠寶,14494,長安,1,,,
176698,張惠瑤,14492,萬年,1,,,
176698,張惠瑤,14494,長安,1,,,
176699,張祖政,14492,萬年,1,,,
176699,張祖政,14494,長安,1,,,
176701,張祖令,14492,萬年,1,,,
176701,張祖令,14494,長安,1,,,
176705,張惠珍,14492,萬年,1,,,
176705,張惠珍,14494,長安,1,,,
176706,張某,14492,萬年,1,,,
176706,張某,14494,長安,1,,,
176818,馬暹,15227,博平,1,,,
176827,褚法顯,14703,陽翟,1,,,
176827,褚法顯,15767,錢塘,1,,,
176828,褚炫,14703,陽翟,1,,,
176828,褚炫,15767,錢塘,1,,,
176829,褚漢,14703,陽翟,1,,,
176829,褚漢,15767,錢塘,1,,,
176830,褚象,14703,陽翟,1,,,
176830,褚象,15767,錢塘,1,,,
176831,褚玠,14703,陽翟,1,,,
176831,褚玠,15767,錢塘,1,,,
176860,崔蔚,14691,河南府,1,,,
176860,崔蔚,15003,河東,1,,,
176861,崔暹,14691,河南府,1,,,
176861,崔暹,15003,河東,1,,,
176862,崔瓚,14691,河南府,1,,,
176862,崔瓚,15003,河東,1,,,
176863,崔茂,14691,河南府,1,,,
176863,崔茂,15003,河東,1,,,
176864,崔某,14691,河南府,1,,,
176864,崔某,15003,河東,1,,,
176868,崔慶賓,14691,河南府,1,,,
176868,崔慶賓,15003,河東,1,,,
176869,崔某,14691,河南府,1,,,
176869,崔某,15003,河東,1,,,
176875,崔幼,14691,河南府,1,,,
176875,崔幼,15003,河東,1,,,
176876,崔彥珍,14691,河南府,1,,,
176876,崔彥珍,15003,河東,1,,,
176877,崔某,14691,河南府,1,,,
176877,崔某,15003,河東,1,,,
176883,崔景茂,14691,河南府,1,,,
176883,崔景茂,15003,河東,1,,,
176884,崔士憲,14691,河南府,1,,,
176884,崔士憲,15003,河東,1,,,
176889,崔彥璋,14691,河南府,1,,,
176889,崔彥璋,14692,河南,1,,,
176889,崔彥璋,15003,河東,1,,,
176890,崔某,14692,河南,1,,,
176890,崔某,15003,河東,1,,,
176893,崔君綽,15003,河東,1,,,
176903,崔思敬,14691,河南府,1,,,
176903,崔思敬,15237,清河,1,,,
176908,崔君贍,15003,河東,1,,,
176909,崔彥昇,14691,河南府,1,,,
176909,崔彥昇,15003,河東,1,,,
176912,崔彧,14691,河南府,1,,,
176912,崔彧,14692,河南,1,,,
176912,崔彧,14796,許州,1,,,
176912,崔彧,15003,河東,1,,,
176912,崔彧,15239,東武城,1,,,
176912,崔彧,16224,平康,1,,,
176913,崔某,14691,河南府,1,,,
176913,崔某,14692,河南,1,,,
176913,崔某,14796,許州,1,,,
176913,崔某,15003,河東,1,,,
176913,崔某,15239,東武城,1,,,
176913,崔某,16224,平康,1,,,
176914,崔子今,14691,河南府,1,,,
176914,崔子今,14692,河南,1,,,
176914,崔子今,14796,許州,1,,,
176914,崔子今,15003,河東,1,,,
176914,崔子今,15239,東武城,1,,,
176914,崔子今,16224,平康,1,,,
177061,崔溉,14691,河南府,1,,,
177074,崔㥄,14693,洛陽,1,,,
177074,崔㥄,14764,寧陵,1,,,
177074,崔㥄,15003,河東,1,,,
177074,崔㥄,15237,清河,1,,,
177075,崔瞻,14693,洛陽,1,,,
177075,崔瞻,14764,寧陵,1,,,
177075,崔瞻,15003,河東,1,,,
177075,崔瞻,15237,清河,1,,,
177086,崔仲文,14693,洛陽,1,,,
177086,崔仲文,14764,寧陵,1,,,
177086,崔仲文,15003,河東,1,,,
177086,崔仲文,15237,清河,1,,,
177087,崔{亻鹿},14693,洛陽,1,,,
177087,崔{亻鹿},14764,寧陵,1,,,
177087,崔{亻鹿},15003,河東,1,,,
177087,崔{亻鹿},15237,清河,1,,,
177136,崔叔仁,14691,河南府,1,,,
177136,崔叔仁,14693,洛陽,1,,,
177136,崔叔仁,15237,清河,1,,,
177136,崔叔仁,15702,天長,1,,,
177137,崔挺,14511,美原,1,,,
177137,崔挺,14693,洛陽,1,,,
177138,崔某,14511,美原,1,,,
177138,崔某,14693,洛陽,1,,,
177148,崔彥武,14691,河南府,1,,,
177148,崔彥武,14693,洛陽,1,,,
177148,崔彥武,15237,清河,1,,,
177148,崔彥武,15702,天長,1,,,
177149,崔正辨,14691,河南府,1,,,
177149,崔正辨,14693,洛陽,1,,,
177149,崔正辨,15237,清河,1,,,
177149,崔正辨,15702,天長,1,,,
177165,崔子侃,14693,洛陽,1,,,
177165,崔子侃,14764,寧陵,1,,,
177165,崔子侃,15003,河東,1,,,
177165,崔子侃,15237,清河,1,,,
177166,崔某,14693,洛陽,1,,,
177166,崔某,14764,寧陵,1,,,
177166,崔某,15003,河東,1,,,
177166,崔某,15237,清河,1,,,
177169,崔子聿,14693,洛陽,1,,,
177169,崔子聿,14764,寧陵,1,,,
177169,崔子聿,15003,河東,1,,,
177169,崔子聿,15237,清河,1,,,
177170,崔求言,14693,洛陽,1,,,
177170,崔求言,14764,寧陵,1,,,
177170,崔求言,15003,河東,1,,,
177170,崔求言,15237,清河,1,,,
177172,崔張蒼,14693,洛陽,1,,,
177172,崔張蒼,14764,寧陵,1,,,
177172,崔張蒼,15003,河東,1,,,
177172,崔張蒼,15237,清河,1,,,
177182,崔子令,15237,清河,1,,,
177183,崔世瑛,15237,清河,1,,,
177184,崔某,15237,清河,1,,,
177185,崔某,15237,清河,1,,,
177302,崔玄機,15237,清河,1,,,
177305,崔玄泰,15237,清河,1,,,
177343,崔脩之,14691,河南府,1,,,
177343,崔脩之,14999,河東道,1,,,
177344,崔元孫,14691,河南府,1,,,
177344,崔元孫,14999,河東道,1,,,
177345,崔亮,14691,河南府,1,,,
177345,崔亮,14999,河東道,1,,,
177346,崔士泰,14691,河南府,1,,,
177346,崔士泰,14999,河東道,1,,,
177347,崔肇師,14691,河南府,1,,,
177347,崔肇師,14999,河東道,1,,,
177348,崔某,14691,河南府,1,,,
177348,崔某,14999,河東道,1,,,
177349,崔道淹,14691,河南府,1,,,
177349,崔道淹,14999,河東道,1,,,
177354,崔敬默,14691,河南府,1,,,
177354,崔敬默,14999,河東道,1,,,
177355,崔思韶,14691,河南府,1,,,
177355,崔思韶,14999,河東道,1,,,
177356,崔某,14691,河南府,1,,,
177356,崔某,14999,河東道,1,,,
177357,崔子布,14691,河南府,1,,,
177357,崔子布,14999,河東道,1,,,
177358,崔某,14691,河南府,1,,,
177358,崔某,14999,河東道,1,,,
177363,崔子治,14691,河南府,1,,,
177363,崔子治,14999,河東道,1,,,
177364,崔弘道,14691,河南府,1,,,
177364,崔弘道,14999,河東道,1,,,
177365,崔子叶,14691,河南府,1,,,
177365,崔子叶,14999,河東道,1,,,
177366,崔某,14691,河南府,1,,,
177366,崔某,14999,河東道,1,,,
177375,崔幼孫,14691,河南府,1,,,
177375,崔幼孫,14999,河東道,1,,,
177376,崔光伯,14691,河南府,1,,,
177376,崔光伯,14999,河東道,1,,,
177377,崔淊,14691,河南府,1,,,
177377,崔淊,14999,河東道,1,,,
177378,崔某,14691,河南府,1,,,
177378,崔某,14999,河東道,1,,,
177379,崔信明,14691,河南府,1,,,
177379,崔信明,14999,河東道,1,,,
177380,崔冬日,14691,河南府,1,,,
177380,崔冬日,14999,河東道,1,,,
177381,崔目連,14739,汝州,1,,,
177381,崔目連,14907,益都,1,,,
177381,崔目連,15237,清河,1,,,
177381,崔目連,15758,吳縣,1,,,
177381,崔目連,400053,山陰,1,,,
177382,崔僧淵,14739,汝州,1,,,
177382,崔僧淵,14907,益都,1,,,
177382,崔僧淵,15237,清河,1,,,
177382,崔僧淵,15758,吳縣,1,,,
177382,崔僧淵,400053,山陰,1,,,
177383,崔某,14739,汝州,1,,,
177383,崔某,14907,益都,1,,,
177383,崔某,15237,清河,1,,,
177383,崔某,15758,吳縣,1,,,
177383,崔某,400053,山陰,1,,,
177424,崔仁術,15316,安喜,1,,,
177445,崔當,15285,安平,1,,,
177446,崔伯謙,15265,井陘,1,,,
177446,崔伯謙,15285,安平,1,,,
177447,崔淵,15265,井陘,1,,,
177447,崔淵,15285,安平,1,,,
177448,崔綜,15265,井陘,1,,,
177448,崔綜,15285,安平,1,,,
177491,崔行簡,15265,井陘,1,,,
177491,崔行簡,15285,安平,1,,,
177498,崔固儉,14785,靈昌,1,,,
177498,崔固儉,15322,博陵,1,,,
177520,崔琬,14693,洛陽,1,,,
177520,崔琬,14785,靈昌,1,,,
177520,崔琬,15285,安平,1,,,
177520,崔琬,15322,博陵,1,,,
177521,崔載,14693,洛陽,1,,,
177521,崔載,14785,靈昌,1,,,
177521,崔載,15285,安平,1,,,
177521,崔載,15322,博陵,1,,,
177522,崔某,14693,洛陽,1,,,
177522,崔某,14785,靈昌,1,,,
177522,崔某,15285,安平,1,,,
177522,崔某,15322,博陵,1,,,
177527,崔仁,14693,洛陽,1,,,
177527,崔仁,14785,靈昌,1,,,
177527,崔仁,15285,安平,1,,,
177527,崔仁,15322,博陵,1,,,
177528,崔某,14693,洛陽,1,,,
177528,崔某,14785,靈昌,1,,,
177528,崔某,15285,安平,1,,,
177528,崔某,15322,博陵,1,,,
177530,崔融,14691,河南府,1,,,
177530,崔融,14693,洛陽,1,,,
177530,崔融,14694,偃師,1,,,
177530,崔融,14785,靈昌,1,,,
177530,崔融,15285,安平,1,,,
177530,崔融,15322,博陵,1,,,
177531,崔鴻翻,14691,河南府,1,,,
177531,崔鴻翻,14694,偃師,1,,,
177532,崔祖仁,14691,河南府,1,,,
177532,崔祖仁,14694,偃師,1,,,
177536,崔祖俠,14691,河南府,1,,,
177536,崔祖俠,14694,偃師,1,,,
177549,崔鳳舉,14691,河南府,1,,,
177549,崔鳳舉,14693,洛陽,1,,,
177549,崔鳳舉,14694,偃師,1,,,
177549,崔鳳舉,14785,靈昌,1,,,
177549,崔鳳舉,15285,安平,1,,,
177549,崔鳳舉,15322,博陵,1,,,
177550,崔某,14691,河南府,1,,,
177550,崔某,14693,洛陽,1,,,
177550,崔某,14694,偃師,1,,,
177550,崔某,14785,靈昌,1,,,
177550,崔某,15285,安平,1,,,
177550,崔某,15322,博陵,1,,,
177551,崔某,14691,河南府,1,,,
177551,崔某,14693,洛陽,1,,,
177551,崔某,14694,偃師,1,,,
177551,崔某,14785,靈昌,1,,,
177551,崔某,15285,安平,1,,,
177551,崔某,15322,博陵,1,,,
177556,崔約,14693,洛陽,1,,,
177556,崔約,14785,靈昌,1,,,
177556,崔約,15285,安平,1,,,
177556,崔約,15322,博陵,1,,,
177557,崔某,14693,洛陽,1,,,
177557,崔某,14785,靈昌,1,,,
177557,崔某,15285,安平,1,,,
177557,崔某,15322,博陵,1,,,
177558,崔某,14693,洛陽,1,,,
177558,崔某,14785,靈昌,1,,,
177558,崔某,15285,安平,1,,,
177558,崔某,15322,博陵,1,,,
177559,崔智辨,14693,洛陽,1,,,
177559,崔智辨,14785,靈昌,1,,,
177559,崔智辨,15285,安平,1,,,
177559,崔智辨,15322,博陵,1,,,
177561,于顗,14508,高陵,1,,,
177571,于惲,14508,高陵,1,,,
177574,于象賢,14508,高陵,1,,,
177635,于翼,14493,長安,1,,,
177636,于璽,14493,長安,1,,,
177637,于志本,14493,長安,1,,,
177638,于某,14493,長安,1,,,
177640,于詮,14493,長安,1,,,
177640,于詮,14512,華原,1,,,
177640,于詮,15075,沁源,1,,,
177641,于某,14493,長安,1,,,
177641,于某,14512,華原,1,,,
177641,于某,15075,沁源,1,,,
177645,于某,14493,長安,1,,,
177664,于宣敏,14508,高陵,1,,,
177693,崔行真,15265,井陘,1,,,
177693,崔行真,15285,安平,1,,,
177696,崔仲讓,15285,安平,1,,,
177697,崔某,15285,安平,1,,,
177698,崔鳳林,15285,安平,1,,,
177699,崔從俗,15285,安平,1,,,
177706,崔從令,15285,安平,1,,,
177709,崔叔仁,15285,安平,1,,,
177710,崔某,15285,安平,1,,,
177711,崔元嗣,15285,安平,1,,,
177724,崔子信,15285,安平,1,,,
177724,崔子信,400539,芒山,1,,,
177725,崔某,15285,安平,1,,,
177725,崔某,400539,芒山,1,,,
177727,崔仲琰,15285,安平,1,,,
177785,崔楷,15207,相州,1,,,
177785,崔楷,15790,越州,1,,,
177786,崔士元,15207,相州,1,,,
177786,崔士元,15790,越州,1,,,
177787,崔育王,15207,相州,1,,,
177787,崔育王,15790,越州,1,,,
177788,崔蔚,15207,相州,1,,,
177788,崔蔚,15790,越州,1,,,
177789,崔勵德,15207,相州,1,,,
177789,崔勵德,15790,越州,1,,,
177790,崔某,15207,相州,1,,,
177790,崔某,15790,越州,1,,,
177800,崔士謙,15285,安平,1,,,
177802,崔丕,15285,安平,1,,,
177804,崔某,14693,洛陽,1,,,
177804,崔某,15285,安平,1,,,
177866,崔知機,15285,安平,1,,,
177868,崔曄,14691,河南府,1,,,
177868,崔曄,14694,偃師,1,,,
177869,崔某,14691,河南府,1,,,
177869,崔某,14694,偃師,1,,,
177875,崔說,15285,安平,1,,,
177877,崔奉賢,15285,安平,1,,,
177915,崔弘正,15285,安平,1,,,
177916,崔弘舟,15285,安平,1,,,
177917,崔璡,15285,安平,1,,,
177918,崔士順,15207,相州,1,,,
177918,崔士順,15790,越州,1,,,
177919,崔某,15207,相州,1,,,
177919,崔某,15790,越州,1,,,
177920,崔某,15207,相州,1,,,
177920,崔某,15790,越州,1,,,
177926,崔挺,15209,鄴縣,1,,,
177926,崔挺,15252,恆州,1,,,
177927,崔孝芬,14693,洛陽,1,,,
177927,崔孝芬,15257,靈壽,1,,,
177927,崔孝芬,15285,安平,1,,,
177928,崔勉,14693,洛陽,1,,,
177928,崔勉,15257,靈壽,1,,,
177928,崔勉,15285,安平,1,,,
177929,崔龍子,14693,洛陽,1,,,
177929,崔龍子,15257,靈壽,1,,,
177929,崔龍子,15285,安平,1,,,
177930,崔猷,14693,洛陽,1,,,
177930,崔猷,15257,靈壽,1,,,
177931,崔曉,14693,洛陽,1,,,
177931,崔曉,15257,靈壽,1,,,
177949,崔令,14693,洛陽,1,,,
177949,崔令,15257,靈壽,1,,,
177969,崔叔重,14492,萬年,1,,,
177970,崔某,14492,萬年,1,,,
177973,崔宣度,15285,安平,1,,,
177985,崔輪王,15285,安平,1,,,
177991,崔宣軌,14693,洛陽,1,,,
177991,崔宣軌,15257,靈壽,1,,,
177991,崔宣軌,15285,安平,1,,,
177992,崔宣質,14693,洛陽,1,,,
177992,崔宣質,15257,靈壽,1,,,
177992,崔宣質,15285,安平,1,,,
177993,崔宣靜,14693,洛陽,1,,,
177993,崔宣靜,15257,靈壽,1,,,
177993,崔宣靜,15285,安平,1,,,
177994,崔宣略,14693,洛陽,1,,,
177994,崔宣略,15257,靈壽,1,,,
177994,崔宣略,15285,安平,1,,,
177995,崔長昇,14693,洛陽,1,,,
177995,崔長昇,15257,靈壽,1,,,
177995,崔長昇,15285,安平,1,,,
177996,崔孝暐,15209,鄴縣,1,,,
177996,崔孝暐,15252,恆州,1,,,
177997,崔謀,15209,鄴縣,1,,,
177997,崔謀,15252,恆州,1,,,
178004,崔液,15209,鄴縣,1,,,
178004,崔液,15252,恆州,1,,,
178015,崔洽,15209,鄴縣,1,,,
178015,崔洽,15252,恆州,1,,,
178015,崔洽,15285,安平,1,,,
178016,崔治,15209,鄴縣,1,,,
178016,崔治,15252,恆州,1,,,
178016,崔治,15285,安平,1,,,
178022,崔天護,14693,洛陽,1,,,
178022,崔天護,14785,靈昌,1,,,
178022,崔天護,15285,安平,1,,,
178022,崔天護,15322,博陵,1,,,
178023,崔穆,14693,洛陽,1,,,
178023,崔穆,14785,靈昌,1,,,
178023,崔穆,15285,安平,1,,,
178023,崔穆,15322,博陵,1,,,
178024,崔謀開,14693,洛陽,1,,,
178024,崔謀開,14785,靈昌,1,,,
178024,崔謀開,15285,安平,1,,,
178024,崔謀開,15322,博陵,1,,,
178025,崔暹,14693,洛陽,1,,,
178025,崔暹,14785,靈昌,1,,,
178025,崔暹,15285,安平,1,,,
178025,崔暹,15322,博陵,1,,,
178026,崔達挐,14693,洛陽,1,,,
178026,崔達挐,14785,靈昌,1,,,
178026,崔達挐,15285,安平,1,,,
178026,崔達挐,15322,博陵,1,,,
178027,崔纂,14693,洛陽,1,,,
178027,崔纂,14785,靈昌,1,,,
178027,崔纂,15285,安平,1,,,
178027,崔纂,15322,博陵,1,,,
178029,崔誠,14693,洛陽,1,,,
178029,崔誠,15285,安平,1,,,
178052,崔行表,14693,洛陽,1,,,
178052,崔行表,15285,安平,1,,,
178079,柳鷟,15009,解縣,1,,,
178101,柳續,15009,解縣,1,,,
178104,柳述,15003,河東,1,,,
178104,柳述,15009,解縣,1,,,
178104,柳述,15512,穰縣,1,,,
178104,柳述,400537,北市,1,,,
178114,柳逵,15003,河東,1,,,
178114,柳逵,15009,解縣,1,,,
178114,柳逵,15512,穰縣,1,,,
178114,柳逵,400537,北市,1,,,
178115,柳逞,15003,河東,1,,,
178115,柳逞,15009,解縣,1,,,
178115,柳逞,15512,穰縣,1,,,
178115,柳逞,400537,北市,1,,,
178135,柳子敬,15009,解縣,1,,,
178155,柳亨,15009,解縣,1,,,
178163,柳肅,15009,解縣,1,,,
178164,柳大隱,15009,解縣,1,,,
178165,柳虬,15009,解縣,1,,,
178166,柳鴻漸,15009,解縣,1,,,
178167,柳某,15009,解縣,1,,,
178171,柳蔡年,15009,解縣,1,,,
178172,柳謇之,15009,解縣,1,,,
178182,柳諤之,15009,解縣,1,,,
178184,柳潁之,15009,解縣,1,,,
178188,柳挺之,15009,解縣,1,,,
178189,柳止戈,14490,京兆府,1,,,
178189,柳止戈,14691,河南府,1,,,
178190,柳艮,14490,京兆府,1,,,
178190,柳艮,14691,河南府,1,,,
178200,柳待价,15009,解縣,1,0,0,0
178211,柳檜,15009,解縣,1,,,
178212,柳雄亮,15009,解縣,1,,,
178213,柳贊,15009,解縣,1,,,
178259,柳輔,15007,虞鄉,1,,,
178259,柳輔,15501,襄陽,1,,,
178260,柳平,15007,虞鄉,1,,,
178260,柳平,15501,襄陽,1,,,
178261,柳某,15007,虞鄉,1,,,
178261,柳某,15501,襄陽,1,,,
178262,柳敬起,15007,虞鄉,1,,,
178262,柳敬起,15501,襄陽,1,,,
178263,柳昶,15007,虞鄉,1,,,
178263,柳昶,15501,襄陽,1,,,
178264,柳某,15007,虞鄉,1,,,
178264,柳某,15501,襄陽,1,,,
178270,柳粹,15007,虞鄉,1,,,
178270,柳粹,15501,襄陽,1,,,
178271,柳某,15007,虞鄉,1,,,
178271,柳某,15501,襄陽,1,,,
178277,柳恬,15007,虞鄉,1,,,
178277,柳恬,15501,襄陽,1,,,
178278,柳憑,15007,虞鄉,1,,,
178278,柳憑,15501,襄陽,1,,,
178279,柳叔宗,15501,襄陽,1,,,
178280,柳世隆,15501,襄陽,1,,,
178282,柳昞,15501,襄陽,1,,,
178283,柳裘,15501,襄陽,1,,,
178300,柳叔珍,15007,虞鄉,1,,,
178301,柳慶遠,14871,定城,1,,,
178301,柳慶遠,15007,虞鄉,1,,,
178313,柳季遠,15007,虞鄉,1,,,
178314,柳遐,15007,虞鄉,1,,,
178326,柳傑,15007,虞鄉,1,0,0,0
178326,柳傑,15501,襄陽,1,0,0,0
178327,柳某,15007,虞鄉,1,,,
178327,柳某,15501,襄陽,1,,,
178328,柳雙虬,15007,虞鄉,1,,,
178328,柳雙虬,15501,襄陽,1,,,
178329,柳元章,15007,虞鄉,1,,,
178329,柳元章,15501,襄陽,1,,,
178330,柳景賓,15007,虞鄉,1,,,
178330,柳景賓,15501,襄陽,1,,,
178331,柳某,15007,虞鄉,1,,,
178331,柳某,15501,襄陽,1,,,
178335,柳景鴻,15007,虞鄉,1,,,
178335,柳景鴻,15501,襄陽,1,,,
178336,柳儉,15007,虞鄉,1,,,
178336,柳儉,15501,襄陽,1,,,
178337,柳仲仁,15007,虞鄉,1,,,
178337,柳仲仁,15501,襄陽,1,,,
178338,柳某,15007,虞鄉,1,,,
178338,柳某,15501,襄陽,1,,,
178339,柳某,15007,虞鄉,1,,,
178339,柳某,15501,襄陽,1,,,
178344,柳季和,15007,虞鄉,1,,,
178344,柳季和,15501,襄陽,1,,,
178345,柳贊,15007,虞鄉,1,,,
178345,柳贊,15501,襄陽,1,,,
178346,柳奮,15007,虞鄉,1,,,
178346,柳奮,15501,襄陽,1,,,
178347,柳某,15007,虞鄉,1,,,
178347,柳某,15501,襄陽,1,,,
178348,柳某,15007,虞鄉,1,,,
178348,柳某,15501,襄陽,1,,,
178349,柳某,15007,虞鄉,1,,,
178349,柳某,15501,襄陽,1,,,
178350,柳某,15007,虞鄉,1,,,
178350,柳某,15501,襄陽,1,,,
178351,柳某,15007,虞鄉,1,,,
178351,柳某,15501,襄陽,1,,,
178353,韓褒,14492,萬年,1,,,
178353,韓褒,14504,咸陽,1,,,
178353,韓褒,15128,鄉縣,1,,,
178354,韓紹,14492,萬年,1,,,
178354,韓紹,14504,咸陽,1,,,
178354,韓紹,15128,鄉縣,1,,,
178355,韓仲良,14492,萬年,1,,,
178355,韓仲良,14504,咸陽,1,,,
178355,韓仲良,15128,鄉縣,1,,,
178356,韓某,14492,萬年,1,,,
178356,韓某,14504,咸陽,1,,,
178376,韓遜,14492,萬年,1,,,
178376,韓遜,14504,咸陽,1,,,
178376,韓遜,15128,鄉縣,1,,,
178377,韓滂,14492,萬年,1,,,
178377,韓滂,14504,咸陽,1,,,
178377,韓滂,15128,鄉縣,1,,,
178400,韓胄,14798,長葛,1,,,
178401,韓護,14798,長葛,1,,,
178572,來崱,15692,江都,1,,,
178573,來繪,15692,江都,1,,,
178580,許亨,15773,新城,1,,,
178593,許弘周,14693,洛陽,1,,,
178593,許弘周,14697,伊闕,1,,,
178594,許法光,14693,洛陽,1,,,
178594,許法光,14697,伊闕,1,,,
178595,許紹,14693,洛陽,1,,,
178595,許紹,14697,伊闕,1,,,
178652,辛裕,14691,河南府,1,,,
178652,辛裕,16737,狄道,1,,,
178652,辛裕,400539,芒山,1,,,
178653,辛某,14691,河南府,1,,,
178653,辛某,16737,狄道,1,,,
178653,辛某,400539,芒山,1,,,
178654,辛某,14691,河南府,1,,,
178654,辛某,16737,狄道,1,,,
178654,辛某,400539,芒山,1,,,
178655,辛某,14691,河南府,1,,,
178655,辛某,16737,狄道,1,,,
178655,辛某,400539,芒山,1,,,
178656,辛某,14691,河南府,1,,,
178656,辛某,16737,狄道,1,,,
178656,辛某,400539,芒山,1,,,
178657,辛晁,14691,河南府,1,,,
178657,辛晁,16737,狄道,1,,,
178657,辛晁,400539,芒山,1,,,
178658,辛敬宗,14691,河南府,1,,,
178658,辛敬宗,16737,狄道,1,,,
178658,辛敬宗,400539,芒山,1,,,
178659,辛樹寶,14691,河南府,1,,,
178659,辛樹寶,16737,狄道,1,,,
178659,辛樹寶,400539,芒山,1,,,
178664,辛靈寶,14691,河南府,1,,,
178664,辛靈寶,16737,狄道,1,,,
178664,辛靈寶,400539,芒山,1,,,
178665,辛徽,14691,河南府,1,,,
178665,辛徽,16737,狄道,1,,,
178665,辛徽,400539,芒山,1,,,
178669,辛闡,14691,河南府,1,,,
178669,辛闡,16737,狄道,1,,,
178669,辛闡,400539,芒山,1,,,
178670,辛某,14691,河南府,1,,,
178670,辛某,16737,狄道,1,,,
178670,辛某,400539,芒山,1,,,
178671,辛某,14691,河南府,1,,,
178671,辛某,16737,狄道,1,,,
178671,辛某,400539,芒山,1,,,
178696,盧道將,15381,范陽,1,,,
178697,盧懷祖,15381,范陽,1,,,
178698,盧莊,15381,范陽,1,,,
178701,盧懷仁,14691,河南府,1,,,
178701,盧懷仁,15381,范陽,1,,,
178702,盧彥卿,14691,河南府,1,,,
178754,盧彥章,15381,范陽,1,,,
178780,盧彥高,15460,澧州,1,,,
178780,盧彥高,15744,丹陽,1,,,
178835,盧思演,15381,范陽,1,,,
178836,盧某,15381,范陽,1,,,
178981,盧道舒,15381,范陽,1,,,
178982,盧熙裕,15381,范陽,1,,,
178983,盧士綸,15381,范陽,1,,,
178984,盧某,15381,范陽,1,,,
179009,盧士綽,15381,范陽,1,,,
179010,盧士緝,15381,范陽,1,,,
179011,盧士繹,15381,范陽,1,,,
179032,盧義僖,14692,河南,1,,,
179032,盧義僖,14697,伊闕,1,,,
179032,盧義僖,15381,范陽,1,,,
179033,盧愻之,14691,河南府,1,,,
179033,盧愻之,14692,河南,1,,,
179033,盧愻之,14697,伊闕,1,,,
179033,盧愻之,14712,新安,1,,,
179033,盧愻之,15381,范陽,1,,,
179034,盧文構,15381,范陽,1,,,
179035,盧君肅,15381,范陽,1,,,
179098,盧君亮,15381,范陽,1,,,
179099,盧文壽,14691,河南府,1,,,
179099,盧文壽,14692,河南,1,,,
179099,盧文壽,14697,伊闕,1,,,
179099,盧文壽,14712,新安,1,,,
179099,盧文壽,15381,范陽,1,,,
179100,盧某,14691,河南府,1,,,
179100,盧某,14692,河南,1,,,
179100,盧某,14697,伊闕,1,,,
179100,盧某,14712,新安,1,,,
179100,盧某,15381,范陽,1,,,
179104,盧文挹,14691,河南府,1,,,
179104,盧文挹,14712,新安,1,,,
179105,盧君胄,14691,河南府,1,,,
179105,盧君胄,14712,新安,1,,,
179115,盧憼之,14692,河南,1,,,
179115,盧憼之,14697,伊闕,1,,,
179116,盧彪,14692,河南,1,,,
179116,盧彪,14697,伊闕,1,,,
179117,盧慈龍,14692,河南,1,,,
179117,盧慈龍,14697,伊闕,1,,,
179135,盧德衡,14692,河南,1,,,
179135,盧德衡,14697,伊闕,1,,,
179136,盧息之,14692,河南,1,,,
179136,盧息之,14697,伊闕,1,,,
179136,盧息之,15381,范陽,1,,,
179137,盧彥博,14692,河南,1,,,
179137,盧彥博,14697,伊闕,1,,,
179137,盧彥博,15381,范陽,1,,,
179138,盧義惇,15381,范陽,1,,,
179139,盧景開,14693,洛陽,1,,,
179139,盧景開,15232,衛縣,1,,,
179139,盧景開,15381,范陽,1,,,
179140,盧仲俊,14693,洛陽,1,,,
179140,盧仲俊,15232,衛縣,1,,,
179152,盧叔粲,14693,洛陽,1,,,
179152,盧叔粲,15232,衛縣,1,,,
179152,盧叔粲,15381,范陽,1,,,
179153,盧景柔,15381,范陽,1,,,
179163,盧海相,15381,范陽,1,,,
179186,盧楚玉,15381,范陽,1,,,
179193,盧義安,15381,范陽,1,,,
179194,盧某,15381,范陽,1,,,
179195,盧某,15381,范陽,1,,,
179199,盧昶,15381,范陽,1,,,
179200,盧元隆,14785,靈昌,1,,,
179201,盧士熙,14785,靈昌,1,,,
179202,盧子令,14785,靈昌,1,,,
179204,盧園公,14785,靈昌,1,,,
179222,盧子哲,14785,靈昌,1,,,
179241,盧元德,15381,范陽,1,,,
179242,盧士澈,15381,范陽,1,,,
179243,盧勝,15381,范陽,1,,,
179268,盧世矩,15381,范陽,1,,,
179278,盧正師,15381,范陽,1,,,
179279,盧習信,15381,范陽,1,,,
179293,盧懿卿,15381,范陽,1,,,
179296,盧師智,15381,范陽,1,,,
179297,盧大辯,15381,范陽,1,,,
179298,盧尚之,14698,密縣,1,,,
179298,盧尚之,15381,范陽,1,,,
179298,盧尚之,400539,芒山,1,,,
179299,盧文甫,14698,密縣,1,,,
179299,盧文甫,15381,范陽,1,,,
179299,盧文甫,400539,芒山,1,,,
179300,盧敬通,14492,萬年,1,,,
179300,盧敬通,14698,密縣,1,,,
179300,盧敬通,15381,范陽,1,,,
179300,盧敬通,15691,揚州,1,,,
179300,盧敬通,400539,芒山,1,,,
179301,盧正觀,14492,萬年,1,,,
179301,盧正觀,15385,范陽,1,,,
179301,盧正觀,15691,揚州,1,,,
179302,盧壽童,15385,范陽,1,,,
179302,盧壽童,15691,揚州,1,,,
179308,盧仙童,14492,萬年,1,,,
179308,盧仙童,15385,范陽,1,,,
179308,盧仙童,15691,揚州,1,,,
179310,盧羽客,14492,萬年,1,,,
179334,盧正倫,14492,萬年,1,,,
179334,盧正倫,14698,密縣,1,,,
179334,盧正倫,15381,范陽,1,,,
179334,盧正倫,15691,揚州,1,,,
179334,盧正倫,400539,芒山,1,,,
179335,盧正命,14492,萬年,1,,,
179335,盧正命,14698,密縣,1,,,
179335,盧正命,15381,范陽,1,,,
179335,盧正命,15691,揚州,1,,,
179335,盧正命,400539,芒山,1,,,
179336,盧孝道,14492,萬年,1,,,
179336,盧孝道,14698,密縣,1,,,
179336,盧孝道,15381,范陽,1,,,
179336,盧孝道,15691,揚州,1,,,
179336,盧孝道,400539,芒山,1,,,
179337,盧文翼,14698,密縣,1,,,
179337,盧文翼,15381,范陽,1,,,
179337,盧文翼,400539,芒山,1,,,
179338,盧士偉,14698,密縣,1,,,
179338,盧士偉,15381,范陽,1,,,
179338,盧士偉,400539,芒山,1,,,
179339,盧德基,14698,密縣,1,,,
179339,盧德基,15381,范陽,1,,,
179339,盧德基,400539,芒山,1,,,
179340,盧萬金,14698,密縣,1,,,
179340,盧萬金,15381,范陽,1,,,
179340,盧萬金,400539,芒山,1,,,
179341,盧萬石,14698,密縣,1,,,
179341,盧萬石,15381,范陽,1,,,
179341,盧萬石,400539,芒山,1,,,
179351,盧真惠,14698,密縣,1,,,
179351,盧真惠,15381,范陽,1,,,
179351,盧真惠,400539,芒山,1,,,
179357,盧真相,14698,密縣,1,,,
179357,盧真相,15381,范陽,1,,,
179357,盧真相,400539,芒山,1,,,
179362,盧真行,14698,密縣,1,,,
179362,盧真行,15381,范陽,1,,,
179362,盧真行,400539,芒山,1,,,
179377,盧士朗,14691,河南府,1,,,
179377,盧士朗,14698,密縣,1,,,
179377,盧士朗,15381,范陽,1,,,
179377,盧士朗,400539,芒山,1,,,
179396,盧釋壽,14691,河南府,1,,,
179397,盧買臣,14691,河南府,1,,,
179398,盧輔臣,14691,河南府,1,,,
179399,盧士嬰,14692,河南,1,,,
179399,盧士嬰,14789,管城,1,,,
179400,盧璹,14692,河南,1,,,
179400,盧璹,14789,管城,1,,,
179401,盧法德,14695,緱氏,1,,,
179416,盧珣,14692,河南,1,,,
179416,盧珣,14789,管城,1,,,
179417,盧虔壽,14692,河南,1,,,
179417,盧虔壽,14789,管城,1,,,
179422,盧孝德,14692,河南,1,,,
179422,盧孝德,14789,管城,1,,,
179429,盧瑱,14692,河南,1,,,
179429,盧瑱,14789,管城,1,,,
179430,盧文符,14698,密縣,1,,,
179430,盧文符,15381,范陽,1,,,
179430,盧文符,400539,芒山,1,,,
179431,盧士邃,14698,密縣,1,,,
179431,盧士邃,15381,范陽,1,,,
179431,盧士邃,400539,芒山,1,,,
179432,盧正力,14698,密縣,1,,,
179432,盧正力,15381,范陽,1,,,
179432,盧正力,400539,芒山,1,,,
179437,上官回,14720,陜縣,1,,,
179438,上官某,14720,陜縣,1,,,
179459,孫伯禮,15275,武邑,1,,,
179460,孫元琥,15275,武邑,1,,,
179461,孫靈暉,15275,武邑,1,,,
179576,陸瑾,15758,吳縣,1,,,
179577,陸逖之,15758,吳縣,1,,,
179578,陸令公,15758,吳縣,1,,,
179579,陸珣,15758,吳縣,1,,,
179580,陸某,15758,吳縣,1,,,
179588,陸雲公,15758,吳縣,1,,,
179589,陸瓊,15758,吳縣,1,,,
179610,趙瑤,14695,緱氏,1,,,
179611,趙某,14695,緱氏,1,,,
179612,趙某,14695,緱氏,1,,,
179613,趙乾贊,14695,緱氏,1,,,
179614,趙玄極,14695,緱氏,1,,,
179722,孫廣烈,15275,武邑,1,,,
179723,孫嘉猷,15275,武邑,1,,,
179724,孫希業,15275,武邑,1,,,
179761,陸鎮之,15758,吳縣,1,,,
179762,陸瑨,15758,吳縣,1,,,
179763,陸雍,15758,吳縣,1,,,
179785,陸完,15758,吳縣,1,,,
179786,陸丘公,15758,吳縣,1,,,
179787,陸琛,15758,吳縣,1,,,
179806,趙子遷,15118,潞州,1,,,
179806,趙子遷,15119,上黨,1,,,
179831,韋範,14493,長安,1,,,
179832,韋法儁,14493,長安,1,,,
179833,韋子粲,14493,長安,1,,,
179834,韋孝謇,14493,長安,1,,,
179835,韋榮亮,14490,京兆府,1,,,
179835,韋榮亮,14492,萬年,1,,,
179835,韋榮亮,14494,長安,1,,,
179835,韋榮亮,15694,江陽,1,,,
179836,韋綱,14490,京兆府,1,,,
179836,韋綱,14492,萬年,1,,,
179836,韋綱,14494,長安,1,,,
179836,韋綱,15694,江陽,1,,,
179866,韋顥,14493,長安,1,,,
179867,韋某,14493,長安,1,,,
179868,韋暮,14493,長安,1,,,
179870,韋祖歡,14493,長安,1,,,
179871,韋某,14493,長安,1,,,
179872,韋某,14493,長安,1,,,
179881,韋鴻胄,14493,長安,1,,,
180076,薛安都,15024,夏縣,1,,,
180077,薛真龍,15024,夏縣,1,,,
180078,薛顯,15024,夏縣,1,,,
180079,薛世斌,15024,夏縣,1,,,
180080,薛伯琳,15024,夏縣,1,,,
180081,薛師,15024,夏縣,1,,,
180082,薛操,15024,夏縣,1,,,
180086,薛世璡,15024,夏縣,1,,,
180087,薛敏濟,15024,夏縣,1,,,
180088,薛道龍,15024,夏縣,1,,,
180089,薛榮,15024,夏縣,1,,,
180090,薛仲孫,15024,夏縣,1,,,
180091,薛衍,15024,夏縣,1,,,
180092,薛軌,15024,夏縣,1,,,
180182,薛洪隆,15008,寶鼎,1,,,
180183,薛驎,14490,京兆府,1,,,
180183,薛驎,14691,河南府,1,,,
180183,薛驎,14693,洛陽,1,,,
180183,薛驎,15008,寶鼎,1,,,
180183,薛驎,16332,瀘州,1,,,
180184,薛慶集,14490,京兆府,1,,,
180184,薛慶集,14691,河南府,1,,,
180184,薛慶集,14693,洛陽,1,,,
180184,薛慶集,15008,寶鼎,1,,,
180184,薛慶集,16332,瀘州,1,,,
180185,薛綱,14490,京兆府,1,,,
180185,薛綱,14691,河南府,1,,,
180185,薛綱,14693,洛陽,1,,,
180185,薛綱,15008,寶鼎,1,,,
180185,薛綱,16332,瀘州,1,,,
180186,薛勤嘉,14490,京兆府,1,,,
180186,薛勤嘉,14691,河南府,1,,,
180186,薛勤嘉,14693,洛陽,1,,,
180186,薛勤嘉,15008,寶鼎,1,,,
180186,薛勤嘉,16332,瀘州,1,,,
180189,薛英集,14490,京兆府,1,,,
180189,薛英集,14691,河南府,1,,,
180189,薛英集,14693,洛陽,1,,,
180189,薛英集,16332,瀘州,1,,,
180190,薛端,14490,京兆府,1,,,
180190,薛端,16332,瀘州,1,,,
180209,薛彌敏,14691,河南府,1,,,
180209,薛彌敏,14693,洛陽,1,,,
180210,薛述,14691,河南府,1,,,
180210,薛述,14693,洛陽,1,,,
180212,薛驥,15008,寶鼎,1,,,
180213,薛亮,15008,寶鼎,1,,,
180214,薛琰,15008,寶鼎,1,,,
180215,薛濬,14692,河南,1,,,
180215,薛濬,14697,伊闕,1,,,
180215,薛濬,15008,寶鼎,1,,,
180216,薛玄祚,14692,河南,1,,,
180216,薛玄祚,14697,伊闕,1,,,
180216,薛玄祚,15008,寶鼎,1,,,
180237,薛瑚,15008,寶鼎,1,,,
180240,薛溫周,15008,寶鼎,1,,,
180241,薛邁,15008,寶鼎,1,,,
180248,薛迪,15008,寶鼎,1,,,
180439,薛彧,15008,寶鼎,1,,,
180440,薛長瑜,15008,寶鼎,1,,,
180441,薛稜伽,14692,河南,1,,,
180441,薛稜伽,15445,江陵府,1,,,
180442,薛德義,14692,河南,1,,,
180442,薛德義,15445,江陵府,1,,,
180458,薛和,15008,寶鼎,1,,,
180459,薛善周,15008,寶鼎,1,,,
180460,薛粹,15008,寶鼎,1,,,
180461,薛大鼎,15008,寶鼎,1,,,
180462,薛克構,15008,寶鼎,1,,,
180463,薛微元,15008,寶鼎,1,,,
180464,薛克勤,15008,寶鼎,1,,,
180465,薛袤,15008,寶鼎,1,,,
180466,薛臻德,15008,寶鼎,1,,,
180467,薛善音,15008,寶鼎,1,,,
180469,薛敬仁,15008,寶鼎,1,,,
180479,薛敬倫,15008,寶鼎,1,,,
180481,薛淹,15008,寶鼎,1,,,
180482,薛廉,15008,寶鼎,1,,,
180483,薛慎,15008,寶鼎,1,,,
180484,薛某,15008,寶鼎,1,,,
180485,薛道旻,15008,寶鼎,1,,,
180486,薛濟,15008,寶鼎,1,,,
180487,薛文度,15008,寶鼎,1,,,
180488,薛某,15008,寶鼎,1,,,
180490,薛逸,15008,寶鼎,1,,,
180491,薛昶,15008,寶鼎,1,,,
180492,薛綱,15008,寶鼎,1,,,
180493,薛昭,15008,寶鼎,1,,,
180507,薛芳,15008,寶鼎,1,,,
180508,薛膺,15008,寶鼎,1,,,
180509,薛處靜,15008,寶鼎,1,,,
180510,薛某,15008,寶鼎,1,,,
180517,薛蕃,14494,長安,1,,,
180517,薛蕃,15008,寶鼎,1,,,
180517,薛蕃,15016,萬泉,1,,,
180518,薛處道,14494,長安,1,,,
180518,薛處道,15016,萬泉,1,,,
180519,薛德祖,14494,長安,1,,,
180519,薛德祖,15016,萬泉,1,,,
180521,薛德元,14494,長安,1,,,
180521,薛德元,15016,萬泉,1,,,
180545,薛德備,14494,長安,1,,,
180545,薛德備,15016,萬泉,1,,,
180587,薛昂,15008,寶鼎,1,,,
180588,薛欽,15008,寶鼎,1,,,
180589,薛馥,15008,寶鼎,1,,,
180590,薛道實,15008,寶鼎,1,,,
180719,韋貞,14493,長安,1,,,
180777,韋奄,14493,長安,1,,,
180830,韋福獎,14492,萬年,1,,,
180830,韋福獎,14493,長安,1,,,
180830,韋福獎,14684,永豐,1,,,
180842,韋洸,14493,長安,1,,,
180843,韋恊,14493,長安,1,,,
180856,韋頤,14493,長安,1,0,0,0
180857,韋某,14493,長安,1,,,
180859,韋仁基,14492,萬年,1,,,
180859,韋仁基,15751,常州,1,,,
180878,韋藝,14493,長安,1,,,
180879,韋彤,14493,長安,1,,,
180896,韋彧,14490,京兆府,1,,,
180896,韋彧,14493,長安,1,,,
180896,韋彧,15883,岳州,1,,,
180912,韋宣敏,14493,長安,1,,,
180951,韋德運,14493,長安,1,,,
180953,韋約,14493,長安,1,,,
180954,韋克已,14493,長安,1,,,
180956,韋後已,14493,長安,1,,,
180973,韋柱成,14493,長安,1,,,
180984,韋圓照,14493,長安,1,,,
181003,韋壽,14493,長安,1,,,
181004,韋保巒,14493,長安,1,,,
181007,韋義節,14490,京兆府,1,,,
181007,韋義節,14494,長安,1,,,
181161,韋璋,14493,長安,1,,,
181162,韋某,14493,長安,1,,,
181172,韋福,14493,長安,1,,,
181173,韋某,14493,長安,1,,,
181175,韋議,14493,長安,1,,,
181280,郭育,14703,陽翟,1,,,
181292,郭福善,15054,太原,1,,,
181293,郭弘道,15054,太原,1,,,
181294,郭敬君,15054,太原,1,,,
181296,郭廣敬,15054,太原,1,,,
181297,郭進,14525,華陰,1,,,
181298,郭某,14525,華陰,1,,,
181299,郭履球,14525,華陰,1,,,
181499,武士彠,15060,文水,1,,,
181538,蘇振,15288,趙州,1,,,
181539,蘇世長,15288,趙州,1,,,
181690,歐陽亮,15976,長沙,1,,,
181691,歐陽德,15976,長沙,1,,,
181692,歐陽器,15976,長沙,1,,,
181693,歐陽約,15976,長沙,1,,,
181694,歐陽胤,15976,長沙,1,,,
181720,袁令喜,14692,河南,1,,,
181720,袁令喜,15119,上黨,1,,,
181799,姚最,14492,萬年,1,,,
181799,姚最,15779,武康,1,,,
181800,姚思聰,14492,萬年,1,,,
181800,姚思聰,15779,武康,1,,,
181801,姚慎盈,14492,萬年,1,,,
181801,姚慎盈,15779,武康,1,,,
181802,姚某,14492,萬年,1,,,
181802,姚某,15779,武康,1,,,
181822,唐瑾,14964,膠水,1,,,
181823,唐詮,14964,膠水,1,,,
181824,唐大智,14964,膠水,1,,,
181828,唐諒,14964,膠水,1,,,
181829,唐則,14964,膠水,1,,,
181830,唐推賢,14964,膠水,1,,,
181831,唐讓德,14964,膠水,1,,,
181835,唐歆,14964,膠水,1,,,
181836,唐寶藏,14964,膠水,1,,,
181837,唐感行,14964,膠水,1,,,
181839,唐簡,14964,膠水,1,,,
181845,唐炎,14964,膠水,1,,,
181868,唐嚴,14964,膠水,1,,,
181880,唐亨,14964,膠水,1,,,
181881,唐濬,14964,膠水,1,,,
181882,唐雕題,14964,膠水,1,,,
181883,唐季友,14964,膠水,1,,,
181884,唐季札,14964,膠水,1,,,
181885,唐長仁,14964,膠水,1,,,
181886,唐叔慈,14964,膠水,1,,,
181887,唐義謙,14964,膠水,1,,,
181889,唐義友,14964,膠水,1,,,
181908,敬歸,15003,河東,1,,,
181909,敬某,15003,河東,1,,,
181910,敬頻,15003,河東,1,,,
181911,敬某,15003,河東,1,,,
181912,敬某,15003,河東,1,,,
181913,敬顯儁,15003,河東,1,,,
181916,敬法延,15003,河東,1,,,
181917,敬某,15003,河東,1,,,
181931,敬法朗,15003,河東,1,,,
181932,姚某,14492,萬年,1,,,
181932,姚某,15779,武康,1,,,
181933,姚某,14492,萬年,1,,,
181933,姚某,15779,武康,1,,,
182001,豆盧醜,14693,洛陽,1,,,
182002,豆盧某,14693,洛陽,1,,,
182003,豆盧萇,14693,洛陽,1,,,
182004,豆盧永恩,14693,洛陽,1,,,
182028,豆盧方則,14693,洛陽,1,,,
182056,周靈超,14852,汝南,1,,,
182056,周靈超,14977,河陽,1,,,
182056,周靈超,16129,成都府,1,,,
182057,周法僧,14852,汝南,1,,,
182057,周法僧,14977,河陽,1,,,
182057,周法僧,16129,成都府,1,,,
182058,周孝節,14852,汝南,1,,,
182058,周孝節,14977,河陽,1,,,
182058,周孝節,16129,成都府,1,,,
182071,周法尚,14852,汝南,1,,,
182071,周法尚,14977,河陽,1,,,
182071,周法尚,16129,成都府,1,,,
182072,周紹嗣,14852,汝南,1,,,
182072,周紹嗣,14977,河陽,1,,,
182072,周紹嗣,16129,成都府,1,,,
182073,周紹範,14852,汝南,1,,,
182073,周紹範,14977,河陽,1,,,
182073,周紹範,16129,成都府,1,,,
182081,周炅,14852,汝南,1,,,
182081,周炅,14977,河陽,1,,,
182081,周炅,16129,成都府,1,,,
182350,唐瑤,14964,膠水,1,,,
182351,唐契,14964,膠水,1,,,
182352,唐褒,14964,膠水,1,,,
182353,唐茂,14964,膠水,1,,,
182354,唐文祖,14964,膠水,1,,,
182355,唐廣貴,14964,膠水,1,,,
182356,唐懷義,14964,膠水,1,,,
182357,唐孝舉,14964,膠水,1,,,
182358,唐翼,14964,膠水,1,,,
182359,唐毅,14964,膠水,1,,,
182360,唐世達,14964,膠水,1,,,
182361,唐秀實,14964,膠水,1,,,
182373,唐文安,14964,膠水,1,,,
182374,唐文舉,14964,膠水,1,,,
182377,唐文豪,14964,膠水,1,,,
182378,唐文度,14964,膠水,1,,,
182381,唐文壽,14964,膠水,1,,,
182387,唐文表,14964,膠水,1,,,
182388,唐文邃,14964,膠水,1,,,
182389,唐文寂,14964,膠水,1,,,
182390,唐文感,14964,膠水,1,,,
182395,唐濟,14964,膠水,1,,,
182396,唐玄成,14964,膠水,1,,,
182397,唐玄德,14964,膠水,1,,,
182399,唐玄都,14964,膠水,1,,,
182400,唐玄通,14964,膠水,1,,,
182402,唐世徹,14964,膠水,1,,,
182403,唐朝政,14964,膠水,1,,,
182405,唐禮政,14964,膠水,1,,,
182406,唐修政,14964,膠水,1,,,
182407,唐弘政,14964,膠水,1,,,
182408,唐世榮,14964,膠水,1,,,
182409,唐文哲,14964,膠水,1,,,
182411,唐文律,14964,膠水,1,,,
182412,唐文廓,14964,膠水,1,,,
182413,唐文儼,14964,膠水,1,,,
182414,唐文毓,14964,膠水,1,,,
182415,唐世寵,14964,膠水,1,,,
182416,唐世雅,14964,膠水,1,,,
182417,唐文協,14964,膠水,1,,,
182418,唐文琮,14964,膠水,1,,,
182419,唐文會,14964,膠水,1,,,
182424,唐世恭,14964,膠水,1,,,
182425,唐文獎,14964,膠水,1,,,
182429,唐世慎,14964,膠水,1,,,
182430,唐乾蓋,14964,膠水,1,,,
182432,唐乾肅,14964,膠水,1,,,
182433,唐世昊,14964,膠水,1,,,
182434,唐文褒,14964,膠水,1,,,
182437,唐文襲,14964,膠水,1,,,
182438,唐詮,14964,膠水,1,,,
182439,唐仕遵,14964,膠水,1,,,
182440,唐文才,14964,膠水,1,,,
182441,唐文軌,14964,膠水,1,,,
182442,唐文實,14964,膠水,1,,,
182443,唐文智,14964,膠水,1,,,
182444,唐延澄,14964,膠水,1,,,
182445,唐雄,14964,膠水,1,,,
182446,唐紹伯,14964,膠水,1,,,
182447,唐楷,14964,膠水,1,,,
182448,唐萬壽,14964,膠水,1,,,
182449,唐白澤,14964,膠水,1,,,
182450,唐師,14964,膠水,1,,,
182451,唐太素,14964,膠水,1,,,
182452,唐太力,14964,膠水,1,,,
182453,唐具貴,14964,膠水,1,,,
182454,唐世儁,14964,膠水,1,,,
182455,唐世珍,14964,膠水,1,,,
182456,唐旭,14964,膠水,1,,,
182457,唐仲璨,14964,膠水,1,,,
182458,唐遐顯,14964,膠水,1,,,
182459,唐禕,14964,膠水,1,,,
182460,唐奉義,14964,膠水,1,,,
182461,唐惲,14964,膠水,1,,,
182462,唐仕超,14964,膠水,1,,,
182463,唐修文,14964,膠水,1,,,
182464,唐奉禮,14964,膠水,1,,,
182465,唐崇德,14964,膠水,1,,,
182466,唐行實,14964,膠水,1,,,
182467,唐仕琰,14964,膠水,1,,,
182468,唐孝感,14964,膠水,1,,,
182469,唐孝睦,14964,膠水,1,,,
182470,唐保建,14964,膠水,1,,,
182471,唐伯裕,14964,膠水,1,,,
182472,唐毖,14964,膠水,1,,,
182473,唐儼,14964,膠水,1,,,
182474,唐伯華,14964,膠水,1,,,
182475,唐德宗,14964,膠水,1,,,
182476,唐智節,14964,膠水,1,,,
182477,唐智堯,14964,膠水,1,,,
182478,唐德俊,14964,膠水,1,,,
182479,唐智英,14964,膠水,1,,,
182480,唐智寂,14964,膠水,1,,,
182481,唐智深,14964,膠水,1,,,
182482,唐智亮,14964,膠水,1,,,
182483,唐詢明,14964,膠水,1,,,
182484,唐君謩,14964,膠水,1,,,
182485,唐振,14964,膠水,1,,,
182486,唐寔,14964,膠水,1,,,
182487,唐日輪,14964,膠水,1,,,
182488,唐羲和,14964,膠水,1,,,
182489,唐晟,14964,膠水,1,,,
182490,唐世辯,14964,膠水,1,,,
182491,唐世才,14964,膠水,1,,,
182492,唐世進,14964,膠水,1,,,
182493,唐玄靜,14964,膠水,1,,,
182494,唐玄默,14964,膠水,1,,,
182495,唐玄道,14964,膠水,1,,,
182503,唐石師,14964,膠水,1,,,
182504,唐小師,14964,膠水,1,,,
182505,唐和耆,14964,膠水,1,,,
182506,唐無竭,14964,膠水,1,,,
182507,唐文教,14964,膠水,1,,,
182508,唐純,14964,膠水,1,,,
182508,唐純,16756,晉昌,1,,,
182509,唐令世,16756,晉昌,1,,,
182512,唐羲,16756,晉昌,1,,,
182513,唐茂倫,16756,晉昌,1,,,
182514,唐茂言,16756,晉昌,1,,,
182573,唐和,14964,膠水,1,,,
182574,唐欽,14964,膠水,1,,,
182574,唐欽,16756,晉昌,1,,,
182575,唐歡,16756,晉昌,1,,,
182576,唐二政,16756,晉昌,1,,,
182578,唐世宗,16756,晉昌,1,,,
182579,唐壽,16756,晉昌,1,,,
182591,唐儉,16756,晉昌,1,,,
182604,唐畛,16756,晉昌,1,,,
182611,唐諮,14964,膠水,1,,,
182612,唐揣,14964,膠水,1,,,
182613,唐儼,14964,膠水,1,,,
182614,唐輪,14964,膠水,1,,,
182616,唐陵,14964,膠水,1,,,
182617,唐怡,14964,膠水,1,,,
182618,唐譽,14964,膠水,1,,,
182628,唐鑒,14964,膠水,1,,,
182629,唐懿,14964,膠水,1,,,
182630,唐傑,14964,膠水,1,0,0,0
182660,唐爽,14964,膠水,1,,,
182678,唐英,14964,膠水,1,,,
182679,唐師,14964,膠水,1,,,
182687,敬俊,15003,河東,1,,,
182753,鄭胤伯,14791,榮澤,1,,,
182754,鄭希儁,14791,榮澤,1,,,
182755,鄭道育,14791,榮澤,1,,,
182756,鄭德政,14791,榮澤,1,,,
182757,鄭玄瑾,14791,榮澤,1,,,
182791,鄭玄珽,14791,榮澤,1,,,
182807,鄭玄珪,14791,榮澤,1,,,
182816,鄭子質,14791,榮澤,1,,,
182817,鄭德眘,14791,榮澤,1,,,
182818,鄭元將,14791,榮澤,1,,,
182838,鄭元器,14791,榮澤,1,,,
182853,鄭元弼,14791,榮澤,1,,,
182858,鄭脩松,14691,河南府,1,,,
182858,鄭脩松,14692,河南,1,,,
183000,鄭子裕,14791,榮澤,1,,,
183001,鄭弘諒,14791,榮澤,1,,,
183113,鄭穆先,14791,榮澤,1,,,
183136,鄭德英,14791,榮澤,1,,,
183140,鄭弘簡,14791,榮澤,1,,,
183187,鄭幼儒,14791,榮澤,1,,,
183188,鄭敬道,14791,榮澤,1,,,
183190,鄭孝謨,14791,榮澤,1,,,
183197,鄭孝徹,14791,榮澤,1,,,
183204,鄭德峯,14791,榮澤,1,,,
183285,鄭德挺,14791,榮澤,1,,,
183307,鄭德本,14791,榮澤,1,,,
183399,鄭正義,14791,榮澤,1,,,
183400,鄭文沾,14791,榮澤,1,,,
183403,鄭文湛,14791,榮澤,1,,,
183406,鄭敬德,14791,榮澤,1,,,
183464,鄭機,14791,榮澤,1,,,
183543,鄭弼諧,14791,榮澤,1,,,
183548,鄭弼誠,14791,榮澤,1,,,
183679,鄭簡,14748,開封,1,,,
183679,鄭簡,15872,黃州,1,,,
183680,鄭靈虬,14748,開封,1,,,
183680,鄭靈虬,15872,黃州,1,,,
183681,鄭悅,14748,開封,1,,,
183681,鄭悅,15872,黃州,1,,,
183682,鄭鼎,14748,開封,1,,,
183682,鄭鼎,15872,黃州,1,,,
183683,鄭常,14748,開封,1,,,
183683,鄭常,15872,黃州,1,,,
183684,鄭筠,14748,開封,1,,,
183684,鄭筠,15872,黃州,1,,,
183696,鄭神符,14748,開封,1,,,
183696,鄭神符,15872,黃州,1,,,
183705,鄭昌,14748,開封,1,,,
183705,鄭昌,15872,黃州,1,,,
183709,鄭衡,14748,開封,1,,,
183709,鄭衡,15872,黃州,1,,,
183712,鄭威,14748,開封,1,,,
183712,鄭威,15872,黃州,1,,,
183727,鄭師,14748,開封,1,,,
183727,鄭師,15872,黃州,1,,,
183728,鄭冑,14748,開封,1,,,
183728,鄭冑,15872,黃州,1,,,
183732,鄭道德,14748,開封,1,,,
183732,鄭道德,15872,黃州,1,,,
183733,鄭希義,14748,開封,1,,,
183733,鄭希義,15872,黃州,1,,,
183734,鄭道蓋,14748,開封,1,,,
183734,鄭道蓋,15872,黃州,1,,,
183735,鄭元長,14748,開封,1,,,
183735,鄭元長,15872,黃州,1,,,
183738,鄭元胤,14748,開封,1,,,
183738,鄭元胤,15872,黃州,1,,,
183741,鄭元恭,14748,開封,1,,,
183741,鄭元恭,15872,黃州,1,,,
183751,鄭元讓,14748,開封,1,,,
183751,鄭元讓,15872,黃州,1,,,
183753,鄭德猷,14748,開封,1,,,
183753,鄭德猷,15872,黃州,1,,,
183754,鄭元直,14748,開封,1,,,
183754,鄭元直,15872,黃州,1,,,
183764,鄭白虬,14748,開封,1,,,
183764,鄭白虬,15872,黃州,1,,,
183765,鄭尚仁,14790,榮陽,1,,,
183765,鄭尚仁,16571,桂州,1,,,
183766,鄭彥,14790,榮陽,1,,,
183766,鄭彥,16571,桂州,1,,,
183768,鄭伯愛,14790,榮陽,1,,,
183768,鄭伯愛,16571,桂州,1,,,
183770,鄭次珍,14790,榮陽,1,,,
183770,鄭次珍,16571,桂州,1,,,
183771,鄭寶,14790,榮陽,1,,,
183771,鄭寶,16571,桂州,1,,,
183772,鄭道成,14790,榮陽,1,,,
183772,鄭道成,16571,桂州,1,,,
183779,鄭季方,14748,開封,1,,,
183779,鄭季方,15872,黃州,1,,,
183780,鄭盆生,14748,開封,1,,,
183780,鄭盆生,15872,黃州,1,,,
183781,鄭鴻猛,14748,開封,1,,,
183781,鄭鴻猛,15872,黃州,1,,,
183782,鄭士則,14748,開封,1,,,
183782,鄭士則,15872,黃州,1,,,
183783,鄭文表,14748,開封,1,,,
183783,鄭文表,15872,黃州,1,,,
183784,鄭思忠,14748,開封,1,,,
183784,鄭思忠,15872,黃州,1,,,
183791,鄭士譽,14748,開封,1,,,
183791,鄭士譽,15872,黃州,1,,,
183792,鄭才挺,14748,開封,1,,,
183792,鄭才挺,15872,黃州,1,,,
183797,鄭鴻泉,14748,開封,1,,,
183797,鄭鴻泉,15872,黃州,1,,,
183798,鄭貴,14748,開封,1,,,
183798,鄭貴,15872,黃州,1,,,
183799,鄭福常,14748,開封,1,,,
183799,鄭福常,15872,黃州,1,,,
183803,鄭季騧,14692,河南,1,,,
183803,鄭季騧,14790,榮陽,1,,,
183804,鄭潁,14692,河南,1,,,
183804,鄭潁,14790,榮陽,1,,,
183805,鄭子規,14692,河南,1,,,
183805,鄭子規,14790,榮陽,1,,,
183806,鄭海,14692,河南,1,,,
183806,鄭海,14790,榮陽,1,,,
183807,鄭德仁,14692,河南,1,,,
183807,鄭德仁,14790,榮陽,1,,,
183843,鄭德崇,14692,河南,1,,,
183843,鄭德崇,14790,榮陽,1,,,
183844,鄭德玄,14692,河南,1,,,
183844,鄭德玄,14790,榮陽,1,,,
183852,鄭乾嘉,14692,河南,1,,,
183852,鄭乾嘉,14790,榮陽,1,,,
183863,鄭宵,14692,河南,1,,,
183863,鄭宵,14790,榮陽,1,,,
183864,鄭伯欽,14692,河南,1,,,
183864,鄭伯欽,14790,榮陽,1,,,
183865,鄭孝紀,14692,河南,1,,,
183865,鄭孝紀,14790,榮陽,1,,,
183930,鄭昞,14790,榮陽,1,,,
183931,鄭某,14790,榮陽,1,,,
183932,鄭某,14790,榮陽,1,,,
183933,鄭某,14790,榮陽,1,,,
183960,宋恭,400038,廣平,1,,,
183961,宋某,400038,廣平,1,,,
183962,宋某,400038,廣平,1,,,
183963,宋藥師,400038,廣平,1,,,
183964,宋毓,400038,廣平,1,,,
183965,宋良,400038,廣平,1,,,
183966,宋乾,400038,廣平,1,,,
183978,宋子皓,400038,廣平,1,,,
183981,宋景,400038,廣平,1,,,
183982,宋某,400038,廣平,1,,,
183983,宋孝王,400038,廣平,1,,,
183985,宋畿,15207,相州,1,,,
183985,宋畿,15790,越州,1,,,
183986,宋榮國,15207,相州,1,,,
183986,宋榮國,15790,越州,1,,,
183987,宋某,15207,相州,1,,,
183987,宋某,15790,越州,1,,,
183988,宋某,15207,相州,1,,,
183988,宋某,15790,越州,1,,,
183989,宋弁,15207,相州,1,,,
183989,宋弁,15790,越州,1,,,
183990,宋紀,15147,南和,1,,,
183991,宋欽道,15147,南和,1,,,
183993,宋弘峻,15147,南和,1,,,
183994,宋務本,14692,河南,1,,,
183994,宋務本,15145,沙河,1,,,
183994,宋務本,15147,南和,1,,,
183994,宋務本,400038,廣平,1,,,
184013,宋欽仁,15147,南和,1,,,
184014,宋冏,15147,南和,1,,,
184015,宋某,15147,南和,1,,,
184047,源師民,15215,臨漳,1,,,
184075,牛遼允,14557,鶉觚,1,,,
184079,牛方智,14557,鶉觚,1,,,
184080,牛某,14557,鶉觚,1,,,
184150,渾潭,14492,萬年,1,,,
184150,渾潭,15001,河中府,1,,,
184151,渾迥貴,14492,萬年,1,,,
184151,渾迥貴,15001,河中府,1,,,
184179,齊琰,15318,義豐,1,,,
184180,齊健,15318,義豐,1,,,
184181,齊澄,15318,義豐,1,,,
184182,齊某,15318,義豐,1,,,
184183,齊某,15318,義豐,1,,,
184184,齊某,15318,義豐,1,,,
184185,齊某,15318,義豐,1,,,
184191,齊粹,15318,義豐,1,,,
184192,齊某,15318,義豐,1,,,
184193,齊某,15318,義豐,1,,,
184194,齊某,15318,義豐,1,,,
184241,賈敬忠,15366,南皮,1,,,
184242,賈處澄,14970,高苑,1,,,
184242,賈處澄,15366,南皮,1,,,
184243,賈玄禕,14970,高苑,1,,,
184243,賈玄禕,15366,南皮,1,,,
184244,賈玄暐,14970,高苑,1,,,
184244,賈玄暐,15366,南皮,1,,,
184256,權榮,16694,清水,1,,,
184320,令狐某,14512,華原,1,,,
184372,元琳,14693,洛陽,1,,,
184437,路建,15189,冠氏,1,,,
184438,路某,15189,冠氏,1,,,
184439,路某,15189,冠氏,1,,,
184440,路慶,15189,冠氏,1,,,
184441,路彩,15189,冠氏,1,,,
184476,白建,15058,太谷,1,,,
184479,白君慜,15058,太谷,1,,,
184610,徐緄,14691,河南府,1,,,
184611,徐君敷,14703,陽翟,1,,,
184611,徐君敷,14754,宋州,1,,,
184612,徐榮,14703,陽翟,1,,,
184612,徐榮,14754,宋州,1,,,
184613,徐恕,14703,陽翟,1,,,
184613,徐恕,14754,宋州,1,,,
184614,徐筠,14703,陽翟,1,,,
184614,徐筠,14754,宋州,1,,,
184652,徐君賓,14691,河南府,1,,,
184653,徐澈,14691,河南府,1,,,
184654,徐文遠,14691,河南府,1,,,
184705,徐士會,14691,河南府,1,,,
184707,徐士雅,14691,河南府,1,,,
184710,徐士師,14691,河南府,1,,,
184714,徐文達,14691,河南府,1,,,
184715,徐奉誠,14691,河南府,1,,,
184716,徐奉信,14691,河南府,1,,,
184717,徐昌時,14691,河南府,1,,,
184724,徐弘師,14780,滑州,1,,,
184724,徐弘師,14783,衛南,1,,,
184724,徐弘師,14929,濟陰,1,,,
184724,徐弘師,14933,離狐,1,,,
184725,徐琛,14780,滑州,1,,,
184725,徐琛,14783,衛南,1,,,
184725,徐琛,14929,濟陰,1,,,
184725,徐琛,14933,離狐,1,,,
184726,徐懋,14780,滑州,1,,,
184726,徐懋,14783,衛南,1,,,
184726,徐懋,14929,濟陰,1,,,
184726,徐懋,14933,離狐,1,,,
184727,徐元起,14780,滑州,1,,,
184727,徐元起,14783,衛南,1,,,
184727,徐元起,14929,濟陰,1,,,
184727,徐元起,14933,離狐,1,,,
184728,徐蓋,14780,滑州,1,,,
184728,徐蓋,14783,衛南,1,,,
184728,徐蓋,14929,濟陰,1,,,
184728,徐蓋,14933,離狐,1,,,
184734,徐康,14780,滑州,1,,,
184734,徐康,14783,衛南,1,,,
184734,徐康,14929,濟陰,1,,,
184734,徐康,14933,離狐,1,,,
184735,徐弼,14780,滑州,1,,,
184735,徐弼,14783,衛南,1,,,
184735,徐弼,14929,濟陰,1,,,
184735,徐弼,14933,離狐,1,,,
184736,徐弘道,14780,滑州,1,,,
184736,徐弘道,14783,衛南,1,,,
184736,徐弘道,14929,濟陰,1,,,
184736,徐弘道,14933,離狐,1,,,
184737,徐珍,14780,滑州,1,,,
184737,徐珍,14783,衛南,1,,,
184737,徐珍,14929,濟陰,1,,,
184737,徐珍,14933,離狐,1,,,
184738,徐元隱,14780,滑州,1,,,
184738,徐元隱,14783,衛南,1,,,
184738,徐元隱,14929,濟陰,1,,,
184738,徐元隱,14933,離狐,1,,,
184739,徐唐,14780,滑州,1,,,
184739,徐唐,14783,衛南,1,,,
184739,徐唐,14929,濟陰,1,,,
184739,徐唐,14933,離狐,1,,,
184740,徐羌,14780,滑州,1,,,
184740,徐羌,14783,衛南,1,,,
184740,徐羌,14929,濟陰,1,,,
184740,徐羌,14933,離狐,1,,,
184797,獨孤冀,14693,洛陽,1,,,
184801,獨孤義盛,14693,洛陽,1,,,
184865,安興貴,14494,長安,1,,,
184865,安興貴,16695,成紀,1,,,
184866,安恆安,14494,長安,1,0,0,0
184866,安恆安,16695,成紀,1,0,0,0
184875,安元表,14494,長安,1,,,
184875,安元表,16695,成紀,1,,,
184876,安脩仁,14494,長安,1,,,
184876,安脩仁,16695,成紀,1,,,
186211,鄭善果,14692,河南,1,,,
186211,鄭善果,14694,偃師,1,,,
186426,皇甫德參,14692,河南,1,,,
186426,皇甫德參,14693,洛陽,1,,,
186426,皇甫德參,16129,成都府,1,,,
186479,周法明,14852,汝南,1,,,
186479,周法明,14977,河陽,1,,,
186479,周法明,16129,成都府,1,,,
186636,崔秉德,15285,安平,1,,,
186637,崔鑒,15285,安平,1,,,
186880,李熙,16695,成紀,1,,,
186881,李天賜,16695,成紀,1,,,
186882,李起頭,16695,成紀,1,,,
186884,李達摩,16695,成紀,1,,,
186885,李延伯,16695,成紀,1,,,
186886,李真,16695,成紀,1,,,
186887,李道素,16695,成紀,1,,,
186890,李澄,16695,成紀,1,,,
186958,李泠,16695,成紀,1,,,
186959,李义羅,16695,成紀,1,,,
186960,李滿才,16695,成紀,1,,,
186961,李某,16695,成紀,1,,,
186968,李昭仲,16695,成紀,1,,,
186969,李某,16695,成紀,1,,,
186974,李岡,16695,成紀,1,,,
186976,李瓊,16695,成紀,1,,,
186980,李璡,16695,成紀,1,,,
187107,李瑊,16695,成紀,1,,,
187216,李瓖,16695,成紀,1,,,
187226,李哲,16695,成紀,1,,,
187230,李璋,16695,成紀,1,,,
187231,李孝基,16695,成紀,1,,,
187256,李某,16695,成紀,1,,,
187257,李某,16695,成紀,1,,,
187261,李某,16695,成紀,1,,,
187262,李某,16695,成紀,1,,,
187266,李繪,16695,成紀,1,,,
187267,李贄,16695,成紀,1,,,
187268,李道玄,16695,成紀,1,,,
187269,李道明,16695,成紀,1,,,
187270,李韶,16695,成紀,1,,,
187282,李道宗,16695,成紀,1,,,
187291,李道興,16695,成紀,1,,,
187292,李道弼,16695,成紀,1,,,
187297,李伯良,14493,長安,1,,,
187382,李仲良,14493,長安,1,,,
187383,李去病,14493,長安,1,,,
187384,李季良,14493,長安,1,,,
187385,李德良,14493,長安,1,,,
187386,李仁裕,14493,長安,1,,,
187392,李仁敬,14493,長安,1,,,
187393,李仁方,14493,長安,1,,,
187395,李幼長,14493,長安,1,,,
187396,李矩,14493,長安,1,,,
187483,李仁鑒,16695,成紀,1,,,
187486,李德懋,16695,成紀,1,,,
187625,李容兒,16695,成紀,1,,,
187918,李長沙,16695,成紀,1,,,
187921,李洪,16695,成紀,1,,,
187922,李盤陁,16695,成紀,1,,,
187923,李建成,14493,長安,1,,,
187923,李建成,16695,成紀,1,,,
187927,李智雲,14493,長安,1,,,
187927,李智雲,16695,成紀,1,,,
187929,李元禮,14493,長安,1,,,
187929,李元禮,16695,成紀,1,,,
187945,李元則,14493,長安,1,,,
187945,李元則,16695,成紀,1,,,
188024,李元慶,14493,長安,1,,,
188024,李元慶,16695,成紀,1,,,
188055,李元裕,14493,長安,1,,,
188055,李元裕,16695,成紀,1,,,
188057,李元名,14493,長安,1,,,
188057,李元名,16695,成紀,1,,,
188071,李元祥,14493,長安,1,,,
188071,李元祥,16695,成紀,1,,,
188233,李元嬰,14493,長安,1,,,
188233,李元嬰,16695,成紀,1,,,
189334,馮早惠,14492,萬年,1,,,
189334,馮早惠,15271,冀州,1,,,
189334,馮早惠,15802,婺州,1,,,
189334,馮早惠,16265,梓州,1,,,
189341,韋叔裕,14493,長安,1,,,
189499,王通,14711,永寧,1,,,
189499,王通,15023,龍門,1,,,
189499,王通,15059,祁縣,1,,,
189499,王通,15948,宣州,1,,,
189786,柳務,14935,考城,1,,,
189788,柳懿,14935,考城,1,,,
189843,元翽,14692,河南,1,,,
189843,元翽,16737,狄道,1,,,
189851,元野順,14693,洛陽,1,,,
189852,元雄,14693,洛陽,1,,,
189853,元胄,14693,洛陽,1,,,
190205,韋元禮,14493,長安,1,,,
190345,姚宏,14721,硤石,1,,,
190446,苑璋,14693,洛陽,1,,,
190446,苑璋,15691,揚州,1,,,
190447,苑禮,14693,洛陽,1,,,
190447,苑禮,15691,揚州,1,,,
190452,姚安仁,14721,硤石,1,,,
190453,姚宣業,14721,硤石,1,,,
190664,盧某,14741,臨汝,1,,,
190714,李裕,14977,河陽,1,,,
190769,魏之逷,14691,河南府,1,,,
191148,李粲,15379,良鄉,1,,,
191148,李粲,15411,檀州,1,,,
191266,王景肅,14493,長安,1,,,
191292,王昕,14694,偃師,1,,,
191313,張沔,14494,長安,1,,,
191313,張沔,14691,河南府,1,,,
191313,張沔,15131,澤州,1,,,
191314,張叡,14494,長安,1,,,
191314,張叡,14691,河南府,1,,,
191314,張叡,15131,澤州,1,,,
191315,張暠,14494,長安,1,,,
191315,張暠,14691,河南府,1,,,
191315,張暠,15131,澤州,1,,,
191372,蕭某,15948,宣州,1,,,
191373,蕭恢,14692,河南,1,,,
191373,蕭恢,16139,新都,1,,,
191516,崔恃業,14693,洛陽,1,,,
191516,崔恃業,15285,安平,1,,,
191517,崔習,15285,安平,1,,,
191518,崔綽,15285,安平,1,,,
191711,裴璥,14492,萬年,1,,,
191711,裴璥,14494,長安,1,,,
191921,顏敏楚,14492,萬年,1,,,
192013,王某,14502,富平,1,,,
192013,王某,15692,江都,1,,,
192014,王瓊,14502,富平,1,,,
192014,王瓊,15692,江都,1,,,
192165,栢季纂,14492,萬年,1,,,
192177,郭才,14621,金城,1,,,
192177,郭才,14638,鹽州,1,,,
192178,郭悊,14621,金城,1,,,
192178,郭悊,14638,鹽州,1,,,
192320,契苾歌楞,14504,咸陽,1,,,
192320,契苾歌楞,16740,姑臧,1,,,
192455,張某,14490,京兆府,1,,,
192455,張某,14492,萬年,1,,,
192455,張某,15385,范陽,1,,,
192455,張某,15534,方城,1,,,
192455,張某,400001,長安,1,,,
192456,張大師,14490,京兆府,1,,,
192456,張大師,14492,萬年,1,,,
192456,張大師,15385,范陽,1,,,
192456,張大師,15534,方城,1,,,
192456,張大師,400001,長安,1,,,
192457,張儉,14490,京兆府,1,,,
192457,張儉,14492,萬年,1,,,
192457,張儉,15385,范陽,1,,,
192457,張儉,15534,方城,1,,,
192457,張儉,400001,長安,1,,,
192458,張延師,14490,京兆府,1,,,
192458,張延師,14492,萬年,1,,,
192458,張延師,15385,范陽,1,,,
192458,張延師,15534,方城,1,,,
192458,張延師,400001,長安,1,,,
192645,王某一,15054,太原,1,,,
192645,王某一,15059,祁縣,1,,,
192645,王某一,15390,瀛州,1,,,
192646,王隆,15054,太原,1,,,
192646,王隆,15059,祁縣,1,,,
192646,王隆,15390,瀛州,1,,,
192760,韋閬,14493,長安,1,,,
192761,韋道珍,14493,長安,1,,,
192762,韋逵,14493,長安,1,,,
192763,韋楷,14493,長安,1,,,
192764,韋邕,14493,長安,1,,,
192765,韋敻,14493,長安,1,,,
192766,韋叔裕,14493,長安,1,,,
192767,韋真嘉,14493,長安,1,,,
192768,韋祉,14493,長安,1,,,
192791,李某,4008,遼州,1,,,
192791,李某,14493,長安,1,,,
192791,李某,16699,隴西,1,,,
192871,徐景初,14780,滑州,1,,,
192871,徐景初,14783,衛南,1,,,
192871,徐景初,14929,濟陰,1,,,
192871,徐景初,14933,離狐,1,,,
192875,韋景略,14493,長安,1,,,
192877,韋某,14493,長安,1,,,
192878,韋某,14493,長安,1,,,
192879,韋某,14493,長安,1,,,
192880,韋某,14493,長安,1,,,
192882,韋延賓,14493,長安,1,,,
192910,侯某,14692,河南,1,,,
192910,侯某,14693,洛陽,1,,,
192910,侯某,400611,上谷郡,1,,,
192911,侯安都,14692,河南,1,,,
192911,侯安都,14693,洛陽,1,,,
192911,侯安都,400611,上谷郡,1,,,
193350,周某,14695,緱氏,1,,,
193351,周某,14695,緱氏,1,,,
193352,周衡,14695,緱氏,1,,,
193406,孔伯魚,15008,寶鼎,1,,,
193406,孔伯魚,15791,會稽,1,,,
193407,孔宗範,15008,寶鼎,1,,,
193407,孔宗範,15791,會稽,1,,,
193408,孔休源,15008,寶鼎,1,,,
193408,孔休源,15791,會稽,1,,,
193409,孔珮,15008,寶鼎,1,,,
193409,孔珮,15791,會稽,1,,,
193410,孔華,15008,寶鼎,1,,,
193410,孔華,15791,會稽,1,,,
193428,徐宴,14694,偃師,1,,,
193428,徐宴,16374,廣州,1,,,
193430,徐瓌,14694,偃師,1,,,
193430,徐瓌,16374,廣州,1,,,
193613,王某,14490,京兆府,1,,,
193613,王某,14955,臨沂,1,,,
193614,王某,14490,京兆府,1,,,
193614,王某,14955,臨沂,1,,,
193653,張儔,14693,洛陽,1,,,
193653,張儔,14697,伊闕,1,,,
193654,張某,14693,洛陽,1,,,
193654,張某,14697,伊闕,1,,,
193655,張裕,14693,洛陽,1,,,
193655,張裕,14697,伊闕,1,,,
193882,裴規,15020,聞喜,1,,,
193883,裴詢,15020,聞喜,1,,,
193884,裴纂,15020,聞喜,1,,,
193886,裴鴻琳,15020,聞喜,1,,,
193886,裴鴻琳,15232,衛縣,1,,,
193887,裴弘陁,15020,聞喜,1,,,
193888,裴祖念,15020,聞喜,1,,,
193889,裴道護,15020,聞喜,1,,,
193890,裴次愛,15020,聞喜,1,,,
193914,高秘,14693,洛陽,1,,,
193916,于文雅,14512,華原,1,,,
193916,于文雅,15075,沁源,1,,,
193924,徐孝嗣,14691,河南府,1,,,
193925,徐聿之,14691,河南府,1,,,
193926,徐湛之,14691,河南府,1,,,
193927,徐逵之,14691,河南府,1,,,
193938,薛玄祐,14692,河南,1,,,
193938,薛玄祐,14697,伊闕,1,,,
193942,于子提,14508,高陵,1,,,
193943,于子安,14508,高陵,1,,,
193947,于簡,14508,高陵,1,,,
193949,于廣,14508,高陵,1,,,
193952,蕭譽,14493,長安,1,,,
193952,蕭譽,14691,河南府,1,,,
193952,蕭譽,14692,河南,1,,,
193952,蕭譽,14815,徐州,1,,,
193952,蕭譽,15330,深澤,1,,,
193952,蕭譽,15371,薊縣,1,,,
193953,蕭?,14493,長安,1,,,
193953,蕭?,14691,河南府,1,,,
193953,蕭?,14692,河南,1,,,
193953,蕭?,14815,徐州,1,,,
193953,蕭?,15330,深澤,1,,,
193953,蕭?,15371,薊縣,1,,,
193954,蕭譼,14493,長安,1,,,
193954,蕭譼,14691,河南府,1,,,
193954,蕭譼,14692,河南,1,,,
193954,蕭譼,14815,徐州,1,,,
193954,蕭譼,15330,深澤,1,,,
193954,蕭譼,15371,薊縣,1,,,
193956,蕭綱,14692,河南,1,,,
193956,蕭綱,15753,武進,1,,,
193957,蕭續,14493,長安,1,,,
193957,蕭續,14691,河南府,1,,,
193957,蕭續,14692,河南,1,,,
193957,蕭續,14815,徐州,1,,,
193957,蕭續,15330,深澤,1,,,
193957,蕭續,15371,薊縣,1,,,
193958,蕭繹,14493,長安,1,,,
193958,蕭繹,14691,河南府,1,,,
193958,蕭繹,14692,河南,1,,,
193958,蕭繹,14815,徐州,1,,,
193958,蕭繹,15330,深澤,1,,,
193958,蕭繹,15371,薊縣,1,,,
193959,蕭綜,14493,長安,1,,,
193959,蕭綜,14691,河南府,1,,,
193959,蕭綜,14692,河南,1,,,
193959,蕭綜,14815,徐州,1,,,
193959,蕭綜,15330,深澤,1,,,
193959,蕭綜,15371,薊縣,1,,,
193960,蕭績,14493,長安,1,,,
193960,蕭績,14691,河南府,1,,,
193960,蕭績,14692,河南,1,,,
193960,蕭績,14815,徐州,1,,,
193960,蕭績,15330,深澤,1,,,
193960,蕭績,15371,薊縣,1,,,
193961,蕭綸,14493,長安,1,,,
193961,蕭綸,14691,河南府,1,,,
193961,蕭綸,14692,河南,1,,,
193961,蕭綸,14815,徐州,1,,,
193961,蕭綸,15330,深澤,1,,,
193961,蕭綸,15371,薊縣,1,,,
193962,蕭紀,14493,長安,1,,,
193962,蕭紀,14691,河南府,1,,,
193962,蕭紀,14692,河南,1,,,
193962,蕭紀,14815,徐州,1,,,
193962,蕭紀,15330,深澤,1,,,
193962,蕭紀,15371,薊縣,1,,,
193963,蕭大莊,14692,河南,1,,,
193963,蕭大莊,15753,武進,1,,,
193966,蕭道賜,14493,長安,1,,,
193966,蕭道賜,14691,河南府,1,,,
193966,蕭道賜,14692,河南,1,,,
193966,蕭道賜,14815,徐州,1,,,
193966,蕭道賜,15330,深澤,1,,,
193966,蕭道賜,15371,薊縣,1,,,
193966,蕭道賜,16139,新都,1,,,
193967,蕭尚之,14493,長安,1,,,
193967,蕭尚之,14691,河南府,1,,,
193967,蕭尚之,14692,河南,1,,,
193967,蕭尚之,14815,徐州,1,,,
193967,蕭尚之,15330,深澤,1,,,
193967,蕭尚之,15371,薊縣,1,,,
193967,蕭尚之,16139,新都,1,,,
193968,蕭崇之,14493,長安,1,,,
193968,蕭崇之,14691,河南府,1,,,
193968,蕭崇之,14692,河南,1,,,
193968,蕭崇之,14815,徐州,1,,,
193968,蕭崇之,15330,深澤,1,,,
193968,蕭崇之,15371,薊縣,1,,,
193968,蕭崇之,16139,新都,1,,,
193969,蕭懿,14493,長安,1,,,
193969,蕭懿,14691,河南府,1,,,
193969,蕭懿,14692,河南,1,,,
193969,蕭懿,14815,徐州,1,,,
193969,蕭懿,15330,深澤,1,,,
193969,蕭懿,15371,薊縣,1,,,
193969,蕭懿,16139,新都,1,,,
193970,蕭敷,14493,長安,1,,,
193970,蕭敷,14691,河南府,1,,,
193970,蕭敷,14692,河南,1,,,
193970,蕭敷,14815,徐州,1,,,
193970,蕭敷,15330,深澤,1,,,
193970,蕭敷,15371,薊縣,1,,,
193970,蕭敷,16139,新都,1,,,
193971,蕭暢,14493,長安,1,,,
193971,蕭暢,14691,河南府,1,,,
193971,蕭暢,14692,河南,1,,,
193971,蕭暢,14815,徐州,1,,,
193971,蕭暢,15330,深澤,1,,,
193971,蕭暢,15371,薊縣,1,,,
193971,蕭暢,16139,新都,1,,,
193972,蕭融,14493,長安,1,,,
193972,蕭融,14691,河南府,1,,,
193972,蕭融,14692,河南,1,,,
193972,蕭融,14815,徐州,1,,,
193972,蕭融,15330,深澤,1,,,
193972,蕭融,15371,薊縣,1,,,
193972,蕭融,16139,新都,1,,,
193973,蕭宏,14493,長安,1,,,
193973,蕭宏,14691,河南府,1,,,
193973,蕭宏,14692,河南,1,,,
193973,蕭宏,14815,徐州,1,,,
193973,蕭宏,15330,深澤,1,,,
193973,蕭宏,15371,薊縣,1,,,
193973,蕭宏,16139,新都,1,,,
193974,蕭偉,14493,長安,1,,,
193974,蕭偉,14691,河南府,1,,,
193974,蕭偉,14692,河南,1,,,
193974,蕭偉,14815,徐州,1,,,
193974,蕭偉,15330,深澤,1,,,
193974,蕭偉,15371,薊縣,1,,,
193974,蕭偉,16139,新都,1,,,
193975,蕭秀,14493,長安,1,,,
193975,蕭秀,14691,河南府,1,,,
193975,蕭秀,14692,河南,1,,,
193975,蕭秀,14815,徐州,1,,,
193975,蕭秀,15330,深澤,1,,,
193975,蕭秀,15371,薊縣,1,,,
193975,蕭秀,16139,新都,1,,,
193976,蕭憺,14493,長安,1,,,
193976,蕭憺,14691,河南府,1,,,
193976,蕭憺,14692,河南,1,,,
193976,蕭憺,14815,徐州,1,,,
193976,蕭憺,15330,深澤,1,,,
193976,蕭憺,15371,薊縣,1,,,
193976,蕭憺,16139,新都,1,,,
193977,蕭解,14692,河南,1,,,
193977,蕭解,16139,新都,1,,,
193979,蕭鳳龍,14692,河南,1,,,
193979,蕭鳳龍,16139,新都,1,,,
193980,蕭瑳,14492,萬年,1,,,
193980,蕭瑳,15498,平利,1,,,
194003,陸山仁,15758,吳縣,1,,,
194032,崔恪,15209,鄴縣,1,,,
194032,崔恪,15252,恆州,1,,,
194033,源彪,15215,臨漳,1,,,
194036,杜仁則,14692,河南,1,,,
194036,杜仁則,14693,洛陽,1,,,
194037,杜琳,14692,河南,1,,,
194037,杜琳,14693,洛陽,1,,,
194038,崔德仁,14916,全節,1,,,
194120,蕭某,14692,河南,1,,,
194120,蕭某,14776,汝陰,1,,,
194120,蕭某,14815,徐州,1,,,
194120,蕭某,15742,丹徒,1,,,
194120,蕭某,16139,新都,1,,,
194132,顏亮,14955,臨沂,1,,,
194133,顏慶,14955,臨沂,1,,,
194138,張伏宜,14923,山茌,1,,,
194138,張伏宜,400443,安定郡,1,,,
194245,姜真,16691,上邽,1,,,
194252,姜圜,16691,上邽,1,,,
194273,李儉,14691,河南府,1,,,
194274,李辯言,14691,河南府,1,,,
194284,蘇彤,15288,趙州,1,,,
194291,蕭業,14493,長安,1,,,
194291,蕭業,14691,河南府,1,,,
194291,蕭業,14692,河南,1,,,
194291,蕭業,14815,徐州,1,,,
194291,蕭業,15330,深澤,1,,,
194291,蕭業,15371,薊縣,1,,,
194291,蕭業,16139,新都,1,,,
194292,蕭藻,14493,長安,1,,,
194292,蕭藻,14691,河南府,1,,,
194292,蕭藻,14692,河南,1,,,
194292,蕭藻,14815,徐州,1,,,
194292,蕭藻,15330,深澤,1,,,
194292,蕭藻,15371,薊縣,1,,,
194292,蕭藻,16139,新都,1,,,
194293,蕭象,14493,長安,1,,,
194293,蕭象,14691,河南府,1,,,
194293,蕭象,14692,河南,1,,,
194293,蕭象,14815,徐州,1,,,
194293,蕭象,15330,深澤,1,,,
194293,蕭象,15371,薊縣,1,,,
194293,蕭象,16139,新都,1,,,
194294,蕭猷,14493,長安,1,,,
194294,蕭猷,14691,河南府,1,,,
194294,蕭猷,14692,河南,1,,,
194294,蕭猷,14815,徐州,1,,,
194294,蕭猷,15330,深澤,1,,,
194294,蕭猷,15371,薊縣,1,,,
194294,蕭猷,16139,新都,1,,,
194295,蕭朗,14493,長安,1,,,
194295,蕭朗,14691,河南府,1,,,
194295,蕭朗,14692,河南,1,,,
194295,蕭朗,14815,徐州,1,,,
194295,蕭朗,15330,深澤,1,,,
194295,蕭朗,15371,薊縣,1,,,
194295,蕭朗,16139,新都,1,,,
194296,蕭軌,14493,長安,1,,,
194296,蕭軌,14691,河南府,1,,,
194296,蕭軌,14692,河南,1,,,
194296,蕭軌,14815,徐州,1,,,
194296,蕭軌,15330,深澤,1,,,
194296,蕭軌,15371,薊縣,1,,,
194296,蕭軌,16139,新都,1,,,
194297,蕭明,14493,長安,1,,,
194297,蕭明,14691,河南府,1,,,
194297,蕭明,14692,河南,1,,,
194297,蕭明,14815,徐州,1,,,
194297,蕭明,15330,深澤,1,,,
194297,蕭明,15371,薊縣,1,,,
194297,蕭明,16139,新都,1,,,
194333,房熊,14510,涇陽,1,,,
194333,房熊,14908,臨淄,1,,,
194333,房熊,14918,亭山,1,,,
194334,房翼,14510,涇陽,1,,,
194334,房翼,14908,臨淄,1,,,
194334,房翼,14918,亭山,1,,,
194335,房豹,14510,涇陽,1,,,
194335,房豹,14908,臨淄,1,,,
194335,房豹,14918,亭山,1,,,
194337,歐陽僧寶,15976,長沙,1,,,
194368,裴義實,14691,河南府,1,,,
194368,裴義實,15054,太原,1,,,
194373,裴遼,15020,聞喜,1,,,
194374,裴訛,15020,聞喜,1,,,
194375,裴定宗,15020,聞喜,1,,,
194376,裴舒,15020,聞喜,1,,,
194377,裴嗣,15020,聞喜,1,,,
194378,裴秀,15020,聞喜,1,,,
194379,裴昂,15020,聞喜,1,,,
194383,楊則,14691,河南府,1,,,
194383,楊則,14693,洛陽,1,,,
194384,楊壽旻,14490,京兆府,1,,,
194384,楊壽旻,14787,匡城,1,,,
194390,韋瑱,14493,長安,1,,,
194391,韋鄭子,14493,長安,1,,,
194392,韋千雄,14493,長安,1,,,
194393,韋惠度,14493,長安,1,,,
194394,韋諶,14493,長安,1,,,
194395,韋霽,14493,長安,1,,,
194396,韋靜,14493,長安,1,,,
194398,高祐,14692,河南,1,,,
194399,崔標,15285,安平,1,,,
194400,崔長謙,15237,清河,1,,,
194401,崔寅,15237,清河,1,,,
194402,裴慬,15020,聞喜,1,,,
194403,裴叔業,15022,稷山,1,,,
194404,裴芬之,15022,稷山,1,,,
194405,裴英之,15022,稷山,1,,,
194406,裴藹之,15022,稷山,1,,,
194407,李勁,14692,河南,1,,,
194407,李勁,14693,洛陽,1,,,
194407,李勁,15226,清平,1,,,
194407,李勁,15243,臨清,1,,,
194407,李勁,16571,桂州,1,,,
194407,李勁,16595,平樂,1,,,
194407,李勁,400467,趙郡,1,,,
194408,李頤,15790,越州,1,0,0,0
194409,李勗,15790,越州,1,,,
194411,李奉,15790,越州,1,,,
194412,李聰,15790,越州,1,,,
194413,李吉,15790,越州,1,,,
194415,裴冲,15020,聞喜,1,0,0,0
194416,裴道子,15020,聞喜,1,,,
194417,裴道大,15020,聞喜,1,,,
194418,裴道會,15020,聞喜,1,,,
194419,裴道賜,15020,聞喜,1,,,
194420,裴德歡,15020,聞喜,1,,,
194421,裴恩立,15020,聞喜,1,,,
194422,裴輔立,15020,聞喜,1,,,
194423,裴禮,15020,聞喜,1,,,
194424,柳僧習,15009,解縣,1,,,
194425,柳緝,15009,解縣,1,,,
194426,柳鸑,15009,解縣,1,,,
194427,柳卓,15007,虞鄉,1,,,
194427,柳卓,15501,襄陽,1,,,
194464,張照,14492,萬年,1,,,
194464,張照,14494,長安,1,,,
194465,張羨,14492,萬年,1,,,
194465,張羨,14494,長安,1,,,
194469,竇紹,14540,扶風,1,,,
194469,竇紹,14621,金城,1,,,
194469,竇紹,14694,偃師,1,,,
194470,竇敬遠,14540,扶風,1,,,
194470,竇敬遠,14621,金城,1,,,
194470,竇敬遠,14694,偃師,1,,,
194471,張俊,14691,河南府,1,,,
194475,李明,14490,京兆府,1,,,
194475,李明,14536,岐州,1,,,
194476,李遠,14490,京兆府,1,,,
194476,李遠,14536,岐州,1,,,
194485,皇甫明,14559,臨涇,1,,,
194528,李仲恭,14490,京兆府,1,,,
194528,李仲恭,14494,長安,1,,,
194529,李伏陁,14490,京兆府,1,,,
194529,李伏陁,14494,長安,1,,,
194532,崔邃,14494,長安,1,,,
194533,崔文孺,14494,長安,1,,,
194534,崔子舒,14494,長安,1,,,
194537,李某,14493,長安,1,,,
194537,李某,16695,成紀,1,,,
194676,穆弘遠,14691,河南府,1,,,
194676,穆弘遠,14694,偃師,1,,,
194677,穆伽,14691,河南府,1,,,
194677,穆伽,14694,偃師,1,,,
194679,穆尊季,14691,河南府,1,,,
194679,穆尊季,14694,偃師,1,,,
194680,穆韶,14691,河南府,1,,,
194680,穆韶,14694,偃師,1,,,
194681,穆蒲坂,14691,河南府,1,,,
194681,穆蒲坂,14694,偃師,1,,,
194682,穆忸頭,14691,河南府,1,,,
194682,穆忸頭,14694,偃師,1,,,
194683,穆遂留,14691,河南府,1,,,
194683,穆遂留,14694,偃師,1,,,
194684,穆崇,14691,河南府,1,,,
194684,穆崇,14694,偃師,1,,,
194685,穆觀,14691,河南府,1,,,
194685,穆觀,14694,偃師,1,,,
194706,田堪,15177,魏州,1,,,
194706,田堪,15181,貴鄉,1,,,
194720,王元素,14940,濮陽,1,,,
194817,安某,14494,長安,1,,,
194817,安某,16695,成紀,1,,,
194906,元白澤,14719,陝州,1,,,
194906,元白澤,14728,芮城,1,,,
194935,王寬,14490,京兆府,1,,,
194935,王寬,14694,偃師,1,,,
194982,李大經,15691,揚州,1,,,
195023,楊承寶,14490,京兆府,1,,,
195023,楊承寶,14787,匡城,1,,,
195024,楊真,14490,京兆府,1,,,
195024,楊真,14787,匡城,1,,,
195025,房某,14510,涇陽,1,,,
195025,房某,14908,臨淄,1,,,
195025,房某,14918,亭山,1,,,
195026,房法壽,14510,涇陽,1,,,
195026,房法壽,14908,臨淄,1,,,
195026,房法壽,14918,亭山,1,,,
195027,歐陽景達,15976,長沙,1,,,
195028,劉某,14693,洛陽,1,,,
195029,劉環雋,14693,洛陽,1,,,
195042,傅璀,14692,河南,1,,,
195042,傅璀,14819,沛縣,1,,,
195042,傅璀,15230,汲縣,1,,,
195042,傅璀,15233,共城,1,,,
195042,傅璀,15237,清河,1,,,
195042,傅璀,16278,黃安,1,,,
195042,傅璀,400398,汲郡,1,,,
195043,傅冲,14692,河南,1,0,0,0
195043,傅冲,14819,沛縣,1,0,0,0
195043,傅冲,15230,汲縣,1,0,0,0
195043,傅冲,15233,共城,1,0,0,0
195043,傅冲,15237,清河,1,0,0,0
195043,傅冲,16278,黃安,1,0,0,0
195043,傅冲,400398,汲郡,1,0,0,0
195044,許胤,14692,河南,1,,,
195044,許胤,14693,洛陽,1,,,
195044,許胤,14694,偃師,1,,,
195044,許胤,14819,沛縣,1,,,
195053,鄭玄度,14692,河南,1,,,
195053,鄭玄度,14694,偃師,1,,,
195187,韓均,15255,槁城,1,,,
195188,韓茂,15255,槁城,1,,,
195209,韓備,15255,槁城,1,,,
195210,韓耆,15255,槁城,1,,,
195256,馮長命,14494,長安,1,,,
195256,馮長命,15757,蘇州,1,,,
195257,馮世基,14494,長安,1,,,
195257,馮世基,15757,蘇州,1,,,
195258,馮謙,14494,長安,1,,,
195258,馮謙,15757,蘇州,1,,,
195264,樊某,14694,偃師,1,,,
195264,樊某,14708,福昌,1,,,
195265,樊子車,14694,偃師,1,,,
195265,樊子車,14708,福昌,1,,,
195266,樊儒,14694,偃師,1,,,
195266,樊儒,14708,福昌,1,,,
195267,樊道則,14694,偃師,1,,,
195267,樊道則,14708,福昌,1,,,
195401,裴鍾,15020,聞喜,1,,,
195402,裴和,15020,聞喜,1,,,
195403,裴劭,15020,聞喜,1,,,
195413,宋維,15207,相州,1,,,
195413,宋維,15790,越州,1,,,
195414,崔辯,15207,相州,1,,,
195414,崔辯,15790,越州,1,,,
195415,崔逸,15207,相州,1,,,
195415,崔逸,15790,越州,1,,,
195416,崔經,15207,相州,1,,,
195416,崔經,15790,越州,1,,,
195417,崔琨,15207,相州,1,,,
195417,崔琨,15790,越州,1,,,
195418,崔鬱,15207,相州,1,,,
195418,崔鬱,15790,越州,1,,,
195419,李壽,15207,相州,1,,,
195419,李壽,15284,饒陽,1,,,
195420,李祥胤,15207,相州,1,,,
195420,李祥胤,15284,饒陽,1,,,
195421,李慶某,15207,相州,1,,,
195421,李慶某,15284,饒陽,1,,,
195422,李子固,15207,相州,1,,,
195422,李子固,15284,饒陽,1,,,
195423,李氏(李敬族女),15207,相州,1,,,
195423,李氏(李敬族女),15284,饒陽,1,,,
195424,李德久,15207,相州,1,,,
195424,李德久,15284,饒陽,1,,,
195441,盧義方,14691,河南府,1,,,
195442,盧嶷,14691,河南府,1,,,
195454,鄭仲達,14494,長安,1,,,
195455,鄭詮,14494,長安,1,,,
195457,李寶,14691,河南府,1,,,
195458,李希仁,15790,越州,1,,,
195459,李騫,15790,越州,1,,,
195460,李長鈞,15790,越州,1,,,
195461,李譚亮,15790,越州,1,,,
195462,李譚德,15790,越州,1,,,
195470,鄭玄勖,14692,河南,1,,,
195470,鄭玄勖,14694,偃師,1,,,
195471,鄭誠,14692,河南,1,,,
195471,鄭誠,14694,偃師,1,,,
195472,鄭孝穆,14692,河南,1,,,
195472,鄭孝穆,14694,偃師,1,,,
195475,鄭某,14694,偃師,1,,,
195475,鄭某,15883,岳州,1,,,
195476,鄭偉,14694,偃師,1,,,
195476,鄭偉,15883,岳州,1,,,
195486,李產之,14691,河南府,1,,,
195486,李產之,15381,范陽,1,,,
195486,李產之,16737,狄道,1,,,
195780,鄭道邕,14494,長安,1,,,
195871,韓倫,14493,長安,1,,,
195898,趙煦,15002,河西,1,,,
195899,趙世立,15002,河西,1,,,
195900,趙顯和,15002,河西,1,,,
195920,鮮于明,15415,漁陽,1,,,
195920,鮮于明,15660,蒼溪,1,,,
195920,鮮于明,15664,新政,1,,,
195920,鮮于明,15858,沔州,1,,,
195922,鮮于匡贊,15415,漁陽,1,,,
195922,鮮于匡贊,15660,蒼溪,1,,,
195922,鮮于匡贊,15664,新政,1,,,
195922,鮮于匡贊,15858,沔州,1,,,
195935,鮮于匡濟,15415,漁陽,1,,,
195935,鮮于匡濟,15660,蒼溪,1,,,
195935,鮮于匡濟,15664,新政,1,,,
195935,鮮于匡濟,15858,沔州,1,,,
195936,鮮于緒,15415,漁陽,1,,,
195936,鮮于緒,15660,蒼溪,1,,,
195936,鮮于緒,15664,新政,1,,,
195936,鮮于緒,15858,沔州,1,,,
195951,李某,14490,京兆府,1,,,
195951,李某,14691,河南府,1,,,
195952,李禮成,14490,京兆府,1,,,
195952,李禮成,14691,河南府,1,,,
196130,元善禕,14693,洛陽,1,,,
196177,李廣,14490,京兆府,1,,,
196177,李廣,14523,華州,1,,,
196196,趙某,15002,河西,1,,,
196266,元禎,14693,洛陽,1,,,
196267,元成,14693,洛陽,1,,,
196269,温裕,14980,溫縣,1,,,
196269,温裕,15207,相州,1,,,
196270,武儉,15060,文水,1,,,
196272,源子恭,15215,臨漳,1,,,
196273,源懷,15215,臨漳,1,,,
196294,封延之,15311,渤海,1,,,
196294,封延之,400539,芒山,1,,,
196335,房彥詡,14510,涇陽,1,,,
196335,房彥詡,14908,臨淄,1,,,
196335,房彥詡,14918,亭山,1,,,
196362,呂行鈞,15003,河東,1,,,
196394,呂休,14880,東平,1,,,
196399,呂某,14880,東平,1,,,
196400,呂珪,14880,東平,1,,,
381857,張善安,14892,兗州,1,,,0
439039,鮑照,26001,琅琊郡,1,,,
439086,丘遲,12715,烏程,1,,,
439100,吳均,12434,揚州,1,,,
439218,劉勰,11155,莒縣,1,,,
444795,薛仁杲,14621,金城,1,,,0
444796,薛舉,14621,金城,1,,,0
444796,薛舉,400351,汾陰,5,,,0
444800,劉武周,15113,馬邑,1,,,0
444808,劉黑闥,15242,漳南,1,,,0
444823,輔公祏,14921,臨濟,1,,,0
444828,沈法興,15779,武康,1,,,0
444833,李子通,400511,丞縣,1,,,0
444847,林士弘,15902,鄱陽,1,,,0
444852,梁師都,14645,夏州,1,,,0
444853,趙文恪,400344,并州,1,,,0
444855,龐卿惲,400344,并州,1,,,0
444860,單雄信,14928,曹州,1,,,0
444865,竇建德,15242,漳南,1,,,0
444901,王仁恭,15113,馬邑,10,,,0
444956,梁洛兒,14645,夏州,1,,,0
444962,沈綸,15779,武康,1,,,0
