c_office_id,c_office_chn
0,未詳
3,提舉
7,三司推勘院
8,催欠司
9,三司都勾院
10,三司都理欠司
11,三司都磨勘司
12,都水監主簿
16,三司度支勾院
19,度支憑由司
21,度支推官
23,發運司勾當公事
25,發運使
27,尚書省工部尚書
28,尚書省工部侍郎
31,總領
33,三司戶部勾院
36,戶部憑由司
37,尚書省戶部尚書
39,尚書省戶部侍郎
40,戶部推官
41,兼樞密院使
43,將作監主簿
44,將作監丞
48,軍器監主簿
51,三司開拆司
53,陸路發運使
54,門下侍郎
59,三司都憑由司
69,三司勾當公事
70,三司使
71,提舉茶場買馬
77,少宰
79,水路發運使
81,樞密使
82,司空平章軍國事
85,司農寺主簿
89,太府寺主簿
91,太師平章軍國重事
92,太宰
94,提舉市舶司官
95,提舉在京諸司
96,提舉牧馬
99,同提舉茶場買馬
100,同提舉在京諸司
105,同判帳籍司
106,同判都勾院
107,同知樞密院事
108,推勘司
111,三司衙司
113,三司鹽鐵勾院
115,鹽鐵憑由司
117,鹽鐵推官
120,右僕射兼門下侍郎
122,帳籍司
123,知樞密院事
124,知某軍事
125,支收司（三司）
126,制置茶鹽
127,制置茶鹽副使
128,制置茶鹽判官
129,中書侍郎
134,安撫使
136,按察使
137,比部
138,編修院
141,兵部
142,兵部尚書
143,樞密院兵房副承旨
144,兵馬都監
146,博士
147,補闕
148,參軍
149,參知政事
151,倉司
152,漕司
153,察院
154,差遣院
155,朝奉大夫
156,左朝奉大夫
157,右朝奉大夫
158,朝奉郎
159,左朝奉郎
160,右朝奉郎
161,朝請大夫
162,左朝請大夫
163,右朝請大夫
164,朝請郎
165,左朝請郎
166,右朝請郎
167,朝散大夫
168,左朝散大夫
169,右朝散大夫
170,朝散郎
171,左朝散郎
172,右朝散郎
173,朝議大夫
174,左朝議大夫
175,右朝議大夫
176,丞
177,承奉郎
178,左承奉郎
179,右承奉郎
180,承事郎
181,左承事郎
182,右承事郎
183,承務郎
184,左承務郎
185,右承務郎
186,承直郎
187,承旨
190,丞相
194,崇文院
195,司天監春官正
196,春秋博士
197,刺史
199,從事郎
200,從政郎
201,大夫
204,大將軍
208,大理寺
209,大理寺丞
211,大兩省
212,大使臣
214,大學士
215,大宗正寺
217,待制
219,登仕郎
220,登聞鼓院
221,登聞檢院
222,登聞院
223,迪功郎
224,殿侍
225,殿院
226,殿直
227,殿中省丞
228,殿中省監
229,殿中省少監
230,供備庫副使
231,工部
232,供奉
233,宮觀差遣
234,宮觀使
235,玉清昭應宮使
236,景靈宮使
237,祥源觀使
240,醴泉觀使
241,同醴泉觀使
242,會靈觀使
243,萬夀觀使
244,集禧觀使
245,中太乙宮使
247,佑神觀使
248,神霄玉清萬夀宮使
252,德夀宮使
253,宮觀副使
254,宮觀判官
256,宮觀都監
257,提舉宮觀
259,提舉會靈觀公事
261,提舉中太一宮兼集禧觀公事
262,提舉在外宮觀
263,公事幹當官
265,公相
266,禮部貢院
267,勾當公事
268,勾當...事
269,鼓司
270,鼓院
271,觀察使
272,觀察支使
273,觀文殿大學士
274,觀文殿學士
275,館閣
277,光祿寺丞
278,光祿大夫
280,左光祿大夫
282,右光祿大夫
283,光祿寺卿
284,光祿寺少卿
285,光祿寺
286,匭院
287,國公
288,國信使
289,國子監博士
291,國子監祭酒
292,國子監
293,國子監丞
294,國子監司業
295,國子監助教
297,翰林侍讀學士
298,翰林侍講學士
299,翰林學士
302,翰林學士承旨
303,翰林院
305,橫行
306,鴻臚寺丞
307,鴻臚寺卿
309,鴻臚寺少卿
310,鴻臚寺
311,後苑所、製造御前生活所
312,戶部
314,戶部（三司）
315,樞密院戶房副承旨
316,護軍
317,環衛官
318,皇城司
319,皇城使
320,給舍
321,給事郎
323,員外
325,三朝郎
326,門下省給事中
327,集賢殿
328,集賢院
329,計使
330,伎術官
331,駕部
332,監察御史
333,監軍
335,路監司
336,監
338,兼
339,檢院
341,檢校太師
342,檢校太尉
343,檢校太傅
344,檢校太保
345,檢校司徒
346,檢校司空
347,檢校少師
349,檢校少傅
350,檢校少保
351,檢校尚書左僕射
352,檢校尚書右僕射
353,檢校吏部尚書
354,檢校兵部尚書
355,檢校戶部尚書
356,檢校刑部尚書
357,檢校禮部尚書
358,檢校工部尚書
360,檢校左散騎常侍
361,檢校右散騎常侍
362,檢校太子賓客
363,檢校國子祭酒
364,檢校水部員外郎
365,樞密太尉
366,諫官
367,諫議大夫
368,諫院
371,將軍
372,將仕郎
374,講筵官
381,校理
382,教授
383,節度使
384,節度副使
385,節度行軍司馬
387,防禦副使
388,團練副使
389,州別駕
391,州長史
392,州司馬
394,州司士參軍 (散官)
395,州文學參軍 (散官)
396,州助教
398,節度判官
400,節度掌書記
401,金紫光祿大夫
402,左金紫光祿大夫
403,右金紫光祿大夫
404,進奏院
406,經略使
407,糾察在京刑獄司
408,九寺五監
409,郡公
410,軍器監丞
411,軍事判官
412,郡王
413,京府左軍巡判官
414,開封府判官
415,開府儀同三司
416,開國伯
417,開國公
418,開國侯
419,開國郡公
420,開國男
421,開國縣公
422,開國子
423,考課院
424,課績院
425,客省副使
426,客省使
427,庫部
428,郎官
429,郎中
430,禮賓院
431,禮部
434,禮部尚書
437,禮部侍郎
438,樞密院禮房副承旨
439,禮記博士
442,理檢使
444,理檢院
446,禮儀院
447,節度使
451,吏部尚書
452,吏部侍郎
456,樞密院吏房副承旨
457,兩府
460,兩省
461,兩制
463,靈臺郎
465,流內銓（吏部）
468,流外銓
470,六部
472,六部尚書
473,六部侍郎
474,龍圖閣待制
475,龍圖閣學士
476,龍圖閣直學士
477,錄事參軍事
478,律學助教
479,毛詩博士
480,門下省
481,秘閣
484,秘閣校理
485,秘書丞
486,秘書省監
487,秘書郎
488,秘書省少監
489,秘書省校書郎
490,秘書省正字
491,磨勘京朝官院
492,磨勘諸路提點刑獄司
493,牧
494,幕職官
495,南班官
496,內藏庫
497,內殿承制
498,內殿崇班
499,內諸司使
500,判
502,判官（府州軍監）
504,判司簿尉
505,判寺事（大理等寺）
507,平章軍國重事
508,僕射
509,騎都尉
510,起居郎
511,起居舍人
512,起居院
513,簽書...事
514,簽書判官廳公事
515,前行
517,挈壺正
518,卿
520,輕車都尉
521,卿監
522,司天監秋官正
523,權
524,權發遣
526,勸農使
530,群牧司
532,儒林郎
533,三班奉職
534,三班借差
535,三班借職
536,三丞
537,三公
538,三館
539,散騎常侍
540,三少
541,三省六部
542,三師
544,三司
545,三司判官
546,殿中省尚乘奉御
547,上護軍
549,殿中省尚輦奉御
550,上騎都尉
551,上輕車都尉
552,殿中省尚舍奉御
553,殿中省尚食奉御
554,尚書
555,尚書博士
556,尚書令
558,尚書省
559,尚書右僕射
561,尚書左僕射
563,尚書左右丞
566,吏部尚書左右選
567,殿中省尚藥奉御
570,殿中省尚衣奉御
572,上柱國
573,少保
575,少府監丞
576,少府監少監
579,少監
580,少卿
582,少師
584,少尹（府）
586,舍人
587,舍人院
588,審官院
589,審刑院
590,拾遺
591,史館
592,使
593,使臣
594,使相
595,使職
596,侍從
597,侍郎
598,吏部侍郎左右選
599,殿中省
600,殿中侍御史
601,司天監冬官正
603,東上閤門副使
604,東上閤門使
606,供奉官
607,東頭供奉官
608,西頭供奉官
609,殿前司都點檢
610,都官司(刑部)
611,都監
613,都進奏院
615,都水監
616,都水監丞
617,都虞候
618,都知
619,尚書省戶部度支司
620,都轉運使
621,端明殿學士
622,發運副使
623,發運判官
624,防禦使
626,飛騎尉
628,分司
629,封駁司
630,奉議郎
631,左奉議郎
632,右奉議郎
633,承議郎
634,左承議郎
636,右承議郎
638,奉直大夫
639,左奉直大夫
640,右奉直大夫
641,奉直郎
642,府
643,府牧
645,駙馬都尉
646,副尉
647,副使
649,勾當皇城司公事
651,閤門
652,閤門副使
655,閤門使
656,閤門通事舍人
657,閤門宣贊舍人
658,閤門祗候
659,閤職
663,公
666,供備庫使
667,侍御史
669,侍御史知雜事
670,侍中
673,樞密院副承旨
675,樞密副使
676,樞密院
677,樞密直學士
678,書學博士
679,庶子
680,太子諸率府率
681,太子率更令
682,帥司
683,水部
684,寺
685,司法參軍
686,四方館
687,四方館使
688,司戶參軍
689,司諫
691,司空
692,司寇參軍
693,司理參軍
694,司馬
696,司門
697,四門博士
698,四門學
700,司農寺丞
701,司農寺卿
702,司農寺少卿
703,司農寺
704,司天
706,司天監丞
707,司天監靈臺郎
709,司徒
710,嗣王
712,算學博士
713,臺諫官
714,臺院
715,太保
716,太常寺博士
718,太常寺丞
719,太常禮院
720,太常禮儀院
721,太常寺卿
722,太常寺少卿
723,太常寺
725,太府寺丞
726,太府寺卿
727,太府寺少卿
728,太府寺
729,太傅
730,太僕寺丞
731,太僕寺少卿
732,太僕寺卿
733,太師
734,太尉
735,太學
736,太學博士
737,太中大夫
738,左太中大夫
739,右太中大夫
741,太子賓客
742,太子家令
743,太子僕
744,太子少保
745,太子少傅
746,太子少師
747,太子少詹事
748,太子太保
749,太子太傅
750,太子太師
751,太子洗馬
752,太子右庶子
753,太子右諭德
754,太子詹事
756,太子中允
757,太子左庶子
758,太子左諭德
759,特進
760,謄錄院
761,提點
762,路提點刑獄公事
763,都大提點坑冶鑄錢公事
764,提舉茶鹽公事
765,提舉常平茶鹽公事
766,提舉常平廣惠倉兼管勾農田水利差役事
767,提舉西京嵩山崇福宮
770,提舉鳳翔府上清太平宮
772,提舉杭州洞霄宮
775,提舉南京鴻慶宮
776,提點宮觀
777,提點萬夀觀公事
778,提點佑神觀公事
779,管勾宮觀
780,管勾祥源觀公事
782,管勾兖州仙源縣景靈宮太極觀公事
783,主管台州崇道觀
784,主管成都府玉局觀
785,監嶽廟
786,天文院
787,天章閣待制
788,天章閣學士
789,通奉大夫
790,左通奉大夫
791,右通奉大夫
792,通進司
793,通判
796,通仕郎
798,路同提點刑獄公事
799,通議大夫
800,左通議大夫
801,右通議大夫
802,通直郎
803,左通直郎
804,右通直郎
805,同中書門下平章事
806,團練使
808,推官
810,三司推官
813,屯田
814,外制
815,王
816,親王府傅
817,親王府長史
818,親王府司馬
819,親王府諮議參軍
820,郡王友
823,衛將軍
824,衛尉寺丞
825,衛尉寺少卿
826,衛尉寺卿
827,文林郎
828,文明殿學士
829,文思院
832,武騎尉
833,西京左藏
834,西京作坊
836,西上閤門副使
837,西上閤門使
838,下班祗應
840,司天監夏官正
841,縣丞
842,賢良方正
843,縣令
844,縣尉
849,驍騎尉
850,小使臣
854,校尉
855,刑部
856,尚書省刑部尚書
857,修職郎
858,修撰
859,宣德郎
860,左宣德郎
861,右宣德郎
862,宣奉大夫
863,左宣奉大夫
864,右宣奉大夫
865,宣奉郎
866,宣教郎
867,左宣教郎
868,右宣教郎
869,宣徽使
870,宣徽院
871,宣議郎
872,左宣義郎
873,右宣義郎
874,學士
877,學士院
878,巡檢
879,押衙
880,言事御史
884,鹽鐵司
887,府尹
888,引進司副使
889,引進司使
890,銀青光祿大夫
891,左銀青光祿大夫
892,右銀青光祿大夫
893,銀臺司
895,左班殿直
896,右班殿直
897,右補闕
898,右輔
899,右諫議大夫
901,右散騎常侍
902,右侍禁
903,右拾遺
904,右司諫
906,右正言
907,虞部
908,諭德
909,玉牒所
911,御史
912,御史大夫
913,御史臺
914,御史中丞
916,員郎
917,員外郎
919,雲騎尉
920,宰相
923,宰執
924,贊善大夫
930,昭文館
932,正奉大夫
933,左正奉大夫
934,右正奉大夫
935,正言
936,正議大夫
937,左正議大夫
938,右正議大夫
940,政事堂
942,知諫院
943,知令錄
946,知某縣事
948,知制誥
950,知某州軍州事
955,直館
957,直學士
958,直院
959,職方
960,執政
961,指揮使
964,制置礬稅
967,中大夫
968,中奉大夫
969,左中奉大夫
970,右中奉大夫
971,司天監中官正
972,中散大夫
973,左中散大夫
974,右中散大夫
976,中書
977,中書令
978,中書門下
979,中書舍人
981,中書省
983,文德殿鐘鼓院
985,州牧
986,幕職州縣官
987,州縣長吏
988,周易博士
989,縣主簿
991,主簿（御史臺諸寺監）
992,柱國
996,諸司副使
998,諸司使副
999,秘書省著作郎
1001,著作佐郎
1002,轉運副使
1003,轉運司判官
1004,轉運使
1009,資政殿大學士
1010,資政殿學士
1012,宗正寺丞
1013,宗正寺卿
1014,宗正寺少卿
1015,宗正寺
1019,左侍禁
1020,左補闕
1021,左藏庫
1022,左丞相
1023,右丞相
1024,左輔
1025,左諫議大夫
1026,左散騎常侍
1027,左拾遺
1028,左司諫
1029,尚書省左右司
1030,左(右)名曹
1032,左正言
1033,和安大夫
1034,成和大夫
1035,成安大夫
1036,成全大夫
1037,保和大夫
1038,平和大夫
1039,保安大夫
1040,翰林良醫
1041,和安郎
1042,成和郎
1043,成安郎
1044,成全郎
1045,保和郎
1046,平和郎
1047,保安郎
1048,翰林醫正
1050,翰林醫效
1051,翰林醫痊
1052,翰林醫愈
1053,翰林醫證
1054,翰林醫診
1055,翰林醫候
1056,翰林醫學
1057,翰林祗候
1058,春官大夫
1059,夏官大夫
1060,秋官大夫
1061,冬官大夫
1062,太史局丞
1063,太史局直長
1064,保章正
1066,局生
1067,驃騎大將軍
1068,輔國大將軍
1069,鎮國大將軍
1071,冠軍大將軍
1072,懷化大將軍
1073,雲麾將軍
1074,歸德將軍
1075,忠武將軍
1076,壯武將軍
1077,宣威將軍
1078,明威將軍
1079,定遠將軍
1080,寧遠將軍
1081,游騎將軍
1082,游擊將軍
1083,昭武校尉
1084,昭武副尉
1085,振威校尉
1086,振威副尉
1087,致果校尉
1088,致果副尉
1089,翊麾校尉
1090,翊麾副尉
1091,宣節校尉
1092,宣節副尉
1093,御武校尉
1094,御武副尉
1095,仁勇校尉
1096,仁勇副尉
1097,陪戎校尉
1098,陪戎副尉
1101,三京府判官
1102,留守判官
1103,防禦判官
1104,團練判官
1105,京府推官
1106,留守推官
1107,節度推官
1108,觀察推官
1109,戶曹參軍
1110,法曹參軍
1111,河陽三城節度使
1112,山南東道節度使
1113,山南西道節度使
1114,劍南東川節度
1115,劍南西川節度
1116,荊南節度使
1117,河東節度使
1118,淮南節度使
1119,節度觀察留後
1120,承宣使
1121,遙郡節度觀察留後
1122,遙郡承宣使
1123,遙郡觀察使
1124,遙郡防禦使
1125,遙郡團練使
1126,遙郡刺史
1127,內客省使
1128,武德使
1129,宮苑使
1130,左騏驥使
1131,右騏驥使
1132,內藏庫使
1133,左藏庫使
1134,東作坊使
1135,西作坊使
1136,莊宅使
1137,六宅使
1138,文思使
1139,內園使
1140,洛苑使
1141,如京使
1142,崇儀使
1143,西京左藏庫使
1144,西京作坊使
1145,東染院使
1146,西染院使
1147,禮賓使
1148,皇城副使
1149,武德副使
1150,宮苑副使
1151,左騏驥副使
1152,右騏驥副使
1153,內藏庫副使
1154,左藏庫副使
1155,東作坊副使
1156,西作坊副使
1157,莊宅副使
1158,六宅副使
1159,文思副使
1160,內園副使
1161,洛苑副使
1162,如京副使
1163,崇儀副使
1164,西京左藏庫副使
1165,西京作坊副使
1166,東染院副使
1167,西染院副使
1168,禮賓副使
1169,翰林使
1170,翰林副使
1171,尚食使
1172,尚食副使
1173,御厨使
1174,御厨副使
1175,軍器庫使
1176,軍器庫副使
1177,儀鸞使
1178,儀鸞副使
1179,弓箭庫使
1180,弓箭庫副使
1181,東綾錦使
1182,東綾錦副使
1183,西綾錦使
1184,西綾錦副使
1185,東八作使
1186,東八作副使
1187,西八作使
1188,西八作副使
1189,香藥庫使
1190,香藥庫副使
1191,牛羊使
1192,牛羊副使
1193,榷易使
1194,榷易副使
1195,氈毯使
1196,氈毯副使
1197,鞍轡使
1198,鞍轡庫副使
1199,酒坊使
1200,酒坊副使
1201,法酒庫使
1202,法酒庫副使
1203,翰林醫官使
1204,翰林醫官副使
1205,殿前承旨
1206,借職承旨
1207,文班承旨
1208,三班差使
1209,茶酒班殿侍
1210,披帶班殿侍
1211,下班殿侍
1212,大將
1213,正名軍將
1214,守闕軍將
1215,軍大將
1216,甲頭
1217,公據
1218,通侍大夫
1219,正侍大夫
1220,宣正大夫
1221,履正大夫
1222,協忠大夫
1223,中侍大夫
1224,中亮大夫
1225,中衛大夫
1226,翊衛大夫
1227,親衛大夫
1228,拱衛大夫
1229,左武大夫
1230,右武大夫
1231,武功大夫
1232,武德大夫
1233,武顯大夫
1234,武節大夫
1235,武略大夫
1236,武經大夫
1237,武義大夫
1238,武翼大夫
1239,正侍郎
1240,宣正郎
1241,履正郎
1242,協忠郎
1243,中侍郎
1244,中亮郎
1245,中衛郎
1246,翊衛郎
1247,親衛郎
1248,拱衛郎
1249,左武郎
1250,右武郎
1251,武功郎
1252,武德郎
1253,武顯郎
1254,武節郎
1255,武略郎
1256,武經郎
1257,武義郎
1258,武翼郎
1259,訓武郎
1260,敦武郎
1261,修武郎
1262,從義郎
1263,秉義郎
1264,忠訓郎
1265,忠翊郎
1266,成忠郎
1267,保義郎
1268,承節郎
1269,承信郎
1270,進武校尉
1271,進義校尉
1272,進武副尉
1273,進義副尉
1274,守闕進義副尉
1275,進勇副尉
1276,守闕進勇副尉
1277,班官
1279,延福宮使
1280,景福殿使
1281,宣慶使
1282,宣政使
1283,昭宣使
1284,黃門
1285,祗候侍禁
1286,祗候殿直
1287,祗候黃門內品
1288,祗候內品
1289,貼祗候內品
1290,內常侍
1291,殿頭
1292,高品
1293,高班
1294,內品
1295,貴妃
1296,淑妃
1297,德妃
1298,賢妃
1299,太儀
1300,淑儀
1302,貴儀
1303,淑容
1304,順儀
1305,順容
1306,婉儀
1307,婉容
1308,昭儀
1309,昭容
1310,昭媛
1311,修儀
1312,修容
1313,修媛
1314,充儀
1315,充容
1316,充媛
1317,婕妤
1318,美人
1319,才人
1320,貴人
1321,宸妃
1322,寶林
1323,御女
1324,采女
1325,宮官
1327,知內省事
1328,知尚書內省公事
1329,尚書內省
1330,管勾尚書內省公事
1331,司宮令
1332,尚宮
1333,司言
1334,典言
1335,掌言
1336,司記
1337,典記
1338,掌記
1339,司簿
1340,典簿
1341,掌簿
1342,司闈
1343,典闈
1344,掌闈
1345,尚儀
1346,司籍
1347,典籍
1348,掌籍
1349,司樂
1350,典樂
1351,掌樂
1352,司賓
1353,典賓
1354,掌賓
1355,司贊
1356,彤史
1357,典贊
1358,掌贊
1359,尚服
1360,司寶
1361,典寶
1362,掌寶
1363,司衣
1364,典衣
1365,掌衣
1366,司飾
1367,典飾
1368,掌飾
1369,司仗
1370,典仗
1371,掌仗
1372,尚食
1373,司膳
1374,司醞
1375,典醞
1376,掌醞
1377,司藥
1378,典藥
1379,掌藥
1380,司饎
1381,典饎
1382,掌饎
1383,尚寢
1384,司設
1385,典設
1386,掌設
1387,司輿
1388,典輿
1389,掌輿
1390,司苑
1391,典苑
1392,掌苑
1393,司燈
1394,典燈
1395,掌燈
1396,尚功
1397,司製
1398,典製
1399,掌製
1400,司珍
1401,典珍
1402,掌珍
1403,司綵
1404,典綵
1405,掌綵
1406,司計（女官）
1407,典計
1408,掌計
1409,女史
1410,宮正
1411,司正
1412,內宰
1413,副宰
1414,司治
1415,司教
1416,司儀
1417,司政
1419,司繕
1420,內史
1421,治中
1422,祗候人
1423,御侍
1424,侍御行首
1425,押班殿直
1426,樂使
1427,仙韶使
1428,樂使副使
1429,仙韶副使
1430,管勾仙韶公事
1432,大監
1433,衣服
1434,梳篦
1435,枕被
1436,司給
1437,司寢
1438,湯藥
1439,掌燈火
1440,弟子
1441,直筆
1442,尚字直筆
1443,司字直筆
1444,典字直筆
1445,散直
1446,散直行首
1447,散直都行首
1448,樂長
1449,主管大內公事
1450,提舉十閣分
1451,輦頭
1452,引客
1453,直閣
1454,直門
1455,直仗
1456,監班
1457,宮正直筆
1458,承宣
1459,知書省
1460,紅霞帔
1461,紫霞帔
1462,內謁者
1463,勾當左春坊事
1464,勾當右春坊事
1465,管勾左春坊事
1466,管勾右春坊事
1467,同主管左春坊事
1468,同主管右春坊事
1469,提舉左春坊事
1470,提舉右春坊事
1471,左春坊謁者
1472,右春坊謁者
1473,皇太子宮都監
1474,皇太子宮祗候
1475,皇太子宮承受
1476,太子中舍人
1477,太子舍人
1478,太子侍讀
1479,太子侍講
1480,東宮講讀官
1481,資善堂翊善
1482,資善堂贊讀
1483,資善堂直講
1484,皇太子宮小學教授
1485,資善堂說書
1486,資善堂都監
1487,勾當資善堂
1488,資善堂伴讀
1489,資善堂小學教授
1492,太子諸率府副率
1493,太子左衛率府率
1494,太子左衛率府副率
1495,太子右衛率府率
1496,太子右衛率府副率
1497,太子左司御率府率
1498,太子左司御率府副率
1499,太子右司御率府率
1500,太子右司御率府副率
1501,太子左清道率府率
1502,太子左清道率府副率
1503,太子右清道率府率
1504,太子右清道率府副率
1505,太子左監門率府率
1506,太子左監門率府副率
1507,太子右監門率府率
1508,太子右監門率府副率
1509,太子左內率府率
1510,太子左內率府副率
1511,太子右內率府率
1512,太子右內率府副率
1513,公主宅都監
1514,管勾公主宅事
1515,勾當公主宅事
1516,公主宅入位祗應
1517,帝姬宅教授
1518,公主
1519,長公主
1520,大長公主
1521,長帝姬
1522,大長帝姬
1523,帝姬
1524,郡主
1525,宗姬
1526,縣主
1527,族姬
1528,郡馬
1529,縣馬
1530,親王諸宮司使
1531,都大管勾親王諸宮司
1532,親王諸宮司都監
1534,親王府記室參軍事
1535,親王府翊善
1536,親王府侍講
1537,親王府直講
1538,親王府贊讀
1539,皇子位說書
1540,皇子位伴讀
1541,南宅教授
1542,北宅教授
1543,皇姪、皇孫教授
1544,南宮侍教
1545,北宅侍講
1546,南宅伴讀
1547,北宅伴讀
1548,南宅講書
1549,北宅講書
1550,親賢宅講書
1551,睦親宅小學教授
1552,廣親宅小學教授
1553,諸宮院大學教授
1554,諸王宮大小學教授
1555,宗子博士
1556,睦親宅都講
1557,諸王宮都講
1558,管勾睦親、廣親宅所
1559,勾當南宮諸院公事
1560,勾當北宅諸院公事
1561,勾當睦親西宅諸院公事
1562,郡王府都監
1563,郡王府教授
1565,郡王府翊善
1566,郡王府侍講
1567,郡王府記室參軍
1568,直學士院
1569,權直學士院
1570,翰林權直
1571,學士院權直
1572,員外學士
1573,翰林待詔
1574,崇政殿說書
1575,侍讀
1576,翰林侍讀
1577,讀官
1578,侍講
1579,翰林侍講
1580,講官
1581,講讀官
1582,經筵官
1583,入內內侍省
1584,入內都知司
1585,東門都知司
1586,入內內班院
1587,入內內班都知
1588,入內內班押班
1589,入內黃門班院
1590,入內黃門都知
1591,內侍省入內內侍班院
1592,內侍省入內內侍都知
1593,內中高品班院
1594,內中高品都知
1595,裏面內班小底都知
1597,內中高品押班
1600,中黃門
1601,入內內品
1602,入內高班
1603,內中高品
1604,入內高品
1605,入內殿頭高班
1606,入內殿頭高品
1608,入內殿頭小底
1609,內中黃門小底
1612,入內西頭供奉官
1613,入內供奉官
1614,入內高班內品
1615,入內內侍省都都知
1619,入內內侍省都知司
1622,入內內侍省都知
1629,知入內內侍省事
1631,入內內侍省副都知
1636,同知入內內侍省事
1639,入內內侍省押班
1641,簽書入內內侍省事
1642,內常侍(入内内侍省)
1643,入內內侍省內侍班
1644,入內內侍省內東頭供奉官
1649,入內內侍省內西頭供奉官
1651,入內內侍省內侍殿頭
1652,入內內侍省內侍高品
1653,入內內侍省內侍高班
1654,入內內侍省內侍黃門
1657,入內內侍省小黃門
1658,入內內侍省供奉官
1659,入內內侍省左侍禁
1660,入內內侍省右侍禁
1661,入內內侍省左班殿直
1662,入內內侍省右班殿直
1663,入內內侍省祗候班
1664,入內祗候殿頭
1665,入內祗候侍禁
1666,入內祗候高品
1667,入內祗候殿直
1668,入內祗候高班內品
1669,入內祗候黃門內品
1670,入內祗候內品
1671,入內祗候小內品
1672,入內貼祗候內品
1674,入內把門內品
1675,入內後苑內品
1676,入內後苑散內品
1677,入內北班內品
1678,入內後苑勾當事內品
1679,入內內侍省寄班
1680,內侍監
1681,內侍少監
1682,內侍省
1683,內侍
1684,內常侍(内侍省)
1685,內給事
1686,內寺伯
1687,宮教博士
1688,掖庭局令
1689,宮闈局令
1690,奚官局令
1691,內僕局令
1692,內府局令
1693,內班院
1694,內班院左班都知
1695,內班院右班都知
1696,內班院左班押班
1697,內班院右班押班
1698,黃門院
1699,黃門院左班押班
1700,黃門院右班押班
1701,內侍省內侍班院
1702,內侍省內侍班院左班都知
1703,內侍省內侍班院右班都知
1704,內侍省內侍班院左班副都知
1705,內侍省內侍班院右班副都知
1706,內侍省內侍班院左班押班
1707,內侍省內侍班院右班押班
1708,內侍省都都知
1709,內侍省左右班都都知
1710,內侍省左右班都知
1711,內侍省左班都知
1712,內侍省右班都知
1713,內侍省都知司
1714,內侍省左班副都知
1715,內侍省右班副都知
1716,內侍省內侍右班副都知
1717,內侍省押班
1718,內侍省內侍押班公事
1719,內侍省內侍押班
1720,內侍省內侍班
1721,內侍省內東頭供奉官
1722,內侍省內西頭供奉官
1723,內侍省內侍殿頭
1726,內侍省內侍高品
1727,內侍省內侍高班
1728,內侍省內侍黃門
1729,內侍省小黃門
1730,內侍省內侍殿直
1731,內侍省祗候班
1732,祗候高品
1733,祗候高班內品
1737,把門內品
1738,後苑內品
1739,後苑勾當事內品
1740,北班內品
1741,散內品
1742,後苑散內品
1743,在京黃門內品
1744,外處揀來內品
1745,西京北班內品
1746,郢州內品
1747,唐州內品
1748,復州內品
1749,內侍省寄班
1750,寄班祗候
1751,寄班供奉
1752,寄班侍禁
1753,寄班殿直
1754,寄班奉職
1755,寄班借職
1756,寄班小底
1757,西京灑掃班
1758,灑掃院子
1759,內侍官
1760,中使
1761,詔使
1762,日邊人
1763,閣長
1764,宮都監
1766,勾當御藥院
1769,幹辦御藥院
1770,主管御藥院
1771,上御藥
1772,上御藥供奉
1773,御藥院祗候
1774,典事
1775,書寫崇奉祖宗表詞待詔
1776,內東門司
1777,內東門取索司
1778,勾當內東門司
1779,幹辦內東門司
1780,押司官
1782,後行
1783,監合同憑由司
1784,管勾往來國信所
1786,機宜司
1787,知雄州機宜司
1788,國信司
1789,管勾國信
1790,主管往來國信所
1792,國信所回易庫幹辦公事
1793,掌儀範
1795,大通事
1796,小通事
1797,通事
1798,通事殿侍
1799,譯語殿侍
1800,奉使大金國信所
1801,都轄禮物官
1803,引接儀範
1804,書狀官
1805,後苑使
1806,權幹辦後苑官
1807,後苑大主管使臣
1809,提舉後苑作生活所
1811,管勾龍圖閣
1812,管勾天章閣
1813,管勾寶文閣
1814,勾當龍圖閣
1815,勾當天章閣
1816,勾當寶文閣
1817,勾當軍頭、引見司
1818,幹辦軍頭、引見司
1819,勾當翰林院
1820,提舉翰林院
1821,提點翰林院
1822,主管翰林天文局
1823,翰林院天文官
1824,翰林局天文官
1827,勾當翰林圖畫院
1828,翰林圖畫院待詔
1830,翰林圖畫院藝學
1831,翰林圖畫院祗候
1832,勾當翰林御書院
1833,幹辦翰林御書院
1835,翰林侍書
1837,翰林御書院書寫待詔
1842,翰林御書院翰林待詔
1845,翰林御書院翰林書藝學
1848,翰林御書院書學祗候
1850,著綠待詔
1851,賜緋待詔
1852,賜紫待詔
1853,廟令差遣待詔
1854,翰林御書院專知官
1855,翰林御書院副知官
1856,御書院專副
1857,翰林御書院押宿官
1859,提舉翰林醫官院
1860,主管翰林醫官局
1863,翰林醫官副使
1865,直翰林醫官院
1866,翰林醫官
1868,翰林祗候醫人
1870,內宿醫官
1871,醫師
1872,御醫
1873,診御脉
1874,入內看醫
1875,駐泊醫官
1876,醫職
1877,醫工
1878,太醫
1879,同中書門下二品
1884,同中書門下平章事、昭文館大學士
1885,同中書門下平章事、監修國史
1887,左相
1888,右相
1889,尚書左僕射兼門下侍郎
1890,尚書右僕射兼中書侍郎
1891,左揆
1892,右揆
1893,太宰兼門下侍郎
1894,少宰兼中書侍郎
1895,尚書左僕射、同中書門下平章事
1896,尚書右僕射、同中書門下平章事
1897,同平章軍國事
1898,平章軍國事
1900,少傅
1901,提點中書制敕院五房公事
1908,檢正中書五房公事
1914,檢正中書孔目房公事
1915,檢正中書吏房公事
1916,檢正中書戶房公事
1917,檢正中書禮房公事
1918,檢正中書刑房公事
1919,中書五房習學公事
1923,制敕院五房堂後官
1927,發敕官
1928,承旨官
1929,直舍人院
1930,同修起居注
1934,掌起居郎事
1936,掌起居舍人事
1938,知審官院事
1940,判吏部南曹事
1943,知審官東院事
1945,審官東院主簿
1946,知審官西院事
1948,審官西院主簿
1949,判吏部流内銓事
1953,勾當三班院公事
1954,提舉兵部、吏部、司封、司勳官告院事
1956,判兵部、吏部、司封、司勳官告院事
1958,判禮儀院
1959,知禮儀院事
1960,同知禮儀院事
1961,判太常禮院
1963,同判太常禮院
1964,知太常禮院
1966,同知太常禮院
1967,太常禮院編纂禮書
1968,提舉修敕令
1969,同提舉詳定一司敕令
1970,詳定一司敕令
1973,同詳定一司敕令
1974,詳定一司敕令所承受
1975,詳定一司敕令所都大提舉諸司官
1977,提舉編類聖政
1978,編類聖政檢討官
1979,同制置三司條例
1982,制置三司條例司檢詳文字
1987,制置三司條例司相度利害官
1988,看詳編修中書條例
1989,同看詳編修中書條例
1990,編修中書條例
1991,都大提舉在京諸司庫務
1996,同都大提舉在京諸司庫務
1997,都大提舉在京諸司庫務司勾當公事
2001,判樞密院事
2002,簽書樞密院事
2003,同簽書樞密院事
2004,領樞密院事
2005,權領樞密院事
2006,權同發遣樞密院事
2007,樞密院承旨
2008,樞密院都承旨
2009,權樞密院副都承旨
2010,樞密院副都承旨
2011,樞密院諸房副承旨
2012,樞密院幹辦官
2013,樞密院計議官
2014,樞密院檢詳諸房文字
2015,樞密院編修
2016,知通進銀臺司公事
2018,知通進銀臺司兼門下封駁公事
2022,勾當通進銀臺事兼門下封駁公事
2024,銀臺司主事
2025,銀臺司書令史
2027,銀臺司令史
2028,弓馬教頭
2029,樞密院將帥
2030,樞密院將佐
2031,都統制
2032,副都統制
2033,統制
2034,統領
2035,將佐
2036,正將
2037,副將
2038,準備將領
2039,偏裨
2040,提領海船
2041,樞密院使臣
2042,準備差使
2043,準備使喚
2044,準備聽候使喚
2045,準備差遣
2046,效士
2047,樞密院尅擇官
2049,樞密院給使
2050,大程官
2051,樞密院逐房副承旨
2053,主事
2054,令史
2055,書令史
2056,貼房
2057,主管三省樞密院架閣文字
2058,監三省樞密院門
2059,行在三司使
2060,三司總計度使
2063,三司左計使
2065,三司右計使
2067,三計使
2068,判三司事
2070,同判三司事
2071,提點三司公事
2072,都提舉三司公事
2073,判留守司三司公事
2076,判行在三司公事
2077,權三司使公事
2079,權三司使
2080,權發遣三司使公事
2084,三司副使
2085,行在三司副使
2086,三部使
2087,三部副使
2088,鹽鐵使
2089,三司鹽鐵副使
2091,度支使
2092,三司度支副使
2094,戶部使
2095,三司戶部副使
2096,權三司鹽鐡副使
2097,權三司度支副使
2098,權三司戶部副使
2099,權發遣三司副使公事
2102,權發遣三司度支副使公事
2104,權發遣三司戶部副使公事
2106,權發遣三司鹽鐵副使公事
2108,隨駕三司判官
2109,總計度司判官
2111,左計司判官
2112,右計司判官
2113,左計司十道判官
2114,右計司十道判官
2115,權發遣三司判官公事
2117,三司鹽鐵判官
2119,權三司鹽鐵判官
2121,權發遣三司鹽鐵判官公事
2123,三司度支判官
2125,權三司度支判官
2127,權發遣三司度支判官公事
2130,三司戶部判官
2132,權三司戶部判官
2133,權發遣三司戶部公事
2135,三司巡官
2136,勾當修造案公事
2137,三部勾院判勾官
2138,判三司鹽鐵勾院公事
2140,判三司度支勾院公事
2142,判三司戶部勾院公事
2144,判三司勾院公事
2148,判三司都勾院
2150,判左計勾院公事
2151,判右計勾院公事
2152,判三司都磨勘司公事
2155,三司開拆司推官
2156,判三司開拆司公事
2157,判三司都理欠憑由司
2159,權管勾三司都理欠憑由司公事
2160,判戶部憑由司
2161,判鹽鐵憑由司
2162,判度支憑由司
2163,都大提舉河渠司
2165,勾當河渠司公事
2170,知三司推勘院事
2171,管勾三司推勘官
2173,在京都糧料使
2174,西京糧料院使
2175,勾當諸司糧料院公事
2176,勾當馬軍糧料院公事
2177,勾當步軍糧料院公事
2178,勾當馬步軍專勾司公事
2179,提舉三司帳司、勾院磨勘司
2184,提舉三司帳勾磨勘司
2185,同提舉三司帳司勾院磨勘司
2186,權發遣提舉三司帳司勾院磨勘司
2187,監金耀門書庫
2189,三司軍將
2190,三司大將
2191,三司孔目官
2192,三司都勾押官
2193,三司勾覆官
2194,宣徽南院使
2196,宣徽北院使
2197,群牧制置使
2201,制置群牧使
2202,群牧使
2203,權群牧制置使
2204,同群牧制置使
2207,同群牧使
2208,勾當制置群牧司事
2211,群牧副使
2212,群牧都監
2213,群牧判官
2214,權群牧判官
2215,權發遣群牧判官公事
2217,同群牧事知州、軍
2218,提點左廂諸監公事
2220,提點右廂諸監公事
2222,勾當估馬司公事
2223,馬官
2224,監牧指揮使
2225,勾當監公事
2226,監主簿
2227,河南監牧使
2228,河北監牧使
2229,監牧使
2230,提舉陜西等路監牧及買馬公事
2231,提舉陜西等路買馬監牧司勾當公事
2233,提舉秦鳳等路買馬監牧司
2234,紫宸殿學士
2235,延和殿學士
2236,宣和殿學士
2237,保和殿學士
2238,保和殿大學士
2239,述古殿學士
2240,閣學士
2241,閣直學士
2242,閣待制
2243,直龍圖閣
2244,天章閣直學士
2245,直天章閣
2246,天章閣侍講
2247,寶文閣學士
2248,寶文閣直學士
2249,寶文閣待制
2250,直寶文閣
2251,顯謨閣學士
2252,顯謨閣直學士
2253,顯謨閣待制
2254,直顯謨閣
2255,徽猷閣學士
2256,徽猷閣直學士
2257,徽猷閣待制
2258,直徽猷閣
2259,敷文閣學士
2260,敷文閣直學士
2261,敷文閣待制
2262,直敷文閣
2263,煥章閣學士
2264,煥章閣直學士
2265,煥章閣待制
2266,直煥章閣
2267,華文閣學士
2268,華文閣直學士
2269,華文閣待制
2270,直華文閣
2271,寶謨閣學士
2272,寶謨閣直學士
2273,寶謨閣待制
2274,直寶謨閣
2275,寶章閣學士
2276,寶章閣直學士
2277,寶章閣待制
2278,直寶章閣
2279,顯文閣學士
2280,顯文閣直學士
2281,顯文閣待制
2282,直顯文閣
2283,監三館書籍秘閣圖書
2285,點檢三館秘阁书籍
2286,同勾当三館秘阁事
2287,崇文院檢討
2288,崇文院校書
2289,昭文館大學士
2290,編校昭文館書籍
2291,直昭文館
2292,判昭文館事
2294,監修國史
2295,史館修撰
2298,判史館事
2301,直史館
2303,史館編修
2304,史館檢討
2305,史館祗候
2306,史館校勘
2307,編校史館書籍
2308,集賢殿大學士
2309,集賢院大學士
2310,集賢殿直學士
2311,集賢院學士
2312,判集賢院事
2314,直集賢院
2315,集賢院校理
2317,編校集賢院書籍
2318,直秘閣
2319,提轄秘閣供御圖書
2320,判秘閣事
2322,監秘閣圖書
2324,編校秘閣書籍
2325,館閣編校書籍
2326,館閣校勘
2327,集賢殿修撰
2328,集英殿修撰
2329,右文殿修撰
2330,秘閣修撰
2331,直睿思殿
2332,睿思殿供奉
2333,三省都錄事
2334,判門下省事
2335,外符寶郎
2336,內符寶郎
2338,錄事[門下、中書、尚書省]
2339,守當官
2340,守闕守當官
2341,點檢通進司公事
2342,監通進司官
2343,承轉承接親從官
2344,承轉承接親事官
2345,承轉承接親從親事官
2346,奏稟使臣
2347,主管通進司文字
2348,鈐轄諸道進奏院
2350,監都進奏院
2351,勾當都進奏院公事
2352,進奏官
2353,知後官
2354,私名副知
2355,守闕副知
2356,守闕進奏官
2357,揀中副知
2358,判登聞檢院事
2359,監登聞檢院
2360,監登聞檢院門
2361,主管檢匣
2362,判登聞院事
2363,勾當登聞院公事
2364,知登聞院事
2365,勾當鼓司公事
2366,判登聞鼓院事
2367,同判登聞鼓院事
2368,監登聞鼓院門
2369,判中書省事
2370,權中書舍人
2373,中書檢正逐房公事
2374,中書檢正吏房公事
2375,中書檢正戶房公事
2376,中書檢正禮房公事
2377,中書檢正刑房公事
2378,中書檢正孔目房公事
2379,中書逐房習學公事
2380,中書門下省檢正諸房公事
2381,權判尚書都省事
2382,權判行在尚書省
2383,尚書省左丞
2384,尚書省右丞
2385,尚書省左司郎中
2386,尚書省右司郎中
2387,尚書省左司員外郎
2388,尚書省右司員外郎
2391,尚書省習學公事
2392,尚書省都事
2393,御營使
2394,御營副使
2395,御營司參贊軍事
2396,御營司參議官
2397,御營使司提舉一行事務
2398,御營使司都統制
2399,御營使司副都統制
2400,御營都副統制
2401,御營五軍統制軍馬官
2402,御營使司前軍統制官
2403,御營使司後軍統制官
2404,御營使司左軍統制官
2405,御營使司右軍統制官
2406,御營使司中軍統制官
2407,御營使司都統司統領
2408,御營使司左軍都統制
2409,御營使司右軍都統制
2410,御營使司平寇左將軍
2411,御營使司平寇前將軍
2412,御營使司主管機宜文字
2413,御營宿衛使
2414,御營宿衛使司先鋒軍都統制
2415,御營宿衛使司前軍都統制
2416,御營宿衛使司右軍統制
2417,御營宿衛使司左軍統制
2418,御營宿衛使司中軍統制
2419,御營宿衛使司隨軍都轉運使
2420,御營宿衛使司書寫機宜文字
2421,提舉修政局
2422,同提舉修政局
2423,制國用使
2424,同知國用事
2425,國用使
2426,國用司參計官
2427,國用司同參計官
2428,監榷貨務都茶場
2429,提轄榷貨務兼都茶場
2430,提領榷貨務都茶場所幹辦公事
2431,提領左藏封樁庫
2432,監左藏封樁庫
2433,監左藏封樁門
2434,左藏封樁庫副知
2435,提舉尚書省講議司
2436,講議司詳定官
2437,講議司參詳官
2438,講議司檢討文字
2439,講議司宗室檢討文字
2440,講議司冗官檢討文字
2441,講議司國用檢討文字
2442,講議司賦調檢討文字
2443,講議司商旅檢討文字
2444,講議司鹽澤檢討文字
2445,講議司尹牧檢討文字
2446,尚書省講議司檢閱文字
2447,監尚書省六部門
2448,管勾尚書六部架閣庫
2449,判吏部事
2452,吏部左選侍郎
2453,吏部右選侍郎
2454,尚書省吏部郎中
2456,尚書省吏部員外郎
2458,判司封司事
2459,尚書省吏部司封司郎中
2460,尚書省吏部司封司員外郎
2461,判司勳司事
2462,尚書省吏部司勳司郎中
2463,尚書省吏部司勳司員外郎
2464,判考功司事
2465,尚書省吏部考功司郎中
2466,尚書省吏部考功司員外郎
2467,主管尚書省吏部架閣文字
2468,主管尚書省制造官告局
2469,主管官告院
2470,判尚書省戶部事
2471,權尚書省戶部尚書
2472,戶部左曹侍郎
2473,戶部右曹侍郎
2474,權戶部侍郎
2475,尚書省戶部戶部司郎中
2476,尚書省戶部戶部司員外郎
2477,戶部左曹郎中
2478,戶部左曹員外郎
2479,戶部右曹郎中
2480,戶部右曹員外郎
2481,判度支司事
2482,尚書省戶部度支司郎中
2483,尚書省戶部度支司員外郎
2484,判金部司事
2485,尚書省戶部金部司郎中
2486,尚書省戶部金部司員外郎
2487,判倉部司事
2488,尚書省戶部倉部司郎中
2489,尚書省戶部倉部司員外郎
2490,主管尚書省戶部架閣文字
2491,判禮部事
2492,權禮部尚書
2493,權禮部侍郎
2494,尚書省禮部司郎中
2495,尚書省禮部司員外郎
2496,判祠部司事
2497,尚書省禮部祠部司郎中
2498,尚書省禮部祠部司員外郎
2499,尚書省禮部主客司
2500,尚書省禮部主客司員外郎
2501,尚書省禮部膳部司郎中
2502,尚書省禮部膳部司員外郎
2503,知禮部貢舉事
2505,判尚書省兵部事
2506,同判尚書省兵部事
2507,權兵部尚書
2508,兵部勾當公事
2509,兵部主簿
2510,尚書省兵部侍郎
2511,權兵部侍郎
2512,兵部郎中
2514,尚書省兵部兵部司員外郎
2516,判職方司事
2517,尚書省兵部職方司郎中
2518,尚書省兵部職方司員外郎
2519,判駕部司事
2520,駕部司郎中
2521,駕部司員外郎
2522,判庫部司事
2523,庫部司郎中
2524,庫部司員外郎
2525,主管尚書省禮、兵部架閣文字
2526,權刑部尚書
2527,刑部侍郎
2528,尚書省刑部刑部司郎中
2529,權刑部侍郎
2531,尚書省刑部刑部司員外郎
2533,尚書省刑部都官司郎中
2534,尚書省刑部都官司員外郎
2535,尚書省刑部比部司郎中
2536,尚書省刑部比部司員外郎
2539,尚書省刑部司門司郎中
2540,尚書省刑部司門司員外郎
2541,權工部尚書
2542,權工部侍郎
2543,尚書省工部工部司郎中
2544,尚書省工部工部司員外郎
2546,尚書省工部屯田司郎中
2547,尚書省工部屯田司員外郎
2548,尚書省工部虞部司郎中
2549,尚書省工部虞部司員外郎
2550,水部司郎中
2551,水部司員外郎
2552,主管尚書省工部、刑部架閣文字
2553,判秘書省事
2554,提舉秘書省
2555,提綱史事
2557,秘書少丞
2558,秘閣校勘
2559,秘書省校對黃本書籍
2560,秘書省讀書
2561,秘書省檢閱文字
2562,秘書省都監
2563,秘書省承受官
2564,書直官
2565,表奏官
2566,書庫官
2567,通引官
2568,專知官
2569,守門親事官
2570,衣糧親事官
2571,判司天臺事
2572,司天臺主簿
2573,司天監監
2574,判司天監事
2575,同判司天監事
2576,權判司天監事
2577,知司天監事
2578,提舉司天監公事
2579,同提舉司天監公事
2580,司天監少監
2581,司天監曆算科令
2582,司天監曆算科丞
2583,司天監曆算科主簿
2584,司天監曆算
2585,司天監天文科令
2586,司天監天文科丞
2587,司天監天文科主簿
2588,司天監天文官
2589,司天監三式科令
2590,司天監三式科丞
2591,司天監三式科主簿
2592,司天監三式科六壬
2593,司天監三式科太乙
2594,司天監三式科遁甲
2595,監造曆
2596,知算造
2597,測驗記注
2598,提舉太史局
2599,判太史局
2600,同判太史局
2601,太史局令
2602,太史局正
2604,太史局春官正
2605,太史局夏官正
2606,太史局秋官正
2607,太史局冬官正
2609,太史局靈臺郎
2610,太史局保章正
2611,太史局挈壺正
2612,太史局同知算造
2613,太史局主管御書神位官
2614,太史局天文官
2615,太史局曆算
2616,酉點天文日狀官
2617,主管測驗渾儀刻漏所
2618,主管影表官
2619,秤漏官
2620,主管文德殿鍾鼓院
2621,星漏官
2622,提領造曆局
2623,參定造曆局
2624,演撰官
2625,提督推算
2626,推算官
2627,推算學生
2628,提舉修國史
2629,提領修國史
2630,權提舉國史院
2631,提舉國史院
2632,同修國史
2633,國史院編修
2634,國史院檢討官
2635,專切提舉監修實錄
2636,提舉修實錄
2637,提舉史館實錄院
2638,提舉實錄院
2639,提領實錄院
2640,修實錄
2641,權提舉實錄院
2642,實錄院修撰
2643,實錄院同修撰
2644,權實錄院同修撰
2645,實錄院檢討官
2646,國史實錄院編修檢討官
2647,提舉修日曆官
2648,日曆所檢討官
2649,日曆修書官
2650,日曆所編類聖政檢討官
2651,提舉編修國朝會要
2652,編修會要所編修
2653,編修會要所參詳
2654,編修會要所檢閱文字
2655,定《九域圖志》所詳定
2656,定《九域圖志》所參詳
2657,定《九域圖志》所編修
2658,都大提舉諸司官
2659,承受官
2660,主管諸司官
2661,判殿中省事
2662,殿中省主簿
2664,殿中省提舉六尚局
2665,管勾殿中省六尚局
2666,太官令
2667,勾當太官局
2668,典御
2669,奉御
2670,典奉御
2671,監尚衣庫
2672,監內衣庫
2673,監新衣庫
2674,監內衣物庫
2675,監朝服、法物庫
2676,判太常寺
2677,同判太常寺
2678,太常寺主簿
2679,太常寺協律郎
2680,太常寺奉禮郎
2681,太常寺太祝
2682,郎
2683,判官
2684,郊社局令
2685,太社局令
2686,太樂局令
2687,太樂局丞
2688,鼓吹局令
2689,鼓吹局丞
2690,太廟宮闈令
2691,太廟宮闈丞
2692,皇后廟宮闈令
2693,奉慈廟宮闈令
2694,太廟齋郎
2695,太廟室長
2696,第四室長
2697,郊社齋郎
2698,齋郎
2699,挽郎
2700,籍田司令
2701,耕籍使
2702,教坊使
2703,教坊副使
2704,教坊判官
2705,高班都知
2706,管幹教頭
2707,都部頭
2708,部頭
2709,副部頭
2710,鈐轄教坊
2711,衙前樂都管
2712,伶官
2713,太醫局令
2714,太醫局正
2715,太醫局丞
2716,知太醫局丞公事
2717,判太醫局
2718,提舉太醫局
2719,管勾太醫局
2720,主管太醫局
2721,提點太醫局
2722,判宗正寺事
2723,同判宗正寺事
2724,知宗正寺事
2725,權知宗正寺事
2726,知宗正丞事
2727,宗正寺主簿
2728,宗正寺伴讀
2729,太廟令
2730,三陵使
2731,三陵副使
2732,三陵都監
2733,陵使
2734,副陵使
2735,陵都監
2736,陵巡檢
2737,諸陵勾當香火內品
2738,陵臺令
2739,鞏縣令兼陵臺令事
2740,知陵臺令兼永安縣事
2741,知會稽縣事兼主管攢宮事務
2742,攢宮都監
2743,山陵使
2744,園陵使
2745,園令
2746,知園令
2747,判大宗正司事
2748,同判大宗正司事
2749,知大宗正司事
2750,同知大宗正司事
2751,記室參軍
2753,同知大宗正司丞事
2754,紹興府大宗正行司主管財用
2755,知南外宗正事
2756,知西外宗正事
2757,判西外宗正事
2758,外宗正丞
2759,外宗正主簿
2760,管勾宗室財用
2761,管勾敦宗院
2762,監敦宗院門
2763,敦宗院教授
2764,尊長
2765,都尊長
2766,提舉編修玉牒
2767,提領編修玉牒
2768,玉牒所檢討官
2769,玉牒所玉牒殿主管香火
2770,幹辦玉牒所玉牒殿
2771,修玉牒官
2772,判光祿寺事
2773,光祿寺主簿
2774,光祿寺太官令
2775,勾當御廚官
2777,監御廚官
2778,拘押官物使臣
2779,勾當翰林司公事
2780,勾當牛羊司
2781,監牛羊司
2782,勾當棧圈官
2783,衛尉寺主簿
2785,判衛尉寺事
2786,都大提點弓箭庫
2787,管勾制置軍器司
2788,都大提舉內弓箭軍器庫
2789,監軍器衣甲庫
2790,監軍器弓槍庫
2791,監弩劒箭庫
2792,監軍器什物庫
2793,監選衣甲器械庫
2794,左街使
2795,右街使
2796,知右街司事
2797,判左右金吾街司事
2798,判左金吾街仗司
2799,左金吾都監兼勾當街仗司事
2800,勾當左右金吾街仗、六軍儀仗司事
2801,幹辦左右金吾街仗司事
2802,判太僕寺事
2803,太僕寺主簿
2804,勾當左騏驥院
2805,教駿軍使
2806,騎御馬直小底
2807,騎御馬直指揮使
2808,同幹辦駝坊公事
2809,監車營務
2810,監御輦院
2811,供御指揮使
2812,供御都虞候
2813,供御軍使
2814,供御副兵馬使
2815,供御十將
2816,供御將虞候
2817,管押節級
2818,祗應節級
2819,供御輦官
2820,次供御輦官
2821,下都輦官
2822,下都輦官長行
2823,下都輦直
2824,監車輅院門
2825,御前馬院習馬使效
2826,判鴻臚寺事
2827,攝鴻臚卿
2829,鴻臚寺主簿
2830,管勾都亭西驛所
2831,知譯經院
2832,譯經使兼潤文
2833,譯經潤文官
2834,西天譯經三藏
2835,西天同譯經三藏
2836,譯經三藏大法師
2837,譯經三藏法師
2838,梵學筆受
2839,譯經綴文
2840,證義
2841,管勾同文館所
2842,提點在京寺務司
2844,左街正僧錄
2845,右街正僧錄
2846,左街副僧錄
2847,右街副僧錄
2848,左街都監
2849,右街都監
2850,左街首座
2851,右街首座
2852,左街鑒義
2853,右街鑒義
2854,左街守闕鑒義
2855,右街守闕鑒義
2856,僧正
2857,道官
2858,判司農寺事
2859,同判司農寺事
2860,司農寺都丞
2861,權司農寺都丞
2862,權發遣司農寺都丞
2863,司農寺勾當公事
2864,提點在京倉草場
2865,都大提點在京倉草場
2866,排岸兼管船場公事
2867,判太府寺事
2868,監左藏庫
2869,提轄左藏東西庫
2870,拘押官
2871,都門官
2872,中門官
2873,左藏庫都中門官
2874,提轄封樁下庫
2875,提轄封樁上庫
2876,監斗秤務官
2877,都提舉市易司公事
2878,辨驗藥材官
2879,提轄雜買務雜賣場
2880,監左右廂店宅務
2881,掠錢親事官
2882,店宅務專知官
2883,店宅務勾押官
2884,和劑局修合官
2885,監太平惠民局
2886,監行在太平惠民和劑局
2887,監太醫局熟藥所
2888,監內香藥庫
2889,監行在諸司糧料院
2890,幹辦行在諸司糧料院
2891,監行在諸軍糧料院
2892,幹辦行在諸軍糧料院
2893,幹辦行在諸軍審計司
2894,監行在諸司審計司
2895,幹辦行在諸司審計司
2896,幹辦審計司
2897,六院官
2898,幹辦戶部分差審計司
2899,判國子監事
2900,同判國子監事
2901,管勾國子監公事
2902,同管勾國子監公事
2903,判國子學事
2904,國子監主簿
2905,五經博士
2906,國子書博士
2907,國子監講書
2908,國子監直講
2909,國子監正
2910,國子監錄
2911,國子監說書
2912,監國子監書庫
2913,監國子監公廚
2914,管勾太學公事
2915,同管勾太學公事
2916,權管勾太學公事
2917,太學正
2918,職事學正
2919,太學錄
2920,職事學錄
2921,太學正錄
2922,太學助教
2923,太學說書
2924,辟雍司業
2925,辟雍主簿
2926,辟雍博士
2927,辟雍正
2928,辟雍錄
2929,命官正錄
2930,辟雍直學
2931,命官直學
2932,學生直學
2933,武學教授
2934,武學傳授
2935,武學博士
2936,武學諭
2937,武學正
2938,武學錄
2939,司計（國子監武學）
2940,律學博士
2941,律學正
2942,律學錄
2943,小學教諭
2944,職事教諭
2945,小學錄
2946,小學學長
2947,小學集正
2948,廣文館博士
2949,國子監四門助教
2950,宗子學諭
2951,醫學博士
2952,醫學正
2953,醫學錄
2954,判少府監事
2955,少府監監
2956,少府監主簿
2957,監文思院上界
2958,監文思院下界
2959,文思院兩界監官
2960,提轄文思院上下界
2961,鑄印司篆文官
2962,監綾錦院
2963,監西染院
2964,勾當染院公事
2965,監裁造院
2966,旌節官告使
2967,軍器監監
2969,判軍器監事
2970,同判軍器監事
2971,勾當軍器監公事
2972,作坊使
2973,作坊副使
2974,監在京皮角四場庫務
2975,管勾作坊造斬馬刀
2976,將作監監
2977,將作監少監
2978,判將作監事
2979,同判將作監事
2980,提舉內中修造所
2981,提舉在內修造所公事
2982,提轄修內司
2983,勾當修內司公事
2984,幹辦修內司公事
2985,勾當東西八作司公事
2986,勾當東八作司公事
2987,勾當西八作司公事
2988,勾當京西竹木務公事
2989,勾當事材場公事
2990,監京東抽稅竹箔場
2991,判都水監事
2992,同判都水監事
2993,都水監使者
2994,知都水監丞公事
2995,管勾都水監丞公事
2996,都水監內監丞
2997,知都水監主簿公事
2998,勾當都水監公事
2999,外都水監使者
3000,都水監外監丞
3001,管勾外都水監丞司公事
3002,勾當外都水監丞司公事
3003,知外都水監丞南司公事
3004,知南外都水監丞司公事
3005,知外都水監丞北司公事
3006,知北外都水監丞司公事
3007,都大提舉河事官
3008,都大提舉大名府界金堤
3009,都大提舉導洛通汴
3010,都大提舉汴河堤岸
3011,管勾街道司公事
3012,判御史臺事
3013,管勾御史臺事
3014,判御史臺三院事
3015,三院御史
3016,殿中侍御史裏行
3017,察院都承旨
3018,察院副都承旨
3019,察院承旨
3020,察院逐房副承旨
3021,監察御史裏行
3022,推直官(御史臺)
3023,推勘官(御史臺)
3024,御史臺檢法官
3025,御史臺主簿
3026,右巡使
3027,左巡使
3028,監祭使
3029,廊下使
3030,監香使
3031,管勾西京留守司御史臺公事
3032,判西京留守司御史臺
3033,管勾南京留守司御史臺公事
3034,判南京留守司御史臺
3035,管勾北京留守司御史臺公事
3036,判大理寺事
3037,知大理寺卿事
3038,大理寺卿
3039,大理寺少卿
3040,大理寺治獄少卿
3041,大理寺斷刑少卿
3042,大理寺正
3043,判大理正事
3044,大理寺右治獄丞
3045,大理寺左斷刑丞
3046,大理寺司直
3047,大理寺評事
3048,大理寺主簿
3049,大理寺詳斷官
3050,大理寺檢法官
3051,大理寺法直官
3052,捉事使臣
3053,大理寺左推職級
3054,大理寺右推職級
3055,知審刑院事
3056,審刑院詳議官
3057,判尚書省刑部事
3058,刑部詳覆官
3059,刑部詳覆習學公事
3060,刑部詳斷官
3061,刑部檢法官
3062,刑部法直官
3063,糾察在京刑獄
3064,江南淮南荊湖兩浙路發運使
3067,淮南江浙荊湖制置茶鹽礬稅兼都大發運使
3069,淮南江浙荊湖都大制置茶鹽发运副使
3070,淮南江浙荊湖制置茶鹽礬稅兼都大發運都监
3071,制置淮南江浙荊湖茶鹽礬稅兼都大發運事
3072,淮南江浙荊湖茶鹽礬稅、都大發運判官
3073,淮南江浙荊湖制置發運使兼經制兩浙江東路
3074,江淮荊浙閩廣等路經制發運使
3075,江浙京湖淮廣福建等路都大發運使
3076,權轉運使
3077,權發遣轉運使
3079,轉運使兼按察使
3080,都轉運使兼按察使
3081,隨軍轉運使
3082,轉運司管勾文字
3083,轉運司主管文字
3084,轉運司管勾帳司
3085,轉運司主管帳司
3086,轉運司勾當公事
3087,轉運司幹辦公事
3088,漕臣
3089,監酒
3090,隨軍轉運判官
3092,東班
3093,龍健軍都虞候
3094,知閤門事
3095,經略安撫使
3096,提點刑獄司幹辦公事
3098,監稅
3099,殿前司都虞候
3100,左領軍衛大將軍
3102,知某府軍府事
3104,兵馬鈐轄
3106,主管尚書省禮部架閣文字
3107,左監門衛將軍
3108,縣佐
3109,監鎮
3110,監市舶務
3111,提舉兵馬
3112,安撫使司參謀官 [=安撫大使司參謀官?]
3113,節制軍馬
3114,御前諸軍都統制司計議官
3115,賜緋
3116,賜紫
3117,制置使司參謀官
3118,制置使司參議官
3119,制置使司主管機宜文字
3120,都巡檢使
3121,安撫使司(大使司)參議官
3122,總領淮西、江東軍馬錢糧、專一報發御前軍馬文字
3123,總領浙西江東財賦、淮東軍馬錢糧、專一報發御前軍馬文字
3124,總領四川財賦軍馬錢糧、專一報發御前軍馬文字
3125,招討使
3126,尚書省左司郎官
3127,尚書省右司郎官
3129,太子左贊善大夫
3130,太子右贊善大夫
3131,左迪功郎
3132,右迪功郎
3133,東京留守
3134,延康殿學士
3135,判某州軍府事
3136,判某府軍府事
3137,安撫使司(大使司)幹辦公事
3138,防禦推官
3139,提舉茶事
3140,安撫制置使
3141,左司理參軍
3142,右司理參軍
3143,勸農副使兼提點刑獄公事
3144,勸農使兼提點刑獄公事
3145,提點刑獄勸農副使
3146,提點刑獄勸農使
3147,提舉常平司勾當公事
3148,提舉常平司幹辦公事
3149,提舉常平司主管官
3150,經制某路幹辦常平等公事
3151,諸州常平管勾官
3152,諸州常平主管官
3153,提舉開封府界常平等事
3154,提舉茶鹽官
3155,都大提舉成都府利州陝西等路兼提舉陝西等路買馬公事
3156,都大提舉成都府利州等路茶事兼提舉四川等路買馬監牧公事
3157,同提舉成都府利州陝西等路茶場公事兼提舉陝西買馬監牧公事
3158,同管勾成都府利州陝西等路茶事兼提舉陝西等路買馬監牧公事
3159,提點綱馬驛程
3160,茶使
3161,都大提點坑冶鑄錢司幹辦公事
3162,提領諸路鑄錢官
3163,檢踏坑冶官
3164,提舉江淮等路銅事
3165,稱銅官
3166,催綱官
3167,市舶使
3169,提舉廣南東路市舶官
3170,提舉兩浙路市舶事務
3171,提舉兩浙路市舶官
3172,提舉福建路市舶
3173,市舶判官
3174,管勾市舶司公事
3175,管勾市舶司使臣
3176,主管某路提舉市舶司公事
3177,提舉市舶司幹辦公事
3178,提舉市舶務
3179,主管市舶務
3180,安撫都監
3181,安撫大使
3182,管勾安撫司公事
3183,同管勾安撫司公事
3184,權主管安撫大使司公事
3185,管内安撫使
3186,體量安撫使
3187,安撫大使司參謀官
3188,安撫使司(大使司)參議官
3189,安撫使司(大使司)管勾機宜文字
3190,安撫使司(大使司)管勾書寫機宜文字
3191,安撫使司(大使司)主管書寫機宜文字
3192,安撫使司(大使司)勾當公事
3193,安撫使司(大使司)準備差遣
3194,都大經制熙河蘭會路邊防財用司
3195,同經制熙河路邊防財利
3196,同管勾經制熙河路邊防財用事
3197,經制兩浙江東路
3198,提領措置財用
3199,權措置財用
3200,路察訪使
3201,路察訪副使
3202,巡撫使
3203,江浙巡撫使
3204,提舉學事司管勾文字
3205,主管學事
3206,提點開封府界諸縣鎮公事
3207,同提點開封府界諸縣鎮公事
3208,提舉義勇保甲(五路)
3209,禁軍教頭
3210,弓箭手指揮
3211,提舉興修永興軍三白渠公事
3212,輦運使
3213,都大管勾催遣輦運
3214,都大提舉輦運
3215,撥發官
3216,三門發運使
3217,白波發運使
3218,三門白波黃渭河水路發運使
3219,提舉三門白波輦運
3220,三門白波都監
3221,河陰都監
3222,催促裝綱官
3223,浙江東路提舉鹽事司分司幹辦公事
3224,陝西路制置解鹽使
3225,開封府牧
3226,開封府尹
3227,開封府少尹
3228,權知開封府事
3229,功德使
3230,通判開封府事
3231,使院都孔目官（開封府）
3232,使院勾押官（開封府）
3233,開封府推官
3234,開封府司錄參軍事
3235,開封府功曹參軍事
3236,開封府倉曹參軍事
3237,開封府戶曹參軍事
3238,開封府兵曹參軍事
3239,開封府法曹參軍事
3240,開封府士曹參軍事
3241,開封府儀曹參軍事
3242,開封府工曹參軍事
3243,開封府刑曹參軍事
3244,開封府左軍巡使
3245,開封府右軍巡使
3246,左軍巡檢
3247,右軍巡檢
3248,開封府左軍巡判官
3249,開封府右軍巡判官
3250,開封府左軍巡院推司
3251,開封府右軍巡院推司
3252,勾當左廂公事
3253,勾當右廂公事
3254,開封府諸廂巡檢
3255,京城内外都巡檢
3256,京城四面巡檢
3257,開封府學博士
3258,開封府學錢糧官
3259,開封府管勾架閣官
3260,臨安府尹
3261,臨安府少尹
3262,知臨安軍府事
3263,通判臨安軍府事
3264,臨安府判官
3265,臨安府推官
3266,簽書節度判官廳公事
3267,觀察判官
3268,節度推官
3269,觀察推官
3270,錄事參軍事
3271,左司理參軍事
3272,右司理參軍事
3273,司戶參軍事
3274,司法參軍事
3275,主管城南廂公事
3276,主管城北廂公事
3277,主管城内左廂公事
3278,主管城内右廂公事
3279,臨安府城内左廂都巡檢
3280,臨安府城内右廂都巡檢
3281,城東廂都巡檢使
3282,城西廂都巡檢使
3283,城内左廂巡檢
3284,城内右廂巡檢
3285,都總轄
3286,都轄房使臣
3287,臨安府學教授
3288,東京副留守
3289,東京留守判官
3290,西京留守司判官
3291,南京留守司判官
3292,北京留守司判官
3293,東京留守推官
3294,西京留守司推官
3295,南京留守司推官
3296,北京留守司推官
3297,臨安府行宮留守
3298,臨安府行宮同留守
3299,建康府行宮留守
3300,主管建康府行宮留守司公事
3301,同知某州軍州事
3303,大都督
3304,大都督府長史
3305,判某州軍州事
3306,充某州軍州事
3307,權發遣某州軍州事
3308,知州帶馬步軍都總管
3309,知府帶馬步軍都總管
3310,通判某州軍州事
3311,通判某府軍府事
3312,軍使
3313,通判某軍事
3314,軍尉
3315,知某監事
3316,驛遣使
3317,提舉馬遞鋪
3318,巡轄馬遞鋪官
3319,參軍事(散官)
3320,某州（府）士曹參軍
3321,某州（府）戶曹參軍
3322,某州（府）儀曹參軍
3323,某州（府）兵曹參軍
3324,某州（府）刑曹參軍
3325,某州（府）工曹參軍
3326,某州（府）士曹掾
3327,某州（府）戶曹掾
3328,某州（府）儀曹掾
3329,某州（府）兵曹掾
3330,某州（府）刑曹掾
3331,某州（府）工曹掾
3332,觀察判官
3333,監判官
3334,軍判官
3335,團練推官
3336,某州(府軍監)學教授
3337,某州(軍)權醫學教授
3338,某州(軍)正醫學教授
3339,某州醫博士
3340,某州(府軍監)學錢糧官
3341,書院山長
3342,書院堂長
3343,書院洞主
3344,知縣事兼軍使
3345,知縣丞事
3346,縣東尉
3347,縣西尉
3348,縣學長
3349,縣學諭
3350,縣小學小長
3351,縣小學教諭
3352,砦官
3353,知砦
3354,砦主
3355,知城
3356,知關
3357,知堡
3358,五岳廟令
3359,四瀆廟令
3360,東海、南海岳廟令
3361,管勾廟事
3362,鄉長
3363,鄉書手
3364,耆長
3365,里正
3366,監倉
3367,監坑冶
3368,監庫務
3369,監門
3370,監糧料院
3371,監作院
3372,吏部司郎官
3373,主管宮觀
3374,同知諫院
3375,主管宗室財用
3376,賀金國生辰使
3377,主管尚書某部架閣文字
3378,大晟府典樂
3379,大晟府大樂令
3380,倉部司郎官
3381,司封司郎官
3382,吏部郎官
3383,銀酒監武
3384,刑部郎官
3385,考功司郎官
3386,戶部郎官
3387,國王
3388,提舉常平
3389,兵部司郎官
3390,戶部右曹郎官
3391,金部司郎官
3392,大晟府樂正
3393,副樂正
3394,駕部司郎官
3395,湖廣總領所幹辦公事
3396,四川總領所幹辦公事
3397,淮西總領所幹辦公事
3398,沿海制置使
3399,沿海制置副使
3400,右從事郎
3401,左從事郎
3402,宣撫判官
3403,將
3404,監在京市易務
3405,尚書省禮部祠部司郎官
3406,監贍軍酒庫
3407,左街正道錄
3408,右街正道錄
3409,左街副道錄
3410,右街副道錄
3411,措置河北糴便糧草司
3412,司錄參軍事
3413,提刑司緝捕官
3414,兵馬都鈐轄
3415,路提舉鹽事司
3416,戶部左曹郎官
3417,都督府參議官
3418,虞部司郎官
3419,發運大使
3420,館伴正旦使
3421,學正
3422,直學
3423,宣撫使司參議官
3424,史館檢閲
3425,宗子學正
3426,禮部司郎官
3427,御史臺推直官
3428,監左藏東庫
3429,監左藏西庫
3430,左監門衛大將軍
3431,右衛大將軍
3432,分司西京
3433,分司南京
3434,學諭
3435,修河都監
3436,殿前司副都指揮使
3437,東班殿侍
3438,西班殿侍
3439,度支司郎官
3440,攝官
3441,緣邊安撫副使
3442,緣邊安撫使
3443,左衛大將軍
3444,右衛大將軍
3445,左修職郎
3446,右修職郎
3447,工部司郎官
3448,皇太子妃
3449,左羽林軍大將軍
3450,右羽林軍大將軍
3451,撫諭使
3452,提點降賜庫
3453,宣撫使司主管機宜文字
3454,走馬承受公事
3455,知大宗正司丞事
3456,都官司郎官
3457,都大提舉茶馬司
3458,提舉折納
3459,兵馬鈐轄司
3460,經略安撫使司準備差遣
3461,左龍武軍將軍
3462,右龍武軍將軍
3463,提舉保甲
3464,都督府參贊軍事
3465,巡檢使
3466,屯田司郎官
3467,左衛將軍
3468,右衛將軍
3469,主管經略安撫使司公事
3470,御前忠佐步軍副都軍頭
3471,御前忠佐步軍都軍頭
3472,御前忠佐馬軍都軍頭
3473,御前忠佐馬軍副都軍頭
3474,御前忠佐馬步軍副都軍頭
3475,御前忠佐馬步軍都軍頭
3476,樞密院押衙知客
3477,驅使官
3478,知班官
3479,安撫制置大使
3480,左金吾衛大將軍
3481,右金吾衛大將軍
3482,左金吾衛將軍
3483,右金吾衛將軍
3484,判右金吾街仗司
3486,內官
3487,主管侍衛親軍馬軍司公事
3488,司天監五官正
3489,左領軍衛將軍
3491,沿海制置司參議官
3492,宣撫副使
3493,招撫使
3494,安撫司幕官撫僚帥屬
3495,沿江水軍制置使司幹辦公事
3496,侍衛親軍馬軍司都指揮使
3497,左金吾衛上將軍
3498,右金吾衛上將軍
3499,國史實錄院編校文字
3500,制置副使
3501,制置屯田使
3502,教練使
3503,湖廣總領所準備差遣
3504,制敕院沿堂五院驅使官
3505,殿中省進馬
3506,河北兵馬副元帥
3507,河北兵馬大元帥
3508,奉安御容禮儀使
3509,同巡檢使
3510,安撫使司計議官
3511,招討使司計議官
3512,門下省吏房
3513,門下省戶房
3514,門下省禮房
3515,門下省兵房
3516,門下省刑房
3517,門下省工房
3518,門下省開拆房
3519,門下省章奏房
3520,門下省制敕庫房
3521,門下省催驅房
3522,門下省班簿房
3523,門下省點檢房
3524,門下後省
3525,門下後省上案
3526,門下後省下案
3527,門下後省封駁案
3528,門下後省諫官案
3529,門下後省記注案
3530,錄事（宋代）
3531,邸吏
3532,承送親事官
3533,監鼓
3534,看鼓
3535,下夫
3536,中書省吏房
3537,中書省戶房
3538,中書省禮房
3539,中書省兵房
3540,中書省刑房
3541,中書省工房
3542,中書省生事房
3543,中書省班簿房
3544,中書省制敕庫房
3545,中書省催驅房
3546,中書省點檢房
3547,中書省開拆房
3548,中書後省
3549,中書後省上案
3550,中書後省下案
3551,中書後省制誥案
3552,中書後省諫官案
3553,中書後省記注案
3554,都檢正廳
3555,檢正廳
3556,中書門下省檢正房
3557,中書門下省檢正所
3558,尚書都省
3559,尚書省吏房
3560,尚書省戶房
3561,尚書省禮房
3562,尚書省兵房
3563,尚書省刑房
3564,尚書省工房
3565,尚書省奏鈔班簿房
3566,尚書省案鈔刑房
3567,尚書省都知雜房
3568,尚書省開拆房
3569,尚書省催驅房
3570,尚書省點檢房
3571,尚書省制敕庫房
3572,行在尚書省
3575,朝堂
3576,仆射丞
3577,二丞
3578,中臺二轄
3579,尚書省左丞廳
3580,尚書省右丞廳
3581,尚書丞郎
3582,尚書省左司
3583,尚書省右司
3584,尚書省左右司
3585,尚書都司御史房
3586,尚書都司茶鹽案
3587,尚書省左司知雜案
3588,尚書省右司知雜案
3589,尚書省左右司郎官
3590,御營使司
3591,御營使司都統制司
3592,御營使司激賞庫
3593,御營宿衛使司
3594,修政局
3595,三省戶房國用司
3596,國用司
3597,國用參計所
3598,榷貨務都茶場
3599,三務場
3600,提領三榷貨務兼都茶場所
3601,提轄榷貨務都茶場司
3602,在京榷貨務
3603,榷貨務
3604,山場
3605,買鈔所
3606,博買都茶場
3607,茶場司
3608,行在會子務
3609,會子庫
3610,左藏封樁庫
3611,提領左藏封樁庫
3612,提領左藏封樁庫所
3613,左藏封樁庫副知
3614,左藏封樁庫手分
3615,左藏封樁庫書手
3616,左藏封樁庫庫子
3617,尚書省講議司
3618,尚書省講議財利司
3619,尚書省詳議司
3620,議禮局
3621,禮制局
3622,尚書省六部
3623,五曹尚書
3624,權六部尚書
3625,權六部侍郎
3626,六部長貳
3627,尚書二十四司
3628,尚書省二十四司郎中
3629,尚書省二十四司員外郎
3630,尚書省六部諸司郎中員外郎
3631,尚書省吏部
3632,權吏部尚書
3633,吏部尚書左選
3634,吏部尚書左選六品案
3635,吏部尚書左選七品案
3636,吏部尚書左選八品案
3637,吏部尚書左選九品案
3638,吏部尚書左選注擬案
3639,吏部尚書左選名籍案
3640,吏部尚書左選掌闕案
3641,吏部尚書左選催驅案
3642,吏部尚書左選甲庫案
3643,吏部尚書左選檢法案
3644,吏部尚書右選
3645,吏部尚書右選大夫案
3646,吏部尚書右選副使案
3647,吏部尚書右選敦修武案
3648,吏部尚書右選注擬掌闕案
3649,吏部尚書右選奏薦賞功案
3650,吏部尚書右選開拆案
3651,吏部尚書右選名籍案
3652,吏部尚書右選甲庫案
3653,吏部尚書右選法司案
3654,吏部尚書右選知雜案
3655,權尚書省吏部侍郎
3656,吏部侍郎左選
3657,吏部侍郎左選令丞案
3658,吏部侍郎左選職官案
3659,吏部侍郎左選入官案
3660,吏部侍郎左選縣尉案
3661,吏部侍郎左選格式案
3662,吏部侍郎左選主簿上案下案
3663,吏部侍郎左選開拆案
3664,吏部侍郎左選名籍案
3665,吏部侍郎左選甲庫案
3666,吏部侍郎左選知闕案
3667,吏部侍郎左選注擬案
3668,吏部侍郎左選知雜案
3669,吏部侍郎左選法司案
3670,吏部侍郎右選
3671,吏部侍郎右選從義案
3672,吏部侍郎右選忠訓案
3673,吏部侍郎右選成忠案
3674,吏部侍郎右選承節案
3675,吏部侍郎右選丞信案
3676,吏部侍郎右選進武案
3677,吏部侍郎右選差注案
3678,吏部侍郎右選生事上案下案
3679,吏部侍郎右選掌闕案
3680,吏部侍郎右選資次案
3681,吏部侍郎右選知雜案
3682,吏部侍郎右選催驅案
3683,吏部侍郎右選甲庫案
3684,吏部侍郎右選法司案
3685,吏部侍郎右選架閣案
3686,吏部四選
3687,吏部七司
3688,吏部司
3689,司封司
3690,司勳司
3691,考功司
3692,考功司十七案
3693,尚書省製造官告局
3694,尚書省官告院
3695,官告院
3696,官告院綾紙庫
3697,尚書省戶部
3698,戶部五司
3699,戶部司
3700,戶部左曹
3701,戶部左曹戶口案
3702,戶部左曹稅賦案
3703,戶部左曹農田案
3704,戶部左曹檢法案
3705,戶部左曹知雜案
3706,戶部左曹二稅窠
3707,戶部左曹房地窠
3708,戶部左曹課例窠
3709,戶部右曹
3710,戶部右曹常平案
3711,戶部右曹免役案
3712,戶部右曹坊場案
3713,戶部右曹平準案
3714,戶部右曹檢法案
3715,戶部右曹知雜案
3716,戶部左曹郎中員外郎
3717,戶部左曹郎中
3718,戶部左曹員外郎
3719,戶部右曹郎中員外郎
3720,戶部右曹郎中
3721,戶部右曹員外郎
3722,度支司度支案
3723,度支司發運案
3724,度支司支供案
3725,度支司賞賜案
3726,度支司知雜案
3727,尚書省戶部金部司
3728,金部司左藏案
3729,金部司右藏案
3730,金部司錢帛案
3731,金部司請給案
3732,金部司榷易案
3733,金部司知雜案
3734,尚書省戶部倉部司
3735,倉部司倉場案
3736,倉部司上供案
3737,倉部司糶糴案
3738,倉部司給納案
3739,倉部司開拆案
3740,倉部司勾覆案
3741,倉部司知雜案
3742,尚書省禮部
3743,禮部奉使帳案
3744,禮部封冊案
3745,禮部表奏案
3746,禮部寶印案
3747,禮部檢法案
3748,禮部禮樂案
3749,禮部貢舉案
3750,禮部宗正案
3751,禮部知雜案
3752,禮部開拆案
3753,禮部司
3754,尚書省禮部祠部司
3755,祠部司道釋案
3756,詳定祠祭太醫帳案
3757,製造案
3758,知雜司
3759,開拆司
3760,度牒庫
3761,監度牒庫
3762,提領度牒所
3763,提舉京城所
3764,尚書省禮部主客司郎中
3765,知雜封襲朝貢案
3766,尚書省禮部膳部司
3767,祠祭生料知雜案
3768,宴設館客供進給賜案
3769,尚書省兵部
3770,兵部甲庫
3771,兵部尚書
3772,兵部賞功案
3773,兵部民兵仗衛案
3774,兵部廂兵案
3775,兵部人從看詳案
3776,兵部帳籍告身案
3777,兵部武舉案
3778,兵部蕃官案
3779,兵部檢法案
3780,兵部開拆案
3781,兵部知雜案
3782,兵部四司
3783,兵部司
3784,尚書省兵部兵部司郎中
3785,職方司
3786,判職方司事
3787,駕部司
3788,庫部司
3789,尚書省刑部
3790,刑部八案
3791,刑部十三案
3792,刑部制勘案
3793,刑部體量案
3794,刑部制勘體量案
3795,刑部詳覆案
3796,刑部注籍點檢案
3797,刑部舉敘案
3798,刑部進擬案
3799,刑部隨時撥卻行案
3800,刑部隨時撥卻不行案
3801,刑部定奪案
3802,刑部糾察案
3803,刑部檢法案
3804,刑部頒降案
3805,刑部追毀案
3806,刑部會問案
3807,刑部捕盜案
3808,刑部帳籍案
3809,刑部司
3810,比部司
3811,比部司勾覆案
3812,比部司磨勘案
3813,比部司凴由案
3814,比部司理欠案
3815,比部司知雜案
3816,司門司
3817,尚書省工部
3818,工部工作案
3819,工部營造案
3820,工部材料案
3821,工部兵匠案
3822,工部檢法案
3823,工部知雜案
3824,判尚書省工部事
3825,工部司
3826,屯田司
3827,虞部司
3828,水部司
3829,製造御前軍器所
3830,軍器所行移內案
3831,軍器所軍器案
3832,軍器所事務案
3833,干辦司手分
3834,監造下人吏
3835,監門下人吏
3836,造帳司
3837,複算司
3838,萬全作坊
3839,製造御前軍器局
3840,尚書省兵部
3841,兵部甲庫
3842,兵部尚書
3843,兵部賞功案
3844,兵部民兵仗衛案
3845,兵部廂兵案
3846,兵部人從看詳案
3847,兵部帳籍告身案
3848,兵部武舉案
3849,兵部蕃官案
3850,兵部檢法案
3851,兵部開拆案
3852,兵部知雜案
3853,兵部四司
3854,兵部司
3855,兵部司郎中
3856,職方司
3857,判職方司事
3858,駕部司
3859,庫部司
3860,尚書省刑部
3861,刑部八案
3862,刑部十三案
3863,刑部制勘案
3864,刑部體量案
3865,刑部制勘體量案
3866,刑部詳覆案
3867,刑部注籍點檢案
3868,刑部舉敘案
3869,刑部進擬案
3870,刑部隨時撥卻行案
3871,刑部隨時撥卻不行案
3872,刑部定奪案
3873,刑部糾察案
3874,刑部檢法案
3875,刑部頒降案
3876,刑部追毀案
3877,刑部會問案
3878,刑部捕盜案
3879,刑部帳籍案
3880,刑部司
3881,比部司
3882,比部司勾覆案
3883,比部司磨勘案
3884,比部司凴由案
3885,比部司理欠案
3886,比部司知雜案
3887,司門司
3888,尚書省工部
3889,工部工作案
3890,工部營造案
3891,工部材料案
3892,工部兵匠案
3893,工部檢法案
3894,工部知雜案
3895,判尚書省工部事
3896,工部司
3897,屯田司
3898,虞部司
3899,水部司
3900,製造御前軍器所
3901,軍器所行移內案
3902,軍器所軍器案
3903,軍器所事務案
3904,干辦司手分
3905,監造下人吏
3906,監門下人吏
3907,造帳司
3908,複算司
3909,萬全作坊
3910,製造御前軍器局
3911,文散官
3912,武散官
3913,文階
3914,諸寺監主簿
3915,秘書省助教
3916,諸寺監丞
3917,太子左右贊善大夫
3918,後行員外郎
3919,中行員外郎
3920,前行員外郎
3921,後行郎中
3922,中行郎中
3923,前行郎中
3924,寄祿官
3925,左右金紫光祿大夫
3926,左右銀青光祿大夫
3927,左右光祿大夫
3928,三光祿
3929,左右中奉大夫
3930,左右中散大夫
3931,左右朝議大夫
3932,正郎
3933,左右朝請郎
3934,左右朝散郎
3935,左右通直郎
3936,左右宣德郎
3937,左右承事郎
3938,選人階官
3939,三京府判官，留守判官，節度、觀察判官
3940,節度掌書記、觀察支使，防禦、團練判官
3941,軍事判官，京府、留守、節度、觀察推官
3942,防禦、團練、軍事推官，軍、監判官
3943,縣令、錄事參軍
3944,試銜知縣令、知錄事參軍
3945,三京府軍巡判官，司理、司戶、司法、戶曹、法曹參軍，縣主簿、縣尉
3946,兩使職官
3947,初等職官
3948,職官
3949,令錄
3950,職令
3951,武階
3952,正任官
3953,使持節某州諸軍事、某州刺史、充某軍節度、某州管內觀察處置等使
3954,某軍節度使
3955,兩鎮
3956,三鎮
3957,某軍節度觀察留後
3958,某軍承宣使
3959,觀察使
3960,某州觀察使
3961,某州防禦使
3962,某州團練使
3964,遙郡官
3965,遙郡節度觀察留後
3966,客省副使
3967,東班諸司使
3968,東班諸司副使
3969,鞍轡庫使
3970,內侍階官
3971,伎術官階
3972,醫官二十二階
3973,天文官十六階
3974,秘書省
3975,提舉秘書省
3976,秘書省少監
3977,秘書監少
3978,秘書丞
3979,著作郎佐
3980,秘書丞郎
3981,著作局
3982,石渠郎
3983,校正
3984,館職
3985,秘書省都監司
3986,秘書省國史案
3987,秘書省日曆案
3988,秘書省知雜案
3989,秘書省經籍案
3990,秘書省祝版案
3991,秘書省太史案
3992,秘書省道教案
3993,經史子集四庫
3994,續搜訪經史子集四庫
3995,秘閣上下庫
3996,御制御札名賢墨蹟圖畫庫
3997,古器庫
3998,印版書庫
3999,印版庫
4000,碑石庫
4001,公使庫
4002,國史庫
4003,秘書省八品吏
4004,秘書省儀鵉司
4005,儀鵉司吏
4006,秘書省翰林司
4007,翰林司吏
4008,御廚工匠
4009,秘書省擡盤司
4010,抬盤子廚子
4011,潛火司
4012,潛火軍兵
4013,補寫所
4014,補寫所雜務
4015,廳從
4016,廳子
4017,承送
4018,司天臺
4019,司天臺學生
4020,司天監
4021,提舉司天監公事所
4022,司天監五官正
4023,司天監官
4024,司天曆算科
4025,司天監天文科
4026,司天監三式科
4027,司天監天文院
4028,測驗渾儀刻漏所
4029,太史局
4030,提舉太史局所
4031,判局官
4032,太史局五官正
4033,太史局中官正
4034,太史局五官大夫
4035,太史局天文科
4036,太史局曆算科
4037,太史局三式科
4038,太史局三科
4039,太史局天文院
4040,印曆所
4041,司曆
4042,禮曆生
4043,曆生
4044,學生
4045,司辰
4046,四院司辰
4047,太史局官生學生
4048,太史局額內局學生
4049,太史局額外祠祭局學生
4050,太史局額內外局生
4051,天文院司辰額內瞻望局學生
4052,渾儀所司辰額內瞻望局學生
4053,鍾鼓院司辰局學生
4054,造曆局
4055,草澤應聘造曆人
4056,向上人吏
4057,楷書
4058,太史官
4059,算學
4060,算學生
4061,國史院
4062,修史院
4063,編修院
4064,國史案
4065,實錄院
4066,日曆所
4067,國史日曆所
4068,編修國朝會要所
4069,定《九域圖志》所
4070,供檢楷書
4071,書庫官
4072,私名
4073,庫子
4074,背印
4075,投送文字大程官
4076,投送文字親事官
4077,快行親從
4078,史局
4079,書局
4080,史官
4081,殿中監少丞簿
4082,貼司
4083,殿中省六尚局
4084,殿中省提舉六尚局所
4085,尚食局
4086,太官局
4087,尚藥局
4088,尚酝局
4089,尚衣局
4090,尚舍局
4091,尚輦局
4092,尚乘局
4093,管勾殿中省某局
4094,監門
4095,食醫
4096,膳工
4097,膳徒
4098,雜役
4099,醫正
4100,醫佐
4101,醫童
4102,藥工
4103,局長
4104,封人
4105,酒人
4106,酒工
4107,典功
4108,衣徒
4109,幕士
4110,正供
4111,次供
4112,書吏
4113,貼書
4114,御藥院
4115,內藥局
4116,尚衣庫
4117,內衣庫
4118,衣庫
4119,監衣庫
4120,受納匹緞庫
4121,內衣物庫
4122,受納衣物庫
4123,新衣庫
4124,裁造院
4125,朝服法物庫
4126,副知
4127,專副
4128,掌庫
4129,庫典
4130,下都
4131,九寺三監
4132,寺監長官
4133,寺監副貳
4134,諸寺監丞
4135,諸寺監主簿
4136,九卿
4137,九寺少卿
4138,卿少
4139,九寺丞
4140,九寺主簿
4141,七寺
4142,七寺卿
4143,七寺少卿
4144,七寺丞
4145,太常卿少
4146,太常寺丞
4147,禮儀案
4148,禮祭案
4149,壇廟案
4150,太樂案
4151,法物案
4152,廩犧案
4153,太醫案
4154,掌法案
4155,知雜案
4156,太樂局
4157,太樂署
4158,太樂署丞
4159,鼓吹局
4160,鼓吹署
4161,詳定大樂所
4162,宮闈令
4163,掌坐
4164,禮官
4165,籍田司
4166,甲頭
4167,教坊
4168,都色長
4169,色長
4170,箏色長
4171,製撰文字
4172,同製撰文字
4173,鈐轄教坊所
4174,教坊所
4175,衙前樂
4176,守闕衙前
4177,大晟府
4178,大司樂
4179,典樂
4180,大樂令
4181,大晟府主簿
4182,按協聲律
4183,掌事
4184,運譜
4185,大晟府樂工
4186,舞師
4187,二舞色長
4188,引舞
4189,舞頭
4190,舞郎
4191,樂師
4192,上樂工
4193,中樂工
4194,下樂工
4195,執色樂工
4196,大晟府吏
4197,胥長
4198,胥史
4199,胥佐
4200,大樂案
4201,鼓吹案
4202,宴樂案
4203,提舉大晟府所
4204,伶人
4205,俳優
4206,太醫局
4207,提舉太醫局所
4208,太醫局習學醫生
4209,太醫局局生
4210,太醫局堂長
4211,太醫局齋長
4212,太醫局齋諭
4213,太醫局司書
4214,太醫局司門
4215,廣場人
4216,太醫局上等學生
4217,太醫局中等學生
4218,太醫局下等學生
4219,醫人
4220,宗正寺
4221,主行編修屬籍案
4222,宗正寺執掌
4223,府吏
4224,西京諸陵所
4225,陵臺令司
4226,知會稽縣事兼陵臺令
4227,攢宮司
4228,檢查宮陵所
4229,陵官
4230,大宗正司
4231,講書
4232,士案
4233,戶案
4234,儀案
4235,兵案
4236,刑案
4237,工案
4238,主押官
4239,正名貼司
4240,守闕正名貼司
4241,私名貼司
4242,行在大宗正司
4243,紹興府大宗正行司
4244,南京外宗正司
4245,西京外宗正司
4246,外宗正司
4247,西南兩外宗正司
4248,知宗
4249,財用司
4250,指使
4251,軍典
4252,敦宗院
4253,西京敦宗院
4254,南京敦宗院
4255,兩京敦宗院
4256,保州敦宗院
4257,庫子
4258,宗官
4259,光祿寺
4260,府史
4261,供官
4262,御廚
4263,御廚五局
4264,押司官
4265,書手
4266,食手
4267,供食院子
4268,門子
4269,供御廚庫子
4270,庫院子
4271,入內院子
4272,御膳素廚
4273,法酒庫
4274,內酒坊
4275,內物料庫
4276,外物料庫
4277,乳酪院
4278,油醋庫
4279,翰林司
4280,藥童
4281,供御人
4282,翰林司營
4283,牧羊群頭
4284,牧子
4285,揣子
4286,估羊節級
4287,巡羊十將
4288,巡羊使臣
4289,曹司
4290,承局
4291,宰手
4292,秤子
4293,宰殺務
4294,牛羊供應所
4295,衛尉寺
4296,提印剩員
4297,內弓箭庫
4298,內弓箭南庫
4299,內弓箭外庫
4300,內弓箭內庫
4301,內弓箭南內外庫
4302,內弓箭庫南外庫
4303,軍器庫
4304,都大提點軍器庫所
4305,都大提舉內軍器庫所
4306,軍器五庫
4307,軍器衣甲庫
4308,軍器弓槍庫
4309,軍器弩劍箭庫
4310,軍器什物庫
4311,選衣甲器械庫
4312,軍器庫椽
4313,軍器七庫
4314,內軍器庫
4315,都大提點內軍器庫所
4316,監專
4317,架子頭
4318,內軍器庫營
4319,管庫兵五階級
4320,節級
4321,將虞候
4322,十將
4323,副都頭
4324,儀鸞司
4325,儀鸞司營
4326,官小
4327,左右金吾街司
4328,左金吾街司
4329,右金吾街司
4330,左右街使
4331,左右金吾引駕仗司
4332,左金吾引駕仗司
4333,右金吾引駕仗司
4334,左金吾街仗司
4335,右金吾街仗司
4336,左右金吾街仗司
4337,勾押官
4338,引駕官
4339,都押衙
4340,勾畫都知
4341,四色官
4342,知箭門仗官
4343,探頭
4344,喝探
4345,六軍儀仗司
4346,䂍矟官
4347,左右羽林軍
4348,左羽林軍
4349,右羽林軍
4350,左右羽林軍統軍
4351,左右龍武軍
4352,左龍武軍
4353,右龍武軍
4354,左右龍武統軍
4355,左右神武軍
4356,左右神武軍統軍
4357,警場
4358,六軍
4359,六統軍
4360,河北兵馬大元帥府
4361,河北兵馬元帥
4362,河北兵馬大元帥府參議官
4363,河北兵馬大元帥府隨軍應副
4364,河北兵馬大元帥府都統制五軍兵馬
4365,河北兵馬大元帥府統制
4366,都督府
4367,江淮荊浙都督府
4368,川陝荊襄都督府
4369,諸路軍事都督府
4370,江淮都督府
4371,諸路軍馬都督府
4372,諸路軍事都督行府
4373,同都督
4374,督視軍馬府
4375,督視軍馬
4376,督視軍馬府參謀軍事
4377,都督府參謀官
4378,都督府參謀軍事
4379,都督府參議軍事
4380,都督府諮議軍事
4381,都督府隨軍轉運副使
4382,都督府隨軍轉運判官
4383,都督府主管機宜文字
4384,都督府主管書寫機宜文字
4385,都督府幹辦公事
4386,都督府準備差遣
4387,都督府準備差使
4388,都督府回易庫
4389,駐泊都部署
4390,行營馬步軍戰棹都部署
4391,都部署司
4392,都總管司
4393,馬步軍副部署
4394,馬步軍副總管
4395,儒將
4396,都總管司走馬承受公事
4397,走馬承受公事內臣
4398,走馬承受公事使臣
4399,廉訪使者
4400,廉訪所
4401,陜西都大管勾走馬承受公事
4402,四輔郡都總管
4403,四道都總管府
4404,四道都總管
4405,東道都總管
4406,南道都總管
4407,北道都總管
4408,東南道都總管
4409,四道副總管
4410,西道副總管
4411,東道副總管
4412,南道副總管
4413,北道副總管
4414,宣總司
4415,路兵馬都鈐轄司
4416,管勾本州駐泊兵馬公事
4417,管勾梓夔兩路兵馬司事
4418,在城兵馬鈐轄
4419,行營馬步軍都監
4420,本城兵馬都監
4421,縣兵馬都監
4422,州兵馬監押
4423,軍兵馬監押
4424,監兵馬監押
4425,縣兵馬監押
4426,鎮兵馬監押
4427,寨兵馬監押
4428,遵義寨兵馬監押
4429,都護府
4430,隴右都護
4431,同隴右都護
4432,巡檢司
4433,都巡檢使
4434,同都巡檢使
4435,都巡檢司
4436,巡捕官
4437,都巡檢
4438,同巡檢
4439,巡檢使臣
4440,都同巡檢
4441,駐泊巡檢
4442,巡捉私茶鹽賊盜
4443,制置使司
4444,制置副使司
4445,沿海制置使司
4446,總領海船所
4447,同總領
4448,沿江水軍制置使司
4449,制置大使
4450,制置大使司
4451,制機
4452,制幹
4453,安撫制置使
4454,四川宣制司
4455,四川總制司
4456,宣諭使司
4457,招討使司
4458,經略安撫沿邊招討使
4459,陜西沿邊經略安撫招討司
4460,陜西馬步軍都部署兼經略安撫沿邊招討使
4461,同陜西馬步軍都部署兼經略安撫招討使
4462,秦鳳路馬步軍都部署兼經略安撫沿邊招討使
4463,涇原路馬步軍都部署兼經略安撫沿邊招討使
4464,鄜延路馬步軍都部署兼經略安撫沿邊招討使
4465,環慶路馬步軍都部署兼經略安撫沿邊招討使
4466,陜西四路都部署經略安撫沿邊招討使
4467,經略使司
4468,經略判官
4469,經略安撫使司
4470,管勾經略安撫司公事
4471,主管經略安撫司公事
4472,經略安撫副使
4473,經略安撫使司判官
4474,權簽書經略安撫判官公事
4475,經略安撫司參議官
4476,經略安撫司勾當公事
4477,經略安撫使司準備指使
4478,經略安撫使兼馬步軍都部署
4479,經略安撫使兼馬步軍都總管
4480,經略安撫都總管司
4481,五司廳
4482,經略安撫都總管司管勾機宜文字
4483,經略安撫都總管司書寫機宜文字
4484,河東路經略安撫都總管司
4485,環慶路都總管經略安撫司
4486,涇原路都總管經略安撫司
4487,鄜延路都總管經略安撫司
4488,秦鳳路經略安撫都總管司
4489,廣南東路經略安撫都總管司
4490,廣南西路經略安撫都總管司
4491,經略安撫制置使司
4492,招撫使司
4493,招撫副使
4494,招撫判官
4495,招撫使司參謀官
4496,招撫使司都統制
4497,招撫使司統制
4498,招撫使司統領
4499,招撫使司準備將領
4500,中軍將
4501,裨將
4502,將
4503,經制司
4504,經制司幹辦公事
4505,撫諭官
4506,主管鎮撫司公事
4507,鎮撫使司
4508,鎮撫使司參議官
4509,鎮撫使司主管機宜文字
4510,鎮撫使司書寫機宜文字
4511,鎮撫使司幹辦公事
4512,鎮撫使司措置營田官
4513,鎮撫使司統制官
4514,鎮撫使司統領官
4515,宣撫使
4516,宣撫使司
4517,宣撫副使司
4518,宣撫使司參謀官
4519,宣撫使司書寫機宜文字
4520,宣撫使司勾當公事
4521,宣撫使司幹辦公事
4522,宣撫使司提舉一行事務
4523,宣撫使司同提舉一行事務
4524,宣撫大使
4525,宣撫處置使司
4526,宣撫處置使司都統制
4527,宣撫處置使司隨軍轉運使
4528,宣撫處置使司幹辦公事
4529,總領官
4530,四總領
4531,東南三總領所
4532,四總領所
4533,總屬
4534,總領所幹辦公事
4535,總領所大軍倉監官
4536,監庫
4537,四川總領所魚關簽廳
4538,四川宣總司
4539,總領浙西江東財賦淮東軍馬錢糧所
4540,總領淮西江東軍馬錢糧所
4541,總領兩淮浙西江東財賦軍馬錢糧所
4542,總領湖廣江西京西路財賦湖北京西軍馬錢糧所
4543,總領四川財賦軍馬錢糧所
4544,將司
4545,將副
4546,部隊將
4547,御前諸軍副都統制司
4548,某州[府]駐扎御前某軍
4549,御前某軍統制
4550,御前某軍都統制
4551,御前某軍同統制
4552,御前某軍副統制
4553,御前某軍同副統制
4554,御前某軍統領
4555,御前某軍同統領
4556,御前某軍副統領
4557,制領
4558,頭領
4559,御前某軍第某將
4560,軍將
4561,御前某軍第某將正將
4562,御前某軍第某將副將
4563,御前某軍某將準備將
4564,隊
4565,御前都統司軍級以下九等統兵官
4566,御前都統制司幕僚
4567,許埔駐扎御前水軍都統制
4568,楚州武鋒軍都統制
4569,某州[府]駐扎御前諸軍都統制司
4570,江上諸軍
4571,四川諸軍
4572,四屯駐大軍
4573,鄂州江陵府駐扎御前諸軍
4574,鄂州江陵府駐扎御前諸軍都統制
4575,鄂州江陵府駐扎御前諸軍副都統制
4576,左神武軍
4577,右神武軍
4578,殿中監少丞簿
4579,裨將
4580,太僕寺
4581,府史
4582,左右飛龍院
4583,左右飛龍使
4584,左右天廄院
4585,左右天廄使
4586,左右騏驥院
4587,勾當左右騏驥院
4588,養馬務
4589,左右天駟監
4590,天駟左第一監
4591,左右天廄坊
4592,左右騏驥六坊監
4593,牧養上下監
4594,左右教駿營
4595,教駿軍士
4596,騎御馬左右直
4597,獸醫
4598,長行
4599,左右騏驥院將校兵級
4600,鞍轡庫
4601,軍典
4602,駝坊
4603,養象所
4604,專典
4605,車營務
4606,致遠務
4607,御輦院
4608,供御營
4609,下都營
4610,輦官
4611,御輦院公吏
4612,專副
4613,車子院
4614,車輅院
4615,御前馬院
4616,良馬院
4617,都亭驛
4618,都亭西驛
4619,懷遠驛
4620,來遠驛
4621,樟亭驛
4622,浙江亭
4623,班荊館
4624,傳法院
4625,譯經院
4626,譯經潤文使司
4627,印經院
4628,同文館
4629,在京寺務司
4630,提點在京寺務所
4631,課利司
4632,左右街僧錄司
4633,左右街正僧錄
4634,左右街副僧錄
4635,左右街都監
4636,左右街首座
4637,左右街鑒義
4638,左右街守闕鑒義
4639,道錄院
4640,次供御營
4641,提點中太一宮所
4642,提點建隆觀所
4643,提點資聖院所
4644,提點崇真資聖禪院所
4645,左飛龍院
4646,右飛龍院
4647,左天廄院
4648,右天廄院
4649,左騏驥院
4650,右騏驥院
4651,左天駟監
4652,右天駟監
4653,左天廄坊
4654,右天廄坊
4655,六坊監
4656,四坊監
4657,牧養上監
4658,牧養下監
4659,左教駿營
4660,右教駿營
4661,騎御馬左直
4662,騎御馬右直
4663,左街僧錄司
4664,右街僧錄司
4665,抱曆曹司
4666,折中倉
4667,貼書
4668,司農寺倉
4669,水碾磨務
4670,司農寺草料場
4671,監專
4672,提點在京倉草場所
4673,都大提點在京倉草場司
4674,副知
4675,衙前
4676,腳子
4677,攢司
4678,提轄修倉所
4679,四園苑
4680,玉津園
4681,瑞聖苑
4682,宜春苑
4683,瓊林苑
4684,聚景園
4685,四排岸司
4686,京東排岸司
4687,京西排岸司
4688,京南排岸司
4689,京北排岸司
4690,司農寺排岸司
4691,所由
4692,下卸司
4693,下卸兵士
4694,散從官
4695,都曲院
4696,小博士
4697,雜職
4698,內柴炭庫
4699,炭場
4700,太府寺市易案
4701,太府寺平準案
4702,太府寺第一案
4703,太府寺第二案
4704,太府寺第三案
4705,太府寺第四案
4706,太府寺第五案
4707,太府寺第六案
4708,太府寺藥案
4709,太府寺監交案
4710,牙人
4711,左藏南庫
4712,左藏西上庫
4713,封樁下庫
4714,封樁上庫
4715,奉宸庫
4716,祗候庫
4717,封樁庫
4718,景福內庫
4719,元豐庫
4720,布庫
4721,藥蜜庫
4722,都茶庫
4723,雜物庫
4724,在京斗秤務
4725,斗秤務
4726,都商稅院
4727,攔頭
4728,專攔
4729,曹司
4730,數錢
4731,在京市易務
4732,都提舉市易司
4733,在京市易東務上界
4734,在京市易西務下界
4735,在京交子務
4736,益州交子務
4737,雜買務
4738,外催
4739,秤子
4740,雜賣場
4741,交引庫
4742,抵當免行所
4743,抵當庫
4744,樓店務
4745,左右廂店宅務
4746,左廂店宅務
4747,右廂店宅務
4748,病坊
4749,安樂坊
4750,安濟坊
4751,養濟院
4752,和劑局
4753,太平惠民局
4754,太醫局熟藥所
4755,石炭場
4756,汴河上鎖
4757,汴河下鎖
4758,汴河鎖
4759,蔡河上鎖
4760,蔡河下鎖
4761,蔡河鎖
4762,香藥庫
4763,內香藥庫
4764,外香藥庫
4765,在京糧料院
4766,諸軍糧料院
4767,分差鎮江府諸軍諸司糧料院
4768,分差鄂州戶部糧料院
4769,總領四川財賦軍馬錢糧所幹辦行在分差戶部利州糧料院
4770,總領四川財賦軍馬錢糧所幹辦行在分差戶部魚關糧料院
4771,分差糧料院
4772,諸軍專勾司
4773,諸軍審計司
4774,諸司專勾司
4775,諸司審計司
4776,專勾司
4777,審計司
4778,糧勾院
4779,行在糧審院
4780,鄂州、健康、鎮江分差糧審院
4781,行在省倉上界
4782,行在省倉中界
4783,行在省倉下界
4784,編套二局
4785,編估局
4786,打套局
4787,庫經司
4788,寄樁庫
4789,五監
4790,三監
4791,判監
4792,正監
4793,副監
4794,監少
4795,監長貳
4796,監丞
4797,監簿
4798,五監主簿
4799,國子學
4800,學窠
4801,廚庫窠
4802,知雜窠
4803,胥長
4804,胥史
4805,胥佐
4806,三京國子監
4807,西京國子監
4808,太學生
4809,太學外舍生
4810,太學內舍生
4811,太學上舍生
4812,太學兩優釋褐人
4813,太學三舍生
4814,俊士
4815,辟雍
4816,辟雍大司成
4817,太學大司成
4818,貢士
4819,進士
4820,文士
4821,武學
4822,武學生
4823,武選士
4824,武俊士
4825,武士
4826,律學館
4827,律學
4828,律學生
4829,在京小學
4830,廣文館
4831,宗子學
4832,書鋪
4833,庫子
4834,廚子
4835,飯局抬盤子
4836,正齋僕
4837,貼齋僕
4838,五學
4839,四學
4840,三學
4841,三館
4842,二學
4843,監學官
4844,齋長
4845,長諭
4846,職事人
4847,大職事
4848,小職事
4849,醫學
4850,正錄
4851,少府監
4852,文思院上界修造案
4853,文思院下界修造案
4854,庫經司
4855,花料司
4856,門司
4857,作家
4858,四提轄
4859,鑄印司
4860,綾錦院
4861,西染院
4862,裁造院
4863,文繡院
4864,軍器監
4865,作坊
4866,南北作坊
4867,東西作坊
4868,東西作坊五十一作
4869,作坊物料庫
4870,皮角場庫
4871,斬馬刀局
4872,東西廣備指揮
4873,廣備攻城作
4874,弓弩院
4875,將作監
4876,修內司
4877,提舉在內修造所
4878,識字黃院子
4879,東西八作司
4880,提點修造司
4881,提舉修造司
4882,京西河洛抽稅竹木務
4883,事材場
4884,東西退材場
4885,京東抽稅竹箔場
4886,東西窯務
4887,麥?場
4888,丹粉所
4889,外都水監丞司
4890,外都水監丞
4891,外都水監丞南司
4892,南外都水監丞司
4893,外都水監丞北司
4894,北外都水監丞司
4895,南北外兩丞司
4896,都大提舉修河司
4897,都大提舉導洛通汴司
4898,都大提舉汴河堤岸司
4899,河埽司
4900,水官
4901,街道司
4902,丞雜
4903,御史臺三院
4904,兩院御史
4905,御史臺六察司
4906,吏察
4907,戶察
4908,刑察
4909,兵察
4910,禮察
4911,工察
4912,御史臺六察案
4913,御史臺四推
4914,御史臺根勘所
4915,御史臺五使
4916,臺案
4917,內彈案
4918,百司案
4919,待制案
4920,兩縣案
4921,新賜案
4922,職田案
4923,六品案
4924,外彈案
4925,刑獄案
4926,色役案
4927,六品案
4928,雜事案
4929,前司
4930,主推
4931,推司
4932,四推令史
4933,四推書吏
4934,主管班次
4935,引贊官
4936,貼司
4937,西京留守司御史臺
4938,南京留守司御史臺
4939,北京留守司御史臺
4940,三京留守司御史臺
4941,御史臺官
4942,三京留守司御史臺官
4943,八評事
4944,府史
4945,大理寺左斷刑廳
4946,左斷刑磨勘案
4947,左斷刑宣黃案
4948,左斷刑分簿案
4949,左斷刑詳斷案
4950,左斷刑表奏議司
4951,左斷刑開拆司
4952,左斷刑知雜司
4953,左斷刑法司
4954,左斷刑架閣庫
4955,斷司
4956,議司
4957,大理寺右治獄廳
4958,大理寺左推
4959,大理寺右推
4960,右治獄左右寺案
4961,右治獄驅磨案
4962,右治獄檢法案
4963,右治獄知雜案
4964,右治獄開拆司
4965,右治獄表奏司
4966,推司
4967,承勘推司
4968,般押推司
4969,胥長
4970,胥史
4971,胥佐
4972,貼書
4973,守闕貼書
4974,楷書
4975,獄子
4976,座婆
4977,醫人
4978,大理寺官
4979,皇太子宮
4980,東宮官
4981,太子六傅
4982,東宮三少官
4983,皇太子宮左右春坊司
4984,皇太子宮左春坊司
4985,皇太子宮右春坊司
4986,太子三卿
4987,皇太子宮講堂
4988,新益堂
4989,議事堂
4990,東宮射堂
4991,睦親宅
4992,廣親宅
4993,親賢宅
4994,棣華宅
4995,懿親宅
4996,蕃衍宅
4997,王宮
4998,王院
4999,宮院
5000,郡王閤
5001,郡王府
5002,皇子
5003,嫡皇孫
5004,大宗
5005,小宗
5006,宗子
5007,雙宣學士
5008,經筵
5009,說書所
5010,邇英閣
5011,延義閣
5012,講筵所
5013,雲韶部
5014,黃門院左班都知
5015,御藥院
5016,生熟藥案
5017,雜事案
5018,開拆司
5019,合行案
5020,藥童
5021,封題學生
5022,封題書藝學
5023,合同憑由司
5024,翰林天文院
5025,翰林天文局
5026,翰林天文院（局）學生
5027,測驗渾儀刻漏所
5028,測驗官
5029,翰林圖畫院
5030,翰林圖畫局
5031,翰林御書院
5032,翰林書藝局
5033,彈琴
5034,著棋
5035,擘阮
5036,點筆班
5037,翰林醫官院
5038,翰林醫官局
5039,制敕院
5040,中書制敕庫
5041,制敕院五房
5042,制敕院孔目房
5043,制敕院吏房
5044,制敕院戶房
5045,制敕院刑房
5046,制敕院兵禮房
5047,制敕院生事房
5048,制敕院勾銷房
5049,制敕院沿堂五院
5050,吏部尚書銓
5051,吏部三銓
5052,磨勘幕職州縣官院
5053,吏部南曹
5054,吏部格式司
5055,吏部甲庫
5056,廢置司
5057,銓曹四選
5058,審官東院
5059,審官西院
5060,三班院
5061,兵部吏部司封司勳官告院
5062,禮院生
5063,詳定編敕所
5064,編修諸司敕式所（令式所）
5065,重修敕令所
5066,詳定重修敕令所
5067,詳定敕令局
5068,編修敕令所
5069,詳定一司敕令所都大提舉諸司
5070,編類聖政所
5071,制置三司條例司
5072,編修條例司
5073,看詳編修中書門下條例所
5074,詳定官制所
5075,待漏院
5076,朝集院
5077,都大提舉在京諸司庫務司
5078,樞密行府
5079,簽署樞密院事
5080,同簽署樞密院事
5081,權樞密院都承旨
5082,樞密院五房
5083,樞密院兵房
5084,樞密院吏房
5085,樞密院戶房
5086,樞密院禮房
5087,樞密院刑房
5088,樞密院十二房
5089,樞密院北面房
5090,樞密院河西房
5091,樞密院支差房
5092,樞密院在京房
5093,樞密院教閲房
5094,樞密院廣西房
5095,樞密院兵籍房
5096,樞密院民兵房
5097,樞密院知雜房
5098,樞密院支馬房
5099,樞密院小吏房
5100,樞密院二十五房
5101,樞密院機速房
5102,樞密院寫宣房
5103,樞密院編修時政記房
5104,樞密院編修司
5105,樞密院制置兵馬司
5106,樞密院講議司
5107,看詳銀台司文字所
5108,發敕院
5109,印司
5110,宣旨院
5111,皮剝所
5112,剝馬務
5113,監專公人
5114,剝手
5115,軍典
5116,節級
5117,御前弓馬子弟所
5118,樞密院省馬院
5119,樞密院東廚西廚
5120,樞密院東廚
5121,樞密院西廚
5122,食手
5123,大程官營
5124,樞密院吏人
5125,樞密院五房院
5126,三省樞密院激賞庫
5127,三省樞密院激賞酒庫
5128,三省樞密院架閣庫
5129,中書門下樞密院
5130,宰相兼樞密使
5131,行在三司
5132,留守司三司
5133,隨駕三司
5134,總計司
5135,左計司
5136,右計司
5137,三司使廳
5138,三部
5139,三司二十四案
5140,三司鹽鉄諸案
5141,兵刑案
5142,冑案
5143,鐵案
5144,商稅案
5145,茶案
5146,設案
5147,顆鹽案
5148,末鹽案
5149,都鹽案
5150,三司度支諸案
5151,賞給案
5152,錢帛案
5153,糧料案
5154,常平案
5155,發運案
5156,騎案
5157,斛斗案
5158,百官案
5159,三司戶部諸案
5160,兩稅案
5161,上供案
5162,修造案
5163,麴案
5164,衣料案
5165,勾院
5166,三部勾院
5167,左右計勾院
5168,左計勾院
5169,右計勾院
5170,發放司
5171,勾鑿司
5172,催驅司
5173,受事司
5174,賬籍司
5175,主轄支收司
5176,拘收司
5177,徵欠司
5178,蠲納司
5179,勾簿司
5180,三部憑由司
5181,三司都理欠憑由司
5182,三司承受御寶憑由司
5183,三司河渠司
5184,糧料院
5185,諸司糧料院
5186,馬軍糧料院
5187,步軍糧料院
5188,馬步軍專勾司
5189,三司賬司
5190,金耀門書庫
5191,三司會計司
5192,宣徽南院
5193,宣徽北院
5194,群牧行司
5195,提點左廂諸監司
5196,提點右廂諸監司
5197,在京估馬司
5198,陝西估馬司
5199,典吏
5200,在外坊監
5201,牧龍坊
5202,孳生監
5203,京畿孳生馬監
5204,河南北監牧使司
5205,河南監牧使司
5206,河北監牧使司
5207,提舉陝西等路買馬監牧司
5208,監牧指揮
5209,殿學士
5210,宣和殿大學士
5211,直閣
5212,三舘秘閣
5213,館職
5214,正舘職
5215,準舘職
5216,三省
5217,經撫房
5218,兩省侍郎
5219,兩省給舍
5220,二起居
5221,諫官廳
5222,都堂
5223,爵
5224,食邑
5225,食實封
5226,勳
5227,上輕軍都尉
5228,輕軍都尉
5229,檢校官
5230,功臣
5231,憲銜
5232,試秩（試銜）
5233,外祠
5234,內祠
5235,散官
5236,發運使司
5237,淮南江浙荊湖都大制置發運使司
5238,經制發運使司
5239,江浙京湖淮廣福建等路都大發運使司
5240,發運副使
5241,發運司幹辦公事
5242,路轉運使
5243,轉運使司
5244,都轉運使司
5245,轉運司主管文字廳
5246,漕幕
5247,勸農司
5248,提點刑獄所
5249,浙江西路提點刑獄司
5250,提點刑獄司幹辦公事廳
5251,路提擧常平廣惠倉司
5252,提擧常平司主管官
5253,提舉茶鹽司
5254,提舉常平茶鹽司
5255,提舉常平茶鹽司幹辦公事
5256,都大提舉成都府利州陜西等路茶事司兼提舉陜西買馬、監牧司
5257,都大提舉成都府利州陜西等路茶事司
5258,都大提舉成都府利州秦鳳熙河等路茶場司
5259,都大提舉成都府永興軍等路榷茶司
5260,監、冶、場、務
5261,都大提點(江淮荊浙福建廣南路)坑冶鑄錢司
5262,提舉措置江淮荊浙福建廣東路銅事所
5263,提轄措置坑冶鑄錢司
5264,寶貨司
5265,市舶司
5266,路提舉市舶司
5267,廣南東路提舉市舶司
5268,兩浙路提舉市舶司
5269,福建路提舉市舶司
5270,市舶務
5271,市舶務庫
5272,來遠驛
5273,市舶亭
5274,安撫使司
5275,河北四路安撫使司
5276,安提轉
5277,安撫大使司
5278,沿江三大安撫使司
5279,帥府
5280,安撫司管勾官
5281,撫參
5282,議幕
5283,帥機
5284,機幕
5285,機宜
5286,安撫使司幕官
5287,安撫使司撫僚
5288,安撫使司帥屬
5289,安撫使司幕屬官廳
5290,安撫使司僉廳
5291,點檢行在贍軍激賞酒庫所
5292,帥憲
5293,經制司
5294,經制熙河蘭會路邊防財用司
5295,總制司
5296,經總二司
5297,察訪司
5298,路提舉學事司
5299,提舉保甲司
5300,義勇
5301,提舉義勇保甲司兼提點刑獄司
5302,府界三路提舉保甲
5303,提舉熙河等路弓箭手、營田、藩部司
5304,提舉弓箭手司
5305,輦運司
5306,撥發司
5307,三門白波發運司
5308,三門白波輦運司
5309,開封府界提舉常平司
5310,措置河北糴便司勾當公事
5311,提舉鹽稅司
5312,陜西路制置解鹽司
5313,提舉出賣解鹽司
5314,提舉、制置解鹽司
5315,鹽勾
5316,運鹽司
5317,北宋四京
5318,皇城
5319,陪京
5320,行在所
5321,開封府
5322,府幕
5323,開封府司錄司
5324,開封府司錄司檢校庫
5325,開封府諸曹參軍事
5326,開封府左軍巡院
5327,開封府左軍巡院
5328,左軍巡院獄
5329,右軍巡院獄
5330,開封府三院
5331,廂坊
5332,開封府勾當左廂公事所
5333,開封府勾當左廂公事所
5334,廂界都所由
5335,廂界所由
5336,京城軍巡鋪
5337,臨安府
5338,臨安府都廳
5339,臨安府北倅
5340,臨安府三倅廳
5341,臨安府當直司
5342,簽書節度判官廳
5343,臨安府院
5344,左司理院
5345,右司理院
5346,臨安府三獄
5347,司戶參軍廳
5348,司法參軍廳
5349,臨安府城北廂廳
5350,城東都巡檢使司
5351,城西都巡檢使司
5352,城東都巡檢使司
5353,城西都巡檢使司
5354,行在軍巡鋪
5355,押捕
5356,都總轄房
5357,院長
5358,臨安府學
5359,臨安府學教授東廳
5360,臨安府學教授西廳
5361,臨安府軍資庫
5362,監臨安府軍資庫
5363,臨安府架閣庫
5364,大內
5365,南內
5366,北內
5367,河南府
5368,應天府
5369,大名府
5370,次府
5371,東京留守司
5372,西京留守司
5373,知西京留守判官事
5374,北京留守司
5375,南京留守司
5376,知南京留守司事
5377,臨安府行宮留守司
5378,留守
5379,州、府、軍、監
5380,州
5381,都督州
5382,節度州
5383,觀察州
5384,防禦州
5385,團練州
5386,刺史州
5387,知某州軍府事
5388,大都督府
5389,權知某州軍州事
5390,知管
5391,通判廳
5392,同判軍州事
5393,知通
5394,帥藩
5395,軍
5396,監
5397,上佐官
5398,郡臣
5399,郡守
5400,藩臣
5401,藩垣
5402,郡符
5403,守貳
5404,守倅
5405,軍資庫
5406,監軍資庫
5407,郵置
5408,行者
5409,步遞鋪
5410,馬遞鋪
5411,急腳遞鋪
5412,斥堠鋪
5413,擺鋪
5414,鑄錢監
5415,簽署判官廳公事
5416,簽書判官廳
5417,使、州兩院
5418,諸曹官
5419,州院
5420,軍院
5421,司理參軍事
5422,司理院
5423,左司理院
5424,右司理院
5425,馬步院
5426,司寇院
5427,馬步都虞候
5428,馬步判官
5429,司寇參軍事
5430,司法參軍事
5431,參軍事（散官）
5432,諸曹參軍事
5433,諸司參軍事
5434,諸州曹掾官
5435,某州某曹參軍
5436,某州某曹掾
5437,諸路學校
5438,某府府學教授
5439,某州州學教授
5440,某軍軍學教授
5441,諸路醫學
5442,潭州三學
5443,書院
5444,四書院
5445,白鹿洞書院
5446,岳麓書院
5447,應天府書院
5448,嵩陽書院
5449,縣
5451,師帥
5452,兩司三衙
5453,三衙
5454,殿前司
5455,殿前司都指揮使司
5456,權主管殿前司公事
5457,主管殿前司
5458,殿前司都虞候司
5459,殿前司兵案
5460,殿前司差使磨勘案
5461,殿前司倉案
5462,殿前司騎胄案
5463,殿前司推案
5464,殿前司法司
5465,殿前司開拆司
5466,殿前諸班
5467,殿前指揮使左班
5468,殿前指揮使右班
5469,殿前指揮使都虞候
5470,內殿直左第一班
5471,內殿直左第二班
5472,內殿直右第一班
5473,內殿直右第二班
5474,散員左第一班
5475,散員左第二班
5476,散員右第一班
5477,散員右第二班
5478,散指揮左第一班
5479,散指揮左第二班
5480,散指揮右第一班
5481,散指揮右第二班
5482,散都頭左班
5483,散都頭右班
5484,外殿直
5485,散祗候左班
5486,散祗候右班
5487,金槍左班
5488,金槍右班
5489,散直左第一班
5490,散直左第二班
5491,散直右第一班
5492,散直右第二班
5493,東第三班
5494,鈞容直第一班
5495,鈞容直第二班
5496,茶酒舊班
5497,茶酒新班
5498,招箭班
5499,銀槍班
5500,諸班都指揮使
5501,諸班都虞候
5502,諸班指揮使
5503,諸班都知
5504,諸班副都知
5505,諸班押班
5506,東班殿侍院
5507,西班殿侍院
5508,殿侍班
5509,祗應
5510,殿前御龍諸直
5511,御龍左直
5512,御龍右直
5513,御龍骨䤪子左直
5514,御龍骨䤪子右直
5515,御龍弓箭直
5516,御龍弩直
5517,諸班直
5518,四直都虞候
5519,諸直都虞候
5520,諸直副指揮使
5521,諸直都頭
5522,諸直副都頭
5523,諸直十將
5524,諸直將虞候
5525,諸直隊長
5526,五重禁衛軍
5527,奉宸隊
5528,捧日隊
5529,殿前司騎軍諸指揮
5530,捧日左廂
5531,捧日右廂
5532,捧日上三軍
5533,殿前司拱聖軍
5534,殿前司驍騎軍
5535,殿前司步軍諸指揮
5536,天武左廂
5537,天武右廂
5538,寬衣天武指揮
5539,殿前司虎翼軍
5540,殿前司廣勇軍
5541,殿前司神勇軍
5542,殿前司勝捷軍
5543,殿前司左翼軍
5544,侍衛親軍司
5545,侍衛親軍司馬步軍都指揮使
5546,侍衛親軍司馬步軍副都指揮使
5547,侍衛親軍司馬步軍都虞候
5548,侍衛親軍馬軍司
5549,侍衛親軍馬軍行司
5550,主管侍衛親軍馬軍行司公事
5551,龍衛左廂
5552,龍衛右廂
5553,龍衛上四軍
5554,雲騎軍
5555,雲騎帶甲剩員指揮
5556,侍衛親軍步軍司
5557,神衛左廂
5558,神衛右廂
5559,步軍司虎翼軍
5560,上四軍
5561,左廂
5562,右廂
5563,廂都指揮使
5564,軍
5565,軍都虞候
5566,三衙諸軍
5567,指揮
5568,指揮副使
5569,都
5570,都頭
5571,副都頭
5572,都副
5573,副兵馬使
5574,長民官
5575,守宰
5576,縣司
5577,赤縣丞
5578,縣丞廳
5579,知佐
5580,縣主簿廳
5581,縣尉司
5582,縣佐
5583,佐官廳
5584,縣小學
5585,鎮
5586,鎮司
5587,砦
5588,中嶽廟令
5589,鄉
5590,里
5591,都作院
5592,作院
5593,將校
5594,十將
5595,將虞候
5596,承局
5597,押官
5598,節級
5599,將級
5600,南宋三衙軍職
5601,三帥
5602,主管某司公事
5603,軍
5604,同統制
5605,制領
5606,將
5607,準備將
5608,隊
5609,擁隊
5610,部隊將
5611,押擁隊
5612,鎮殿將軍
5613,三衙推獄
5614,武德司
5615,幹辦皇城司公事
5616,提點皇城司
5617,皇城司探事司
5618,邏卒
5619,親從官
5620,親事官
5621,親從親事
5622,入內院子
5623,守闕入內院子
5624,快行
5625,司圊
5626,冰井務
5627,行宮禁衛所
5628,主管禁衛所
5629,內等子
5630,御前忠佐軍頭引見司
5631,御前忠佐軍頭司
5632,御前忠佐引見司
5633,勾當御前忠佐軍頭司
5634,勾當御前忠佐引見司
5635,勾當御前忠佐軍頭引見司
5636,主管御前忠佐軍頭引見司
5637,幹辦御前忠佐軍頭引見司
5638,幹管官
5639,提點御前忠佐軍頭引見司
5640,內外步軍都軍頭
5641,御前忠佐六資
5642,御前忠佐軍頭
5643,御前忠佐軍頭引見司祗候軍員
5644,御前忠佐軍頭引見司馬直
5645,御前忠佐軍頭引見司步直
5646,御前忠佐軍頭司祗候散員班
5647,御前忠佐軍頭司散員班將校
5648,軍頭司散員副兵馬使
5649,伴飯都指揮使
5650,軍頭司散指揮使
5651,東京司備軍
5652,等子
5653,相撲
5654,御帶
5655,橫行五司
5656,東上閤門司
5657,西上閤門司
5658,判閤門事
5659,知東上閤門事
5660,知西上閤門事
5661,同知閤門事
5662,主管閤門公事
5663,同主管閤門公事
5664,點檢閤門簿書公事
5665,閤門官
5666,知四方館事
5667,同知閤門事兼客省四方館事
5668,引進司
5669,知引進司公事
5670,客省
5671,知客省事
5672,客省承旨
5673,內客省使廳事
5674,三衛府
5675,三衛郎
5676,三衛侍郎
5677,三衛中郎
5678,三衛博士
5679,三衛主簿
5680,親衛府郎
5681,親衛府中郎
5682,勛位府郎
5683,勛位府中郎
5684,翊衛府郎
5685,翊衛府中郎
5686,三衛官
5687,六軍
5688,六軍儀仗司
5689,左羽林軍上將軍
5690,左羽林軍將軍
5691,左神武軍上將軍
5692,六統軍
5693,環衛官
5694,左金吾衛中郎將
5695,右金吾衛中郎將
5696,左金吾衛郎將
5697,右金吾衛郎將
5698,四色官
5699,左衛中郎將
5700,右衛中郎將
5701,左衛郎將
5702,右衛郎將
5703,左驍衛中郎將
5704,右驍衛中郎將
5705,左驍衛郎將
5706,右驍衛郎將
5707,左武衛上將軍
5708,右武衛上將軍
5709,右武衛大將軍
5710,左武衛郎將
5711,右武衛郎將
5712,左屯衛大將軍
5713,右屯衛大將軍
5714,左屯衛中郎將
5715,右屯衛中郎將
5716,左屯衛郎將
5717,右屯衛郎將
5718,左領軍衛中郎將
5719,右領軍衛中郎將
5720,左領軍衛郎將
5721,右領軍衛郎將
5722,左監門衛上將軍
5723,右監門衛上將軍
5724,左監門衛大將軍
5725,右監門衛大將軍
5726,左監門衛將軍
5727,右監門衛將軍
5728,左監門衛中郎將
5729,右監門衛中郎將
5730,左監門衛郎將
5731,右監門衛郎將
5732,左千牛衛中郎將
5733,右千牛衛中郎將
5734,諸衛上將軍
5735,諸衛大將軍
5736,諸衛將軍
5737,衛將軍
5738,環衛中郎將
5739,環衛郎將
5740,殿前司捧日天武四廂都指揮使
5741,侍衛親軍步軍司都虞候
5742,侍衛親軍馬軍司都虞候
5743,皇帝
5744,皇后
5745,皇太子
5746,太上皇
5747,皇太后
5748,太皇太后
5749,軍事推官
5750,安撫副使
5751,主管安撫司公事
5752,亞中大夫
5753,僉太常禮儀院事
5754,文宣公
5755,主管兗州景靈宮
5756,鎮撫使
5757,權御史中丞事
5758,監使
5759,兵馬都部署（總管）
5760,兵馬副都部署（總管）
5761,知西京留守司事
5762,知北京留守司事
5763,都知兵馬使
5764,路提舉學事官
5765,馬步軍龍衛神衛四廂都指揮使
5766,監茶
5767,監太平惠民南局
5768,監太平惠民北局
5769,監太平惠民西局
5770,監太平惠民南外局
5771,監太平惠民北外局
5772,閑廄使
5773,左武衛大將軍
5774,左神武軍將軍
5775,右神武軍將軍
5776,提點刑獄司檢法官
5777,添差通判
5778,檢點斥候官
5779,監折博務
5780,沿江水軍制置使
5781,沿江水軍制置副使
5782,湖廣總領
5783,諸司正使
5784,詳定一司敕令所刪定官
5785,監鹽
5786,四川總領所措置糴買
5787,行營都部署（總管）
5788,安撫使司(大使司)主管機宜文字
5789,馬步軍副都總管（部署）
5790,馬步軍都總管（部署）
5791,內外馬步軍都軍頭
5792,內外馬步軍副都軍頭
5793,散員都指揮使
5794,判四方館事
5795,殿前司都指揮使
5796,侍衛親軍步軍司都指揮使
5797,左神武軍大將軍
5798,右神武軍大將軍
5799,左龍武軍大將軍
5800,右龍武軍大將軍
5801,左千牛衛大將軍
5802,右千牛衛大將軍
5803,左屯衛上將軍
5804,右屯衛上將軍
5805,左驍衛將軍
5806,右驍衛將軍
5807,左武衛中郎將
5808,右武衛中郎將
5809,右領軍衛上將軍
5810,右領軍衛將軍
5811,衙內都指揮使
5812,巡轄馬遞鋪官
5813,兵馬監押
5814,御前諸軍都統制
5815,右監門衛將軍
5816,行營兵馬都監
5817,殿直
5818,親王府侍讀
5819,翰林學士、知制誥
5820,雲韶部内品
5821,掖庭局丞
5822,宮闈局丞
5823,奚官局丞
5824,內僕局丞
5825,內府局丞
5826,翰林天文局生
5827,翰林天文局司辰
5828,翰林天文院節級
5829,翰林天文院(局)測驗官
5830,翰林天文局司辰額内瞻望局學生
5831,翰林御書院書學生
5832,尚藥奉御(翰林醫官院)
5833,同中書門下平章事、昭文館大學士、監修國史
5834,同中書門下平章事、昭文館大學士、監修國史、兼譯經潤文使
5835,同中書門下平章事、集賢殿大學士
5836,節度使、同中書門下平章事
5837,節度使、開府儀同三司
5838,供檢文字
5839,法司
5840,編修文字
5841,書寫人
5842,書奏
5843,庫經司
5844,都庫經
5845,守闕主事
5846,守闕書令史
5847,法司
5848,法司貼司
5849,寫宣命
5850,同知三省樞密院
5851,保和殿直學士
5852,宣和殿待制
5853,保和殿待制
5854,館閣讀書
5855,監登聞鼓院
5856,手分
5857,提舉尚書省講議財利司
5858,都孔目官
5859,孔目官
5860,四庫書直官
5861,守當官
5862,正名楷書
5863,守闕楷書
5864,正系名楷書
5865,守闕系名楷書
5866,投名人
5867,權知司天監少監事
5868,司天監主簿
5869,司天監保章正
5870,司天監挈壺正
5871,司天監禮生
5872,司天監曆生
5873,司天監監生
5874,司天監學生
5875,刻擇官
5876,押更
5877,渾儀丞
5878,直官
5879,雞唱
5880,太史局春官大夫
5881,太史局夏官大夫
5882,太史局中官大夫
5883,太史局秋官大夫
5884,太史局冬官大夫
5885,修國史
5886,都管
5887,掌儀範
5888,都知(教坊)
5889,判左右金吾引駕仗司事
5890,儀鸞司南北營都虞侯
5891,右金吾都監兼勾當街仗司事
5892,左羽林軍統軍
5893,右羽林軍統軍
5894,左龍武軍統軍
5895,右龍武軍統軍
5896,左神武軍統軍
5897,右神武軍統軍
5898,右羽林軍上將軍
5899,左飛龍使
5900,右飛龍使
5901,左天廄使
5902,右天廄使
5903,勾當右騏驥院
5904,提舉在京市易務
5905,辟雍大司成
5906,太學大司成
5907,辟雍丞
5908,律學教授
5909,小長
5910,拘押官(文思院)
5911,監門官(文思院上下界)
5912,軍器監少監
5913,提舉修內司
5914,權監察御史裏行
5915,察案御史
5916,右治獄都轄使臣
5917,西班
5918,東上閤門使
5919,西上閤門使
5920,東上閤門副使
5921,西上閤門副使
5922,破格嶽廟
5923,中官大夫
5924,試銜知錄事參軍
5925,試銜知縣令
5926,右中大夫
5927,左中大夫
5928,侍禁
5929,衣庫副使
5930,衣庫使
5931,春官正
5932,冬官正
5933,秋官正
5934,夏官正
5935,中官正
5936,都督
5937,制置使
5938,制置大使司準備差遣
5939,宣撫使
5940,尚書省左曹郎官
5941,尚書省右曹郎官
5942,監當官
5943,宣撫處置使
5944,宣撫處置使司參謀官
5945,宣撫處置使司參議官
5946,左武衛將軍
5947,右武衛將軍
5948,經略安撫司幹辦公事
5949,左屯衛大將軍
5950,右屯衛大將軍
5951,左驍衛大將軍
5952,右驍衛大將軍
5953,路分馬步軍總管
5954,路分馬步軍副總管
5955,州兵馬總管
5956,右千牛衛上將軍
5957,宣諭使
5958,龍衛左廂都指揮使
5959,龍衛右廂都指揮使
5960,侍衛親軍步軍司副都指揮使
5961,都排陣使
5962,某路都總管司走馬承受公事
5963,轉運司走馬承受公事
5964,帶御器械
5965,郎將
5966,提領戶部贍軍酒庫
5967,牢城都指揮使
5968,驍武副指揮使
5969,驍武指揮使
5970,左驍衛上將軍
5971,右驍衛上將軍
5972,監製造御前軍器所
5973,宣撫處置副使
5974,左文林郎
5975,右文林郎
5976,左千牛衛上將軍
5977,經略安撫使司管勾（主管）機宜文字
5978,制置使司幹辦公事
5979,宣諭使司幹辦公事
5980,監某州比較務
5981,閤門舍人
5982,監行在贍軍北酒庫
5983,路駐泊兵馬都監
5984,州駐泊兵馬都監
5985,州兵馬都監
5986,路分兵馬都監
5987,將
5988,副將
5989,部將
5990,隊將
5991,押隊
5992,訓練官
5993,河南府留守司參議官
5994,提舉某埽
5995,禮儀使
5996,內園副使
5997,衙內都虞候
5998,永泰陵修奉鈐轄
5999,左衛上將軍
6000,右衛上將軍
6001,點檢侍衛步軍司事
6002,管勾一路兵馬鈐轄司事
6003,安撫鈐轄
6004,押官
6005,閤門承受
6006,紫虛大夫
6007,凝神殿校籍
6008,奉使大金報謝副使
6009,奉使大金報謝使
6010,太上皇后
6011,太上皇
6012,左領軍衛上將軍
6013,監行在文思院
6014,千牛衛將軍
6015,賀金國正旦使
6016,祠祿官
6017,某州（府）駐扎御前諸軍都統制
6018,提舉編修經武要略
6019,賀金國生辰使副
6020,千牛衛上將軍
6021,路分兵馬鈐轄
6022,提舉茶鹽司幹辦公事
6023,南外宗正司教授
6024,翰林檢閱
6025,殿撰
6026,學士院孔目官
6027,提舉敕令所
6028,分差建康府諸軍糧料院
6029,馬步軍副都部署
6030,馬步軍都部署
6031,路分馬步軍部署
6032,路分馬步軍副部署
6033,州兵馬部署
6034,兵馬副鈐轄
6035,州兵馬鈐轄
6036,知錄事參軍事
6037,制敕院五房沿堂五院副行首
6038,制敕院五房沿堂行首
6039,左千牛衛長史
6040,金吾衛長史
6041,路分兵馬副都監
6042,賀金國正旦副使
6043,詳定編修三司敕令所刪定官
6044,監打套局門
6045,轉運使司準備差遣
6046,右監門衛上將軍
6047,金國通謝使
6048,提舉鹽事
6049,東丹王
6050,沿海制置使司幹辦公事
6051,右藏庫副使
6052,殿中省進馬
6053,御前諸軍副都統制
6054,金國告哀使
6055,侍衛親軍馬軍司副都指揮使
6056,殿前司副都點檢
6057,提舉糴便糧草官
6058,提舉河北糴便糧草司
6059,左屯衛將軍
6060,右屯衛將軍
6061,提舉都作院
6062,駐泊兵馬鈐轄
6063,賀契丹正旦使
6064,右羽林軍將軍
6065,經略安撫制置使
6066,賀契丹生辰使
6067,右領軍衛大將軍
6068,國夫人
6069,郡夫人
6070,淑人
6071,碩人
6072,令人
6073,恭人
6074,宜人
6075,安人
6076,孺人
6077,丁父憂
6078,丁母憂
6079,宣撫司準備差遣
6080,召赴都堂審察
6081,賦閑
6082,勾當龍圖、天章、寶文閣
6083,軍都指揮使
6084,經制副使
6085,經制使
6086,右監門衛大將軍
6087,郡君
6088,縣君
6089,知閤門事兼客省四方館事
6090,某路某司走馬承受公事
6091,主管侍衛親軍步軍司公事
6092,右從政郎
6093,制撰文字
6094,提領戶部財用
6095,同提舉編修經武要略
6096,勾當左右廂公事
6097,殿前指揮使
6098,製造御前軍器所幹辦公事
6099,諸直指揮使
6100,都督府隨軍轉運使
6101,齋諭
6102,閤門看班祗候
6103,客省承受
6104,同判尚書省刑部事
6105,沿江水軍制置使司參議官
6106,皇太妃
6107,內命婦
6108,皇妃
6109,娘子
6110,內省
6111,典膳
6112,掌膳
6113,尚書內省
6114,司憲
6115,宮人
6116,侍兒
6117,未出請受官身
6118,親王府
6119,親王諸宮司
6120,親王夫人
6121,記諮
6122,皇侄皇孙教授
6123,南北宅伴读
6124,諸王宮大學小學
6125,某王宮宗子博士
6126,王府官
6127,郡王閤管勾所
6128,協律郎
6129,提舉皇城司
6130,知司錄參軍事
6131,三相
6132,上宰、首臺、首宰、冠臺席
6133,門下相
6134,揆門相
6135,太師、三日一至都堂議事
6136,參知政事行府
6137,執政官
6138,公師
6139,公孤
6140,同提舉編修敕令
6141,閑廄副使
6142,西道都總管
6143,主管殿前司公事
6144,宣撫處置使司主管機宜文字
6145,考試官（解試）
6146,監試官（解試）
6147,點檢試卷官（解試）
6148,謄錄官（解試）
6149,對讀官（解試）
6150,監門官（解試）
6151,巡鋪官（解試）
6152,同知禮部貢舉事
6153,監試官（省試）
6154,點檢試卷官（省試）
6155,參詳官（省試）
6156,諸科出義官（省試）
6157,編排試卷官（省試）
6158,封彌官（省試）
6159,謄錄官（省試）
6160,對讀官（省試）
6161,監門官（省試）
6162,巡鋪官（省試）
6163,編排試卷官（殿試）
6164,封彌官（殿試）
6165,謄錄官（殿試）
6166,對讀官（殿試）
6167,監門官（殿試）
6168,巡鋪官（殿試）
6169,諸科出義官（殿試）
6170,點檢試卷官（殿試）
6171,參詳官（殿試）
6172,初考經學官
6173,覆考經學官
6174,進士初考官
6175,進士覆考官
6176,詳定官
6177,添差初考官
6178,添差覆考官
6179,初考檢點試卷官
6180,覆考檢點試卷官
6181,提轄御前軍器所
6182,馬步軍總管
6183,判院
6184,北院樞密使
6185,知北院樞密使事
6186,北院樞密副使
6187,知北院樞密副使事
6188,同知北院樞密使事
6189,簽書北樞密院事
6190,北院都承旨
6191,北院副承旨
6192,北院林牙
6193,北樞密院敞史
6194,北院郎君
6195,北樞密院通事
6196,北院掾史
6197,南院樞密使
6198,知南院樞密使事
6199,南院樞密副使
6200,知南院樞密副使事
6201,同知南院樞密使事
6202,簽書南樞密院事
6203,南院都承旨
6204,南院副承旨
6205,南院林牙
6206,南樞密院敞史
6207,南院郎君
6208,南樞密院通事
6209,南院掾史
6210,總北南院樞密使事
6211,北府宰相
6212,南府宰相
6213,北院大王（北院夷離堇）
6214,知北院大王事
6215,北院太師
6216,北院太保
6217,北院司徒
6218,北院司空
6219,北院郎君
6220,北院統軍使
6221,北院副統軍使
6222,北院統軍都監
6223,北院詳穩
6224,北院小將軍
6225,北院都監
6226,北院都部署
6227,北院副都部署
6228,南院大王
6229,知南院大王事
6230,南院太師
6231,南院太保
6232,南院司徒
6233,南院司空
6234,南院郎君
6235,南院統軍使
6236,南院副統軍使
6237,南院統軍都監
6238,南院詳穩
6239,南院小將軍
6240,南院都監
6241,南院都部署
6242,南院副部署
6243,北院宣徽使
6244,知北院宣徽事
6245,北院宣徽副使
6246,同知北院宣徽事
6247,南院宣徽使
6248,知南院宣徽事
6249,南院宣徽副使
6250,同知南院宣徽事
6251,于越
6252,大內惕隱（大惕隱）
6253,夷離畢
6254,左夷離畢
6255,右夷離畢
6256,知左夷離畢事
6257,知右夷離畢事
6258,選底
6259,北面都林牙
6260,北面林牙承旨
6261,北面林牙
6262,左林牙
6263,右林牙
6264,林牙
6265,敵烈麻都
6266,文班太保
6267,文班林牙
6268,文班牙署
6269,阿札割只
6270,侍衛太師
6271,侍衛太保
6272,侍衛司徒
6273,侍衛司空
6274,侍衛
6275,近侍直長
6276,近侍
6277,近侍小底
6278,近侍詳穩
6279,近侍都監
6280,近侍將軍
6281,近侍小將軍
6282,北護衛太保
6283,左護衛太保
6284,左護衛
6285,右護衛太保
6286,右護衛
6287,奉宸
6288,左班都知
6289,右班都知
6290,寄班都知
6291,三班院祗候
6292,總宿衛事
6293,宿直詳穩
6294,宿直都監
6295,宿直小將軍
6296,宿直護衛
6297,硬寨太保
6298,筆硯小底
6299,寢殿小底
6300,湯藥小底
6301,習馬小底
6302,橫帳常袞
6303,橫帳太保
6304,橫帳郎君
6305,大內相
6306,左大相
6307,右大相
6308,左次相
6309,右次相
6310,遙輦大常袞
6311,遙輦太師
6312,遙輦太保
6313,遙輦太尉
6314,國舅詳穩
6315,國舅都監
6316,奚王
6317,乙室大王
6318,圍場都太師
6319,圍場都管
6320,圍場使
6321,尚廄使
6322,尚廄副使
6323,飛龍使
6324,飛龍副使
6325,天下兵馬大元帥
6326,大詳穩
6327,都監
6328,將軍
6329,小將軍
6330,軍校
6331,隊帥
6332,護軍司徒
6333,左皮室詳穩
6334,右皮室詳穩
6335,黃皮室詳穩
6336,敵烈部皮室軍詳穩
6337,西南面安撫使
6338,西南面招討使（西南面五押招討大將軍）
6339,西南面巡檢
6340,西南面同巡檢
6341,西北路招討使
6342,翰林都林牙
6343,南面林牙
6344,漢兒行宮都部署
6345,漢兒行宮副部署
6346,知南面諸行宮副部署
6347,同知漢兒行宮都部署事
6348,同簽部署司事
6349,都部署判官
6350,契丹行宮都部署
6351,知契丹行宮都部署事
6352,契丹行宮副部署
6353,契丹行宮判官
6354,弘義宮都部署
6355,弘義宮漢兒都部署
6356,弘義宮副都部署
6357,永興宮都部署
6358,永興宮漢兒都部署
6359,永興宮副都部署
6360,積慶宮都部署
6361,積慶宮漢兒都部署
6362,積慶宮副都部署
6363,長寧宮都部署
6364,長寧宮漢兒都部署
6365,長寧宮副都部署
6366,延昌宮都部署
6367,延昌宮漢兒都部署
6368,延昌宮副都部署
6369,彰愍宮都部署
6370,彰愍宮漢兒都部署
6371,彰愍宮副都部署
6372,崇德宮都部署
6373,崇德宮漢兒都部署
6374,崇德宮副都部署
6375,興聖宮都部署
6376,興聖宮漢兒都部署
6377,興聖宮副都部署
6378,延慶宮都部署
6379,延慶宮漢兒都部署
6380,延慶宮副都部署
6381,太和宮都部署
6382,太和宮漢兒都部署
6383,太和宮副都部署
6384,永昌宮都部署
6385,永昌宮漢兒都部署
6386,永昌宮副都部署
6387,敦睦宮都部署
6388,敦睦宮漢兒都部署
6389,敦睦宮副都部署
6390,上京鹽鐵使
6391,上京鹽鐵副使
6392,東京戶部使
6393,東京戶部副使
6394,中京度支使
6395,中京度支副使
6396,南京三司使
6397,南京三司副使
6398,西京轉運使
6399,西京轉運副使
6400,上京留守
6401,上京副留守
6402,同知上京留守
6403,上京留守推官
6404,上京留守判官
6405,臨潢府尹
6406,臨潢府少尹
6407,同知東京留守
6408,遼陽府尹
6409,遼陽府少尹
6410,中京留守
6411,中京副留守
6412,同知中京留守
6413,中京留守推官
6414,中京留守判官
6415,大定府尹
6416,大定府少尹
6417,南京留守
6418,南京副留守
6419,同知南京留守
6420,南京留守推官
6421,南京留守判官
6422,析津府尹
6423,析津府少尹
6424,幽都府尹
6425,幽都府少尹
6426,西京留守
6427,西京副留守
6428,同知西京留守
6429,西京留守推官
6430,西京留守判官
6431,大同府尹
6432,大同府少尹
6433,南京兵馬都總管
6434,東京兵馬都部署
6435,西京兵馬都部署
6436,都元帥
6437,大元帥
6438,副元帥
6439,中京都虞候
6440,南京宣徽使
6441,燕京管內處置使
6442,南京侍衛親軍馬步軍都指揮使
6443,南京馬步副指揮使
6444,南京馬軍都指揮使
6445,南京馬軍副指揮使
6446,南京步軍都指揮使
6447,南京步軍副指揮使
6448,南京統軍使
6449,南京統軍副使
6450,黃龍府尹
6451,黃龍府兵馬都部署
6452,興中府尹
6453,長春州錢帛都提點
6454,遼西錢帛都提點
6455,平州錢帛都提點
6456,四軍兵馬都指揮使
6457,咸州兵馬詳穩
6458,知咸州路兵馬事
6459,同知咸州路兵馬事
6460,咸州糺將
6461,東北路統軍使
6462,東北路統軍副使
6463,東京統軍使
6464,南面行軍都統
6465,總領山西諸州事
6466,領九石烈部
6467,敞史
6468,拽剌
6469,詳穩
6470,禿里
6471,大丞相
6472,令穩
6473,楚古
6474,郎君
6475,南剋
6476,北剋
6477,剋
6478,撻林
6479,夷離堇
6480,梅里
6481,統軍使
6482,左客省使
6483,祗候郎君
6484,同知元帥府事
6485,同政事令門下平章事
6486,壽安王
6487,永康王
6488,太平王
6489,東丹王
6490,東平王
6491,燕國王
6492,燕趙國王
6493,楚國王
6494,宋國王
6495,梁國王
6496,吳國王
6497,晉國王
6498,趙國王
6499,秦晉國王
6500,齊國王
6501,秦國王
6502,韓國王
6503,齊國王
6504,蜀國王
6505,隋國王
6506,許國王
6507,陳國王
6508,越國王
6509,宿國王
6510,魏國王
6511,魯國王
6512,秦越國王
6513,宋魏國王
6514,楚王
6515,周王
6516,燕王
6517,宋王
6518,明王
6519,梁王
6520,鄭王
6521,晉王
6522,齊王
6523,趙王
6524,秦王
6525,平王
6526,越王
6527,吳王
6528,蜀王
6529,冀王
6530,衛王
6531,魏王
6532,鄴王
6533,豳王
6534,韓王
6535,寧王
6536,岐王
6537,荊王
6538,恆王
6539,陳王
6540,漢王
6541,許王
6542,潞王
6543,隋王
6544,豫王
6545,豫章王
6546,順化王
6547,湘陰王
6548,海濱王
6549,漆水郡王
6550,西平郡王
6551,彭城郡王
6552,蘭陵郡王
6553,廣平郡王
6554,長沙郡王
6555,東平郡王
6556,三韓郡王
6557,樂安郡王
6558,中山郡王
6559,安定郡王
6560,遼西郡王
6561,饒樂郡王
6562,柳城郡王
6563,富春郡王
6564,混同郡王
6565,北平郡王
6566,文妃
6567,元妃
6568,惠妃
6569,錄事(元代路錄事司官)
6570,儒學教授
6575,長史
6576,次相
6577,待詔
6578,都司
6579,妃
6580,幹辦官
6581,閣學
6582,估馬
6583,國信所
6584,翰林
6585,後省
6586,記室
6587,駕曹
6588,檢正官
6589,檢正公事
6590,講議司
6591,龍學
6592,磨勘司
6593,南院
6594,女官六尚
6595,判勾
6596,判院
6597,平章
6598,權發遣三司判官
6599,權直
6600,三司勾院
6601,尚右
6602,尚左
6603,史院
6604,侍右
6605,侍左
6606,首相
6607,樞密
6608,說書
6609,司封
6610,提舉三司帳司
6611,條例司
6612,同判院
6613,同提舉
6614,同提舉官
6615,同知院
6616,推典
6617,廂官
6618,小底
6619,小學教授
6620,亞相
6621,亞軒龍
6622,藥局
6623,翊善
6624,右曹
6625,右司
6626,右廂提點
6627,褕翟
6628,贊讀
6629,昭文相
6630,正使
6631,知院
6632,直講
6633,中書檢正官
6634,中書檢正公事
6635,中書外省
6636,中堂
6637,諮議參軍
6638,奏院
6639,左曹
6640,左司
6641,副使
6642,勾當公事
6643,記室參軍
6644,講書
6645,判官
6646,群牧使
6647,三司副使
6648,三司判官
6649,尚書
6650,使臣
6651,司馬
6652,直院
6653,制置使
6654,都監
6655,法曹
6656,功曹
6657,監...鹽稅務
6658,監...鹽酒稅務
6659,監...酒稅務
6660,監...鹽麴商稅務
6662,漕屬
6663,漕運使
6664,漕幹
6665,帥司屬
6666,節度管內觀察處置等使
6667,宣慰使
6668,倉幕
6669,參謀…制幕
6670,太史
6671,秘書監修撰
6672,史館檢校
6673,內侍省局丞
6674,諫議大夫
6675,翰林醫局官
6676,諸司計院
6677,禁軍左指揮使
6678,諫官
6679,親賢宅直講
6680,諸直副指揮使
6681,修河都部署
6682,都統
6683,中書省主事
6684,南平王
6685,文思院使
6686,奉議大夫
6687,督府幹辦架閣
6688,內侍省供奉官
6689,屯衛將軍
6690,羽林大將軍
6691,睦親宅講書
6692,架閣
6693,清道副率
6694,諸王府翊善
6695,學錄
6696,侍右郎官
6697,御營副使下書寫機宜文字
6698,文思院架閣
6699,職方郎官
6700,樞密院兵房主事
6701,內殿直都虞候
6702,參謀
6703,符寶郎
6704,郊廟齋郎
6705,述古殿直學士
6706,翰林直學士
6707,學士院錄事
6708,主管觀壽觀
6709,樞密
6710,諸王府侍講
6711,提舉國史院編修
6712,驍衛
6713,監門衛大將軍
6714,朝議郎
6715,龍圖
6716,帥臣
6717,提幹
6718,主管洞霄宮
6719,觀文
6720,幹辦公事
6721,諸路回易總領司主管文字
6722,步帥
6723,副總管
6724,尚書郎
6725,中書主書
6726,鐵騎都虞候
6727,翰林待制
6728,太子右春坊
6729,檢討
6730,博士弟子員
6731,堂後官
6732,部使者
6733,尚右郎官
6734,都指揮使
6735,提轄左藏庫
6736,司天監正
6737,檢正
6738,寺丞
6739,國學生
6740,主管綾錦院
6741,諸司審計
6742,刪定編修官
6743,司門郎
6744,寺簿
6745,直講
6746,龍虎上將軍
6747,集賢殿學士
6748,直宣徽北院
6749,國子編修
6750,中書左丞
6751,侍左郎官
6752,沖虛大夫
6753,侍宸
6754,編具興復所點檢官
6755,內省押班
6756,知左右內史事
6757,主管西外睦宗院
6758,國學教諭
6759,編修三司條例官
6760,簽書樞密院河西北兩房
6761,教官
6762,尚書駕部郎
6763,行省平章政事
6764,領軍衛大將軍
6765,同管勾司天監
6766,入內文思使
6767,侍衛馬步軍都軍頭
6768,元帥
6769,提領戶部犒賞所
6770,詳定軍馬司敕例刪修官
6771,禮部郎官
6772,史館檢閱
6773,檢詳
6774,入內供備庫副使
6775,入內西京左藏庫副使
6776,入內內殿承制
6777,武功殿使
6778,入內文思副使
6779,通判西京留守司
6780,正使
6781,中順大夫
6782,文華閣待制
6783,瑞思殿御前文字外庫書寫文字
6784,太常寺太樂署院官
6785,編修官
6786,天武副指揮使
6787,入內西京左藏庫使
6788,守闕錄事
6789,太尉
6790,史館編校
6791,翰林書藝局直長
6792,裝界待詔
6793,同知主管樞密機宜文字
6794,捧日左廂都指揮使
6795,詳定省曹寺監條貫所刪定官
6796,同中書門下三品
6797,司業
6798,翰林司藝
6799,崇文殿校書郎
6800,國史院同修撰
6801,吏部左選郎官
6802,祗候
6803,觀文殿修撰
6804,司勳司郎官
6805,鎮撫使司參議官
6806,天武右廂都指揮使
6807,右千牛衛將軍
6808,同知西外宗正事
6809,天武右廂第三軍都指揮使
6810,武衛將軍
6811,天策上將軍
6812,入內押班
6813,內侍押班
6814,將仕佐郎
6815,龍武軍大將軍
6816,三司檢法官
6817,殿前押班
6818,相國
6819,道史檢討官
6820,太子內率府副率
6821,神衛
6822,樞密院典謁
6823,入內內侍省禮賓使
6824,入內內侍省左藏庫副使
6825,史館實錄院主管文字
6826,閤門同提點承受
6827,御藥院官
6828,刪定官
6829,國史編校
6830,主管進奏院
6831,天武都指揮使
6832,提轄官
6833,領軍衛將軍
6834,太常寺大樂
6835,威武大將軍
6836,通政大夫
6837,散員都虞候
6838,散員左班都知
6839,戶部度支使
6840,參議官
6841,右文殿侍講
6842,管勾機宜文字
6843,幹辦官
6844,左千牛衛將軍
6845,入內皇城使
6846,衙內指揮使
6847,提領營田事
6848,金吾衛大將軍
6849,武衛大將軍
6850,左儒林郎
6851,說書
6852,同知內侍省
6853,太虛大夫
6854,勾管文思院事
6855,右春坊太子通事舍人
6856,千牛衛大將軍
6857,書寫機宜文字
6858,圖畫院學生
6859,左領衛上將軍
6860,翰林御書院翰林書藝學
6861,端明殿大學士
6862,左承直郎
6863,光祿
6864,入內內庭承制
6865,驍衛將軍
6866,監門衛將軍
6867,御馬都指揮使
6868,太醫學司業
6869,教諭
6870,史館孔目官
6871,主管吏部侍郎左選
6872,北作坊副使
6873,驍衛大將軍
6874,屯衛大將軍
6875,管勾文字
6876,述古殿大學士
6877,知太常寺
6878,驍雄副指揮使
6879,比部司郎官
6880,知三省樞密院事
6881,保順郎將
6882,大宗正
6883,南作坊使
6884,南作坊副使
6885,太醫承直
6886,水部司郎官
6887,押班
6888,左從政郎
6889,提刑司諮議
6890,國史院同修撰
6891,戶部檢法官
6892,招討副使
6893,幹辦諸軍審計司
6894,龍衛左廂都校
6895,神武軍將軍
6896,權發遣三司都磨勘司
6897,待詔
6898,內殿直都知
6899,東西班指揮使
6900,入內左藏庫使
6901,監修國史日曆
6902,中憲大夫
6903,樞密右承旨
6904,皇城司檢法
6905,北作坊使
6906,副都指揮使
6907,校書郎
6908,謀議司詳議官
6909,捧日右廂都指揮使
6910,右詹事
6911,都統幹官
6912,帥司屬官
6913,漕運使
6914,都總管司管勾公事
6915,提舉江州太平觀
6916,功曹掾
6917,副留守
6918,提點開封縣居養院
6919,經略安撫制置使司判官
6920,宣仁殿御藥
6921,監某地都稅院
6922,右副承宣
6923,戶部贍軍所主管
6924,招安制置使
6925,提舉某路茶稅
6926,路分
6927,安撫制置司參議官
6928,安撫制置副使
6929,制置軍馬
6930,司士曹事
6931,制置司準備差遣
6932,宣撫司隊官
6933,學士司幹官
6934,監戶部酒庫
6935,監鹽酒稅務
6936,都總管司準備差遣
6937,提舉醴泉觀
6938,提點醴泉觀
6939,提舉兗州仙源縣景靈宮
6940,四川總領財賦司幹辦公事
6941,提舉亳州明道宮
6942,制置發運副使
6943,縣學教授
6944,東川七州招安巡檢使
6945,常平司幹官
6946,安撫使司管幹公事
6947,經制盜賊事
6948,權發遣某軍
6949,倉曹
6950,茶司幹官
6951,轉運通判官
6952,四川總領司主管文字
6953,監某州支鹽倉
6954,提點開封府諸縣刑獄公事
6955,監某縣戶部犒賞庫
6956,承宣觀察使
6957,管勾學事
6958,司竹監
6959,總領所總轄官
6960,某路鹽事司勾當公事
6961,提舉兵馬巡檢盜賊公事
6962,監某路經略安撫司庫
6963,監某地鹽場
6964,鈐轄司幹辦公事
6965,右神武大將軍
6966,監在城商稅務
6967,監某地戶部贍軍酒庫所糴場
6968,提舉太平興國宮
6969,提舉某路軍馬
6970,某地都統司左軍統領
6971,招撫司遊擊義士軍副將
6972,轉運司物料官
6973,提舉隆興玉隆萬壽宮
6974,同知某府軍府事
6975,府推
6976,廣西路鹽事司主管
6977,提舉華州雲臺觀
6978,監茶鹽務
6979,士曹左推獄
6980,提舉路學
6981,提舉學事幹辦官
6982,監臨安鹽倉
6983,提舉萬壽觀
6984,制置河北河防水利
6985,知建州倉事
6986,提舉京東路保馬兼保甲
6987,總領淮南軍馬錢糧所
6988,提舉台州崇道觀
6989,宣諭使司準備差遣
6990,提舉兵甲
6991,緣邊都監
6992,招諭副使
6993,鹽事司主管官
6994,路巡社
6995,監都作院
6996,四川茶馬司幹辦公事
6997,主管轉運司文字
6998,監倉草場
6999,監轉運司造船廠
7000,主管發運司公事
7001,分司筦榷
7002,權發遣某府軍府事
7003,沿海巡檢
7004,都督府參軍
7005,宣慰使
7006,兩浙轉運司催促起發物斛官
7007,國太夫人
7008,郡太夫人
7009,縣太君
7010,權制置使司事
7011,郡太君
7012,嗣國王
7013,提舉成都府玉局觀
7014,兵吏部選事
7015,都督府記室參軍
7016,官告國信副使
7017,觀察處置等使留後
7018,光政殿學士承旨
7019,國子四門博士
7020,監察御史分司西京
7021,軍廂虞候
7022,六軍諸衛推官
7023,秘書郎分司東都
7024,内牙指揮使
7025,内牙諸軍都知兵馬使
7026,内牙諸軍指揮使
7027,判館事
7028,判軍糧營田事
7029,契丹國信使
7030,僧統
7031,太尉副元帥
7032,同知京朝官考課
7033,文房院副使
7034,牙内諸軍指揮使
7035,右内史舍人
7036,餘杭庫吏
7037,元帥府掌書記
7038,鎮節度使從事
7039,知内外制
7040,知西京教門事
7041,知中外左右諸軍事
7042,中軍使
7043,鑄錢使
7044,左街講經首座
7045,左散騎常侍分司西京
7046,左右都軍使等職
7047,堂後官
7048,直講
7049,議禮局檢討官
7050,騏驥副使
7051,騏驥使
7052,内作坊使
7053,侍衛步軍司統領軍馬
7054,華文殿修撰
7055,寳慶閣學士
7056,左朝議郎
7057,左興教郎
7058,左丞郎
7059,左議郎
7060,提領茶鹽所
7061,沿江制置大使
7062,主管學習
7063,管轉運司事
7064,第四將
7065,管勾緣邊安撫司公事
7066,理軍務
7067,侍衛馬軍行司職事
7068,行宮留守
7069,鈐轄
7070,總領財賦
7071,提擧被旨
7072,榷鹽制置使
7073,措置邊事
7074,措置鉄錢
7075,措置榷場
7076,都督府提擧親兵
7077,部署
7078,路兵馬鈐印
7079,路招捕使
7080,管勾秦鳳路軍馬事
7081,樞密院都統制
7082,陝西節制使
7083,禦前忠銳第一將
7084,荊湖南路鎮撫大使
7085,經略司統制官
7086,利州路第三將
7087,四面緣邊都部署
7088,岷州蕃兵將
7089,橋道使
7090,尚書省提督分司財用
7091,提擧江南西路兵甲公事
7092,沿江巡檢
7093,提轄五州兵士公事
7094,同管干丹坊慶成軍管界捉賊使
7095,提擧京西
7096,巡防官
7097,堤堰橋道事
7098,營田使
7099,縂兵馬
7100,同提領安邊所
7101,管勾沿邊安撫司公事
7102,沿江安撫司公事
7103,沿江制置大使
7104,沿邊都巡檢使
7105,緣邊都巡檢使
7106,都大提擧兵船
7107,管勾轉運使計度糧草公事
7108,堤堰橋道勸農使
7109,沿江安撫使
7110,沿河安撫使
7111,管勾文字生辰
7112,從仕郎
7113,中教大夫
7114,中散郎
7115,僉判
7116,大都督府行軍司馬
7117,總領淮東軍馬錢糧
7118,衛國公
7119,魏國公
7120,郡伯
7121,轉運副使計度
7122,制置大使司幹辦公事
7123,監縣稅務
7124,定王
7125,南陽侯
7126,景獻太子府教授
7127,主管崇禧觀
7128,魯國公
7129,楚國公
7130,南外大宗正丞
7132,主學
7133,都院
7134,沿邊榷鹽使
7135,大晟府按協聲律
7136,寨主
10000,阿餐
10001,安撫大食使
10002,安撫大使
10003,安撫副大使
10004,安撫副使
10005,安撫經略使
10006,安撫使
10007,安撫使府判官
10008,安撫巡官
10009,安南從事
10010,安平公
10011,按察使
10012,白魯門内供奉
10013,襃國公
10014,北海王
10015,北京留守
10016,北門修撰
10017,北庭都護府幕府僚佐
10018,比部郎中
10019,比部員外郎
10020,驃騎大將軍
10021,驃騎將軍
10022,驃信
10023,賓僚
10024,賓佐
10025,兵部
10026,兵部郎中
10027,兵部尚書
10028,兵部侍郎
10029,兵部員外郎
10030,兵部左司郎中
10031,兵曹承務郎
10032,兵馬使
10033,兵馬元帥
10034,兵馬元帥判官
10035,伯
10036,渤海國使
10037,補闕
10038,布燮
10039,簿尉
10040,才人
10041,採訪處置使
10042,採訪副使
10043,採訪使
10044,採訪使從事
10045,採訪使佐僚
10046,參謀
10047,參旗軍
10048,參卿
10049,參掌山陵禮儀
10050,參知禮院事
10051,參知政事
10052,倉部郎中
10053,倉部員外郎
10054,倉曹參軍
10055,曹王
10056,册禮副使
10057,册禮使
10058,册立吊祭南詔副使
10059,察院巡官
10060,長安兩街僧錄
10061,長安右街僧錄
10062,長安左街保壽寺文章應制内供奉
10063,長史府書記
10064,場長
10065,場官
10066,朝請大夫
10067,朝散大夫
10068,朝散郎
10069,朝議大夫
10070,朝議郎
10071,宸妃
10072,丞相府司祿參軍
10073,丞相府主簿
10074,承務郎
10075,承宣郎
10076,承旨
10077,城使
10078,城使部將
10079,城縣男
10080,崇文館大學士
10081,崇文館校書郎
10082,崇文館學士
10083,崇文學士
10084,崇賢館
10085,崇賢館學士
10086,崇賢館直學士
10087,崇玄館大學士
10088,崇儀使
10089,崇真館大學士
10090,崇政院直學士
10091,楚王
10092,黜陟使
10093,黜陟使從事
10094,黜陟使判官
10095,黜陟巡撫使
10096,傳真天師
10097,春坊吏
10098,春宮侍讀
10099,春宮學士
10100,春官郎中
10101,春官尚書
10102,春官侍郎
10103,祠部
10104,祠部郎官
10105,祠部郎中
10106,祠部員外郎
10107,大丞相
10108,大丞相府記室
10109,大都督
10110,大都督府長史
10111,大都督府傅
10112,大都督府幕
10113,大都督府司馬
10114,大都護
10115,大將軍
10116,大將軍府記室參軍
10117,大將軍府司戶參軍
10118,大樂丞
10119,大理評事
10120,大理卿
10121,大理少卿
10122,大理司直
10123,大理寺丞
10124,大理寺評事
10125,大理正
10126,大納言
10127,大僧都
10128,大師
10129,大使
10130,大司憲
10131,大行臺工部尚書
10132,大行臺金部郎中
10133,待制
10134,单于副大都護
10135,道都團練判官
10136,道度支判官
10137,道度支使
10138,道度支巡官
10139,道觀察使
10140,道節度副使
10141,道節度使
10142,道節度使掌書記
10143,道推官
10144,道行軍大總管
10145,道行営都統
10146,德教殿學士
10147,登仕郎
10148,鄧王
10149,地官尚書
10150,地官侍郎
10151,典設郎
10152,典神策軍
10153,殿內少監
10154,殿直軍判官
10155,殿中丞
10156,殿中監
10157,殿中監察御史
10158,殿中少監
10159,殿中侍御史
10160,殿中侍御史分司東都
10161,殿中侍御史内供奉
10162,吊祭使
10163,冬官尚書
10164,冬官侍郎
10165,東都副留守
10166,東都留守
10167,東都留守從事
10168,東都留守幕客
10169,東都留守判官
10170,東都書佐
10171,東閣祭酒
10172,東宮及諸王侍讀
10173,東宮千牛備身
10174,東宮侍讀
10175,東宮侍講
10176,東宮通事舍人
10177,東宮衛佐
10178,東宮學士
10179,東臺典儀
10180,東臺舍人
10181,東臺侍郎
10182,東臺詳正學士
10183,都督
10184,都督府參軍
10185,都督府長史
10186,都督府法曹參軍
10187,都督府鎧曹參軍
10188,都督府幕
10189,都督府司馬
10190,都防御副使
10191,都副使
10192,都官郎中
10193,都官尚書
10194,都官員外郎
10195,都護
10196,都護從事
10197,都監使
10198,都水監主簿
10199,都水使者
10200,都統判官
10201,都統巡官
10202,都統掌書記
10203,都統支使
10204,都統諸行營
10205,都頭
10206,都團練副使
10207,都團練觀察處置等使
10208,都團練判官
10209,都團練使
10210,都押衙
10211,都知兵馬使
10212,督郵
10213,度支部員外郎
10214,度支郎中
10215,度支尚書
10216,度支使
10217,度支鹽鐵使
10218,度支鹽鐵巡官
10219,度支員外郎
10220,端明殿學士
10221,鄂公
10222,二聖山陵橋道使
10223,蕃方副車軍司馬
10224,防遏使
10225,防御觀察使
10226,防御使
10227,防御鎮國軍等使
10228,飛騰指揮使
10229,分領諸道財賦
10230,奉常博士
10231,奉宸府主簿
10232,奉宸監丞
10233,奉禮郎
10234,奉天行營副元帥判官
10235,奉御
10236,鳳閣鸞臺三品
10237,鳳閣舍人
10238,鳳閣侍郎
10239,鳳翔四面行營都統
10240,符璽郎
10241,福王
10242,府兵曹參軍
10243,府丞
10244,府從事
10245,府典韱
10246,府典謁
10247,府法曹參軍
10248,府功曹參軍
10249,府戸曹参軍
10250,府錄事參軍
10251,府判官
10252,府士曹參軍
10253,府士曹參軍掾
10254,府署
10255,府司戶參軍
10256,府司祿參軍
10257,府推官
10258,府文學
10259,府尹
10260,府尹從事
10261,府尹掾曹
10262,輔國大將軍
10263,副都將
10264,副使
10265,副元帥
10266,副元帥判官
10267,副元帥行軍司馬
10268,副知院事
10269,駙馬
10270,駙馬都尉
10271,駙馬都尉
10272,覆屯交兵使
10273,閣門南院使
10274,給事黃門侍郎
10275,給事中
10276,工部郎中
10277,工部尚書
10278,工部侍郎
10279,工部員外郎
10280,公府文學
10281,公主
10282,公主府記室參軍
10283,功曹掾
10284,功德判官
10285,供奉官
10286,供職御史臺
10287,宮官
10288,宮教博士
10289,宮留守
10290,宮留守推官
10291,宮門丞
10292,宮人
10293,宮使
10294,宮闈丞
10295,宮衛
10296,宮巡官
10297,宮苑閑廐使
10298,勾當鑄錢使
10299,冠軍大将軍
10300,觀察處置等使
10301,觀察從事
10302,觀察副使
10303,觀察陸運等使
10304,觀察判官
10306,觀察使
10307,觀察使從事
10308,觀察使僚佐
10309,觀察使團練判官
10310,觀察使團練巡官
10311,觀察使推事
10312,觀察使巡官
10313,觀察使掌書記
10314,觀察使左威衛兵曹參軍
10316,觀察推官
10317,觀察押牙
10318,觀察支使
10319,管記
10320,管内僧正
10321,管旬官
10322,館驛官
10323,館驛巡官
10324,光祿卿
10325,光祿寺大夫
10326,光祿寺少卿
10327,光禄寺主簿分司東都
10328,光王
10329,廣文博士
10330,廣文館博士
10331,廣文館助教
10332,匭函使
10333,匭使判官
10334,貴妃
10335,國計使
10336,國使錄事
10337,國王
10338,國王府判官
10339,國主
10340,國子博士
10341,國子博士分司東都
10342,國子丞
10343,國子祭酒
10344,國子監
10345,國子監司業
10346,國子監四門助教
10347,國子監主簿
10348,國子毛詩博士
10349,國子四門學士
10350,國子直講
10351,國子助教
10352,翰林承旨學士
10353,翰林待詔
10354,翰林供奉
10355,翰林侍講學士
10356,翰林侍書學士
10357,翰林詳定學士
10358,翰林修書學士
10359,翰林修撰學士
10360,翰林學士
10361,翰林學士院
10362,翰林院
10363,翰林院供奉
10364,和蕃使
10365,和親使
10366,弘文崇賢館大學士
10367,弘文館大學士
10368,弘文館待詔
10369,弘文館待制
10370,弘文館校書郎
10371,弘文館學士
10372,弘文館學士判館事
10373,弘文館直學士
10374,宏文館校書郎
10375,宏文館學士
10376,鴻臚大卿
10377,鴻臚卿
10378,鴻臚少卿
10379,侯
10380,互市郎
10381,戶部郎中
10382,戶部郎中分司東都
10383,戶部判官
10384,戶部尚書
10385,戶部侍郎
10386,戶部員外郎
10387,戸部郎中
10388,戸部員外郎分司東都
10389,戸曹
10390,懷化大將軍
10391,環衛官
10392,宦官
10393,皇帝
10394,皇宮護衛官
10395,皇后
10396,皇太弟
10397,皇太妃
10398,皇太叔
10399,皇太子
10400,皇太子妃
10401,黃門侍郎
10402,黄門監
10403,黄門侍郎
10404,徽猷閣待制
10405,回鶻吊祭使
10406,回鶻婚禮使判官
10407,慧妃
10408,霍王
10409,集賢大學士
10410,集賢殿崇文館大學士
10411,集賢殿大學士
10412,集賢殿待詔
10413,集賢殿弘文館大學士
10414,集賢殿書院學士
10415,集賢殿圖書使
10416,集賢殿校理
10417,集賢殿校書郎
10418,集賢殿學士
10419,集賢殿正字
10420,集賢殿直學士
10421,集賢校理學士
10422,集賢學士
10423,集賢學士判院事
10424,集賢學士知院事
10425,集賢院
10426,集賢院待制
10427,集賢院書吏
10428,集賢院校理
10429,集賢院修撰
10430,集賢院學士
10431,集賢院直學士
10432,記室參軍
10433,加恩使
10434,家令寺丞
10435,駕部郎中
10436,駕部員外郎
10437,監察御史
10438,監察御史分司東都
10439,監察御史裏行
10440,監察御史銜
10441,監國
10442,監軍使
10443,監糧運
10444,監使
10445,監修國史
10446,監諸軍事
10447,檢討官
10448,建陵挽郎
10449,諫官
10450,諫議大夫
10451,將仕郎
10452,將作大匠
10453,將作監
10454,將作少監
10455,將作少匠
10456,教坊判官
10457,婕妤
10458,節度從事
10459,節度都知兵馬使
10460,節度度支判官
10461,節度副大使
10462,節度副大使幕佐
10463,節度副大使知節度事
10464,節度副使
10465,節度觀察處置等使
10466,節度觀察推官
10467,節度觀察支使
10468,節度館驛巡官
10469,節度留後
10470,節度留後僚佐
10471,節度幕府從事
10472,節度使
10473,節度使從事
10474,節度使記室
10475,節度使幕佐
10476,節度使判官
10477,節度使推官
10478,節度使行軍司馬
10479,節度使巡官
10480,節度使衙門將
10481,節度使掌書記
10482,節度團練巡官
10483,節度行營
10484,節度押衙
10485,節度牙推
10486,節度衙推
10487,節度營田副使
10488,節度右兵馬使
10489,節度支使
10490,金部郎中
10491,金部員外郎
10492,金吾大將軍
10493,金吾將軍
10494,金吾衛長史
10495,金紫光祿大夫
10496,謹政殿學士
10497,經略副使
10498,經略判官
10499,經略使
10500,經略守促使
10501,經略招討使
10502,九鼎使
10503,句當中書事
10504,決勝指揮使
10505,爵
10506,軍曹
10507,軍倅
10508,軍大使
10509,軍大總管
10510,軍都虞候
10511,軍都指揮使
10512,軍府
10513,軍副大總管
10514,軍副使
10515,軍觀察節度使
10516,軍節度留後
10517,軍節度判官
10518,軍節度掌書記
10519,軍幕
10520,軍前水陸轉運使
10521,軍事判官
10522,軍司馬
10523,軍推官
10524,軍宣慰使
10525,軍巡官
10526,軍掌書記
10527,軍職
10528,軍咨祭酒
10529,軍左押衙
10530,郡別駕
10531,郡博士
10532,郡曹掾
10533,郡長史
10534,郡公
10535,郡戶掾
10536,郡君
10537,郡開國侯
10538,郡開國男
10539,郡守
10540,郡司法參軍
10541,郡司法參軍書佐
10542,郡司戶參軍
10543,郡司戶參軍書佐
10544,郡司馬
10545,郡通守
10546,郡王
10547,郡員外司馬
10548,郡職
10549,開府儀同三司
10550,考功郎中
10551,考功員外郎
10552,考試官
10553,考制策官
10554,控鶴監
10555,控鶴内供奉
10556,庫部郎中
10557,庫部員外郎
10558,括圖書使
10559,蘭臺大夫
10560,蘭臺侍郎
10561,郎官
10562,郎吏
10563,郎署
10564,郎中分司
10565,樂部頭
10566,礼儀使
10567,理鹽務
10568,禮部
10569,禮部郎中
10570,禮部尚書
10571,禮部侍郎
10572,禮部員外郎
10573,禮儀使
10574,禮儀詳定使
10575,吏部
10576,吏部郎中
10577,吏部尚書
10578,吏部侍郎
10579,吏部下大夫
10580,吏部員外郎
10581,歷事
10582,麗正殿校理
10583,廉訪使幕僚
10584,梁國夫人
10585,梁王
10586,糧料使
10587,僚佐
10588,列校
10589,臨壇兩街十望大德
10590,麟臺監
10591,麟臺少監
10592,麟臺正字
10593,伶官
10594,領吏部選
10595,領使
10596,領租庸事
10597,嶺南大首領
10598,嶺南判官
10599,嶺下尉
10600,留輔皇太子監守
10601,留守
10602,留守從事
10603,留守判官
10604,六部各司郎中
10605,龍圖閣學士
10606,龍圖閣直學士
10607,隴西公府記室
10608,隴西公府僚佐
10609,魯郡開國公
10610,錄事參軍
10611,鸞臺侍郎
10612,洛陽分司
10613,洛陽禦史臺
10614,馬步使
10615,毛詩博士
10616,門下省待詔
10617,門下省典儀
10618,門下省知匭事
10619,門下侍郎
10620,門下侍郎平章事
10621,門下侍郎同平章事
10622,秘閣郎中
10623,秘閣校理
10624,秘書監
10625,秘書監分司東都
10626,秘書郎
10627,秘書省
10628,秘書省少監
10629,秘書省校書郎
10630,秘書省正字
10631,秘書省著作郎
10632,秘書省著作佐郎
10633,秘書學士
10634,秘書員外少監
10635,民部尚書
10636,民曹郎中
10637,明威將軍
10638,幕府
10639,幕吏
10640,幕僚
10641,幕中
10642,幕中賓從
10643,幕佐
10644,内給事
10645,内供奉
10646,内供奉三教講論賜紫引駕起居大德
10647,内供奉文章應制
10648,内侍省
10649,内侍省監
10650,納言
10651,南楚國公
10652,南陵院官
10653,南岳齋郎
10654,南詔吊祭使
10655,內史令
10656,內史舍人
10657,內史侍郎
10658,內侍正員
10659,判本司事
10660,判別駕事
10661,判大理卿事
10662,判都督事
10663,判度支
10664,判度支案
10665,判度支從事
10666,判度支兩稅
10667,判度支鹽鐵案
10668,判府事
10669,判官
10670,判官書記
10671,判國子祭酒事
10672,判弘文館
10673,判戶部案
10674,判戶部事
10675,判考功事
10676,判考功員外郎
10677,判吏部三銓事
10678,判吏部侍郎
10679,判六軍諸衛事
10680,判起居舍人事
10681,判榷鹽院事
10682,判三司
10683,判三司度支
10684,判尚書省
10685,判史館事
10686,判樞密院事
10687,判太常卿事
10688,判刑部侍郎
10689,判鹽鐵案
10690,判鹽鐵榷酒案
10691,判御史臺
10692,判元帥廣平王行軍司馬
10693,判院事
10694,判職方員外郎
10695,判中書門下事
10696,判主爵員外郎
10697,判左丞事
10698,偏將
10699,聘賀使
10700,聘日副大使
10701,平章軍國重事
10702,平章事
10703,僕射
10704,起居郎
10705,起居舍人
10706,千牛
10707,千牛上將軍
10708,千牛直長
10709,勤政殿學士承旨
10710,青苗使
10711,卿
10712,清道率府長史
10713,清平官
10714,秋官尚書
10715,秋官侍郎
10716,勸農判官
10717,勸農宣慰使
10718,群牧使
10719,榮文館學士
10720,入蕃計會使
10721,入蕃使判官
10722,入南詔副使
10723,入吐藩吊祭使
10724,入吐蕃册命副使
10725,入吐蕃會盟使
10726,入新羅宣慰副使
10727,三司道判官
10728,三司副使
10729,三司使
10730,三司鹽鐵判官
10731,散騎常侍
10732,散秩
10733,僧綱律師
10734,僧正
10735,山陵使
10736,膳部郎中
10737,膳部員外郎
10738,商州上津令
10739,上都留後
10740,上方監
10741,上將軍
10742,上儀同三司
10743,上柱國
10744,尚乘
10745,尚方監丞
10746,尚宮
10747,尚書
10748,尚書殿中侍郎
10749,尚書郎中
10750,尚書郎中分司東都
10751,尚書省
10752,尚書省官員
10753,尚書省右司郎中
10754,尚書省右司員外郎
10755,尚書省諸曹令史
10756,尚書省左司
10757,尚書省左司郎中
10759,尚書右丞相
10760,尚書員外郎
10761,尚書左中兵
10762,尚衣
10763,少府監
10764,少府少監
10765,少府少監分司東都
10766,少府員外少卿
10767,少監
10768,少卿
10769,少尹
10770,拾遺
10771,史官
10772,史館待詔
10773,史館修撰
10774,史職
10775,使
10776,使府
10777,使相
10778,使職
10779,侍讀
10780,侍郎
10781,侍衛
10782,侍衛諸軍都虞候
10783,侍御史
10784,侍御史分司東都
10785,侍御史内供奉
10786,侍御史知雜事
10787,侍中
10788,試官
10789,釋門都僧統
10790,守軍衛佐
10791,書記
10792,書院
10793,淑妃
10794,樞密使
10795,樞密使從事
10796,水部郎中
10797,水部郎中分司南都
10798,水部員外郎
10799,水衡監丞
10800,水陸運鹽鐵使
10801,水陸運鹽鐵租庸使從事
10802,水陸轉運副使
10803,水陸轉運使
10804,水陸轉運使從事
10805,水陸轉運使判官
10806,司賓少卿
10807,司賓寺主簿
10808,司倉
10809,司城員外郎
10810,司藩大夫
10811,司封郎中
10812,司封郎中分司洛陽
10813,司封員外郎
10814,司府丞
10815,司府少卿
10816,司駕員外
10817,司諫直史館
10818,司經局正字
10819,司經校書
10820,司空
10821,司禮博士
10822,司禮少卿
10823,司禮寺博士
10824,司列大夫
10825,司列少常伯
10826,司門郎中
10827,司門員外郎
10828,司農卿
10829,司農少卿
10830,司平太常伯
10831,司僕卿
10832,司僕少卿
10833,司膳郎中
10834,司膳卿
10835,司天監
10836,司徒
10837,司衛少卿
10838,司衛寺主簿
10839,司文郎中
10840,司文少卿
10841,司刑丞
10842,司刑少卿
10843,司刑侍郎
10844,司刑正
10845,司勲員外郎
10846,司勳
10847,司勳郎中
10848,司勳員外郎分司洛陽
10849,司議郎
10850,司元大夫
10851,司直
10852,四門博士
10853,四門助教
10854,隨軍參謀
10855,太保
10856,太常博士
10857,太常丞
10858,太常奉禮郎
10859,太常卿
10860,太常少卿
10861,太常寺奉禮郎
10862,太常寺太祝
10863,太常寺協律郎
10864,太常寺齋郎
10865,太常寺治禮郎
10866,太常寺主簿
10867,太常寺屬吏
10868,太常修撰
10869,太常員外卿
10870,太傅
10871,太弟
10872,太弟太保
10873,太府丞
10874,太府卿
10875,太府少卿
10876,太府寺主簿
10877,太樂丞
10878,太樂令
10879,太廟丞
10880,太僕卿
10881,太僕少卿
10882,太僕寺丞
10883,太師
10884,太史丞
10885,太守
10886,太守從事
10887,太尉
10888,太學博士
10889,太學崇文館助教
10890,太學助教
10891,太祝
10892,太子
10893,太子賓客
10894,太子賓客分司東都
10895,太子賓客分司西都
10896,太子典膳丞
10897,太子妃
10898,太子宮門郎
10899,太子及諸王侍讀
10900,太子率府參軍
10901,太子率更令
10902,太子內率府錄事參軍
10903,太子千牛備身
10904,太子少保
10905,太子少保分司
10906,太子少保分司東都
10907,太子少傅
10908,太子少師
10909,太子少師分司東都
10910,太子少詹事
10911,太子舍人
10912,太子侍讀
10913,太子侍講
10914,太子庶子分司東都
10915,太子司更大夫
10916,太子司儀郎
10917,太子太保
10918,太子太保分司東都
10919,太子太傅
10920,太子太師
10921,太子通事舍人
10922,太子王元膺之師
10923,太子尉
10924,太子文學
10925,太子洗馬
10926,太子先鋒兵馬元帥
10927,太子小師
10928,太子校書郎
10929,太子學士
10930,太子右庶子
10931,太子右庶子分司東都
10932,太子右衛副率
10933,太子右贊善大夫
10934,太子右中護
10935,太子諭德
10936,太子贊善大夫
10937,太子詹事
10938,太子詹事分司東都
10939,太子詹事司直
10940,太子正字
10941,太子中舍人
10942,太子中庶子
10943,太子中允
10944,太子諸王侍讀
10945,太子左庶子
10946,太子左庶子分司東都
10947,太子左贊善大夫
10948,太子左中護
10949,唐賀正使
10950,特進
10951,提舉宮觀
10952,天策府十八學士
10953,天策府學士
10954,天策府中郎
10955,天策上將軍
10956,天官郎中
10957,天官尚書
10958,天官侍郎
10959,天官員外郎
10960,天后
10961,天下兵馬元帥
10962,天下行軍大元帥
10963,天下行營都統判官
10964,通事舍人
10965,通事謁者
10966,通議大夫
10967,通直散騎常侍
10968,通直散騎侍郎
10969,通直謁者
10970,同東西臺三品
10971,同鳳閣鸞臺平章事
10972,同鳳閣鸞臺三品
10973,同監西溪鹽倉
10974,同判吏部流内銓
10975,同中書門下平章事
10976,同中書門下三品
10977,同紫微黃門平章事
10978,圖譜官
10979,土客諸軍都指揮使
10980,吐蕃分界使
10981,吐蕃舍人
10982,吐蕃御史
10983,團練府巡官
10984,團練副使
10985,團練觀察等使
10986,團練觀察副使
10987,團練觀察使
10988,團練判官
10989,團練守捉使
10990,團練巡官
10991,屯田員外郎
10992,外官監考使
10993,王部將
10994,王東巡幕中
10995,王妃
10996,王府參軍
10997,王府倉曹參軍
10998,王府長史分司東都
10999,王府典簽
11000,王府法曹參軍
11001,王府官
11002,王府戸曹参軍
11003,王府記室參軍
11004,王府教授
11005,王府幕僚
11006,王府史館修撰
11007,王府侍讀
11008,王府書記
11009,王府司馬
11010,王府文學
11011,王府文學館
11012,王府文學館博士
11013,王府西閣祭酒
11014,王府學士
11015,王府掾
11016,王府主簿
11017,王府屬官
11018,王府諮議參軍
11019,王府諮議參軍分司東都
11020,王府左常侍
11021,王傅
11022,王傅分司
11023,王傅分司東都
11024,王國宰相
11025,王僚佐
11026,王幕府
11027,王帥府判官
11028,王天策府學士
11029,王屋尉
11030,總管府記室
11031,王友
11032,王元帥府判官
11033,偽官
11034,衛兵曹
11035,衛兵曹参軍
11036,衛兵曹掾
11037,衛倉曹參軍
11038,衛大將軍
11039,衛將軍
11040,衛鎧曹參軍
11041,衛郎將
11042,衛錄事參軍
11043,衛率府兵曹參軍
11044,衛率府長史
11045,衛騎曹參軍
11046,衛騎曹參軍分司東都
11047,衛上將軍
11048,衛士
11049,衛尉卿
11050,衛尉卿分司東都
11051,衛尉少卿
11052,衛翊府中郎將
11053,衛鷹揚郎將
11054,衛冑曹參軍
11055,文部尚書
11056,文昌右丞
11057,文昌右相
11058,文昌左丞
11059,文房院使
11060,文林郎
11061,文思殿大學士
11062,文學館學士
11063,吳郡開國公
11064,五管府
11065,武賁郎將
11066,武部郎中
11067,武部侍郎
11068,武部員外郎
11069,西班小將軍
11070,西京留守
11071,西京留守判官
11072,西面行營都部署
11073,西臺舍人
11074,西臺侍郎
11075,習藝館
11076,襲爵
11077,下蔡
11078,夏官郎中
11079,夏官尚書
11080,夏官侍郎
11081,夏官員外郎
11082,先鋒都指揮使
11083,賢妃
11084,憲部尚書
11085,憲部侍郎
11086,憲部員外郎
11087,縣伯
11088,縣曹
11089,縣長
11090,縣丞
11091,縣從事
11092,縣公
11093,縣功曹參軍事
11094,縣侯
11095,縣開國公
11096,縣吏
11097,縣令
11098,縣男
11099,縣尉
11100,縣獄卒
11101,縣宰
11102,縣主簿
11103,縣子
11104,縣佐
11105,獻納使
11106,相府參軍
11107,相府典簽
11108,詳定禮儀使判官
11109,小臣
11110,小將
11111,小吏
11112,校理群書編錄四部書目
11113,校書郎
11114,協律郎
11115,協律判官
11116,信王
11117,刑部郎中
11118,刑部尚書
11119,刑部侍郎
11120,刑部員外郎
11121,行軍長史
11122,行軍大総管
11123,行軍記室
11124,行軍司馬
11125,行軍鎮守大使
11126,行軍總督
11127,行軍總督副使
11128,行軍總管
11129,行臺兵部尚書
11130,行臺考功郎中
11131,行臺郎中
11132,行臺尚書左僕射
11133,行營都招討判官
11134,行營都招討制置宣慰使
11135,行營副招討使
11136,行營節度行軍司馬
11137,行營節度諸軍都統招討處置等使
11138,行營糧料使
11139,行營糧料使判官
11140,行營留後
11141,行營馬歩都虞侯
11142,行營招討判官
11143,行營都指揮使
11144,行州事
11145,修奉陵使
11146,修國史
11147,修史
11148,修文館大學士
11149,修文館學士
11150,修文館直學士
11151,修撰
11152,宣撫使
11153,宣徽南院使
11154,宣徽使
11155,宣威將軍
11156,宣慰安撫使
11157,宣慰處置使
11158,宣慰副使
11159,宣慰河東
11160,宣慰判官
11161,宣慰使
11162,宣議郎
11163,宣諭和協使判官
11164,宣諭判官
11165,選補使
11166,選部侍郎
11167,學官
11168,學士
11169,巡邊使
11170,巡察
11171,巡撫使
11172,巡官
11173,巡省大使
11174,押左右萬騎
11175,牙校
11176,衙將
11177,衙前軍將
11178,鹽鐵發運副使
11179,鹽鐵發運使
11180,鹽鐵發運巡官
11181,鹽鐵副使
11182,鹽鐵留後
11183,鹽鐵判官
11184,鹽鐵使巡官
11185,鹽鐵使佐僚
11186,鹽鐵推官
11187,鹽鐵運轉使
11188,鹽鐵轉運從事
11189,鹽鐵轉運等使
11190,鹽鐵轉運府小吏
11191,鹽鐵轉運副使
11192,鹽院官
11193,鄴都留守判官
11194,宜徽使
11195,儀曹郎中
11196,翊聖太妃
11197,義勇都副兵馬使
11198,銀胡䩮指揮使
11199,銀青光祿大夫
11200,營田副使
11201,營田判官
11202,營田使
11203,游擊將軍
11204,右補闕
11205,右補闕内供奉
11207,右典戎衛錄事參軍
11208,右光祿大夫
11209,右候尉將軍
11210,右諫議大夫
11211,右金吾大將軍
11212,右金吾將軍
11213,右金吾衛兵曹參軍
11214,右領軍大將軍
11215,右領軍錄事參軍
11216,右領軍衛將軍
11217,右龍武軍長史
11218,右率府中郎將
11219,右内率府兵曹參軍
11220,右内率府冑曹參軍
11221,右僕射
11222,右千牛
11223,右散騎常侍
11224,右司馬
11225,右肅政臺
11226,右肅政臺殿中侍御史
11227,右肅政臺監察御史
11228,右肅政臺侍御史
11229,右肅政臺御史大夫
11230,右衛倉曹參軍
11231,右衛倉曹掾
11232,右衛大將軍
11233,右衛將軍
11234,右衛率府倉曹參軍
11235,右衛率府長史
11236,右衛率府鎧曹參軍
11237,右衛率府冑曹參軍
11238,右衛騎曹參軍
11239,右武衛錄事參軍
11241,右驍衛兵曹參軍
11242,右驍衛騎曹參軍
11243,右巡使
11244,右翊衛
11245,右羽林大將軍
11246,右羽林將軍
11247,右玉鈐衛郎將
11248,右諭德
11249,右贊善大夫
11250,佑聖國師
11251,虞部郎中
11252,虞部員外郎
11253,虞部員外郎分司東都
11254,羽騎尉
11255,御史
11256,御史大夫
11257,御史司憲
11258,御史臺
11259,御史臺官
11260,御史臺主簿
11261,御史中丞
11262,御史中丞持節
11263,預修國史
11264,元帥
11265,元帥府記室
11266,員外別駕
11267,員外散騎常侍
11268,員外散騎侍郎
11269,雲麾將軍
11270,宰相
11271,贊善大夫
11272,則天大聖皇后
11273,詹事府司直
11274,詹事府詹事
11275,詹事府主簿
11276,掌國史
11277,掌教令
11278,掌吏部選事
11279,掌天官選事
11280,招討使府判官
11281,招討使府掌書記
11282,招慰使
11283,招諭使
11284,昭容
11285,昭文館
11286,昭文館學士
11287,昭儀
11288,昭義軍
11289,浙東觀察使從事
11290,鎮分判軍事
11291,鎮國太平公主
11292,鎮節度使
11293,鎮軍大將軍
11294,鎮郡大將軍
11295,鎮右軍總管
11296,正諫大夫
11297,支度副使
11298,支度使
11299,支度使判官
11300,支度使巡官
11301,支度營田採訪處置使
11302,知兵部侍郎
11303,知兵部選
11304,知刺史
11305,知丹陽監
11306,知道選事
11307,知東都貢舉
11308,知都督事
11309,知府
11310,知府尹
11311,知貢舉
11312,知館驛
11313,知國事
11314,知宏詞科
11315,知集賢院事
11316,知諫議大夫
11317,知節度留後
11318,知節度事
11319,知軍
11320,知軍府事
11321,知軍州事
11322,知考功貢舉事
11323,知禮部貢舉
11324,知禮儀事
11325,知吏部銓事
11326,知吏部尚書銓事
11327,知吏部尚書事
11328,知吏部選事
11329,知流內選事
11330,知留後事
11331,知留守事
11332,知門下省事
11333,知内侍省事
11334,知南朝軍國事
11335,知南選
11336,知起居事
11337,知起居注
11338,知瑞書監
11339,知上都貢舉
11340,知尚書省事
11341,知尚書左丞事
11342,知史官事
11343,知天官侍郎事
11344,知新亭監
11345,知刑部侍郎
11346,知選補使
11347,知譯經院
11348,知御史大夫事
11349,知御史雜事
11350,知御史中丞
11351,知院官
11352,知院事
11353,知雜侍御史
11354,知制誥
11355,知中書舍人
11356,知州
11357,知諸州轉運使
11358,知轉運鹽鐵院事
11359,知租庸院事
11360,知左右内史事
11361,直崇文館學士
11362,直典書坊
11363,直國史
11364,直國子學
11365,直翰林院
11366,直弘文館
11367,直集賢院
11368,直門下省
11369,直内史省
11370,直史館
11371,直史館修國史
11372,直樞密院
11373,直太史局
11374,直習藝館
11375,直學士
11376,直昭文館
11377,直中書省
11378,職方郎中
11379,職方員外郎
11380,職尚書省
11381,指揮使
11382,制置副使
11383,制置使
11384,治書侍御史
11385,中大夫
11386,中官
11387,中護軍
11388,中京留守
11389,中郎將
11390,中郎將懷化大將軍
11391,中散大夫
11392,中書吏
11393,中書令
11394,中書門下平章事
11395,中書門下三品
11396,中書門下同平章事
11397,中書舍人
11398,中書侍郎
11399,中書侍郎平章事
11400,中書侍郎同平章事
11401,中臺司列少常伯
11402,州別駕
11403,州兵曹參軍
11404,州長史
11405,州刺史
11406,州刺史賓客
11407,州刺史從事
11408,州刺史僚属
11409,州刺史判官
11410,州從官
11411,州從事
11412,州都督府司馬
11413,州官僚佐
11414,州經學博士
11415,州民掾
11416,州牧
11417,州判官
11418,州判司
11419,州判司佐僚
11420,州評事
11421,州上佐
11422,州司兵
11423,州司兵參軍
11424,州司倉參軍
11425,州司法參軍
11426,州司法參軍書佐
11427,州司功参軍
11428,州司戶參軍事
11429,州司戶掾
11430,州司理參軍
11431,州司馬
11432,州同判
11433,州推司
11434,州文學
11435,州縣官
11436,州縣佐吏
11437,州學博士
11438,州員外長史
11439,州員外司倉
11440,州員外司戶
11441,州員外司馬
11442,州助教
11443,州總管
11444,諸道兵馬大元帥
11445,諸道兵馬副元帥
11446,諸道兵馬元帥
11447,諸道黜陟使
11448,諸道副元帥
11449,諸道行營都統
11450,諸道鹽鐵轉運使
11451,諸道租庸使
11452,諸府從事
11453,諸軍使
11454,諸軍州大使
11455,諸軍都指揮使
11456,諸路茶鹽制置副使
11457,諸司府參佐
11458,主簿
11459,主客郎中
11460,主客郎中分司東都
11461,主客員外郎
11462,屬吏
11463,柱國
11464,著作局正字
11465,著作郎
11466,著作郎分司東都
11467,著作佐郎
11468,著作佐郎分司東都
11469,専知留守事
11470,轉運等使
11471,轉運副使
11472,轉運留後
11473,轉運使環衛掾曹
11474,轉運使幕佐
11475,轉運使巡官
11476,轉運鹽鐵使
11477,轉運鹽鐵使從事
11478,轉運鹽鐵使判官
11479,轉運租賦使
11480,諮議參軍
11481,紫微舍人
11482,紫微侍郎
11483,宗正丞
11484,宗正郎
11485,宗正卿
11486,宗正卿同正員
11487,宗正少卿
11488,總管府長史
11489,總管府戸曹參軍
11490,租庸判官
11491,租庸使
11492,租庸使趙巖巡官
11493,租庸鹽鐵等使
11494,左班殿直監鹽酒商稅務
11495,左豹韜衛大將軍
11496,左補闕
11497,尚書左丞相
11498,左承事郎
11499,左春坊司經局校書
11500,左奉宸内供奉
11501,左奉駕軍使
11502,左光祿大夫
11503,左諫議大夫
11504,左街鑑義
11505,左街僧錄
11506,左軍總管
11507,左僕射
11508,左千牛
11509,左千牛備身
11510,左千牛衛將軍
11511,左千牛中郎將
11512,左親衛府大都督
11513,左清道兵曹
11514,左散騎常侍
11515,左神武兵曹參軍
11516,左拾遺
11517,左拾遺内供奉
11518,左侍極
11519,左庶子
11520,左庶子分司東都
11521,左司馬
11522,左司御率府兵曹參軍
11523,左司御率府倉曹參軍
11524,左司御率府冑曹參軍
11525,左司員外郎
11526,左臺殿中侍御史
11527,左臺監察御史
11528,左衛長史
11529,左衛大將軍
11530,左衛將軍
11531,左衛郎將
11532,左衛率府兵曹參軍
11533,左衛率府錄事參軍
11534,左衛上將軍
11535,左衛冑曹參軍
11536,左武侯大將軍
11537,左右街僧錄
11538,左右僕射
11539,左右衛倉曹參軍
11540,左右御率府兵曹參軍
11541,左羽林大將軍
11542,左羽林將軍
11543,左玉鈴衛翊左郎將
11544,左御史大夫
11545,左御史臺監察御史
11546,左諭德
11547,左賛善大夫
11548,佐
11549,佐吏
11550,都督
11551,都督中外諸軍事
11552,都官郎中
11553,都官員外郎
11554,都護
11555,都將
11556,都水使者
11557,都統判官
11558,都指揮使
11559,丞相
11560,右拾遺
11561,司士參軍
11562,郎中
11563,尚書博士
11564,樞密副使
11565,太子右諭德
11566,通判
11567,防御判官
11568,軍節度推官
11569,度支判官
11570,屯田郎中
11571,判太常寺
11572,判大理寺
11573,州通判
11574,分司南京
11575,知西京留守司事
11576,天下兵馬大元帥
11577,將軍
11578,國公
11579,節度大使
11580,節度採訪使
11581,節度都巡使
11582,奉使
11583,從事
11584,觀察支度使
11585,王府少監
11586,開國伯
11587,分判軍事
11588,刺史參佐
11589,州留後
11590,諸王
11591,王師
11592,鎮將
11593,太微宮使
11594,王府長史
11595,王府幕吏
11596,王府功曹參軍
11597,王府判官
11598,觀察使判官
11599,道總管記室參軍
11600,採訪支使
11601,秘書丞
11602,員外郎
11603,出使
11604,知誥元帥府
11605,府司錄
11606,水陸運環衛掾曹
11607,道都團練軍事
11608,兵曹參軍
11609,州團練使
11610,太清宮使
11611,編集使
11612,核査天下戸口使
11613,郡從事
11614,王府錄事參軍
11615,節度使府參軍
11616,留後
11617,郡丞
11618,单于大都護
11619,州巡官
11620,推官
11621,州大都督
11622,州都督
11623,詳理判官
11624,太上皇
11625,防御副使
11626,左奉宸內供奉
11627,評事
11628,府掾
11629,判官
11630,司馬
11631,治中
11632,知軍事
11633,天下租庸使
11634,衛率府懷化大將軍
11635,走卒
11636,副將
11637,歴事
11638,弔祭使
11639,侍太子
11640,州掾
11641,崇聖宮使
11642,六軍諸衛推官
11643,枢密使
11644,司隷從事
11645,单于都護
11646,節度參軍
11647,輔導
11648,衛統軍都指揮使
11649,神策軍判官
11650,鎮南都護
11651,正文字
11652,兵吏部選事
11653,銀青光禄大夫
11654,州掌書記
11655,諸道兵馬都統
11656,軍將
11657,節度使判官
11658,參軍
11659,道出使巡撫
11660,功曹參軍
11661,法曹參軍
11662,長春宮使
11663,度支諸道轉運使鹽鐵使
11664,散從正員郎
11665,北庭都護
11666,新羅册贈使
11667,知縣
11668,內史次大夫
11669,司風長
11670,鴻臚寺主簿
11671,浿江道副大總管
11672,行軍
11674,大行臺行軍元帥
11675,太子右庶子分司南都
11676,四部尉
11677,兩街功德使
11678,樞密直學士
11679,加持節招討西京兼防御蒲潼兩關兵馬節度等使
11680,勤政殿學士
11681,安平王
11682,百工監
11683,百工監丞
11684,北門長上
11685,備身郎將
11686,驃騎都尉
11687,別將
11688,兵曹
11689,兵將
11690,步兵校尉
11691,倉曹
11692,曹掾
11693,長槍馬軍副總管
11694,長上
11695,長上別將
11696,長上果毅
11697,長上折衝
11698,長上左果毅
11699,常侍
11700,長水校尉
11701,朝請郎
11702,朝義郎
11704,車騎
11705,陳王
11706,丞
11707,承奉郎
11708,丞議郎
11709,承議郎
11710,持節
11711,大常寺永康陵令
11712,大對盧
11713,大行臺
11714,大行臺刑部主事
11715,大載師
11716,大冢宰
11717,大中正
11718,大總管
11719,大總管府屬
11720,大夫
11721,待詔文林館
11722,待中
11723,道王
11724,典倉署丞
11725,典牧署令
11726,典簽
11727,殿中
11728,殿中省主事
11729,定王
11730,東宮
11731,東宮率府郎將
11732,東宮門大夫
11733,東宮細引
11734,東宮右衛翊衛
11735,東宮左親侍
11736,東宮左親衛
11737,東宮左司御率府翊衛
11738,東宮左勳衛
11739,東宮左勳衛騎都尉
11740,東陽王
11741,都水監丞
11742,隊副
11743,隊正
11744,飛騎尉
11745,飛騎校尉
11746,奉朝請
11747,奉車都尉
11748,奉誠尉
11749,鳳閣主書
11750,奉義郎
11751,奉議郎
11752,奉醫直長
11753,府典軍
11754,副隊正
11755,副郎將
11756,副率
11757,符王
11758,副宰相
11759,府左果毅
11760,羔泉鎮主
11761,給事郎
11762,公
11763,供奉官
11764,冠武將軍
11765,光祿大夫
11766,廣武王
11767,國夫人
11768,果毅
11769,果毅都尉
11770,國子監生
11771,韓王
11772,河間王
11773,鴻臚寺丞
11774,弘文館學士
11775,戶部
11776,護軍
11777,濟南王
11778,監丞
11779,建節尉
11780,監門
11781,檢校 is part of a title or a verb: 檢校….office
11782,檢校定襄道左果毅
11783,檢校果毅
11784,檢校果毅同正府領
11785,檢校行臺事
11786,檢校右衛
11787,撿校右羽林軍
11788,檢校右羽林軍
11789,檢校州功曹
11790,檢校子營總管
11791,檢校子總
11792,檢校左金吾郎將
11793,將仁郎
11794,匠師
11795,江王
11796,將作監大監
11797,將作監大匠
11798,將作監少監
11799,節公
11800,晉王
11801,景陵王
11802,靖王
11803,廄牧署令
11804,郡墳守
11805,郡功曹参軍
11806,郡戶曹掾
11808,郡將
11809,郡內史
11810,郡司法参軍
11811,郡司功参軍
11812,郡司戶参軍
11813,郡太夫人
11814,郡太君
11815,郡正
11816,郡主薄
11817,軍子總管
11818,開府
11819,開國男
11820,郎將
11821,樂安王
11822,樂部上大夫
11823,令
11824,領兵將
11825,隴西城紀
11826,露門博士
11827,洛陽宮青城監事
11828,率更令
11829,旅帥
11831,馬軍總管
11832,門下令
11834,男
11835,內給事
11836,內將
11837,內侍
11838,內史
11839,內侍省宮闈局丞
11840,內謁者
11841,內謁者監
11842,女史
11843,判司禮事
11844,陪戎副尉
11845,陪戎尉
11846,陪戎校尉
11847,沛王
11848,騎都尉
11850,杞王
11851,齊王
11852,親事
11853,秦王
11854,親衛大督
11855,輕車都尉
11857,青城監監事
11858,曲盡將
11859,任門下省主事
11860,仁勇副尉
11861,仁勇校尉
11862,戎昭果毅
11863,儒林郎
11864,散常侍
11865,散員郎
11866,膳部主事
11867,繕工監右校署監作
11868,善政府校尉
11869,上護軍
11870,上開府
11871,上林署令
11872,上輕車都尉
11873,上士
11874,尚食直長
11875,尚書省主事
11876,上右親侍
11877,邵陵王
11878,少司成
11879,舍人
11880,史
11881,始安王
11882,食五百戶
11883,salary
11884,守宮署丞
11885,署大農
11886,舒王
11887,朔方右二監
11888,司賓寺司儀署令
11889,司成
11890,司服上士
11891,司府寺東市署令
11892,司宮台奚官局令
11893,司官台內給事
11894,司津監丞
11895,四門學生
11896,司木大夫
11897,司農寺卿
11898,司騎
11899,司衛都中士
11900,隨律典校墳籍
11901,太大兄
11902,太府寺
11903,太府寺北市署令
11904,太府寺丞
11905,太府寺典牧署丞
11906,太府寺典牧署令
11907,太府寺錄事
11908,太府寺卿
11909,太府寺少卿
11910,太史監候
11911,太史令
11912,天官都府上士
11913,廷尉
11914,統軍
11915,同文寺掌客
11916,通義大夫
11917,通直郎
11918,屯田
11919,屯田都官
11920,挽郎
11921,萬年宮監農圃監事
11922,萬年宮監事
11923,王
11924,王府倉曹
11925,王府大農
11926,王府典軍
11927,王府隊副
11928,王府隊正
11929,王府國尉
11930,王府戶曹
11931,王府廄牧丞
11932,王府庫直
11933,王府西曹祭酒
11934,王府右庫直
11935,王府執乘
11936,王府執仗
11937,王府左親侍
11938,王府左統軍
11939,王府左右
11940,王親事
11941,王右府司兵
11942,魏王
11943,衛尉
11944,衛正
11946,武騎尉
11947,吳王
11948,武王
11949,武尉
11950,武威王國妃
11951,西府庫直
11952,西府長史
11953,熙王
11954,縣博士
11955,縣法曹參軍
11956,縣國男
11957,縣戶曹
11958,縣檢校丞
11959,縣君
11960,縣開國男
11961,縣開國子
11962,縣錄事參軍
11963,縣鄉長
11964,鄉公
11965,鄉君
11966,鄉長
11967,驍果校尉
11968,驍騎尉
11969,校尉
11970,小載師
11971,新安王
11972,行臺右丞
11973,行臺左丞
11974,徐王
11975,宣德郎
11976,宣簡公
11977,宣節尉
11978,宣懿公
11979,宣義郎
11980,押左騎兵
11981,鹽池監
11982,餚藏令
11983,掖庭宮司簿
11984,翊麾校尉
11985,儀同三司
11986,翊衛
11987,翊衛大督
11988,引駕
11989,鷹擊郎將
11990,營繕監
11991,營繕監甄官署令
11992,鷹揚
11993,膺揚郎
11995,膺揚郎將
11996,鷹揚郎將
11997,雍王
11998,右備身郎將
11999,右果毅
12000,右果毅都尉
12001,右琥衛翊衛校尉
12002,右監門直長
12003,右金吾衛鈞台府
12004,右郎將
12005,右領軍果毅
12006,右領軍鎧曹
12007,右領軍衛天固府統軍
12008,右領軍翊府親衛
12009,右率府郎將
12010,游騎尉
12011,右親衛
12012,右尚署令
12013,右屯衛
12014,右威衛
12015,右威衞翊府中郎將
12016,右衞勳二府中郎
12017,右衛勳府校尉
12018,右衛勳衛
12019,右衛翊二府翊衛
12020,右衛翊衛護軍
12021,右五馬軍總管
12022,右武衛長史
12023,右驍衛
12024,右勳侍校尉
12025,右勳衛
12026,右勳衛隊正
12027,右玉鈐衛假郎將
12028,右玉鈐衛翊府右郎將
12029,羽林材郎
12030,羽林監
12031,羽林軍
12032,御正大夫
12033,樂師
12034,雲騎尉
12035,雜曹參
12036,長史
12037,掌闈
12038,章武王
12039,趙王
12040,昭武副尉
12041,招武校尉
12042,昭武校尉
12043,折衝都
12044,折沖都尉
12045,折衝都尉
12046,鎮西府省事
12047,鎮遠護軍
12048,正監
12049,正議大夫
12050,正字
12051,直長
12052,執乘
12053,致果副尉
12054,智果校尉
12055,直內侍監
12056,直內侍省
12057,執旗
12058,中書郎
12059,中書主書
12060,中正
12061,州倉曹參軍
12062,州丞
12063,州功曹參軍
12064,州功曹上護軍
12065,州河令
12066,州錄事參事
12067,州士曹参軍
12068,州司士参軍
12069,周王
12070,州學生
12071,州中正
12072,州主薄
12073,州諸軍事
12074,州總監
12075,主客
12076,主客主事
12077,主事
12078,子
12079,諮議軍事
12080,總管
12081,總知皇城宿衛
12082,左豹韜衛宿陪戎副尉
12083,左備身郎將
12084,左別將
12085,左丞
12086,左春坊主事
12087,左果毅
12088,左果毅都尉
12089,左監門長上
12090,左監門錄事參軍
12091,左監門衛長上校尉
12092,左監門衛副率
12093,左監門衛校尉
12094,左監門直長
12095,左金吾衛邑陽府左果毅
12096,左金吾衛引駕
12097,左領軍翊府親衛
12098,左某府倉曹
12099,左某府校尉
12100,左親衛
12101,左親衛長上校尉
12102,左親衛隊正
12103,左親衛校尉北門長上
12104,左清道率頻陽府果毅
12105,左侍上士
12106,左屯衛
12107,左屯衛別將
12108,左屯衛府長史
12109,左屯衛翊衛
12110,左屯翊衛
12111,左衛長上
12112,左衛動衛
12113,左衛親衛
12114,左威衛
12115,左衛翊衛
12116,左衛翊衛府校尉
12117,左衛翊衛帖仗
12118,左衛翊衛武騎尉
12119,左武候某府統軍
12120,左武候長史
12121,左武衛
12122,左武衛某府長上折衝
12123,左武衛長史
12124,左校署丞
12125,左驍衛萬歲府折衝都尉
12126,左驍衛翊府長上
12127,左驍衛翊衛
12128,左驍衛折衝都尉
12129,左勳衛
12130,左一軍總管
12131,左翊衛
12132,左翊衛大督
12133,左翊衛隊正
12134,左翊衛校尉
12135,左右領軍衞
12136,左右司禦率府主帥
12137,左右有親侍
12138,左玉鈐衛某府左果毅右羽林軍長上
12139,左直長
12140,公
12141,開國公
12142,員外置同正員
12143,押衙
12144,折衝
12145,食邑
12146,十將
12147,左金吾衛大將軍
12150,節度判官
12151,郡開國公
12152,陵臺令
12154,郡夫人
12156,開國伯
12157,右威衛大將軍
12158,左武衛兵曹參軍
12159,左武衛大將軍
12160,知鹽鐵院
12161,秘書少監
12162,縣太君
12164,開國子
12165,防禦使
12166,馬步都虞侯
12167,上騎都尉
12168,京兆尹
12170,內常侍
12171,典軍
12172,北都留守
12173,右金吾衛大將軍
12174,司農寺丞
12175,司錄參軍
12176,國太夫人
12177,大都督府右司馬
12178,太廟齋郎
12179,宮闈局令
12180,州司土參軍
12181,左監門衛將軍
12182,左金吾衛兵曹參軍
12184,押官
12185,招討使
12186,散將
12187,節度巡官
12188,節度推官
12189,節度要籍
12191,縣主
12193,討擊使
12194,軍使
12196,進馬
12197,都虞候
12198,鎮國大將軍
12199,開國侯
12200,食實封
12201,驅使官
12202,(貶)衛尉寺丞分司東都
12203,(隋)親衛大將軍
12204,三衛
12205,东都分司
12206,使院
12207,侍御使
12209,侍禦史
12210,倉曹掾
12211,內侍省內常侍
12212,內侍省內府局令
12213,內供奉
12214,內寺伯
12215,內府局令
12216,內直郎
12217,兵馬副使
12218,兵馬曹
12219,分司東都
12220,分巡給納官
12221,判官
12222,副兵馬使
12224,副大總管
12226,副將
12227,助教
12228,千牛衛長史
12229,右押衙
12230,右武衛大將軍
12231,右街功德使
12232,右衛上將軍
12234,右衛長史
12235,右金吾衛上將軍
12236,右金吾衛將軍
12237,右金吾衛翊府左郎將
12239,右金吾衛郎將
12240,右領軍上將軍
12243,右領軍衛上將軍
12244,右驍衛將軍
12246,司勳員外郎
12247,司士
12248,君夫人
12249,員外置同政員
12250,團練使
12251,太君
12252,太夫人
12253,妃
12254,子將
12255,守左威衛
12256,宮府大夫
12258,宮相
12259,宮苑使
12260,尊師
12261,尚書右候射
12262,尚衣奉御
12263,州司功參軍
12264,左千牛衛長史
12265,左威衛大將軍
12266,左廂馬步都虞侯
12267,左武威衛將軍
12268,左武衛上將軍
12270,左武衛將軍
12271,左武衛曹參軍
12272,左神威大將軍
12273,左藏庫使
12274,左街功德使
12275,左衛太將軍
12276,左隨身
12277,左領軍衛大將軍
12278,左驍衛上將軍
12279,左驍衛將軍
12280,左驍衞大將軍
12281,左鷹揚衛將軍
12282,度支鹽鐵轉運使
12283,引駕官
12284,折冲都尉
12285,折沖
12286,掌固
12287,掖庭局令
12288,散兵馬使
12289,明堂令
12290,昭應尉
12291,書佐
12292,檢校官
12293,正將
12294,正郎
12295,河南令
12296,河南尹
12297,法曹
12298,漢兒行宮副部署
12299,煉師
12301,留後
12302,監軍
12303,知客務
12304,知某州事
12305,知鳳山監
12307,知鹽鐵
12308,祠部尚書
12309,禦侮校尉
12312,節度左都押衙
12313,節度觀察留後
12314,節度驅使官
12315,節院官
12316,總管府司馬
12318,翊府中郎將
12319,職方郎
12320,處置使
12321,虞侯
12322,虞候
12324,衙前虞侯
12325,衙前都虞侯
12326,衛佐
12327,詹事府丞
12328,護軍中尉
12329,軍事衙推
12330,遊奕副使
12331,道門威儀
12332,郡侯
12334,郡司功參軍
12335,都教練使
12336,都督府士曹參軍
12337,都統
12338,都防禦使
12339,金吾衛翊府左郎將
12341,鍊師
12343,閑廄使
12344,防城使
12346,陵臺丞
12347,隨身
12348,隨軍
12351,馬步都虞候
12353,鹽鐵轉運使
12354,麟台丞
12357,丁罰
12358,丁艱罰
12359,三司
12360,三衛
12361,上輕車
12362,中里位頭大兄
12363,中里大兄
12364,中里小兄
12365,儀岵司
12366,冀州斌強縣
12367,前齊府直文學館
12368,勳衛大督
12369,受節度
12370,右勳侍
12371,右庫真左右
12372,右戎衛翔衛
12373,右武衛
12374,右衛
12375,司設
12376,大司農
12377,大塚宰
12378,大守
12379,天官常選
12380,太掌錄事
12381,守
12382,宮
12383,宮者
12384,將事郎
12385,將作
12386,將府門散望將
12387,崇訓府司兵
12388,州司在軍事
12389,州寺節諸中
12390,州平棘
12391,州戶曹
12392,州持中
12393,州摩訶大薩寶
12394,州薩寶
12395,州諸中
12396,左御衛
12397,左衛
12398,左衛勳衛
12399,左親侍
12400,左驍衛
12401,平原
12402,府故隊正
12403,府鷹聲
12404,度支郎
12405,戍主
12406,承蔭
12407,授散騎郎
12408,敏政府鷹楊
12409,東魏
12410,武賁中郎
12411,武騎
12412,泗
12413,營東都土工副監
12414,父任為郎
12415,男
12416,直閣
12417,相國府中兵
12418,知
12419,社平正
12420,秘書錄事
12421,秘閣歷生
12422,竭者台正員郎
12423,符璽監
12424,縣
12425,縣平正
12426,縣襲男
12427,縣食
12428,聘陳長揖陳頊
12429,膺
12430,莫離支
12431,著作
12432,虞部
12433,行
12434,西園之校
12435,謁者台散從郎
12436,郡在
12438,郡汪
12439,郡贊治
12440,郡錄事
12441,都官
12442,鄧府執仗
12443,門下坊錄事
12444,隊正
12445,隋
12446,飛騎府司兵
12447,高士
12448,鴻廬掌客
12449,鷹陽
12450,麟台御御早手
12451,齊府直司
12452,齋郎
12453,檢校司空
19999,未詳
60001,阿哈探馬兒諸色人匠總管府達魯花赤
60002,阿哈探馬兒諸色人匠總管府副總管
60003,阿哈探馬兒諸色人匠總管府吏
60004,阿哈探馬兒諸色人匠總管府同知
60005,阿哈探馬兒諸色人匠總管府知事
60006,阿哈探馬兒諸色人匠總管府總管
60007,安撫司安撫使
60008,安撫司達魯花赤
60009,安撫司副使
60010,安撫司經歷
60011,安撫司僉事
60012,安撫司同知
60013,安撫司知事
60014,鞍子局大使
60015,按察使
60016,按察司副使
60017,按察司僉事
60018,奧魯官
60019,奧魯提領所提領
60020,奧魯提領所同提領
60021,八魯局副使
60022,八魯局提領
60023,八撒兒萬戶府副萬戶
60024,八撒兒萬戶府經歷
60025,八撒兒萬戶府提控案牘各
60026,八撒兒萬戶府萬戶
60027,八撒兒萬戶府鎮撫
60028,八撒兒萬戶府知事
60029,八作司達魯花赤
60030,八作司大使
60031,八作司副使
60032,八作司提領
60033,拔都萬戶府達魯花赤
60034,拔都萬戶府副萬戶
60035,拔都萬戶府經歷
60036,拔都萬戶府提控案牘
60037,拔都萬戶府萬戶
60038,拔都萬戶府鎮撫
60039,拔都萬戶府知事
60040,把門千戶所把門千戶
60041,把門千戶所百戶
60042,把門千戶所門尉
60043,把門千戶所千戶
60044,白紙坊大使
60045,白紙坊副使
60046,百夫長
60047,百戶
60048,百戶所百戶
60049,百戶所管軍
60050,百姓達魯花赤
60051,寶昌庫大使
60052,寶昌庫提領
60053,寶鈔總庫達魯花赤
60054,寶鈔總庫大使
60055,寶鈔總庫副使
60056,寶鈔總庫司庫
60057,寶鈔總庫司吏
60058,寶鈔總庫譯史
60059,備物庫大使
60060,備物庫副使
60061,備物庫庫子
60062,備物庫攢典
60063,備章總院大使
60064,備章總院副使
60065,本投下達魯花赤官署長官
60066,本投下達魯花赤官署達魯花赤
60067,本投下官署長官
60068,本投下官署達魯花赤
60069,本投下官署副長官
60070,必闍赤
60071,驃騎上將軍
60072,驃騎衛指揮使
60073,驃騎衛指揮同知
60074,裱褙局提領
60075,鑌鐵局大使
60076,兵部典吏
60077,兵部回回令史
60078,兵部郎中
60079,兵部令史
60080,兵部蒙古必闍赤
60081,兵部怯裏馬赤
60082,兵部尚書
60083,兵部侍郎
60084,兵部員外郎
60085,兵部知印
60086,兵部主事
60087,兵部奏差
60088,兵馬都指揮使司都指揮使
60089,兵馬都指揮使司副指揮使
60090,兵馬都指揮使司吏
60091,兵馬都指揮使司提控案牘
60092,兵馬都指揮使司知事
60093,兵馬司副指揮使
60094,兵馬司司吏
60095,兵馬司提控案牘
60096,兵馬司知事
60097,兵馬司指揮使
60098,博士
60099,捕盜官
60100,不花千戶翼百戶
60101,不花千戶翼彈壓
60102,不花千戶翼副達魯花赤
60103,不花千戶翼副千戶
60104,不花千戶翼千戶
60105,不花千戶翼正達魯花赤
60106,部役
60107,材木庫大使
60108,材木庫副使
60109,財賦都總管府達魯花赤
60110,財賦都總管府典吏
60111,財賦都總管府都總管
60112,財賦都總管府副總管
60113,財賦都總管府經歷
60114,財賦都總管府令史
60115,財賦都總管府提控案牘
60116,財賦都總管府同知
60117,財賦都總管府譯史
60118,財賦都總管府照磨
60119,財賦都總管府照磨兼提控案牘
60120,財賦都總管府知事
60121,財賦都總管府總管
60122,財賦都總管府奏差
60123,財賦提舉司達魯花赤
60124,財賦提舉司都目
60125,財賦提舉司副提舉
60126,財賦提舉司提舉
60127,財賦提舉司提控案牘
60128,財賦提舉司同提舉
60129,採金鐵冶都提舉司副提舉
60130,採金鐵冶都提舉司提舉
60131,採金鐵冶都提舉司同提舉
60132,採木提舉司達魯花赤
60133,採木提舉司副提舉
60134,採木提舉司吏目
60135,採木提舉司司吏
60136,採木提舉司提舉
60137,採木提舉司同提舉
60138,採山提領所副提領
60139,採山提領所提控
60140,採山提領所提領
60141,採石局大使
60142,採石局副使
60143,蔡國公
60144,參軍
60145,參議
60146,參知政事
60147,藏珍、文成、供須三庫大使
60148,藏珍、文成、供須三庫副使
60149,藏珍、文成、供須三庫提點
60150,測驗科管勾
60151,茶場提領所提領
60152,茶迭兒局總管府達魯花赤
60153,茶迭兒局總管府司吏
60154,茶迭兒局總管府提控案牘
60155,茶迭兒局總管府同知
60156,茶迭兒局總管府知事
60157,茶迭兒局總管府總管
60158,茶鹽轉運司副使
60159,茶鹽轉運司經歷
60160,茶鹽轉運司使
60161,茶鹽轉運司同知
60162,茶鹽轉運司運判
60163,茶鹽轉運司照磨
60164,茶鹽轉運司知事
60165,茶園都提舉司達魯花赤
60166,茶園都提舉司都目
60167,茶園都提舉司副提舉
60168,茶園都提舉司提舉
60169,茶園都提舉司提控案牘
60170,茶園都提舉司提領所副提領
60171,茶園都提舉司提領所同提領
60172,茶園都提舉司提領所正提領
60173,茶園都提舉司同提舉
60174,察魯局大使
60175,察魯局副使
60176,察院監察御史
60177,察院書吏
60178,柴炭局達魯花赤
60179,柴炭局大都大使
60180,柴炭局大使
60181,柴炭局副使
60182,柴炭局上都大使
60183,柴炭局提領
60184,柴炭局直長
60185,長官
60186,長官司長官
60187,長官司達魯花赤
60188,長官司都目
60189,長官司副長官
60190,長官司吏
60191,長官司提控案牘
60192,長寧寺丞
60193,長寧寺經歷
60194,長寧寺令史
60195,長寧寺怯里馬赤
60196,長寧寺卿
60197,長寧寺少卿
60198,長寧寺譯史
60199,長寧寺知事
60200,長寧寺知印
60201,長寧寺奏差
60202,長慶寺丞
60203,長慶寺經歷
60204,長慶寺令史
60205,長慶寺怯里馬赤
60206,長慶寺卿
60207,長慶寺少卿
60208,長慶寺譯史
60209,長慶寺知事
60210,長慶寺知印
60211,長慶寺奏差
60212,長秋寺丞
60213,長秋寺經歷
60214,長秋寺令史
60215,長秋寺卿
60216,長秋寺少卿
60217,長秋寺通事
60218,長秋寺譯史
60219,長秋寺知事
60220,長秋寺知印
60221,長秋寺奏差
60222,長史
60223,長信寺經歷
60224,長信寺令史
60225,長信寺少卿
60226,長信寺寺丞
60227,長信寺寺卿
60228,長信寺通事
60229,長信寺譯史
60230,長信寺知事
60231,長信寺知印
60232,長信寺奏差
60233,常和署管勾
60234,常和署教師
60235,常和署署丞
60236,常和署署令
60237,常和署提控
60238,常盈庫大使
60239,常盈庫副使
60240,朝列大夫
60241,成鞍局提領
60242,成錦局人匠提舉司達魯花赤
60243,成錦局人匠提舉司副提舉
60244,成錦局人匠提舉司提舉
60245,成錦局人匠提舉司同提舉
60246,成製提舉司部役
60247,成製提舉司達魯花赤
60248,成製提舉司副提舉
60249,成製提舉司吏目
60250,成製提舉司司吏
60251,成製提舉司提舉
60252,成製提舉司同提舉
60253,承發架閣庫管勾
60254,承發架閣照磨
60255,承徽寺丞
60256,承徽寺經歷
60257,承徽寺令史
60258,承徽寺卿
60259,承徽寺少卿
60260,承徽寺通事
60261,承徽寺譯史
60262,承徽寺知事
60263,承徽寺知印
60264,承徽寺奏差
60265,承信校尉
60266,承信校尉領軍先鋒
60267,崇福司都事
60268,崇福司副使
60269,崇福司經歷
60270,崇福司令史
60271,崇福司司丞
60272,崇福司司使
60273,崇福司通事
60274,崇福司同知
60275,崇福司宣使
60276,崇福司譯史
60277,崇福司照磨
60278,崇福司知印
60279,崇祥財用所大使
60280,崇祥財用所副使
60281,崇祥財用所提領
60282,崇祥總管府達魯花赤
60283,崇祥總管府府判
60284,崇祥總管府副達魯花赤
60285,崇祥總管府經歷
60286,崇祥總管府令史
60287,崇祥總管府怯里馬赤
60288,崇祥總管府提控案牘兼照磨
60289,崇祥總管府同知
60290,崇祥總管府譯史
60291,崇祥總管府知事
60292,崇祥總管府知印
60293,崇祥總管府治中
60294,崇祥總管府總管
60295,崇祥總管府奏差
60296,抽分場提領所副提領
60297,抽分場提領所提領
60298,抽分場提領所同提領
60299,儲膳司丞
60300,儲膳司典吏
60301,儲膳司令史
60302,儲膳司卿
60303,儲膳司少卿
60304,儲膳司通事
60305,儲膳司譯史
60306,儲膳司照磨
60307,儲膳司知印
60308,儲膳司主事
60309,儲膳司奏差
60310,儲用庫大使
60311,儲用庫副使
60312,儲用庫提領
60313,儲政院長史
60314,儲政院典吏
60315,儲政院管勾
60316,儲政院回回掾史
60317,儲政院僉院
60318,儲政院使
60319,儲政院司議
60320,儲政院通事
60321,儲政院同僉
60322,儲政院同知
60323,儲政院宣使
60324,儲政院譯史
60325,儲政院院判
60326,儲政院掾史
60327,儲政院照磨
60328,儲政院知印
60329,刺史
60330,達魯花赤
60331,達魯花赤百戶
60332,達魯花赤千戶
60333,打捕民匠等戶總管府達魯花赤
60334,打捕民匠等戶總管府副總管
60335,打捕民匠等戶總管府經歷
60336,打捕民匠等戶總管府令史
60337,打捕民匠等戶總管府提控案牘照磨
60338,打捕民匠等戶總管府同知
60339,打捕民匠等戶總管府譯史
60340,打捕民匠等戶總管府知事
60341,打捕民匠等戶總管府總管
60342,打捕民匠等戶總管府奏差
60343,打捕提舉司達魯花赤
60344,打捕提舉司副提舉
60345,打捕提舉司提舉
60346,打捕提領所典史
60347,打捕提領所提領
60348,打捕鷹房民匠等戶總管府達魯花赤
60349,打捕鷹房民匠等戶總管府副總管
60350,打捕鷹房民匠等戶總管府經歷
60351,打捕鷹房民匠等戶總管府令史
60352,打捕鷹房民匠等戶總管府提控案牘
60353,打捕鷹房民匠等戶總管府同知
60354,打捕鷹房民匠等戶總管府譯史
60355,打捕鷹房民匠等戶總管府照磨
60356,打捕鷹房民匠等戶總管府知事
60357,打捕鷹房民匠等戶總管府總管
60358,打捕鷹房民匠等戶總管府奏差
60359,打捕鷹房納錦等戶提領所副提領
60360,打捕鷹房納錦等戶提領所提領
60361,打捕鷹房納米麴提舉司達魯花赤
60362,打捕鷹房納米麴提舉司提舉
60363,打捕鷹房納綿等戶大使司大使
60364,打捕鷹房納綿等戶大使司副使
60365,打捕鷹房納綿等戶提舉司部役
60366,打捕鷹房納綿等戶提舉司達魯花赤
60367,打捕鷹房納綿等戶提舉司都目
60368,打捕鷹房納綿等戶提舉司副提舉
60369,打捕鷹房納綿等戶提舉司吏目
60370,打捕鷹房納綿等戶提舉司司吏
60371,打捕鷹房納綿等戶提舉司提舉
60372,打捕鷹房納綿等戶提舉司同提舉
60373,打捕鷹房納綿等戶提舉司直長
60374,打捕鷹房納綿等戶提領所達領花赤
60375,打捕鷹房納綿等戶提領所副提領
60376,打捕鷹房納綿等戶提領所提領
60377,打捕鷹房納綿等戶總管府達魯花赤
60378,打捕鷹房納綿等戶總管府都總管
60379,打捕鷹房納綿等戶總管府府判
60380,打捕鷹房納綿等戶總管府經歷
60381,打捕鷹房納綿等戶總管府提控案牘
60382,打捕鷹房納綿等戶總管府同知
60383,打捕鷹房納綿等戶總管府知事
60384,打捕鷹房納綿等戶總管府治中
60385,打捕鷹房怯憐口千戶所部役
60386,打捕鷹房怯憐口千戶所達魯花赤
60387,打捕鷹房怯憐口千戶所彈壓
60388,打捕鷹房怯憐口千戶所副千戶
60389,打捕鷹房怯憐口千戶所吏目
60390,打捕鷹房怯憐口千戶所千戶
60391,打捕鷹房怯憐口千戶所司吏
60392,打捕鷹房臙粉人戶總管府達魯花赤
60393,打捕鷹房臙粉人戶總管府令史
60394,打捕鷹房臙粉人戶總管府首領官
60395,打捕鷹房臙粉人戶總管府譯史
60396,打捕鷹房臙粉人戶總管府總管
60397,打捕鷹房臙粉人戶總管府奏差
60398,打捕鷹房總管府達魯花赤
60399,打捕鷹房總管府都目
60400,打捕鷹房總管府副達魯花赤
60401,打捕鷹房總管府副總管
60402,打捕鷹房總管府經歷
60403,打捕鷹房總管府司吏
60404,打捕鷹房總管府同知
60405,打捕鷹房總管府知事
60406,打捕鷹房總管府總管
60407,大都城門尉副尉
60408,大都城門尉尉
60409,大都督
60410,大都督府大都督
60411,大都督府都事
60412,大都督府副都督
60413,大都督府管勾
60414,大都督府經歷
60415,大都督府令史
60416,大都督府蒙古必闍赤
60417,大都督府僉都督事
60418,大都督府怯里馬赤
60419,大都督府同知
60420,大都督府宣使
60421,大都督府照磨
60422,大都督府知印
60423,大都惠民局提點
60424,大都四窑場大使
60425,大都四窑場副使
60426,大都四窑場提領
60427,大忽都魯千戶翼百戶
60428,大忽都魯千戶翼彈壓
60429,大忽都魯千戶翼副達魯花赤
60430,大忽都魯千戶翼副千戶
60431,大忽都魯千戶翼千戶
60432,大忽都魯千戶翼正達魯花赤
60433,大忽都魯千戶翼知事
60434,大濟倉大使
60435,大濟倉監支納
60436,大將軍
60437,大將軍右副元帥
60438,大樂署丞
60439,大樂署令
60440,大名軍器局大使
60441,大名軍器局副使
60442,大使
60443,大司農司大司農
60444,大司農司大司農丞
60445,大司農司大司農卿
60446,大司農司大司農少卿
60447,大司農司典吏
60448,大司農司都事
60449,大司農司回回掾史
60450,大司農司架閣庫管勾
60451,大司農司經歷
60452,大司農司蒙古必闍赤
60453,大司農司通事
60454,大司農司宣使
60455,大司農司掾史
60456,大司農司照磨
60457,大司農司知印
60458,大司徒
60459,大同路採砂所大使
60460,大小雕木局大使
60461,大小木局大使
60462,大小木局副使
60463,大小木局直長
60464,大元帥
60465,大元帥守禦
60466,大宗正府曹屬
60467,大宗正府承發架閣庫管勾
60468,大宗正府典吏
60469,大宗正府都事
60470,大宗正府庫子
60471,大宗正府郎中
60472,大宗正府蒙古必闍赤
60473,大宗正府蒙古書寫
60474,大宗正府司獄
60475,大宗正府通事
60476,大宗正府宣使
60477,大宗正府醫人
60478,大宗正府員外郎
60479,大宗正府掾史
60480,大宗正府札魯忽赤
60481,大宗正府知印
60482,帶刀先鋒
60483,帶斜皮局大使
60484,帶斜皮局副使
60485,彈壓
60486,刀子局提控
60487,稻田提舉司達魯花赤
60488,稻田提舉司副提舉
60489,稻田提舉司提舉
60490,稻田提舉司同提舉
60491,稻田提領所副提領
60492,稻田提領所提領
60493,等路管民提舉司達魯花赤
60494,典寶監丞
60495,典寶監經歷
60496,典寶監卿
60497,典寶監少監
60498,典寶監太監
60499,典寶監知事
60500,典簿
60501,典給
60502,典軍司典軍
60503,典軍司副使
60504,典吏
60505,典牧監丞
60506,典牧監經歷
60507,典牧監卿
60508,典牧監少監
60509,典牧監太監
60510,典牧監照磨
60511,典牧監知事
60512,典瑞院典吏
60513,典瑞院都事
60514,典瑞院經歷
60515,典瑞院令史
60516,典瑞院僉院
60517,典瑞院使
60518,典瑞院通事
60519,典瑞院同僉
60520,典瑞院同知
60521,典瑞院宣使
60522,典瑞院譯史
60523,典瑞院院判
60524,典瑞院照磨兼管勾承發架閣庫
60525,典瑞院知印
60526,典膳署倉赤
60527,典膳署書史
60528,典膳署署丞
60529,典膳署署令
60530,典設署書吏
60531,典設署書史
60532,典設署署丞
60533,典設署署令
60534,典史
60535,典書
60536,典幄署丞
60537,典幄署令
60538,典幄署書吏
60539,典幄署書史
60540,典藥局達魯花赤
60541,典藥局大使
60542,典藥局副使
60543,典藥局直長
60544,典醫監達魯花赤
60545,典醫監典醫監丞
60546,典醫監典醫監卿
60547,典醫監經歷
60548,典醫監少監
60549,典醫監太監
60550,典醫監知事
60551,典飲局大使
60552,典飲局典史
60553,典飲局副使
60554,典飲局攢典
60555,典用監典用監丞
60556,典用監典用監卿
60557,典用監經歷
60558,典用監少監
60559,典用監太監
60560,典用監照磨
60561,典用監知事
60562,典製局大使
60563,典製局副使
60564,典製局直長
60565,甸皮局大使
60566,殿中侍御史
60567,殿中司通事
60568,殿中司譯史
60569,殿中司知班
60570,貂鼠局副使
60571,貂鼠局提舉司副提舉
60572,貂鼠局提舉司提舉
60573,貂鼠局提舉司同提舉
60574,貂鼠局直長
60575,貂鼠軟皮等局提領所提領
60576,雕木局提領
60577,定海尉
60578,定遠將軍常春翼元帥
60579,東昌局提領
60580,東關廂巡檢司司吏
60581,東關廂巡檢司巡檢
60582,東局織染提舉司達魯花赤
60583,東局織染提舉司副達魯花赤
60584,東局織染提舉司副提舉
60585,東局織染提舉司司吏
60586,東局織染提舉司提舉
60587,東局織染提舉司提控案牘
60588,都漕運使司典吏
60589,都漕運使司副使
60590,都漕運使司經歷
60591,都漕運使司司吏
60592,都漕運使司提控案牘
60593,都漕運使司通事
60594,都漕運使司同知
60595,都漕運使司譯史
60596,都漕運使司運判
60597,都漕運使司運使
60598,都漕運使司知事
60599,都漕運使司奏差
60600,都督府參軍
60601,都督府都事
60602,都督府副使
60603,都督府僉事
60604,都督府右都督
60605,都哥萬戶府達魯花赤
60606,都哥萬戶府副萬戶
60607,都哥萬戶府經歷
60608,都哥萬戶府提控案牘
60609,都哥萬戶府萬戶
60610,都哥萬戶府鎮撫
60611,都哥萬戶府知事
60612,都護府大都護
60613,都護府典吏
60614,都護府都事
60615,都護府副都護
60616,都護府經歷
60617,都護府令史
60618,都護府通事
60619,都護府同知
60620,都護府宣使
60621,都護府譯史
60622,都護府照磨兼承發架閣庫管勾
60623,都護府知印
60624,都監
60625,都諫官
60626,都目
60627,都事
60628,都水監
60629,都水監典吏
60630,都水監壕寨
60631,都水監回回令史
60632,都水監監丞
60633,都水監經歷
60634,都水監令史
60635,都水監蒙古必闍赤
60636,都水監少監
60637,都水監通事
60638,都水監知事
60639,都水監知印
60640,都水監奏差
60641,都提舉
60642,都先鋒
60643,都元帥
60644,都元帥府都元帥
60645,都元帥府副元帥
60646,都元帥府經歷
60647,都元帥府知事
60648,都鎮撫司都鎮撫
60649,都鎮撫司副都鎮撫
60650,都指揮使
60651,都轉運鹽使
60652,都轉運鹽使司都轉運鹽使
60653,都轉運鹽使司副使
60654,都轉運鹽使司經歷
60655,都轉運鹽使司使
60656,都轉運鹽使司同知
60657,都轉運鹽使司運判
60658,都轉運鹽使司照磨
60659,都轉運鹽使司知事
60660,都總管
60661,都總管府達魯花赤
60662,都總管府都總管
60663,都總管府副達魯花赤
60664,都總管府回回令史
60665,都總管府經歷
60666,都總管府令史
60667,都總管府判官
60668,都總管府提控案牘
60669,都總管府通事
60670,都總管府同知
60671,都總管府推官
60672,都總管府譯史
60673,都總管府照磨
60674,都總管府知事
60675,都總管府知印
60676,都總管府治中
60677,都總管府奏差
60678,度支監丞
60679,度支監典吏
60680,度支監經歷
60681,度支監令史
60682,度支監卿
60683,度支監少監
60684,度支監太監
60685,度支監提控案牘
60686,度支監通事
60687,度支監譯史
60688,度支監照磨兼管勾
60689,度支監知事
60690,度支監知印
60691,度支監奏差
60692,端本堂說書
60693,斷事官
60694,斷事官典吏
60695,斷事官經歷
60696,斷事官令史
60697,斷事官署斷事官
60698,斷事官署斷事官典吏
60699,斷事官署斷事官回回令史
60700,斷事官署斷事官經歷
60701,斷事官署斷事官令史
60702,斷事官署斷事官蒙古必闍赤
60703,斷事官署斷事官怯裏馬赤
60704,斷事官署斷事官知事
60705,斷事官署斷事官知印
60706,斷事官署斷事官奏差
60707,斷事官署經歷
60708,斷事官署令史
60709,斷事官署通事
60710,斷事官署譯史
60711,斷事官署知事
60712,斷事官署知印
60713,斷事官署奏差
60714,斷事官通事
60715,斷事官譯史
60716,斷事官知印
60717,斷事官奏差
60718,法物庫大使
60719,法物庫副使
60720,法物庫提點
60721,法物庫直長
60722,番漢軍上千戶所達魯花赤
60723,番漢軍上千戶所千戶
60724,梵像提舉司副提舉
60725,梵像提舉司吏目
60726,梵像提舉司提舉
60727,梵像提舉司同提舉
60728,防禦海道運糧萬戶
60729,飛熊衛親軍指揮使
60730,分省都事
60731,分省管勾
60732,豐儲倉大使
60733,豐閏署達魯花赤
60734,豐閏署豐閏署丞
60735,豐閏署豐閏署令
60736,豐閏署直長
60737,豐盈庫大使
60738,豐盈庫典吏
60739,豐盈庫副使
60740,豐盈庫提領
60741,奉宸庫副使
60742,奉宸庫庫子
60743,奉宸庫提點
60744,奉宸庫提控案牘
60745,奉國上將軍
60746,奉徽庫大使
60747,奉徽庫副使
60748,奉徽庫庫子
60749,奉徽庫提點
60750,奉聖州長官司長官
60751,奉聖州長官司達魯花赤
60752,奉御二十四員所奉御掌簿
60753,奉御二十四員所尚冠奉御
60754,奉御二十四員所尚冠副奉御
60755,奉御二十四員所尚沐奉御
60756,奉御二十四員所尚沐副奉御
60757,奉御二十四員所尚鞶奉御
60758,奉御二十四員所尚鞶副奉御
60759,奉御二十四員所尚飾兼尚輦奉御
60760,奉御二十四員所尚飾兼尚輦副奉御
60761,奉御二十四員所尚衣奉御
60762,奉御二十四員所尚衣副奉御
60763,浮梁磁局大使
60764,浮梁磁局副使
60765,符牌局大使
60766,符牌局副使
60767,符牌局直長
60768,福元田賦提舉司達魯花赤
60769,福元田賦提舉司副提舉
60770,福元田賦提舉司提舉
60771,福元田賦提舉司同提舉
60772,福元營繕司達魯花赤
60773,福元營繕司大使
60774,福元營繕司副使
60775,福元營繕司吏目
60776,福元營繕司令
60777,福元營繕司司吏
60778,府倉大使
60779,府倉副使
60780,府判
60781,府正司典簿
60782,府正司府丞
60783,府正司府正
60784,府正司照磨
60785,輔用庫大使
60786,輔用庫副使
60787,副奧魯官
60788,副長官
60789,副達魯花赤
60790,副都指揮使
60791,副將
60792,副留守
60793,副千戶
60794,副使
60795,副樞
60796,副提举
60797,副提舉
60798,副提領
60799,副統軍使
60800,副萬戶
60801,副先鋒
60802,副元帥
60803,副指揮使
60804,副總管
60805,富昌庫大使
60806,富昌庫副使
60807,富昌庫庫子
60808,富昌庫攢典
60809,富甯庫副提舉
60810,富甯庫吏目
60811,富甯庫司庫
60812,富甯庫司吏
60813,富甯庫提舉
60814,富甯庫同提舉
60815,富甯庫譯史
60816,高麗提舉司提舉
60817,各處副脫脫禾孫
60818,各處管民提領所典史
60819,各處管民提領所副提領
60820,各處管民提領所司吏
60821,各處管民提領所提領
60822,各處管民提領所相副官
60823,各處脫脫禾孫
60824,給事中兼修起居注
60825,給事中所令史
60826,給事中所通事兼知印
60827,給事中所譯史
60828,給事中所右侍儀奉御同修起居注
60829,給事中所左侍儀奉御同修起居注
60830,工部典吏
60831,工部回回令史
60832,工部郎中
60833,工部令史
60834,工部蒙古必闍赤
60835,工部蒙古書寫
60836,工部怯里馬赤
60837,工部尚書
60838,工部侍郎
60839,工部司程官
60840,工部屯田司主事
60841,工部右三部典吏
60842,工部右三部照磨
60843,工部員外郎
60844,工部知印
60845,工部主事
60846,工部奏差
60847,弓匠提舉司達魯花赤
60848,弓匠提舉司副提舉
60849,弓匠提舉司提舉
60850,弓匠提舉司同提舉
60851,供膳司供膳司丞
60852,供膳司供膳司吏
60853,供膳司司令
60854,供膳司提點
60855,供膳司置達魯花赤
60856,供用庫大使
60857,供用庫副使
60858,拱衛直都指揮使司達魯花赤
60859,拱衛直都指揮使司都指揮使
60860,拱衛直都指揮使司副指揮使
60861,拱衛直都指揮使司經歷
60862,拱衛直都指揮使司令史
60863,拱衛直都指揮使司僉事
60864,拱衛直都指揮使司通事
60865,拱衛直都指揮使司譯史
60866,拱衛直都指揮使司知事
60867,拱衛直都指揮使司知印
60868,拱衛直都指揮使司奏差
60869,官醫提舉司副提舉
60870,官醫提舉司提舉
60871,官醫提舉司同提舉
60872,管地提領所提領
60873,管夫匠所提領
60874,管夫匠所同提領
60875,管勾
60876,管匠都提領所都提領
60877,管軍民都元帥府都元帥
60878,管軍民都元帥府經歷
60879,管軍民都元帥府鎮撫
60880,管軍守鎮萬戶府百戶
60881,管軍守鎮萬戶府達魯花赤
60882,管軍守鎮萬戶府彈壓
60883,管軍守鎮萬戶府經歷
60884,管軍守鎮萬戶府千戶
60885,管軍守鎮萬戶府萬戶
60886,管軍守鎮萬戶府鎮撫
60887,管軍守鎮萬戶府知事
60888,管軍萬戶府達魯花赤
60889,管軍萬戶府萬戶
60890,管軍招討使司經歷
60891,管軍招討使司招討使
60892,管軍總管
60893,管領本投下大都等路打捕鷹房諸色人匠都總管府達魯花赤
60894,管領本投下大都等路打捕鷹房諸色人匠都總管府典吏
60895,管領本投下大都等路打捕鷹房諸色人匠都總管府副總管
60896,管領本投下大都等路打捕鷹房諸色人匠都總管府令史
60897,管領本投下大都等路打捕鷹房諸色人匠都總管府提控案牘
60898,管領本投下大都等路打捕鷹房諸色人匠都總管府同知
60899,管領本投下大都等路打捕鷹房諸色人匠都總管府譯史
60900,管領本投下大都等路打捕鷹房諸色人匠都總管府知事
60901,管領本投下大都等路打捕鷹房諸色人匠都總管府總管
60902,管領本投下大都等路打捕鷹房諸色人匠都總管府奏差
60903,管領本位下打捕鷹房民匠等戶都總管府達魯花赤
60904,管領本位下打捕鷹房民匠等戶都總管府副達魯花赤
60905,管領本位下打捕鷹房民匠等戶都總管府副總管
60906,管領本位下打捕鷹房民匠等戶都總管府經歷
60907,管領本位下打捕鷹房民匠等戶都總管府令史
60908,管領本位下打捕鷹房民匠等戶都總管府判官
60909,管領本位下打捕鷹房民匠等戶都總管府提控案牘兼照磨
60910,管領本位下打捕鷹房民匠等戶都總管府通事
60911,管領本位下打捕鷹房民匠等戶都總管府同知
60912,管領本位下打捕鷹房民匠等戶都總管府譯史
60913,管領本位下打捕鷹房民匠等戶都總管府知事
60914,管領本位下打捕鷹房民匠等戶都總管府知印
60915,管領本位下打捕鷹房民匠等戶都總管府總管
60916,管領打捕鷹房民匠達魯花赤總管府達魯花赤
60917,管領打捕鷹房民匠達魯花赤總管府副總管
60918,管領打捕鷹房民匠達魯花赤總管府吏
60919,管領打捕鷹房民匠達魯花赤總管府同知
60920,管領打捕鷹房民匠達魯花赤總管府知事
60921,管領打捕鷹房民匠達魯花赤總管府總管
60922,管領捏只局頭目
60923,管領怯憐口諸色民匠都總管府典吏
60924,管領怯憐口諸色民匠都總管府副總管
60925,管領怯憐口諸色民匠都總管府管勾
60926,管領怯憐口諸色民匠都總管府經歷
60927,管領怯憐口諸色民匠都總管府令史
60928,管領怯憐口諸色民匠都總管府提控案牘
60929,管領怯憐口諸色民匠都總管府通事
60930,管領怯憐口諸色民匠都總管府同知
60931,管領怯憐口諸色民匠都總管府譯史
60932,管領怯憐口諸色民匠都總管府照磨
60933,管領怯憐口諸色民匠都總管府知事
60934,管領怯憐口諸色民匠都總管府知印
60935,管領怯憐口諸色民匠都總管府總管
60936,管領怯憐口諸色民匠都總管府奏差
60937,管領隨路打捕納綿民匠長官司長官
60938,管領隨路打捕納綿民匠長官司達魯花赤
60939,管領隨路打捕鷹房民匠總管府達魯花赤
60940,管領隨路打捕鷹房民匠總管府副總管
60941,管領隨路打捕鷹房民匠總管府經歷
60942,管領隨路打捕鷹房民匠總管府令史
60943,管領隨路打捕鷹房民匠總管府提控案牘
60944,管領隨路打捕鷹房民匠總管府知事
60945,管領隨路打捕鷹房民匠總管府總管
60946,管領隨路打捕鷹房諸色民匠怯憐口總管府達魯花赤
60947,管領隨路打捕鷹房諸色民匠怯憐口總管府副總管
60948,管領隨路打捕鷹房諸色民匠怯憐口總管府經歷
60949,管領隨路打捕鷹房諸色民匠怯憐口總管府司吏
60950,管領隨路打捕鷹房諸色民匠怯憐口總管府提控案牘兼照磨
60951,管領隨路打捕鷹房諸色民匠怯憐口總管府同知
60952,管領隨路打捕鷹房諸色民匠怯憐口總管府知事
60953,管領隨路打捕鷹房諸色民匠怯憐口總管府總管
60954,管領隨路人匠都提領所大使
60955,管領隨路人匠都提領所提領
60956,管領隨路諸色民匠達魯花赤等官達魯花赤
60957,管領隨路諸色民匠達魯花赤等官副總管
60958,管領隨路諸色民匠達魯花赤等官同知
60959,管領隨路諸色民匠達魯花赤等官總管
60960,管領隨路諸色民匠打捕鷹房等戶總管府達魯花赤
60961,管領隨路諸色民匠打捕鷹房等戶總管府副總管
60962,管領隨路諸色民匠打捕鷹房等戶總管府司吏
60963,管領隨路諸色民匠打捕鷹房等戶總管府同知
60964,管領隨路諸色民匠打捕鷹房等戶總管府知事
60965,管領隨路諸色民匠打捕鷹房等戶總管府總管
60966,管領諸路怯憐口民匠都總管府達魯花赤
60967,管領諸路怯憐口民匠都總管府副總管
60968,管領諸路怯憐口民匠都總管府經歷
60969,管領諸路怯憐口民匠都總管府令史
60970,管領諸路怯憐口民匠都總管府提控案牘兼照磨
60971,管領諸路怯憐口民匠都總管府同知
60972,管領諸路怯憐口民匠都總管府譯史
60973,管領諸路怯憐口民匠都總管府知事
60974,管領諸路怯憐口民匠都總管府總管
60975,管領諸色人匠提舉司副提舉
60976,管領諸色人匠提舉司吏目
60977,管領諸色人匠提舉司司吏
60978,管領諸色人匠提舉司提舉
60979,管領諸色人匠提舉司同提舉
60980,管民官都目
60981,管民官吏
60982,管民官相副官
60983,管民官總管
60984,管民提舉司達魯花赤
60985,管民提舉司都目
60986,管民提舉司副提舉
60987,管民提舉司吏
60988,管民提舉司提舉
60989,管民提舉司同提舉
60990,管民提領所典史
60991,管民提領所副提領
60992,管民提領所司吏
60993,管民提領所提領
60994,管民提領所同提領
60995,管民總管府達魯花赤
60996,管民總管府府判
60997,管民總管府經歷
60998,管民總管府提控案牘
60999,管民總管府同知
61000,管民總管府知事
61001,管民總管府總管
61002,管納色提領所提領
61003,瓘玉局大使
61004,光祿少卿
61005,光祿寺丞
61006,光祿寺典吏
61007,光祿寺令史
61008,光祿寺蒙古書寫
61009,光祿寺卿
61010,光祿寺通事
61011,光祿寺譯史
61012,光祿寺知印
61013,光祿寺主事
61014,光祿寺奏差
61015,光熙門窑場大使
61016,光熙門窑場副使
61017,光熙門窑場提領
61018,廣備庫大使
61019,廣備庫副使
61020,廣成局大使
61021,廣成局副使
61022,廣成局司吏
61023,廣成局直長
61024,廣惠庫大使
61025,廣惠庫副使
61026,廣積倉達魯花赤
61027,廣積倉大使
61028,廣積倉副使
61029,廣積倉監支納
61030,廣濟提舉司達魯花赤
61031,廣濟提舉司副提舉
61032,廣濟提舉司提舉
61033,廣濟提舉司同提舉
61034,廣樂庫達魯花赤
61035,廣樂庫大使
61036,廣樂庫副使
61037,廣樂庫令史
61038,廣樂庫通事
61039,廣樂庫譯史
61040,廣樂庫知事
61041,廣樂庫知印
61042,廣樂庫奏差
61043,廣勝庫達魯花赤
61044,廣勝庫大使
61045,廣勝庫副使
61046,廣勝庫庫子
61047,廣禧庫達魯花赤
61048,廣禧庫大使
61049,廣禧庫副使
61050,廣禧庫庫子
61051,廣禧庫提舉
61052,廣禧庫提控案牘
61053,廣衍庫大使
61054,廣誼司副使
61055,廣誼司經歷
61056,廣誼司令
61057,廣誼司判官
61058,廣誼司同知
61059,廣誼司照磨
61060,廣誼司知事
61061,廣源庫都提舉
61062,廣源庫副提舉
61063,廣源庫司庫
61064,廣源庫司吏
61065,廣源庫提舉
61066,廣源庫提控案牘
61067,廣源庫同提舉
61068,廣源庫譯史
61069,廣源庫知事
61070,廣貯倉大使
61071,廣貯倉副使
61072,廣貯倉攢典
61073,規措大使
61074,規運提點所達魯花赤
61075,規運提點所大使
61076,規運提點所副使
61077,規運提點所提點
61078,國子監丞
61079,國子監典簿
61080,國子監典吏
61081,國子監國子祭酒
61082,國子監國子司業二員
61083,國子監令史
61084,國子監譯史
61085,國子監知印
61086,國子學博士
61087,國子學典給
61088,國子學學錄
61090,國子學正
61091,國子學助教
61092,哈必赤千戶翼百戶
61093,哈必赤千戶翼彈壓
61094,哈必赤千戶翼千戶
61095,哈答萬戶府達魯花赤
61096,哈答萬戶府經歷
61097,哈答萬戶府提控案牘
61098,哈答萬戶府萬戶
61099,哈答萬戶府鎮撫
61100,哈答萬戶府知事
61101,哈剌魯萬戶府達魯花赤
61102,哈剌魯萬戶府經歷
61103,哈剌魯萬戶府吏目
61104,哈剌魯萬戶府提控案牘
61105,哈剌魯萬戶府萬戶
61106,哈剌魯萬戶府鎮撫
61107,哈剌魯萬戶府知事
61108,海漕萬戶
61109,海道運糧萬戶府達魯花赤
61110,海道運糧萬戶府副萬戶
61111,海道運糧萬戶府經歷
61112,海道運糧萬戶府萬戶
61113,海道運糧萬戶府照磨
61114,海道運糧萬戶府鎮撫
61115,海道運糧萬戶府知事
61116,海運千戶所達魯花赤
61117,海運千戶所副千戶
61118,海運千戶所千戶
61119,漢軍萬戶
61120,翰林國史院待制
61121,翰林國史院典籍
61122,翰林國史院典吏
61123,翰林國史院典書
61124,翰林國史院都事
61125,翰林國史院國史編修官
61126,翰林國史院翰林待制
61127,翰林國史院翰林侍讀學士
61128,翰林國史院翰林侍講學士
61129,翰林國史院翰林修撰
61130,翰林國史院翰林學士
61131,翰林國史院翰林學士承旨
61132,翰林國史院翰林直學士
61133,翰林國史院檢閱
61134,翰林國史院接手書寫
61135,翰林國史院經歷
61136,翰林國史院蒙古書寫
61137,翰林國史院書寫
61138,翰林國史院通事
61139,翰林國史院譯史
61140,翰林國史院應奉翰林文字
61141,翰林國史院掾史
61142,翰林國史院知印
61143,翰林國史院侍讀學士
61144,翰林國史院修撰
61145,翰林國史院學士
61146,翰林國史院學士承旨
61147,翰林國史院直學士
61148,和尚萬戶府副萬戶
61149,和尚萬戶府經歷
61150,和尚萬戶府提控案牘各
61151,和尚萬戶府萬戶
61152,和尚萬戶府鎮撫
61153,和尚萬戶府知事
61154,河泊所大使
61155,河泊所副使
61156,河泊所提領
61157,河仓大使
61158,河仓副使
61159,河仓監支納
61160,河道提舉司副提舉
61161,河道提舉司提舉
61162,河道提舉司同提舉
61163,河間民匠提舉司提舉
61164,河渠副使
61165,河西務十四倉大使
61166,河西務十四倉副使
61167,河西務十四倉監支納
61168,盒鉢局大使
61169,盒鉢局副使
61170,盒鉢局提領
61171,盒鉢局直長
61172,橫海衛指揮同知
61173,洪濟鎮提領
61174,洪澤屯田千戶趙國宏翼百戶
61175,洪澤屯田千戶趙國宏翼達魯花赤
61176,洪澤屯田千戶趙國宏翼彈壓
61177,洪澤屯田千戶趙國宏翼副千戶
61178,洪澤屯田千戶趙國宏翼千戶
61179,後衛都指揮使
61180,後衛副都指揮使
61181,後衛經歷
61182,後衛令史
61183,後衛僉事
61184,後衛通事
61185,後衛譯史
61186,後衛照磨
61187,後衛知事
61188,後衛知印
61189,後翼統軍元帥
61190,虎賁親軍都指揮使司承發架閣兼照磨
61191,虎賁親軍都指揮使司典吏
61192,虎賁親軍都指揮使司都目
61193,虎賁親軍都指揮使司都指揮使
61194,虎賁親軍都指揮使司副都指揮使
61195,虎賁親軍都指揮使司經歷
61196,虎賁親軍都指揮使司令史
61197,虎賁親軍都指揮使司僉事
61198,虎賁親軍都指揮使司通事
61199,虎賁親軍都指揮使司譯史
61200,虎賁親軍都指揮使司鎮撫
61201,虎賁親軍都指揮使司知事
61202,虎賁親軍都指揮使司知印
61203,戶部典吏
61204,戶部戶部奏差
61205,戶部回回令史
61206,戶部郎中
61207,戶部令史
61208,戶部蒙古必闍赤
61209,戶部蒙古書寫
61210,戶部怯裏馬赤
61211,戶部尚書
61212,戶部侍郎
61213,戶部司計官
61214,戶部員外郎
61215,戶部知印
61216,戶部主事
61217,護聖營繕司達魯花赤
61218,護聖營繕司大使
61219,護聖營繕司副使
61220,護聖營繕司令
61221,花槍上千戶
61222,花槍所千戶
61223,花園管勾
61224,畫局大使
61225,畫局管勾
61226,畫局提領
61227,畫油局大使
61228,畫油局副使
61229,畫油局直長
61230,淮東淮西屯田打捕總管府經歷
61231,淮東淮西屯田打捕總管府司吏
61232,淮東淮西屯田打捕總管府提控案牘
61233,淮東淮西屯田打捕總管府知事
61234,皇帝
61235,徽政院都事
61236,回回令史
61237,回回砲手軍匠上萬戶府達魯花赤
61238,回回砲手軍匠上萬戶府副萬戶
61239,回回砲手軍匠上萬戶府經歷
61240,回回砲手軍匠上萬戶府令史
61241,回回砲手軍匠上萬戶府提控案牘
61242,回回砲手軍匠上萬戶府萬戶
61243,回回砲手軍匠上萬戶府譯史
61244,回回砲手軍匠上萬戶府鎮撫
61245,回回砲手軍匠上萬戶府知事
61246,回回司天監
61247,回回司天監測驗科管勾
61248,回回司天監監丞
61249,回回司天監教授
61250,回回司天監令史
61251,回回司天監漏刻科管勾
61252,回回司天監三式科管勾一員
61253,回回司天監少監
61254,回回司天監算曆科管勾
61255,回回司天監提點
61256,回回司天監天文科管勾
61257,回回司天監通事兼知印
61258,回回司天監陰陽人
61259,回回司天監知事
61260,回回司天監奏差
61261,回回藥物院達魯花赤
61262,回回藥物院大使
61263,回回藥物院副使
61264,回回掾史
61265,惠民局司令
61266,惠民藥局提領
61267,會福財用所大使
61268,會福財用所副使
61269,會福財用所提領
61270,會福總管府達魯花赤
61271,會福總管府府判
61272,會福總管府經歷
61273,會福總管府令史
61274,會福總管府提控案牘
61275,會福總管府通事
61276,會福總管府同知
61277,會福總管府譯史
61278,會福總管府知事
61279,會福總管府知印
61280,會福總管府治中
61281,會福總管府總管
61282,會福總管府奏差
61283,會同館大使
61284,會同館典給官
61285,會同館副使
61286,會同館領會同館事
61287,會同館蒙古必闍赤
61288,會同館提控案牘
61289,會同館掌書
61290,集慶崇禧財用所大使
61291,集慶崇禧財用所副使
61292,集慶崇禧田賦提領所副提領
61293,集慶崇禧田賦提領所提領
61294,集慶崇禧田賦提領所同提領
61295,集賢大學士
61296,集賢侍講學士
61297,集賢學士
61298,集賢院典吏
61299,集賢院都事
61300,集賢院集賢待制
61301,集賢院集賢侍讀學士
61302,集賢院集賢侍講學士
61303,集賢院集賢修撰
61304,集賢院兼管勾承發架閣庫
61305,集賢院經歷
61306,集賢院通事
61307,集賢院宣使
61308,集賢院譯史
61309,集賢院掾史
61310,集賢院知印
61311,集賢直學士
61312,籍田署丞
61313,籍田署籍田署丞
61314,籍田署籍田署令
61315,籍田署司吏
61316,濟農香戶提舉司達魯花赤
61317,濟農香戶提舉司副提舉
61318,濟農香戶提舉司令
61319,濟農香戶提舉司提舉
61320,濟農香戶提舉司同提舉
61321,驥用庫大使
61322,驥用庫提點
61323,家令司典簿
61324,家令司家丞
61325,家令司家令
61326,家令司照磨
61327,嘉醞司大使
61328,嘉醞司副使
61329,嘉醞司書吏
61330,嘉醞司書史
61331,嘉醞司提點
61332,甲匠提舉司達魯花赤
61333,甲匠提舉司副提舉
61334,甲匠提舉司提舉
61335,甲匠提舉司同提舉
61336,架閣庫管勾
61337,架閣庫管勾兼承發
61338,监丞
61339,監察御史
61340,監丞
61341,監酒庫
61342,監卿
61343,監書博士所博士
61344,監書博士所書吏
61345,監造諸般寶貝官達魯花赤
61346,監支納
61347,剪毛花毯蠟布局大使
61348,剪毛花毯蠟布局副使
61349,減鐵局管勾
61350,減鐵局提控
61351,檢校所檢校
61352,檢校所書吏
61353,箭局大使
61354,箭局副使
61355,箭局使
61356,將軍
61357,將作院都事
61358,將作院經歷
61359,將作院令史
61360,將作院使
61361,將作院同僉
61362,將作院同知
61363,將作院宣使
61364,將作院譯史
61365,將作院院判
61366,將作院照磨管勾
61367,將作院知印
61368,郊祀署丞
61369,郊祀署令
61371,教授
61372,轎子局提領
61373,解鹽場管勾
61374,解鹽場同管勾
61375,解鹽管民提領所副提領
61376,解鹽管民提領所提領
61377,金絲子局大使
61378,金絲子局副使
61379,金絲子局直長
61380,金吾侍衛親軍都護府副都護
61381,金銀場提領所副提領
61382,金銀場提領所提領
61383,金銀場提領所同提領
61384,金銀器盒局大使
61385,金銀器盒局副使
61386,金銀器盒提舉司副提舉
61387,金銀器盒提舉司提舉
61388,金銀器盒提舉司同提舉
61389,金銀鐵冶都提舉司都提舉
61390,金銀鐵冶都提舉司副提舉
61391,金銀鐵冶都提舉司吏
61392,金銀鐵冶都提舉司提控案牘
61393,金銀鐵冶都提舉司同提舉
61394,金銀鐵冶都提舉司譯史
61395,金銀鐵冶都提舉司奏差
61396,金玉民匠稻田提舉司達魯花赤
61397,金玉民匠稻田提舉司副提舉
61398,金玉民匠稻田提舉司提舉
61399,金玉珠翠提舉司達魯花赤
61400,金玉珠翠提舉司副提舉
61401,金玉珠翠提舉司吏目
61402,金玉珠翠提舉司司吏
61403,金玉珠翠提舉司提舉
61404,金玉珠翠提舉司同提舉
61405,京畿都漕運使司典吏
61406,京畿都漕運使司副使
61407,京畿都漕運使司回回令史
61408,京畿都漕運使司經歷
61409,京畿都漕運使司令史
61410,京畿都漕運使司判官
61411,京畿都漕運使司提控案牘兼照磨
61412,京畿都漕運使司通事
61413,京畿都漕運使司同知
61414,京畿都漕運使司譯史
61415,京畿都漕運使司運使
61416,京畿都漕運使司知事
61417,京畿都漕運使司知印
61418,京畿都漕運使司奏差
61419,京師二十二倉大使
61420,京師二十二倉副使
61421,京師二十二倉監支納
61422,經歷
61423,經正監監丞
61424,經正監經歷
61425,經正監令史
61426,經正監少監
61427,經正監太監
61428,經正監太卿
61429,經正監譯史
61430,經正監知事
61431,景運倉大使
61432,景運倉副使
61433,景運倉提點
61434,警巡院達魯花赤
61435,警巡院典史
61436,警巡院副使
61437,警巡院警巡使
61438,警巡院判官
61439,警巡院司吏
61440,警巡院院使
61441,酒課提舉司抄紙坊大使
61442,酒課提舉司抄紙坊副使
61443,酒課提舉司抄紙坊提領
61444,酒課提舉司副提舉
61445,酒課提舉司司吏
61446,酒課提舉司提舉
61447,酒課提舉司提控案牘
61448,酒課提舉司同提舉
61449,酒課提舉司印造鹽茶等引大使
61450,酒課提舉司印造鹽茶等引副使
61451,酒務大使
61452,局大使
61453,局副
61454,局副使
61455,局使
61456,軍節度副使
61457,軍民安撫使司安撫使
61458,軍民安撫使司達魯花赤
61459,軍民安撫使司副使
61460,軍民安撫使司經歷
61461,軍民安撫使司僉事
61462,軍民安撫使司同知
61463,軍民安撫使司照磨
61464,軍民安撫使司鎮撫
61465,軍民安撫使司知事
61466,軍民長官司長官
61467,軍民長官司達魯花赤
61468,軍民長官司副長官
61469,軍民千戶所達魯花赤
61470,軍民千戶所千戶
61471,軍民萬戶府達魯花赤
61472,軍民萬戶府副達魯花赤
61473,軍民萬戶府副萬戶
61474,軍民萬戶府經歷
61475,軍民萬戶府萬戶
61476,軍民萬戶府鎮撫
61477,軍民萬戶府知事
61478,軍民總管府達魯花赤
61479,軍民總管府府判
61480,軍民總管府經歷
61481,軍民總管府同知
61482,軍民總管府知事
61483,軍民總管府治中
61484,軍民總管府總管
61485,軍器局大使
61486,軍器局副
61487,軍器局副使
61488,軍器局使
61489,軍器局院長
61490,軍器人匠局達魯花赤
61491,軍器人匠局大使
61492,軍器人匠局副
61493,軍器人匠局副使
61494,軍器人匠局吏目
61495,軍器人匠局使
61496,軍器人匠提舉司達魯花赤
61497,軍器人匠提舉司副提舉
61498,軍器人匠提舉司提舉
61499,軍器人匠提舉司同提舉
61500,軍前中書省詳議
61501,開除局大使
61502,開除局副使
61503,開除局照略案牘
61504,客省大使
61505,客省副使
61506,客省令史
61507,客省使副使
61508,客省使官署大使
61509,客省使官署副使
61510,控鶴百戶所漢人百戶
61511,控鶴百戶所色目百戶
61512,庫子
61513,奎章閣學士院參書
61514,奎章閣學士院承制學士
61515,奎章閣學士院大學士
61516,奎章閣學士院典籤
61517,奎章閣學士院典書
61518,奎章閣學士院供奉學士
61519,奎章閣學士院內掾
61520,奎章閣學士院怯里馬赤
61521,奎章閣學士院侍書學士
61522,奎章閣學士院授經郎
61523,奎章閣學士院宣使
61524,奎章閣學士院譯文內掾
61525,奎章閣學士院照磨
61526,奎章閣學士院知印
61527,闌遺監監丞
61528,闌遺監令史
61529,闌遺監少監
61530,闌遺監太監
61531,闌遺監提控案牘
61532,闌遺監譯史
61533,闌遺監知事
61534,闌遺監知印兼通事
61535,闌遺監奏差
61536,郎中
61537,理官
61538,理問所副理問
61539,理問所理問
61540,理問所提控案牘
61541,理問所知事
61542,豊裕倉倉使
61543,豊裕倉監支納
61544,豊裕倉攢典
61545,禮部典吏
61546,禮部回回令史
61547,禮部郎中
61548,禮部令史
61549,禮部蒙古必闍赤
61550,禮部怯裏馬赤
61551,禮部尚書
61552,禮部侍郎
61553,禮部員外郎
61554,禮部知印
61555,禮部主事
61556,禮部奏差
61557,醴源倉大使
61558,醴源倉副使
61559,醴源倉提舉
61560,醴源倉直長
61561,吏
61562,吏部典吏
61563,吏部回回令史
61564,吏部郎中
61565,吏部令史
61566,吏部蒙古必闍赤
61567,吏部蒙古書寫
61568,吏部怯裏馬赤
61569,吏部銓寫
61570,吏部尚書
61571,吏部侍郎
61572,吏部員外郎
61573,吏部知印
61574,吏部主事
61575,吏部奏差
61576,吏目
61577,利器庫大使
61578,利器庫副使
61579,利器庫庫子
61580,利器庫提點
61581,利用監丞
61582,利用監典吏
61583,利用監管勾
61584,利用監經歷
61585,利用監令史
61586,利用監卿
61587,利用監少監
61588,利用監太監
61589,利用監通事
61590,利用監譯史
61591,利用監照磨
61592,利用監知事
61593,利用監知印
61594,利用監奏差
61595,利貞庫副使
61596,利貞庫提領
61597,簾網局大使
61598,簾網局副使
61599,廪給司令
61600,廪給司司丞
61601,廪給司提領
61602,綾錦局大使
61603,綾錦局副使
61604,綾錦織染提舉司副提舉
61605,綾錦織染提舉司提舉
61606,綾錦織染提舉司同提舉
61607,領兵元帥
61608,領軍先鋒
61609,令史
61610,留守司部役官兼壕寨
61611,留守司典吏
61612,留守司都事
61613,留守司副留守
61614,留守司管勾承發架閣庫
61615,留守司回回令史
61616,都總管府都事
61617,都總管府副留守
61621,都總管府留守
61622,留守司
61623,都總管府管勾
61625,都總管府宣使
61627,都總管府照磨兼管勾
61629,留守司經歷
61630,留守司令史
61631,留守司留守
61632,留守司蒙古必闍赤
61633,留守司判官
61634,留守司通事
61635,留守司同知
61636,留守司宣使
61637,留守司照磨兼覆料官
61638,留守司知印
61639,琉璃局大使
61640,琉璃局副使
61641,劉元帥局大使
61642,劉元帥局副使
61643,六安衛指揮僉事
61644,六安衛指揮使
61645,六番招討使司達魯花赤
61646,六番招討使司經歷
61647,六番招討使司招討使
61648,六番招討使司知事
61649,隆禧總管府達魯花赤
61651,隆禧總管府經歷
61652,隆禧總管府令史
61653,隆禧總管府判官
61654,隆禧總管府怯里馬赤
61655,隆禧總管府同知
61656,隆禧總管府譯史
61657,隆禧總管府照磨
61658,隆禧總管府知事
61659,隆禧總管府知印
61660,隆禧總管府治中
61661,隆禧總管府總管
61662,隆禧總管府奏差
61663,隆祥使司典吏
61664,隆祥使司都事
61665,隆祥使司副使
61666,隆祥使司經歷
61667,隆祥使司令史
61668,隆祥使司隆祥使司使
61669,隆祥使司司丞
61670,隆祥使司通事
61671,隆祥使司同知
61672,隆祥使司宣使
61673,隆祥使司譯史
61674,隆祥使司照磨兼架閣
61675,隆祥使司知印
61676,龍慶栽種提舉司達魯花赤
61677,龍慶栽種提舉司提舉
61678,龍慶栽種提舉司同提舉
61679,龍驤衛指揮僉事
61680,龍驤衛指揮同知
61681,龍驤衞正千戶
61682,龍興打捕提領所副提領
61683,龍翊侍衛親軍都指揮使司都指揮使
61684,龍翊侍衛親軍都指揮使司副都指揮使
61685,龍翊侍衛親軍都指揮使司經歷
61686,龍翊侍衛親軍都指揮使司令史
61687,龍翊侍衛親軍都指揮使司僉事
61688,龍翊侍衛親軍都指揮使司怯里馬赤
61689,龍翊侍衛親軍都指揮使司譯史
61690,龍翊侍衛親軍都指揮使司照磨
61691,龍翊侍衛親軍都指揮使司鎮撫
61692,龍翊侍衛親軍都指揮使司知事
61693,龍翊侍衛親軍都指揮使司知印
61694,陸運提舉司副提舉
61695,陸運提舉司吏目
61696,陸運提舉司司吏
61697,陸運提舉司提舉
61698,陸運提舉司委差
61699,路錄判
61700,路儒學正
61701,路行大司農司令史
61702,路總管府書吏
61703,錄軍國重事
61704,錄事司達魯花赤
61705,錄事司典史
61706,錄事司錄事
61707,錄事司判官
61708,旅正
61709,馬步水軍大元帥
61710,馬軍小校
61711,瑪瑙人匠提舉司副提舉
61712,瑪瑙人匠提舉司提舉
61713,瑪瑙提舉司吏目
61714,瑪瑙提舉司提舉
61715,瑪瑙提舉司同提舉
61716,瑪瑙玉局大使
61717,瑪瑙玉局副使
61718,瑪瑙玉局直長
61719,滿浦倉大使
61720,滿浦倉副使
61721,毛子匠提舉司達魯花赤
61722,毛子匠提舉司提舉
61723,毛子局大使
61724,毛子局典史
61725,毛子局副使
61726,毛子局司吏
61727,毛子旋匠局大使
61728,毛子旋匠局典史
61729,毛子旋匠局司吏
61730,門尉
61731,蒙古必闇赤
61732,蒙古必闍赤
61733,蒙古國子監必闍赤
61734,蒙古國子監祭酒
61735,蒙古國子監監丞
61736,蒙古國子監令史
61737,蒙古國子監司業
61738,蒙古國子監知印
61739,蒙古國子學博士
61740,蒙古國子學典給
61741,蒙古國子學典書
61742,蒙古國子學教授
61743,蒙古國子學學錄
61744,蒙古國子學學正
61745,蒙古國子學助教
61746,蒙古漢軍奧魯軍民千戶所百戶
61747,蒙古漢軍奧魯軍民千戶所達魯花赤
61748,蒙古漢軍奧魯軍民千戶所副千戶
61749,蒙古漢軍奧魯軍民千戶所千戶
61750,蒙古漢軍奧魯軍民千戶所總把
61751,蒙古漢軍西番軍民上千戶所百戶
61752,蒙古漢軍西番軍民上千戶所達魯花赤
61753,蒙古漢軍西番軍民上千戶所千戶
61754,蒙古漢軍西番軍民上千戶所新附千戶
61755,蒙古漢軍西番軍民元帥府達魯花赤
61756,蒙古漢軍西番軍民元帥府經歷
61757,蒙古漢軍西番軍民元帥府蒙古奧魯官
61758,蒙古漢軍西番軍民元帥府蒙古奧魯相副官
61759,蒙古漢軍西番軍民元帥府同知
61760,蒙古漢軍西番軍民元帥府元帥
61761,蒙古漢軍西番軍民元帥府鎮撫
61762,蒙古漢軍西番軍民元帥府知事
61763,蒙古翰林院必闍赤
61764,蒙古翰林院承發架閣庫管勾
61765,蒙古翰林院典吏
61766,蒙古翰林院都事
61767,蒙古翰林院翰林待制
61768,蒙古翰林院翰林侍讀學士
61769,蒙古翰林院翰林侍講學士
61770,蒙古翰林院翰林修撰
61771,蒙古翰林院翰林學士
61772,蒙古翰林院翰林學士承旨
61773,蒙古翰林院翰林直學士
61774,蒙古翰林院經歷
61775,蒙古翰林院書寫
61776,蒙古翰林院通事
61777,蒙古翰林院譯史
61778,蒙古翰林院應奉翰林文字
61779,蒙古翰林院掾史
61780,蒙古翰林院知印
61781,蒙古回回水軍萬戶府達魯花赤
61782,蒙古回回水軍萬戶府副萬戶
61783,蒙古回回水軍萬戶府經歷
61784,蒙古回回水軍萬戶府提控案牘
61785,蒙古回回水軍萬戶府萬戶
61786,蒙古回回水軍萬戶府鎮撫
61787,蒙古回回水軍萬戶府知事
61788,蒙古軍大都督府承發兼照磨
61789,蒙古軍大都督府大都督
61790,蒙古軍大都督府典吏
61791,蒙古軍大都督府都事
61792,蒙古軍大都督府副使
61793,蒙古軍大都督府經歷
61794,蒙古軍大都督府令史
61795,蒙古軍大都督府通事
61796,蒙古軍大都督府同知
61797,蒙古軍大都督府宣使
61798,蒙古軍大都督府譯史
61799,蒙古軍大都督府鎮撫
61800,蒙古軍大都督府知印
61801,蒙古軍都萬戶府都萬戶
61802,蒙古軍都萬戶府副都萬戶
61803,蒙古軍都萬戶府經歷
61804,蒙古軍都萬戶府令史
61805,蒙古軍都萬戶府提控案牘
61806,蒙古軍都萬戶府通事
61807,蒙古軍都萬戶府譯史
61808,蒙古軍都萬戶府鎮撫
61809,蒙古軍都萬戶府知事
61810,蒙古軍千戶所一十翼百戶
61811,蒙古軍千戶所一十翼彈壓
61812,蒙古軍千戶所一十翼千戶
61813,蒙古書寫
61814,蒙古提舉學校官提舉
61815,蒙古提舉學校官同提舉
61816,蒙古字教授
61817,迷兒軍萬戶府達魯花赤
61818,迷里火者千戶翼百戶
61819,迷里火者千戶翼彈壓
61820,迷里火者千戶翼副達魯花赤
61821,迷里火者千戶翼副千戶
61822,迷里火者千戶翼千戶
61823,迷里火者千戶翼正達魯花赤
61824,迷里火者千戶翼知事
61825,祕書監辨驗書畫直長
61826,祕書監典簿
61827,祕書監典吏
61828,祕書監典書
61829,祕書監管勾
61830,祕書監監丞
61831,祕書監監卿
61832,祕書監令史
61833,祕書監太監
61834,祕書監通事
61835,祕書監校書郎
61836,祕書監譯史
61837,祕書監知印
61838,祕書監著作郎
61839,祕書監著作佐郎
61840,祕書監奏差
61841,祕書郎
61842,祕書少監
61843,民佃提領所大使
61844,民佃提領所副使
61845,民佃提領所提領
61846,民戶水陸事產提舉司達魯花赤
61847,民戶水陸事產提舉司副提舉
61848,民戶水陸事產提舉司提舉
61849,民戶水陸事產提舉司同提舉
61850,民匠提舉司達魯花赤
61851,民匠提舉司副提舉
61852,民匠提舉司提舉
61853,民匠提舉司同提舉
61854,民匠異錦局達魯花赤
61855,民匠異錦局副提舉
61856,民匠異錦局提舉
61857,民匠異錦局同提舉
61858,民匠總管府副總管
61859,民匠總管府經歷
61860,民匠總管府提控案牘
61861,民匠總管府同知
61862,民匠總管府知事
61863,民匠總管府總管
61864,閩海帥司掾
61865,木場大使
61866,木場提領
61867,木局大使
61868,木局直長
61869,牧監監丞
61870,牧監卿
61871,牧監少卿
61872,牧監太卿
61873,苜蓿園提領
61874,幕府
61875,幕府掾
61876,納綿提舉司達魯花赤
61877,納綿提舉司副提舉
61878,納綿提舉司提舉
61879,納失失局大使
61880,納失失局副使
61881,納失失毛段二局院長
61882,南寺、北寺收支諸物二庫大使
61883,南寺、北寺收支諸物二庫副使
61884,南寺、北寺收支諸物二庫司庫
61885,南寺、北寺收支諸物二庫提領
61886,南臺察院監察御史
61887,南臺察院書吏
61888,南場大使
61889,南場副使
61890,內藏庫大使
61891,內藏庫副使
61892,內藏庫提點
61893,內史府典吏
61894,內史府記室
61895,內史府內史
61896,內史府司馬
61897,內史府通事
61898,內史府宣使
61899,內史府譯史
61900,內史府掾史
61901,內史府照磨兼管勾承發架閣庫
61902,內史府知印
61903,內史府中尉
61904,內史府諮議
61905,內宰司典簿
61906,內宰司典吏
61907,內宰司令史
61908,內宰司內宰
61909,內宰司司丞
61910,內宰司通事
61911,內宰司譯史
61912,內宰司照磨
61913,內宰司知印
61914,內宰司奏差
61915,內正司丞
61916,內正司典簿
61917,內正司卿
61918,內正司少卿
61919,內正司照磨兼管勾
61920,泥瓦局大使
61921,泥瓦局副使
61922,寧徽寺丞
61923,寧徽寺經歷
61924,寧徽寺卿
61925,寧徽寺少卿
61926,寧徽寺知事
61927,牛皮局大使
61928,弩軍千戶所百戶
61929,弩軍千戶所達魯花赤
61930,弩軍千戶所彈壓
61931,弩軍千戶所都目
61932,弩軍千戶所千戶
61933,弩軍千戶所一翼百戶
61934,弩軍千戶所一翼達魯花赤
61935,弩軍千戶所一翼彈壓
61936,弩軍千戶所一翼千戶
61937,女直千戶所達魯花赤
61938,女直千戶所副千戶
61939,女直千戶所吏目
61940,女直千戶所千戶
61941,女直千戶所司吏
61942,判官
61943,砲手千戶所一翼百戶
61944,砲手千戶所一翼彈壓
61945,砲手千戶所一翼千戶
61946,批驗所大使
61947,批驗所副使
61948,批驗所提領
61949,皮貨所大使
61950,皮貨所副使
61951,皮貨所提領
61952,平盈庫大使
61953,平盈庫副使
61954,平則門窑場大使
61955,平則門窑場副使
61956,平則門窑場提領
61957,平章政事
61958,平準行用庫大使
61959,平準行用庫副使
61960,平準行用庫提領
61961,普安智全營繕司達魯花赤
61962,普安智全營繕司大使
61963,普安智全營繕司副使
61964,普安智全營繕司吏目
61965,普安智全營繕司令
61966,普安智全營繕司司吏
61967,普明營繕都司達魯花赤
61968,普明營繕都司大使
61969,普明營繕都司副使
61970,普明營繕都司令
61971,普明營繕都司提控案牘
61972,普明營繕都司知事
61973,普慶營繕司達魯花赤
61974,普慶營繕司大使
61975,普慶營繕司副使
61976,普慶營繕司令
61977,漆紗冠冕局大使
61978,漆紗冠冕局副使
61979,器備庫大使
61980,器備庫副使
61981,器備庫提點
61982,器備庫直長
61983,器物局大使
61984,器物局副使
61985,器物局吏目
61986,器物局司吏
61987,器物局直長
61988,千夫長
61989,千戶
61990,千戶八所百戶
61991,千戶八所達魯花赤
61992,千戶八所彈壓
61993,千戶八所副千戶
61994,千戶八所千戶
61995,千戶八翼百戶
61996,千戶八翼達魯花赤
61997,千戶八翼彈壓
61998,千戶八翼千戶
61999,千戶九翼百戶
62000,千戶九翼彈壓
62001,千戶九翼千戶
62002,千戶六翼百戶
62003,千戶六翼彈壓
62004,千戶六翼千戶
62005,千戶七翼百戶
62006,千戶七翼彈壓
62007,千戶七翼千戶
62008,千戶四所百戶
62009,千戶四所達魯花赤
62010,千戶四所彈壓
62011,千戶四所副千戶
62012,千戶四所千戶
62013,千戶所八翼百戶
62014,千戶所八翼達魯花赤
62015,千戶所八翼彈壓
62016,千戶所八翼門尉
62017,千戶所八翼千戶
62018,千戶所百戶
62019,千戶所達魯花赤
62020,千戶所彈壓
62021,千戶所副千戶
62022,千戶所管軍副總把
62023,千戶所管軍總把
62024,千戶所九翼奧魯官
62025,千戶所九翼百戶
62026,千戶所九翼彈壓
62027,千戶所九翼副奧魯官
62028,千戶所九翼副千戶
62029,千戶所九翼門尉
62030,千戶所九翼蒙古字教授
62031,千戶所九翼千戶
62032,千戶所九翼儒學教授
62033,千戶所課程倉糧官
62034,千戶所六翼百戶
62035,千戶所六翼達魯花赤
62036,千戶所六翼彈壓
62037,千戶所六翼副千戶
62038,千戶所六翼千戶
62039,千戶所七翼百戶
62040,千戶所七翼彈壓
62041,千戶所七翼副千戶
62042,千戶所七翼千戶
62043,千戶所七翼知事
62044,千戶所千戶
62045,千戶所儒學教授
62046,千戶所三翼百戶
62047,千戶所三翼彈壓
62048,千戶所三翼千戶
62049,千戶所十八族週迴捕盜官
62050,千戶所一十二翼百戶
62051,千戶所一十二翼彈壓
62052,千戶所一十二翼副千戶
62053,千戶所一十二翼千戶
62054,千戶所一十二翼知事
62055,千戶所一十翼百戶
62056,千戶所一十翼達魯花赤
62057,千戶所一十翼彈壓
62058,千戶所一十翼副千戶
62059,千戶所一十翼千戶
62060,僉都御史
62061,僉事
62062,僉庸田司事
62063,僉院
62064,前部先鋒
62065,前衛承發架閣照磨
62066,前衛都指揮使
62067,前衛副都指揮使
62068,前衛經歷
62069,前衛令史
62070,前衛僉事
62071,前衛通事
62072,前衛譯史
62073,前衛知事
62074,前衛知印
62075,蕁麻林人匠提舉司副提舉
62076,蕁麻林人匠提舉司提舉
62077,蕁麻林人匠提舉司同提舉
62078,蕁麻林人匠提舉司照略案牘
62079,錢糧總管府答剌答脫脫禾孫
62080,錢糧總管府達魯花赤
62081,錢糧總管府副總管
62082,錢糧總管府甘思瓮吉剌滅吉思
62083,錢糧總管府哈裏脫脫禾孫
62084,錢糧總管府總管
62085,怯里馬赤
62086,怯憐口民匠都提舉司達魯花赤
62087,怯憐口民匠都提舉司都提舉
62088,怯憐口民匠都提舉司副提舉
62089,怯憐口民匠都提舉司吏
62090,怯憐口民匠都提舉司提控案牘
62091,怯憐口民匠都提舉司同提舉
62092,怯憐口民匠都提舉司知事
62093,怯憐口民匠都提舉司奏差
62094,怯憐口民匠總管府達魯花赤
62095,怯憐口民匠總管府副總管
62096,怯憐口民匠總管府令史
62097,怯憐口民匠總管府同知
62098,怯憐口民匠總管府知事
62099,怯憐口民匠總管府總管
62100,怯憐口皮局人匠提舉司提舉
62101,怯憐口皮局人匠提舉司提控案牘
62102,怯憐口皮局人匠提舉司同提舉
62103,怯憐口諸色民匠達魯花赤并管領上都納綿提舉司長官
62104,怯憐口諸色民匠達魯花赤并管領上都納綿提舉司達魯花赤
62105,怯憐口諸色民匠達魯花赤并管領上都納綿提舉司副長官
62106,怯憐口諸色民匠達魯花赤并管領上都納綿提舉司提控案牘
62107,怯憐口諸色民匠達魯花赤并管領上都納綿提舉司同知
62108,怯憐口諸色民匠打捕鷹房都總管府達魯花赤
62109,怯憐口諸色民匠打捕鷹房都總管府典吏
62110,怯憐口諸色民匠打捕鷹房都總管府都總管
62111,怯憐口諸色民匠打捕鷹房都總管府副總管
62112,怯憐口諸色民匠打捕鷹房都總管府經歷
62113,怯憐口諸色民匠打捕鷹房都總管府令史
62114,怯憐口諸色民匠打捕鷹房都總管府通事
62115,怯憐口諸色民匠打捕鷹房都總管府同知
62116,怯憐口諸色民匠打捕鷹房都總管府譯史
62117,怯憐口諸色民匠打捕鷹房都總管府照磨
62118,怯憐口諸色民匠打捕鷹房都總管府知事
62119,怯憐口諸色民匠打捕鷹房都總管府知印
62120,怯憐口諸色民匠打捕鷹房都總管府奏差
62121,怯憐口諸色人匠提舉司部役
62122,怯憐口諸色人匠提舉司達魯花赤
62123,怯憐口諸色人匠提舉司副提舉
62124,怯憐口諸色人匠提舉司吏目
62125,怯憐口諸色人匠提舉司首領官
62126,怯憐口諸色人匠提舉司司吏
62127,怯憐口諸色人匠提舉司提舉
62128,怯憐口諸色人匠提舉司同提舉
62129,親軍都護
62130,親軍都指揮使
62131,親軍都指揮使司奧魯官
62132,親軍都指揮使司承發架閣照磨
62133,親軍都指揮使司承發兼照磨
62134,親軍都指揮使司達魯花赤
62135,親軍都指揮使司都指揮使
62136,親軍都指揮使司副奧魯官
62137,親軍都指揮使司副都指揮使
62138,親軍都指揮使司副都指揮使二員
62139,親軍都指揮使司副指揮使
62140,親軍都指揮使司經歷
62141,親軍都指揮使司令史
62142,親軍都指揮使司僉事
62143,親軍都指揮使司通事
62144,親軍都指揮使司譯史
62145,親軍都指揮使司照磨
62146,親軍都指揮使司鎮撫
62147,親軍都指揮使司知事
62148,親軍都指揮使司知印
62149,親軍千戶
62150,親軍指揮
62151,秦家渡倉等大使
62152,秦家渡倉等副使
62153,秦家渡倉等監支納
62154,麴米等長官司長官
62155,麴米等長官司達魯花赤
62156,麴米等長官司副長官
62157,榷茶司判官
62158,染局大使
62159,染局副使
62160,染局管勾
62161,染局直長
62162,人匠局達魯花赤
62163,人匠局副使
62164,人匠提舉司達魯花赤
62165,人匠提舉司副提舉
62166,人匠提舉司提舉
62167,人匠提舉司同提舉
62168,人匠提舉司照略案牘
62169,人匠提領所達魯花赤
62170,人匠提領所副提領
62171,人匠提領所提領
62172,人匠提領所同提領
62173,人匠總管府達魯花赤
62174,人匠總管府經歷
62175,人匠總管府令史
62176,人匠總管府提控案牘
62177,人匠總管府通事
62178,人匠總管府同知
62179,人匠總管府總管
62180,仁王營繕司達魯花赤
62181,仁王營繕司副提舉
62182,仁王營繕司提舉
62183,仁王營繕司同提舉
62184,榮陽等綱押綱官
62186,儒學提舉司副提舉
62187,儒學提舉司吏目
62188,儒學提舉司司吏
62189,儒學提舉司提舉
62190,儒學提舉司校理
62191,軟皮局大使
62192,軟皮局副使
62193,軟皮局局使
62194,軟皮局直長
62195,撒答剌欺提舉司副提舉
62196,撒答剌欺提舉司提舉
62197,撒答剌欺提舉司提控案牘
62198,撒的赤千戶翼百戶
62199,撒的赤千戶翼彈壓
62200,撒的赤千戶翼副達魯花赤
62201,撒的赤千戶翼副千戶
62202,撒的赤千戶翼千戶
62203,撒的赤千戶翼正達魯花赤
62204,撒的赤千戶翼知事
62205,三湖河泊所大使
62206,三湖河泊所副使
62207,三湖河泊所提領
62208,三湖河泊所相副官
62209,散府達魯花赤
62210,散府判官
62211,散府提控案牘
62212,散府同知
62213,散府推官
62214,散府知府或府尹
62215,散府知事
62216,沙糖局達魯花赤
62217,沙糖局大使
62218,沙糖局副使
62219,沙糖局提點
62220,紗金顏料總庫大使
62221,紗金顏料總庫副使
62222,紗羅兼雜造局大使
62223,紗羅兼雜造局副使
62224,紗羅提舉司副提舉
62225,紗羅提舉司提舉
62226,紗羅提舉司同提舉
62227,山场採木提領所大使
62228,山场採木提領所副使
62229,山场採木提領所提領
62230,山場提領
62231,善農提舉司達魯花赤
62232,善農提舉司副提舉
62233,善農提舉司提舉
62234,善農提舉司同提舉
62235,善盈庫大使
62236,善盈庫副使
62237,善盈庫提領
62238,繕工司丞
62239,繕工司典吏
62240,繕工司管勾承發架閣
62241,繕工司經歷
62242,繕工司令史
62243,繕工司怯里馬赤
62244,繕工司卿
62245,繕工司少卿
62246,繕工司譯史
62247,繕工司照磨兼提控案牘
62248,繕工司知事
62249,繕工司知印
62250,上百戶所百戶
62251,上都葫蘆局大使
62252,上都葫蘆局副使
62253,上都惠民局司令
62254,上都惠民局提點
62255,上都金銀器盒局大使
62256,上都金銀器盒局副使
62257,上都金銀器盒局直長
62258,上都生料庫大使
62259,上都生料庫副使
62260,上都生料庫提點
62261,上都生料庫直長
62262,上都鐵局大使
62263,上都鐵局副使
62264,上都氈局副使
62265,上都掌設署署丞
62266,上都掌設署署令
62267,上都掌儀署丞
62268,上都掌儀署令
62269,上都諸色民匠提舉司副提舉
62270,上都諸色民匠提舉司吏目
62271,上都諸色民匠提舉司提舉
62272,上都諸色民匠提舉司同提舉
62273,上林署丞
62274,上林署令
62275,上林署直長
62276,上千戶所達魯花赤
62277,上千戶所彈壓
62278,上千戶所副千戶
62279,上千戶所千戶
62280,上萬戶府達魯花赤
62281,上萬戶府副萬戶
62282,上萬戶府經歷
62283,上萬戶府提控案牘
62284,上萬戶府萬戶
62285,上萬戶府鎮撫
62286,上萬戶府知事
62287,上用織染局副提舉
62288,上用織染局提舉
62289,上用織染局同提舉
62290,尚乘寺丞
62291,尚乘寺典吏
62292,尚乘寺管勾
62293,尚乘寺經歷
62294,尚乘寺令史
62295,尚乘寺卿
62296,尚乘寺少卿
62297,尚乘寺通事
62298,尚乘寺譯史
62299,尚乘寺照磨
62300,尚乘寺知事
62301,尚乘寺知印
62302,尚乘寺奏差
62303,尚方庫大使
62304,尚方庫副使
62305,尚方庫提領
62306,尚工署尚工署丞
62307,尚工署尚工署令
62308,尚工署書吏
62309,尚工署書史
62310,尚供總管府達魯花赤
62311,尚供總管府副總管
62312,尚供總管府經歷
62313,尚供總管府令史
62314,尚供總管府判官
62315,尚供總管府提控案牘
62316,尚供總管府同知
62317,尚供總管府譯史
62318,尚供總管府知事
62319,尚供總管府知印
62320,尚供總管府總管
62321,尚供總管府奏差
62322,尚牧所副提舉
62323,尚牧所吏目
62324,尚牧所提舉
62325,尚牧所同提舉
62326,尚舍寺監丞
62327,尚舍寺少監
62328,尚舍寺太監
62329,尚舍寺知事
62330,尚食局大使
62331,尚食局副使
62332,尚食局提點
62333,尚食局直長
62334,尚書
62335,尚書省郎中
62336,尚書省令史
62337,尚衣局達魯花赤
62338,尚衣局都目
62339,尚衣局副提舉
62340,尚衣局提舉
62341,尚衣局同提舉
62342,尚飲局大使
62343,尚飲局副使
62344,尚飲局提點
62345,尚醞局大使
62346,尚醞局副使
62347,尚醞局提點
62348,尚醞局直長
62349,尚珍署達魯花赤
62350,尚珍署吏目
62351,尚珍署尚珍署丞
62352,尚珍署尚珍署令
62353,燒鈔東西二庫達魯花赤
62354,燒鈔東西二庫大使
62355,燒鈔東西二庫副使
62356,燒紅局提領
62357,少保
62358,少監
62359,少卿
62360,哨馬千戶所奧魯官
62361,哨馬千戶所百戶
62362,哨馬千戶所達魯花赤
62363,哨馬千戶所彈壓
62364,哨馬千戶所副千戶
62365,哨馬千戶所千戶
62366,社稷署丞
62367,社稷署令
62368,神武衛指揮使
62369,生料庫大使
62370,生料庫副使
62371,生料庫提點
62372,石局大使
62373,石局管勾
62374,市舶提舉司副提舉
62375,市舶提舉司提舉
62376,市舶提舉司同提舉
62377,市舶提舉司知事
62378,侍郎
62379,侍禮郎
62380,侍衛
62381,侍儀使
62383,侍儀司典簿
62384,侍儀司令史
62385,侍儀司侍儀舍人
62386,侍儀司侍儀使
62387,侍儀司通事
62388,侍儀司通事舍人
62389,侍儀司譯史
62390,侍儀司引進使
62391,侍儀司知侍儀事
62392,侍儀司知印
62393,侍正府典吏
62394,侍正府都事
62395,侍正府經歷
62396,侍正府僉府
62397,侍正府侍判
62398,侍正府侍正
62399,侍正府通事
62400,侍正府同知
62401,侍正府宣使
62402,侍正府譯史
62403,侍正府掾史
62404,侍正府照磨
62405,侍正府知印
62406,收支庫大使
62407,收支庫副使
62408,收支庫庫子
62409,收支庫提點
62410,收支庫提領
62411,收支庫直長
62412,收支諸物庫大使
62413,收支諸物庫副使
62414,收支諸物庫庫子
62415,收支諸物庫提領
62416,手號軍人打捕千戶所達魯花赤
62417,手號軍人打捕千戶所彈壓
62418,手號軍人打捕千戶所上副千戶
62419,手號軍人打捕千戶所上千戶
62420,守城千戶所一翼百戶
62421,守城千戶所一翼達魯花赤
62422,守城千戶所一翼彈壓
62423,守城千戶所一翼千戶
62424,守禦千戶
62425,首領官
62426,受給庫大使
62427,受給庫副使
62428,受給庫提領
62429,壽福總管府案牘照磨
62430,壽福總管府達魯花赤
62431,壽福總管府典吏
62432,壽福總管府府判
62433,壽福總管府副達魯花赤
62434,壽福總管府經歷
62435,壽福總管府令史
62436,壽福總管府通事
62437,壽福總管府同知
62438,壽福總管府譯史
62439,壽福總管府知事
62440,壽福總管府知印
62441,壽福總管府治中
62442,壽福總管府總管
62443,壽福總管府奏差
62444,壽和署署丞
62445,壽和署署令
62446,壽武庫大使
62447,壽武庫副使
62448,壽武庫庫子
62450,書吏
62451,書寫
62452,樞密院編修
62453,樞密院參議
62454,樞密院承發兼照磨
62455,樞密院典吏
62456,樞密院都事
62457,樞密院副樞
62458,樞密院架閣庫管勾
62459,樞密院經歷
62460,樞密院蒙古書寫
62461,樞密院僉院
62462,樞密院銓寫
62463,樞密院司印
62464,樞密院通事
62465,樞密院同管勾
62466,樞密院同僉
62467,樞密院同知
62468,樞密院宣使
62469,樞密院譯史
62470,樞密院院判
62471,樞密院院醫
62472,樞密院掾史
62473,樞密院知印
62474,樞密院知院
62475,熟皮局大使
62476,熟皮局副使
62477,熟皮局直長
62478,署丞
62479,署令
62480,雙線局副使
62481,雙線局提領
62482,水寨元帥
62483,稅課提舉司副提舉
62484,稅課提舉司提舉
62485,稅課提舉司提控案牘
62486,稅課提舉司同提舉
62487,稅務大使
62488,稅務副使
62489,稅務提領
62490,司丞
62491,司籍所提領
62492,司籍所同提領
62493,司庫
62494,司吏
62495,司令
62496,司卿
62497,司使
62498,司天监丞
62499,司天監
62500,司天監測驗科管勾
62501,司天監教授
62502,司天監令史
62503,司天監漏刻科管勾
62504,司天監三式科管勾
62505,司天監少監
62506,司天監司辰官
62507,司天監算曆科管勾
62508,司天監提點
62509,司天監提學
62510,司天監天文科管勾
62511,司天監通事兼知印
62512,司天監學正
62513,司天監押宿官
62514,司天監譯史
62515,司天監陰陽管勾
62516,司天監知事
62517,司獄
62518,司獄司丞
62519,司獄司司獄
62520,司獄司獄丞
62521,司獄司獄典
62522,四庫照磨兼架閣庫管勾
62523,寺丞
62524,宿衛
62525,東宮宿衛
62526,肅政廉訪司典吏
62527,肅政廉訪司副使
62528,肅政廉訪司經歷
62529,肅政廉訪司廉訪使
62530,肅政廉訪司僉事
62531,肅政廉訪司書吏
62532,肅政廉訪司通事
62533,肅政廉訪司譯史
62534,肅政廉訪司掾
62535,肅政廉訪司照磨兼管勾
62536,肅政廉訪司知事
62537,肅政廉訪司奏差
62538,算曆科管勾
62539,隨路打捕鷹房諸色民匠總管府達魯花赤
62540,隨路打捕鷹房諸色民匠總管府副總管
62541,隨路打捕鷹房諸色民匠總管府同知
62542,隨路打捕鷹房諸色民匠總管府知事
62543,隨路打捕鷹房諸色民匠總管府總管
62544,隨路諸色民匠打捕鷹房等戶都總管府達魯花赤
62545,隨路諸色民匠打捕鷹房等戶都總管府經歷
62546,隨路諸色民匠打捕鷹房等戶都總管府令史
62547,隨路諸色民匠打捕鷹房等戶都總管府提控案牘兼照磨
62548,隨路諸色民匠打捕鷹房等戶都總管府同知
62549,隨路諸色民匠打捕鷹房等戶都總管府譯史
62550,隨路諸色民匠打捕鷹房等戶都總管府知事
62551,隨路諸色民匠打捕鷹房等戶都總管府知印通事
62552,隨路諸色民匠打捕鷹房等戶都總管府總管
62553,隨路諸色民匠打捕鷹房等戶都總管府奏差
62554,隨路諸色民匠打捕鷹房都總管府達魯花赤
62555,隨路諸色民匠打捕鷹房都總管府都總管
62556,隨路諸色民匠打捕鷹房都總管府副總管
62557,隨路諸色民匠打捕鷹房都總管府經歷
62558,隨路諸色民匠打捕鷹房都總管府令史
62559,隨路諸色民匠打捕鷹房都總管府提控案牘
62560,隨路諸色民匠打捕鷹房都總管府同知
62561,隨路諸色民匠打捕鷹房都總管府知事
62562,隨路諸色民匠打捕鷹房都總管府奏差
62563,隨路諸色民匠都總管府達魯花赤
62564,隨路諸色民匠都總管府副總管
62565,隨路諸色民匠都總管府經歷
62566,隨路諸色民匠都總管府令史
62567,隨路諸色民匠都總管府提控案牘
62568,隨路諸色民匠都總管府通事
62569,隨路諸色民匠都總管府同知
62570,隨路諸色民匠都總管府譯史
62571,隨路諸色民匠都總管府照磨
62572,隨路諸色民匠都總管府知事
62573,隨路諸色民匠都總管府知印
62574,隨路諸色民匠都總管府總管
62575,隨路諸色民匠都總管府奏差
62576,隨路諸色人匠都總管府典吏
62577,隨路諸色人匠都總管府副總管
62578,隨路諸色人匠都總管府經歷
62579,隨路諸色人匠都總管府令史
62580,隨路諸色人匠都總管府提控案牘
62581,隨路諸色人匠都總管府同知
62582,隨路諸色人匠都總管府譯史
62583,隨路諸色人匠都總管府照磨
62584,隨路諸色人匠都總管府知事
62585,隨路諸色人匠都總管府總管
62586,隨路諸色人匠都總管府奏差
62587,臺醫
62588,太保
62589,太倉大使
62590,太倉副使
62591,太倉提舉
62592,太常禮儀院博士
62593,太常禮儀院典吏
62594,太常禮儀院都事
62595,太常禮儀院奉禮兼檢討
62596,太常禮儀院奉禮郎
62597,太常禮儀院經歷
62598,太常禮儀院禮直管勾
62599,太常禮儀院令史
62600,太常禮儀院僉院
62601,太常禮儀院使
62602,太常禮儀院太祝
62603,太常禮儀院通事
62604,太常禮儀院同僉
62605,太常禮儀院同知
62606,太常禮儀院協律郎
62607,太常禮儀院宣使
62608,太常禮儀院譯史
62609,太常禮儀院院判
62610,太常禮儀院照磨兼管勾承發架閣
62611,太常禮儀院知印
62612,太府監丞
62613,太府監經歷
62614,太府監令史
62615,太府監少監
62616,太府監太監
62617,太府監太卿
62618,太府監通事
62619,太府監譯史
62620,太府監照磨
62621,太府監知事
62622,太府監知印
62623,太府監主簿
62624,太府監奏差
62625,太傅
62626,太監
62627,太廟收支諸物庫大使
62628,太廟收支諸物庫副使
62629,太廟收支諸物庫司庫
62630,太廟署丞
62631,太廟署令
62632,太僕寺典吏
62633,太僕寺管勾
62634,太僕寺回回令史
62635,太僕寺經歷
62636,太僕寺令史
62637,太僕寺卿
62638,太僕寺少卿
62639,太僕寺寺丞
62640,太僕寺通事
62641,太僕寺譯史
62642,太僕寺照磨
62643,太僕寺知事
62644,太僕寺知印
62645,太僕寺奏差
62646,太卿
62647,太師
62648,太史院保章副
62649,太史院保章正
62650,太史院春官正兼夏官正
62651,太史院燈漏直長
62652,太史院典吏
62653,太史院都事
62654,太史院副監候
62655,太史院腹裏印曆管勾
62656,太史院各省司曆
62657,太史院管勾
62658,太史院監候
62659,太史院教授
62660,太史院經歷
62661,太史院靈臺郎
62662,太史院令史
62663,太史院僉院
62664,太史院挈壺正
62665,太史院秋官正兼冬官正中官正
62666,太史院使
62667,太史院司辰郎
62668,太史院通事
62669,太史院同僉
62670,太史院同知
62671,太史院校書郎
62672,太史院星曆生
62673,太史院宣使
62674,太史院學正
62675,太史院譯史
62676,太史院印曆管勾
62677,太史院院判
62678,太史院掌曆
62679,太史院知印
62680,太尉
62681,太禧宗禋院參議
62682,太禧宗禋院都事
62683,太禧宗禋院斷事官
62684,太禧宗禋院副使兼奉贊神御殿事
62685,太禧宗禋院管勾
62686,太禧宗禋院經歷
62687,太禧宗禋院客省使大使
62688,太禧宗禋院客省使副使
62689,太禧宗禋院僉院兼祗承神御殿事
62690,太禧宗禋院怯里馬赤
62691,太禧宗禋院使都典制神御殿事
62692,太禧宗禋院同僉兼肅治神御殿事
62693,太禧宗禋院同知兼佐儀神御殿事
62694,太禧宗禋院宣使
62695,太禧宗禋院譯史
62696,太禧宗禋院院判供應神御殿事
62697,太禧宗禋院掾史
62698,太禧宗禋院照磨
62699,太禧宗禋院知印
62700,太醫院經歷
62701,太醫院卿
62702,太醫院少卿
62703,太醫院丞
62704,太醫院照磨
62705,太醫院知事
62706,太子家丞
62707,太子說書
62708,太子詹事
62709,太子左諭德
62710,探馬軍四萬戶府經歷
62711,探馬軍四萬戶府千戶
62712,探馬軍四萬戶府萬戶
62713,探馬軍四萬戶府鎮撫
62714,淘金總管府經歷
62715,提點
62716,提舉
62717,提舉備用庫達魯花赤
62718,提舉備用庫大使
62719,提舉備用庫提舉
62720,提舉備用庫提控案牘
62721,提舉都城所副提舉
62722,提舉都城所吏目
62723,提舉都城所提舉
62724,提舉都城所同提舉
62725,提舉都城所照磨
62726,提舉司達魯花赤
62727,提舉司都目
62728,提舉司副提舉
62729,提舉司吏目
62730,提舉司司吏
62731,提舉司提舉
62732,提舉司同提舉
62733,提舉學校所教授
62734,提舉學校所提舉
62735,提舉學校所學錄
62736,提舉學校所學正
62737,提舉右八作司秤子
62738,提舉右八作司副提舉
62739,提舉右八作司吏目
62740,提舉右八作司司庫
62741,提舉右八作司司吏
62742,提舉右八作司提舉
62743,提舉右八作司同提舉
62744,提舉右八作司譯史
62745,提舉資善庫達魯花赤
62746,提舉資善庫副提舉
62747,提舉資善庫提舉
62748,提舉資善庫同提舉
62749,提控
62750,提控案牘
62751,提控案牘各
62752,提控案牘兼照磨
62753,提領
62754,提領司副提領
62755,提領司提領
62756,提領所達魯花赤
62757,提領所大使
62758,提領所典史
62759,提領所凡二十五典史
62760,提領所凡二十五副提領
62761,提領所凡二十五提領
62762,提領所凡二十五同提領
62763,提領所副使
62764,提領所副提領
62765,提領所司吏
62766,提領所提領
62767,提領所同提領
62768,提刑按察使
62769,天策衛百戶
62770,天策衛千戶
62771,天策衛親軍指揮使
62772,天策衛指揮使
62773,天樂署管勾
62774,天樂署教師
62775,天樂署書吏
62776,天樂署書史
62777,天樂署署丞
62778,天樂署署令
62779,天樂署提控
62780,天樂署協律
62781,天樂署協音
62782,天寧翼元帥
62783,天全招討使司達魯花赤
62784,天全招討使司經歷
62785,天全招討使司招討
62786,天全招討使司知事
62787,天文科管勾
62788,田賦提舉司達魯花赤
62789,田賦提舉司副提舉
62790,田賦提舉司提舉
62791,田賦提舉司同提舉
62792,田賦提領所副提領
62793,田賦提領所提領
62794,田使
62795,鐵甲百戶
62796,鐵甲長
62797,鐵局大使
62798,鐵局副使
62799,鐵局管勾
62800,鐵局提控
62801,鐵局提領
62802,鐵局直長
62803,鐵冶管勾所副管勾
62804,鐵冶管勾所管勾
62805,鐵冶管勾所同管勾
62806,通惠河運糧千戶所中副千戶
62807,通惠河運糧千戶所中千戶
62808,通判
62809,通事
62810,通事兼知印
62811,通政院
62812,通政院都事
62813,通政院副使
62814,通政院經歷
62815,通政院令史
62816,通政院僉院
62817,通政院通事
62818,通政院同僉
62819,通政院同知
62820,通政院宣使
62821,通政院譯史
62822,通政院院判
62823,通政院院使
62824,通政院照磨兼管勾承發架閣
62825,通政院知印
62826,通州十三倉大使
62827,通州十三倉副使
62828,通州十三倉監支納
62829,同管勾
62830,同監修國史
62831,同僉
62832,同提舉
62833,同提領
62834,同知
62835,統兵大元帥
62836,統兵征虜大元帥
62837,統兵總管
62838,統軍大元帥
62839,統軍元帥
62840,疃局直長
62841,推官
62842,屯田打捕所長官
62843,屯田打捕所達魯花赤
62844,屯田打捕所蒙古字教授
62845,屯田打捕所儒學教授
62846,屯田打捕提舉司等達魯花赤
62847,屯田打捕提舉司等副提舉
62848,屯田打捕提舉司等吏目
62849,屯田打捕提舉司等提舉
62850,屯田打捕提舉司等同提舉
62851,屯田打捕總管府達魯花赤
62852,屯田打捕總管府打捕屯田官
62853,屯田打捕總管府府判
62854,屯田打捕總管府經歷
62855,屯田打捕總管府同知
62856,屯田打捕總管府知事
62857,屯田打捕總管府總管
62858,屯田千戶所百戶
62859,屯田千戶所達魯花赤
62860,屯田千戶所彈壓
62861,屯田千戶所都目
62862,屯田千戶所門尉
62863,屯田千戶所蒙古字教授
62864,屯田千戶所千戶
62865,屯田千戶所儒學教授
62866,屯田千戶所一翼百戶
62867,屯田千戶所一翼達魯花赤
62868,屯田千戶所一翼彈壓
62869,屯田千戶所一翼千戶
62870,屯田千戶所一翼儒學教授
62871,屯田千戶所陰陽教授
62872,屯田總管府達魯花赤
62873,屯田總管府司吏
62874,屯田總管府同知
62875,屯田總管府知事
62876,屯田總管府總管
62877,屯田左右千戶二所百戶
62878,屯田左右千戶二所彈壓
62879,屯田左右千戶二所都目
62880,屯田左右千戶二所千戶
62881,屯田左右千戶所百戶
62882,屯田左右千戶所達魯花赤
62883,屯田左右千戶所彈壓
62884,屯田左右千戶所蒙古字教授
62885,屯田左右千戶所千戶
62886,屯田左右千戶所儒學教授
62887,屯田左右手千戶所二翼百戶
62888,屯田左右手千戶所二翼達魯花赤
62889,屯田左右手千戶所二翼彈壓
62890,屯田左右手千戶所二翼千戶
62891,脫烈都萬戶府副萬戶
62892,脫烈都萬戶府經歷
62893,脫烈都萬戶府提控案牘
62894,脫烈都萬戶府萬戶
62895,脫烈都萬戶府鎮撫
62896,脫烈都萬戶府知事
62897,脫脫禾孫
62898,脫脫木千戶翼百戶
62899,脫脫木千戶翼彈壓
62900,脫脫木千戶翼副達魯花赤
62901,脫脫木千戶翼副千戶
62902,脫脫木千戶翼千戶
62903,脫脫木千戶翼正達魯花赤
62904,脫脫木千戶翼知事
62905,萬安營繕司達魯花赤
62906,萬安營繕司大使
62907,萬安營繕司都目
62908,萬安營繕司副使
62909,萬安營繕司令
62910,萬夫長
62911,萬戶
62912,萬戶府八千戶
62913,萬戶府卜兒八官
62914,萬戶府達魯花赤
62915,萬戶府擔裏脫脫禾孫
62916,萬戶府經歷
62917,萬戶府千戶
62918,萬戶府萬戶
62919,萬戶府鎮撫
62920,萬戶府知事
62921,萬億寶源庫都提舉
62922,萬億寶源庫副提舉
62923,萬億寶源庫司庫
62924,萬億寶源庫司吏
62925,萬億寶源庫提舉
62926,萬億寶源庫提控案牘
62927,萬億寶源庫同提舉
62928,萬億寶源庫譯史
62929,萬億寶源庫知事
62930,萬億賦源庫都提舉
62931,萬億賦源庫副提舉
62932,萬億賦源庫司庫
62933,萬億賦源庫司吏
62934,萬億賦源庫提舉
62935,萬億賦源庫提控案牘
62936,萬億賦源庫同提舉
62937,萬億賦源庫譯史
62938,萬億賦源庫知事
62939,萬億庫達魯花赤
62940,萬億庫副提舉
62941,萬億庫司吏
62942,萬億庫提舉
62943,萬億庫提控案牘
62944,萬億庫同提舉
62945,萬億庫譯史
62946,萬盈庫達魯花赤
62947,萬盈庫大使
62948,萬盈庫副使
62949,萬盈庫監支納
62950,網局管勾
62951,網局提領
62952,圍宿把門千戶所百戶
62953,圍宿把門千戶所彈壓
62954,圍宿把門千戶所千戶
62955,圍宿把門千戶所儒學教授
62956,衛百戶
62957,衛管軍千戶
62958,衛候直都指揮使司達魯花赤
62959,衛候直都指揮使司都指揮使
62960,衛候直都指揮使司副指揮使
62961,衛候直都指揮使司令史
62962,衛候直都指揮使司提控案牘
62963,衛候直都指揮使司通事
62964,衛候直都指揮使司譯史
62965,衛候直都指揮使司知事
62966,衛候直都指揮使司奏差
62967,衛千戶
62968,衛親軍指揮使
62969,衛親軍指揮使司指揮使
62970,衛親軍指揮使司指揮同知
62971,衛使
62972,衛指揮副使
62973,衛指揮僉事
62974,衛指揮使
62975,衛指揮使司同知
62976,衛指揮同知
62977,溫犀玳瑁局大使
62978,紋錦等局提舉司副提舉
62979,紋錦等局提舉司提舉
62980,紋錦等局提舉司同提舉
62981,紋錦等局提舉司照略案牘
62982,紋錦局大使
62983,紋錦局副使
62984,紋錦總院大使
62985,紋錦總院副使
62986,紋錦總院提領
62987,武備寺辨驗弓官
62988,武備寺辨驗筋角翎毛等官
62989,武備寺丞
62990,武備寺承發架閣庫管勾
62991,武備寺經歷
62992,武備寺令史
62993,武備寺卿
62994,武備寺少卿
62995,武備寺同判
62996,武備寺照磨兼提控案牘
62997,武備寺知事
62998,武器局大使
62999,武器局副使
63000,武衛親軍都指揮使司達魯花赤
63001,武衛親軍都指揮使司都指揮使
63002,武衛親軍都指揮使司副都指揮使
63003,武衛親軍都指揮使司經歷
63004,武衛親軍都指揮使司令史
63005,武衛親軍都指揮使司僉事
63006,武衛親軍都指揮使司通事
63007,武衛親軍都指揮使司譯史
63008,武衛親軍都指揮使司照磨
63009,武衛親軍都指揮使司知事
63010,武衛親軍都指揮使司知印
63011,西山煤窑場大使
63012,西山煤窑場副使
63013,西山煤窑場提領
63014,西臺察院監察御史
63015,西臺察院書吏
63016,西域親軍都指揮使司百戶
63017,西域親軍都指揮使司承發架閣兼照磨
63018,西域親軍都指揮使司達魯花赤
63019,西域親軍都指揮使司都指揮使
63020,西域親軍都指揮使司副都指揮使
63021,西域親軍都指揮使司經歷
63022,西域親軍都指揮使司令史
63023,西域親軍都指揮使司僉事
63024,西域親軍都指揮使司儒學教授
63025,西域親軍都指揮使司通事
63026,西域親軍都指揮使司譯史
63027,西域親軍都指揮使司鎮撫
63028,西域親軍都指揮使司知事
63029,西域親軍都指揮使司知印
63030,西場大使
63031,西場副使
63032,犀象牙局大使
63033,犀象牙局副使
63034,犀象牙局司吏
63035,犀象牙局直長
63036,餼廪司大使
63037,餼廪司副使
63038,下百戶所百戶
63039,下千戶所達魯花赤
63040,下千戶所彈壓
63041,下千戶所副千戶
63042,下千戶所千戶
63043,下萬戶府達魯花赤
63044,下萬戶府副萬戶
63045,下萬戶府經歷
63046,下萬戶府提控案牘
63047,下萬戶府萬戶
63048,下萬戶府鎮撫
63049,下萬戶府知事
63050,先鋒
63051,弦局大使
63052,弦局副使
63053,縣丞
63054,縣達魯花赤
63055,縣典史
63056,縣司吏
63057,縣尉
63058,縣尹
63059,縣主簿
63060,相府令史
63061,相副官
63062,祥和署管勾
63063,祥和署署丞
63064,祥和署署令
63065,銷金局管勾
63066,銷金局提領
63067,驍騎衛百戶
63068,驍騎衛管軍上千戶
63069,驍騎衛千戶
63070,校書郎
63071,協律
63072,協音
63073,斜皮等局大使
63074,斜皮等局副使
63075,斜皮局副使
63076,斜皮局局使
63077,新附軍千戶所達魯花赤
63078,新附軍千戶所副千戶
63079,新附軍千戶所千戶
63080,新運糧提舉司達魯花赤
63081,新運糧提舉司都提舉
63082,新運糧提舉司副提举
63083,新運糧提舉司吏目
63084,新運糧提舉司司吏
63085,新運糧提舉司同提舉
63086,新運糧提舉司奏差
63087,興國翼管軍總管
63088,興國翼元帥
63089,興教寺管房提領
63090,興文署典簿
63091,興文署典吏
63092,興文署署丞
63093,興文署署令
63094,刑部典吏
63095,刑部回回令史
63096,刑部郎中
63097,刑部令史
63098,刑部蒙古必闍赤
63099,刑部怯里馬赤
63100,刑部尚書
63101,刑部侍郎
63102,刑部書寫
63103,刑部員外郎
63104,刑部知印
63105,刑部主事
63106,刑部奏差
63107,行大司農司宣使
63108,行典藥局達魯花赤
63109,行典藥局大使
63110,行典藥局副使
63111,行軍千戶所百戶
63112,行軍千戶所達魯花赤
63113,行軍千戶所彈壓
63114,行軍千戶所副達魯花赤
63115,行軍千戶所副千戶
63116,行軍千戶所千戶
63117,行軍千戶所一十翼奧魯官
63118,行軍千戶所一十翼百戶
63119,行軍千戶所一十翼彈壓
63120,行軍千戶所一十翼千戶
63121,行軍千戶所知事
63122,行軍千戶五所百戶
63123,行軍千戶五所彈壓
63124,行軍千戶五所副千戶
63125,行軍千戶五所千戶
63126,行軍千戶五所知事
63127,行篋司藥局達魯花赤
63128,行篋司藥局副使
63129,行篋司藥局局使
63130,行省承制
63131,行樞密院都事
63132,行樞密院副樞
63133,行樞密院經歷
63134,行樞密院蒙古必闍赤
63135,行樞密院判官
63136,行樞密院僉事
63137,行樞密院僉院
63138,行樞密院怯里馬赤
63139,行樞密院同僉
63140,行樞密院同知
63141,行樞密院宣使
63142,行樞密院院令史
63143,行樞密院院判
63144,行樞密院掾史
63145,行樞密院知印
63146,行樞密院知院
63147,行用庫大使
63148,行用庫副使
63149,行用庫提點
63150,行用庫提領
63151,行御史臺承發管勾兼獄丞
63152,行御史臺典吏
63153,行御史臺都事
63154,行御史臺回回掾史
63155,行御史臺架閣庫管勾
63156,行御史臺架閣庫管勾兼承發
63157,行御史臺經歷
63158,行御史臺庫子
63159,行御史臺令史
63160,行御史臺蒙古必闇赤
63161,行御史臺侍御史
63162,行御史臺臺醫
63163,行御史臺通事
63164,行御史臺宣使
63165,行御史臺譯史
63166,行御史臺御史大夫
63167,行御史臺御史中丞
63168,行御史臺掾史
63169,行御史臺照磨
63170,行御史臺知印
63171,行御史臺治書侍御史
63172,行御藥局達魯花赤
63173,行御藥局大使
63174,行御藥局副使
63175,行中省右司員外郎
63176,中書省左司員外郎
63177,行中書省參政
63179,行中書省參知政事幕府
63180,行中書省參知政事
63181,行中書省丞相
63182,行中書省都督
63183,行中書省都事
63184,行中書省管勾
63185,行中書省回回令史
63186,行中書省郎中
63187,行中書省蒙古必闍赤
63188,行中書省平章
63189,行中書省平章政事
63190,行中書省通事
63191,行中書省宣使
63192,行中書省右丞相
63193,行中書省右司郎中
63194,行中書省員外郎
63195,行中書省掾
63196,行中書省掾史
63197,行中書省照磨
63198,行中書省知印
63200,行中書省左丞相
63201,中書省左司郎中
63202,行中書省左右司郎中
63203,行諸路金玉人匠總管府達魯花赤
63204,行諸路金玉人匠總管府副總管
63205,行諸路金玉人匠總管府經歷
63206,行諸路金玉人匠總管府提控案牘
63207,行諸路金玉人匠總管府同知
63208,行諸路金玉人匠總管府知事
63209,行諸路金玉人匠總管府總管
63210,雄武衛指揮使
63211,修合司藥正司達魯花赤
63212,修合司藥正司副使
63213,修合司藥正司直長
63214,修內司部役
63215,修內司大使
63216,修內司副使
63217,修內司吏目
63218,修內司司吏
63219,修內司提點
63220,修內司照磨
63221,修內司直長
63222,修起居注
63223,繡局大使
63224,繡局副使
63225,宣撫司、管民千戶所副提領
63226,宣撫司、管民千戶所提領
63227,宣撫司參謀
63228,宣撫司達魯花赤
63229,宣撫司副使
63230,宣撫司計議
63231,宣撫司經歷
63232,宣撫司僉事
63233,宣撫司提控案牘架閣
63234,宣撫司同知
63235,宣撫司宣撫
63236,宣撫司知事
63237,宣徽院承發架閣庫
63238,宣徽院典吏
63239,宣徽院都事
63240,宣徽院副使
63241,宣徽院回回掾史
63242,宣徽院經歷
63243,宣徽院蒙古必闍赤
63244,宣徽院蒙古書寫
63245,宣徽院判
63246,宣徽院僉院
63247,宣徽院怯里馬赤
63248,宣徽院使
63249,宣徽院同僉
63250,宣徽院同知
63251,宣徽院掾史
63252,宣徽院照磨
63253,宣徽院知印
63254,宣課提舉司副提舉
63255,宣課提舉司果木市大使
63256,宣課提舉司果木市副使
63257,宣課提舉司果木市提領
63258,宣課提舉司馬市大使
63259,宣課提舉司馬市副使
63260,宣課提舉司馬市提領
63261,宣課提舉司煤木所大使
63262,宣課提舉司煤木所副使
63263,宣課提舉司煤木所提領
63264,宣課提舉司牛驢市大使
63265,宣課提舉司牛驢市副使
63266,宣課提舉司牛驢市提領
63267,宣課提舉司司吏
63268,宣課提舉司提舉
63269,宣課提舉司提控案牘
63270,宣課提舉司同提舉
63271,宣課提舉司魚蟹市大使
63272,宣課提舉司魚蟹市副使
63273,宣課提舉司豬羊市副使
63274,宣課提舉司豬羊市提領
63275,宣農提舉司達魯花赤
63276,宣農提舉司副提舉
63277,宣農提舉司提舉
63278,宣農提舉司同提舉
63279,宣使
63280,宣慰使
63281,宣慰使兼管軍萬戶府都事
63282,宣慰使兼管軍萬戶府副使
63283,宣慰使兼管軍萬戶府經歷
63284,宣慰使兼管軍萬戶府同知
63285,宣慰使兼管軍萬戶府宣慰使
63286,宣慰使兼管軍萬戶府照磨兼管勾
63287,宣慰使司都事
63288,宣慰使司都元帥府八千戶
63289,宣慰使司都元帥府捕盜官
63290,宣慰使司都元帥府捕盜司官
63291,宣慰使司都元帥府擔裏管軍招討使
63292,宣慰使司都元帥府都事
63293,宣慰使司都元帥府副使
63294,宣慰使司都元帥府管民官
63295,宣慰使司都元帥府管民萬戶
63296,宣慰使司都元帥府經歷
63297,宣慰使司都元帥府納里速古兒孫元帥
63298,宣慰使司都元帥府沙魯(思)[田]地裏管民萬戶
63299,宣慰使司都元帥府同知
63300,宣慰使司都元帥府萬戶
63301,宣慰使司都元帥府烏思藏管蒙古軍都元帥
63302,宣慰使司都元帥府宣慰使
63303,宣慰使司都元帥府照磨
63304,宣慰使司都元帥府鎮撫
63305,宣慰使司都元帥府知事
63306,宣慰使司都元帥府轉運
63307,宣慰使司副使
63308,宣慰使司經歷
63309,宣慰使司同知
63310,宣慰使司宣慰使
63311,宣慰使司照磨兼架閣管勾
63312,宣慰司都元帥府捕盜官
63313,宣慰司都元帥府都事
63314,宣慰司都元帥府經歷
63315,宣慰司都元帥府儒學教授
63316,宣慰司都元帥府宣慰使
63317,宣慰司都元帥府照磨
63318,宣慰司都元帥府鎮撫
63319,宣慰元帥
63320,宣政院參議
63321,宣政院典吏
63322,宣政院都事
63323,宣政院副使
63324,宣政院管勾
63325,宣政院回回掾史
63326,宣政院經歷
63327,宣政院蒙古必闍赤
63328,宣政院僉院
63329,宣政院怯里馬赤
63330,宣政院使
63331,宣政院同僉
63332,宣政院同知
63333,宣政院宣使
63334,宣政院院判
63335,宣政院掾史
63336,宣政院照磨
63337,宣政院知印
63338,旋匠提舉司副提舉
63339,旋匠提舉司提舉
63340,旋局提領
63342,學錄
63343,學正
63344,巡撫
63345,巡河提領所副提領
63346,巡河提領所提領
63347,巡檢
63348,巡檢司司吏
63349,巡檢司巡檢
63350,押綱官
63351,牙局管勾
63352,牙局提領
63353,砑金局大使
63354,延福司丞
63355,延福司典簿
63356,延福司令
63357,延福司照磨
63358,延慶司典簿
63359,延慶司副使
63360,延慶司令史
63361,延慶司使
63362,延慶司通事
63363,延慶司同知
63364,延慶司延慶司使
63365,延慶司譯史
63366,延慶司照磨
63367,延慶司知印
63368,延慶司奏差
63369,延聖營繕司達魯花赤
63370,延聖營繕司大使
63371,延聖營繕司都目
63372,延聖營繕司副使
63373,延聖營繕司令
63374,鹽場管勾
63375,鹽場司丞
63376,鹽場司令
63377,鹽課提舉司都提舉
63378,鹽課提舉司副提舉
63379,鹽課提舉司提舉
63380,鹽課提舉司提控案牘
63381,鹽課提舉司同提舉
63382,鹽課提舉司知事
63383,羊山鞍局提控
63384,羊山鞍局提領
63385,陽門天城織染局副使
63386,陽門天城織染局提領
63387,陽門天城織染局照磨案牘
63388,陽山瑪瑙提舉司副提舉
63389,陽山瑪瑙提舉司提舉
63390,陽山瑪瑙提舉司同提舉
63391,楊千戶翼百戶
63392,楊千戶翼彈壓
63393,楊千戶翼副達魯花赤
63394,楊千戶翼副千戶
63395,楊千戶翼千戶
63396,楊千戶翼正達魯花赤
63397,楊千戶翼知事
63398,養種園提領
63399,衣錦院大使
63400,衣錦院典史
63401,衣錦院副使
63402,衣錦院司吏
63403,衣錦院直長
63405,醫學提舉司副提舉
63406,醫學提舉司提舉
63407,儀從庫大使
63408,儀從庫副使
63409,儀鳳司大使
63410,儀鳳司副使
63411,儀鳳司經歷
63412,儀鳳司令史
63413,儀鳳司通事
63414,儀鳳司譯史
63415,儀鳳司知事
63416,儀鳳司知印
63417,儀鸞局大使
63418,儀鸞局都目
63419,儀鸞局副使
63420,儀鸞局庫子
63421,儀鸞局輪直怯薛大使
63422,儀鸞局書吏
63423,儀鸞局直長
63424,異樣局總管府達魯花赤
63425,異樣局總管府副總管
63426,異樣局總管府經歷
63427,異樣局總管府同知
63428,異樣局總管府知事
63429,異樣局總管府總管
63430,異樣毛子局大使
63431,異樣毛子局副使
63432,異樣紋繡提舉司副提舉
63433,異樣紋繡提舉司提舉
63434,異樣紋繡提舉司同提舉
63435,異珍庫大使
63436,異珍庫副使
63437,異珍庫提點
63438,翊正司丞
63439,翊正司典簿
63440,翊正司典吏
63441,翊正司令
63442,翊正司令史
63443,翊正司通事
63444,翊正司譯史
63445,翊正司照磨
63446,翊正司知印
63447,翊正司奏差
63448,億萬綺源庫都提舉
63449,億萬綺源庫副提舉
63450,億萬綺源庫司庫
63451,億萬綺源庫司吏
63452,億萬綺源庫提舉
63453,億萬綺源庫提控案牘
63454,億萬綺源庫同提舉
63455,億萬綺源庫譯史
63456,億萬綺源庫知事
63457,翼水軍元帥
63458,翼統軍元帥
63459,翼元帥
63460,翼元帥府副元帥
63461,翼元帥府統軍大元帥
63462,翼元帥府總兵都元帥
63463,翼左副元帥
63464,藝林庫本把
63465,藝林庫大使
63466,藝林庫副使
63467,藝林庫庫子
63468,藝林庫提點
63469,藝文監典簿
63470,藝文監典吏
63471,藝文監監丞參檢校書籍事
63472,藝文監令史
63473,藝文監怯里馬赤
63474,藝文監少監同檢校書籍事
63475,藝文監太監檢校書籍事
63476,藝文監譯史
63477,藝文監照磨
63478,藝文監奏差
63479,譯史
63480,陰陽教授
63481,銀局大使
63482,銀局提領
63483,銀局直長
63484,銀牌都先鋒
63485,印造寶鈔庫達魯花赤
63486,印造寶鈔庫大使
63487,印造寶鈔庫副使
63488,英武衛親軍指揮使
63489,應奉翰林文字
63490,鷹房民匠等戶總管府令史
63491,鷹房諸色人匠怯憐口萬戶府達魯花赤
63492,鷹房諸色人匠怯憐口萬戶府副萬戶
63493,鷹房諸色人匠怯憐口萬戶府經歷
63494,鷹房諸色人匠怯憐口萬戶府提控案牘兼照磨
63495,鷹房諸色人匠怯憐口萬戶府萬戶
63496,鷹房諸色人匠怯憐口萬戶府譯史
63497,鷹房諸色人匠怯憐口萬戶府知事
63498,營田提舉司達魯花赤
63499,營田提舉司副提舉
63500,營田提舉司提舉
63501,營田提舉司同提舉
63502,永備倉大使
63503,永備倉副使
63504,永備倉提點
63505,永福財用所大使
63506,永福財用所副使
63507,永福財用所提領
63508,勇士
63509,油河司巡檢
63510,油戶提領戶大使
63511,油戶提領戶副使
63512,油戶提領戶提領
63513,油漆局副使
63514,油漆局副提領
63515,油漆局提領
63516,油漆局同提領
63517,右參知政事
63518,右藏大使
63519,右藏副使
63520,右藏提點
63522,右都威衛使司副使
63523,右都威衛使司經歷
63524,右都威衛使司蒙古字教授
63525,右都威衛使司僉事
63526,右都威衛使司儒學教授
63527,右都威衛使司衛使
63528,右都威衛使司照磨
63529,右都威衛使司知事
63530,右都先鋒
63531,右欽察衛達魯花赤
63532,右欽察衛都指揮
63533,右欽察衛副使
63534,右欽察衛經歷
63535,右欽察衛令史
63536,右欽察衛僉事
63537,右欽察衛通事
63538,右欽察衛譯史
63539,右欽察衛照磨
63540,右欽察衛鎮撫
63541,右欽察衛知事
63542,右欽察衛知印
63543,右手萬戶府副萬戶
63544,右手萬戶府經歷
63545,右手萬戶府提控案牘
63546,右手萬戶府萬戶
63547,右手萬戶府鎮撫
63548,右手萬戶府知事
63549,右衛都指揮使
63550,右衛副都指揮使
63551,右衛經歷
63552,右衛令史
63553,右衛率府副使
63554,右衛率府經歷
63555,右衛率府令史
63556,右衛率府率使
63557,右衛率府僉事
63558,右衛率府通事
63559,右衛率府譯史
63560,右衛率府照磨
63561,右衛率府知事
63562,右衛率府知印
63563,右衛僉事
63564,右衛親軍總管
63565,右衛通事
63566,右衛譯史
63567,右衛照磨
63568,右衛知事
63569,右衛知印
63570,右翊蒙古侍衛亲军都指挥使司承發架閣兼照磨
63571,右翊蒙古侍衛亲军都指挥使司典吏
63572,右翊蒙古侍衛亲军都指挥使司都指揮使
63573,右翊蒙古侍衛亲军都指挥使司副都指揮使
63574,右翊蒙古侍衛亲军都指挥使司經歷
63575,右翊蒙古侍衛亲军都指挥使司令史
63576,右翊蒙古侍衛亲军都指挥使司蒙古字教授
63577,右翊蒙古侍衛亲军都指挥使司僉事
63578,右翊蒙古侍衛亲军都指挥使司儒學教授
63579,右翊蒙古侍衛亲军都指挥使司通事
63580,右翊蒙古侍衛亲军都指挥使司譯史
63581,右翊蒙古侍衛亲军都指挥使司鎮撫
63582,右翊蒙古侍衛亲军都指挥使司知事
63583,右翊蒙古侍衛亲军都指挥使司知印
63584,右翼副元帥
63585,右翼統軍元帥
63586,右翼元帥
63587,祐國營繕都司達魯花赤
63588,祐國營繕都司大使
63589,祐國營繕都司副使
63590,祐國營繕都司司令
63591,祐國營繕都司提控案牘
63592,祐國營繕都司知事
63593,魚蟹市大使
63594,玉局提舉司副提舉
63595,玉局提舉司提舉
63596,玉局提舉司同提舉
63597,玉列赤局大使
63598,玉列赤局副使
63599,玉列赤局提領
63600,玉列赤局直長
63601,玉內司典簿
63602,玉內司典吏
63603,玉內司給使
63604,玉內司監司
63605,玉內司令史
63606,玉內司僉司
63607,玉內司怯里馬赤
63608,玉內司司丞
63609,玉內司司膳
63610,玉內司司尉
63611,玉內司亞尉
63612,玉內司知印
63613,玉內司奏差
63614,御帶庫大使
63615,御帶庫副使
63616,御帶庫提點
63617,御史大夫
63618,御史臺承發管勾兼獄丞
63619,御史臺典吏
63620,御史臺都事
63621,御史臺都御史
63622,御史臺副都御史
63623,御史臺架閣庫管勾兼承發
63624,御史臺經歷
63625,御史臺庫子
63626,御史臺蒙古書寫
63627,御史臺侍御史
63628,御史臺臺醫
63629,御史臺通事
63630,御史臺宣使
63631,御史臺譯史
63632,御史臺御史大夫
63633,御史臺御史中丞
63634,御史臺掾史
63635,御史臺照磨
63636,御史臺知印
63637,御史臺治書侍御史
63638,御史中丞
63639,御香局司令
63640,御香局提點
63641,御藥局達魯花赤
63642,御藥局副使
63643,御藥局使
63644,御藥院達魯花赤
63645,御藥院大使
63646,御藥院都監
63647,御藥院副使
63648,御藥院直長
63649,御衣局達魯花赤
63650,御衣局都目
63651,御衣局副提舉
63652,御衣局提舉
63653,御衣局同提舉
63654,御衣史道安局大使
63655,御衣史道安局副使
63656,元帥
63657,元帥府達魯花赤
63658,元帥府都事
63659,元帥府副使
63660,元帥府經歷
63661,元帥府令史
63662,元帥府同知
63663,元帥府脫脫禾孫
63664,元帥府元帥
63665,元帥府知事
63666,元興營繕都司達魯花赤
63667,元興營繕都司大使
63668,元興營繕都司副使
63669,元興營繕都司令
63670,元興營繕都司提控案牘
63671,元興營繕都司知事
63672,員外郎
63673,圓米棋子局、軟皮局副提領
63674,圓米棋子局、軟皮局提領
63675,圓米棋子局、軟皮局同提領
63676,院長
63677,院判
63678,院使
63679,掾史
63680,雲和署管勾
63681,雲和署教師
63682,雲和署書吏
63683,雲和署書史
63684,雲和署署丞
63685,雲和署署令
63686,雲和署提控
63687,雲和署協律
63688,雲和署協音
63689,運判
63690,運使
63691,雜造鞍子局大使
63692,雜造鞍子局提領
63693,雜造鞍子局直長
63694,雜造局達魯花赤
63695,雜造局大使
63696,雜造局典史
63697,雜造局副使
63698,雜造局副提舉
63699,雜造局管勾
63700,雜造局司吏
63701,雜造局提舉
63702,雜造局提領
63703,雜造局同提舉
63704,雜造局相副官
63705,雜造局院長
63706,雜造局直長
63707,雜造人匠提舉司部役
63708,雜造人匠提舉司達魯花赤
63709,雜造人匠提舉司都目
63710,雜造人匠提舉司副提舉
63711,雜造人匠提舉司吏目
63712,雜造人匠提舉司司吏
63713,雜造人匠提舉司提舉
63714,雜造人匠提舉司同提舉
63715,雜造雙線局大使
63716,雜造雙線局典史
63717,雜造雙線局副使
63718,雜造雙線局直長
63719,雜造提舉司達魯花赤
63720,雜造提舉司副提舉
63721,雜造提舉司吏目
63722,雜造提舉司司吏
63723,雜造提舉司提舉
63724,雜造提舉司同提舉
63725,在京提舉司達魯花赤
63726,在京提舉司都目
63727,在京提舉司副提舉
63728,在京提舉司提舉
63729,在京提舉司同提舉
63730,攢典
63731,贊儀署大使
63732,贊儀署副使
63733,贊儀署提領
63734,贊儀署直長
63735,札忽兒台萬戶府經歷
63736,札忽兒台萬戶府提控案牘
63737,札忽兒台萬戶府萬戶
63738,札忽兒台萬戶府鎮撫
63739,札忽兒台萬戶府知事
63740,詹事院同知
63741,氈局大使
63742,氈局副使
63743,氈局提領
63744,氈局直長
63745,章佩監監丞
63746,章佩監經歷
63747,章佩監令史
63748,章佩監卿
63749,章佩監少監
63750,章佩監太監
63751,章佩監通事
63752,章佩監譯史
63753,章佩監照磨
63754,章佩監知事
63755,章佩監奏差
63756,章慶使司都事
63757,章慶使司副使
63758,章慶使司管勾
63759,章慶使司經歷
63760,章慶使司使
63761,章慶使司司丞
63762,章慶使司同知
63763,章慶使司照磨
63764,掌葦場典吏
63765,掌薪司典吏
63766,掌薪司司丞
63767,掌薪司司令
63768,掌謁司典簿
63769,掌謁司典書
63770,掌謁司少卿
63771,掌謁司司丞
63772,掌謁司司卿
63773,掌謁司通事
63774,掌謁司譯史
63775,掌謁司知印
63776,掌謁司奏差
63777,掌醫監達魯花赤
63778,掌醫監监丞
63779,掌醫監监卿
63780,掌醫監領監官
63781,掌醫監少監
63782,掌醫監太監
63783,掌醫監太卿
63784,掌儀署令
63785,掌儀署署丞
63786,帳前都尉
63787,帳前都先鋒
63788,帳前親兵副都指揮使
63789,帳前先鋒
63790,帳前總管
63791,帳前總制親兵都指揮使
63792,帳前總制親兵左都指揮使
63793,帳前總制親兵左副指揮使
63794,帳前總制親軍副都指揮使
63795,帳前左副都指揮
63796,招討使
63797,招討使司達魯花赤
63798,招討使司經歷
63799,招討使司招討使
63800,招討使司鎮撫
63801,招討使司知事
63802,招討司達魯花赤
63803,招討司經歷
63804,招討司招討使
63805,昭功萬戶都總使司典吏
63806,昭功萬戶都總使司都總使
63807,昭功萬戶都總使司副使
63808,昭功萬戶都總使司經歷
63809,昭功萬戶都總使司令史
63810,昭功萬戶都總使司怯里馬赤
63811,昭功萬戶都總使司同知
63812,昭功萬戶都總使司譯史
63813,昭功萬戶都總使司照磨
63814,昭功萬戶都總使司知事
63815,昭功萬戶都總使司知印
63816,昭功萬戶都總使司奏差
63817,昭武大將軍
63818,昭孝營繕司達魯花赤
63819,昭孝營繕司大使
63820,昭孝營繕司副使
63821,昭孝營繕司令
63822,昭勇大將軍
63823,照略案牘
63824,照磨
63825,照磨兼管勾
63826,照磨兼管勾承發架閣
63827,照磨兼架閣管勾
63828,照磨兼提控案牘
63829,照磨所照磨
63830,趙良局大使
63831,趙良局副使
63832,珍用監丞
63833,真定局大使
63834,真定局副使
63835,甄用監經歷
63836,甄用監卿
63837,甄用監少監
63838,甄用監太監
63839,甄用監照磨
63840,甄用監甄用監丞
63841,甄用監知事
63842,振武衛指揮同知
63843,鎮府所鎮撫
63844,鎮撫
63845,鎮撫司都目
63846,鎮撫司鎮撫
63847,鎮撫所都目
63848,鎮撫所鎮撫
63849,鎮國上將軍
63850,鎮武衛指揮同知
63851,征南副將軍
63852,征西元帥
63853,正達魯花赤
63854,知事
63856,知印
63857,知院
63858,知州
63859,祗應司大使
63860,祗應司副使
63861,祗應司吏目
63862,祗應司司吏
63863,祗應司直長
63864,織佛像提舉司副提舉
63865,織佛像提舉司提舉
63866,織染局達魯花赤
63867,織染局大使
63868,織染局典史
63869,織染局副
63870,織染局副使
63871,織染局副提舉
63872,織染局局副
63873,織染局局使
63874,織染局使
63875,織染局司吏
63876,織染局提舉
63877,織染局同提舉
63878,織染局相副官
63879,織染局院長
63880,織染局照略案牘
63881,織染人匠局大使
63882,織染人匠局副使
63883,織染人匠局照略案牘
63884,織染人匠提舉司達魯花赤
63885,織染人匠提舉司副提舉
63886,織染人匠提舉司吏目
63887,織染人匠提舉司提舉
63888,織染人匠提舉司同提舉
63889,織染提舉司達魯花赤
63890,織染提舉司都目
63891,織染提舉司副提舉
63892,織染提舉司吏目
63893,織染提舉司司吏
63894,織染提舉司提舉
63895,織染提舉司同提舉
63896,織染提舉司照略案牘
63897,織染雜造兩提舉司達魯花赤
63898,織染雜造兩提舉司副提舉
63899,織染雜造兩提舉司提舉
63900,織染雜造兩提舉司同提舉
63901,織染雜造人匠都總管府達魯花赤
63902,織染雜造人匠都總管府副總管
63903,織染雜造人匠都總管府經歷
63904,織染雜造人匠都總管府提控案牘
63905,織染雜造人匠都總管府同知
63906,織染雜造人匠都總管府照磨
63907,織染雜造人匠都總管府知事
63908,織染雜造人匠都總管府總管
63909,直長
63910,直沽廣通倉大使
63911,指揮副使
63912,指揮僉事
63913,指揮使
63914,治書侍御史
63916,致用庫大使
63917,致用庫副使
63918,致用庫提領
63919,中千戶所達魯花赤
63920,中千戶所彈壓
63921,中千戶所副千戶
63922,中千戶所千戶
63923,中瑞司典簿
63924,中瑞司典吏
63925,中瑞司令史
63926,中瑞司通事
63927,中瑞司寫懿旨必闍赤
63928,中瑞司譯史
63929,中瑞司知印
63930,中瑞司中瑞司丞
63931,中瑞司中瑞司卿
63932,中瑞司奏差
63933,中山局大使
63934,中山局副使
63935,中尚監監丞
63936,中尚監經歷
63937,中尚監令史
63938,中尚監卿
63939,中尚監少監
63940,中尚監太監
63941,中尚監通事
63942,中尚監譯史
63943,中尚監照磨
63944,中尚監知事
63945,中尚監知印
63946,中尚監奏差
63947,中書分省博士
63948,中書省博士
63949,中書省參政
63950,中書省典吏
63951,中書省都事
63952,中書省斷事官
63953,中書省管勾
63954,中書省漢人省掾
63955,中書省回回架阁库管勾
63956,中書省回回省掾
63957,中書省架閣庫管勾
63958,中書省监印
63959,中書省檢校官
63960,中書省客省使
63961,中書省客省使副使
63962,中書省客省使令史
63963,中書省蒙古必闍赤
63964,中書省蒙古架阁库兼管勾
63965,中書省平章政事
63966,中書省怯裏馬赤
63967,中書省省醫
63968,中書省書吏
63969,中書省宣使
63970,中書省右丞相
63972,中書省右司典吏
63973,中書省右司都事
63974,中書省右司漢人書寫
63975,中書省右司回回書寫
63976,中書省右司郎中
63977,中書省右司令史
63978,中書省右司蒙古書寫
63979,中書省右司員外郎
63980,中書省玉典赤
63981,中書省掾史
63982,中書省照磨
63983,中書省知印
63984,中書省直省舍人
63985,中書省中書令
63986,中書省諮議
63987,中書省左曹掾
63989,中書省左丞相
63990,中書省左司典吏
63991,中書省左司都事
63992,中書省左司漢人書寫
63993,中書省左司回回書寫
63995,中書省左司令史
63996,中書省左司蒙古書寫
63998,中書左司掾
63999,中萬戶府達魯花赤
64000,中萬戶府副萬戶
64001,中萬戶府經歷
64002,中萬戶府提控案牘
64003,中萬戶府萬戶
64004,中萬戶府鎮撫
64005,中萬戶府知事
64006,中衛承發架閣照磨
64007,中衛都指揮使
64008,中衛副都指揮使
64009,中衛經歷
64010,中衛令史
64011,中衛僉事
64012,中衛通事
64013,中衛譯史
64014,中衛知事
64015,中衛知印
64016,中翼大元帥
64017,中翼元帥
64018,中翼左副元帥
64019,中政院長史
64020,中政院回回掾史
64021,中政院蒙古必闍赤
64022,中政院僉院
64023,中政院怯里馬赤
64024,中政院司議
64025,中政院同僉
64026,中政院同知
64027,中政院宣使
64028,中政院院判
64029,中政院院使
64030,中政院掾史
64031,中政院照磨兼管勾承發架閣
64032,中政院知印
64033,忠翊侍衛行軍千戶所一十翼百戶
64034,忠翊侍衛行軍千戶所一十翼達魯花赤
64035,忠翊侍衛行軍千戶所一十翼彈壓
64036,忠翊侍衛行軍千戶所一十翼副達魯花赤
64037,忠翊侍衛行軍千戶所一十翼副千戶
64038,忠翊侍衛行軍千戶所一十翼千戶
64039,種田打捕鷹房民匠等戶萬戶府經歷
64040,種田打捕鷹房民匠等戶萬戶府令史
64041,種田打捕鷹房民匠等戶萬戶府提控案牘
64042,種田打捕鷹房民匠等戶萬戶府萬戶
64043,種田打捕鷹房民匠等戶萬戶府知事
64044,種田諸色戶總管府都目
64045,種田諸色戶總管府副總管
64046,種田諸色戶總管府總管
64047,州尹
64048,珠翠局大使
64049,珠翠局副使
64050,珠翠局直長
64051,諸路金玉人匠總管府達魯花赤
64052,諸路金玉人匠總管府副達魯花赤
64053,諸路金玉人匠總管府副總管
64054,諸路金玉人匠總管府管勾
64055,諸路金玉人匠總管府經歷
64056,諸路金玉人匠總管府令史
64057,諸路金玉人匠總管府同知
64058,諸路金玉人匠總管府譯史
64059,諸路金玉人匠總管府照磨
64060,諸路金玉人匠總管府知事
64061,諸路金玉人匠總管府總管
64062,諸路金玉人匠總管府奏差
64063,諸路雜造總管府達魯花赤
64064,諸路雜造總管府副總管
64065,諸路雜造總管府令史
64066,諸路雜造總管府提控案牘
64067,諸路雜造總管府同知
64068,諸路雜造總管府譯史
64069,諸路雜造總管府知事
64070,諸路雜造總管府總管
64071,諸路總管府達魯花赤
64072,諸路總管府經歷
64073,諸路總管府蒙古教授
64074,諸路總管府判官
64075,諸路總管府儒學教授
64076,諸路總管府通事
64077,諸路總管府同知
64078,諸路總管府推官
64079,諸路總管府學錄
64080,諸路總管府學正
64081,諸路總管府醫學教授
64082,諸路總管府譯史
64083,諸路總管府陰陽教授
64084,諸路總管府照磨
64085,諸路總管府知事
64086,諸路總管府治中
64087,諸路總管府總管
64088,諸蠻夷長官司長官
64089,諸蠻夷長官司達魯花赤
64090,諸蠻夷長官司副長官
64091,諸色戶計都達魯花赤達魯花赤
64092,諸色戶計都達魯花赤都目
64093,諸色戶計都達魯花赤提控案牘
64094,諸色庫大使
64095,諸色庫副使
64096,諸色庫司庫
64097,諸色民匠都總管府達魯花赤
64098,諸色人匠都總管府達魯花赤
64099,諸色人匠納綿戶提舉司達魯花赤
64100,諸色人匠納綿戶提舉司提舉
64101,諸色人匠納綿戶提舉司同提舉
64102,諸色人匠怯憐口千戶所部役
64103,諸色人匠怯憐口千戶所達魯花赤
64104,諸色人匠怯憐口千戶所都目
64105,諸色人匠怯憐口千戶所副千戶
64106,諸色人匠怯憐口千戶所千戶
64107,諸色人匠怯憐口千戶所司吏
64108,諸色人匠提舉司部役
64109,諸色人匠提舉司達魯花赤
64110,諸色人匠提舉司都目
64111,諸色人匠提舉司副提舉
64112,諸色人匠提舉司吏目
64113,諸色人匠提舉司司吏
64114,諸色人匠提舉司提舉
64115,諸色人匠提舉司同提舉
64116,諸色人匠提舉司直長
64117,諸色人匠總管府達魯花赤
64118,諸色人匠總管府副總管
64119,諸色人匠總管府經歷
64120,諸色人匠總管府令史
64121,諸色人匠總管府提控案牘
64122,諸色人匠總管府同知
64123,諸色人匠總管府譯史
64124,諸色人匠總管府知事
64125,諸色人匠總管府總管
64126,諸色人匠總管府奏差
64127,諸司局副官
64128,諸司局人匠總管府達魯花赤
64129,諸司局人匠總管府副達魯花赤
64130,諸司局人匠總管府副總管
64131,諸司局人匠總管府經歷
64132,諸司局人匠總管府令史
64133,諸司局人匠總管府提控案牘
64134,諸司局人匠總管府同知
64135,諸司局人匠總管府知事
64136,諸司局人匠總管府總管
64137,諸司局提領
64138,諸物庫大使
64139,諸物庫副使
64140,諸物庫提領
64141,諸鹽場管勾
64142,諸鹽場司丞
64143,諸鹽場司令
64144,豬羊市大使
64145,主簿
64146,主事
64147,助教
64148,鑄瀉等銅局大使
64149,鑄瀉等銅局副使
64150,鑄瀉等銅局管勾
64151,鑄印局大使
64152,鑄印局副使
64153,鑄印局直長
64154,轉運鹽使司都轉運鹽使
64155,轉運鹽使司副使
64156,轉運鹽使司經歷
64157,轉運鹽使司同知
64158,轉運鹽使司運判
64159,轉運鹽使司照磨
64160,轉運鹽使司知事
64161,粧釘局大使
64162,涿州羅局大使
64163,涿州羅局提領
64164,資乘庫大使
64165,資乘庫副使
64166,資乘庫庫子
64167,資乘庫提點
64168,資國院判官
64169,資善大夫
64170,資食倉大使
64171,資食倉副使
64172,資武庫大使
64173,資武庫提點
64174,資用庫大使
64175,資用庫副使
64176,資用庫庫子
64177,資用庫提點
64178,資用庫提領
64179,宗仁蒙古侍衛親軍都指揮使司副都指揮使
64180,宗仁蒙古侍衛親軍都指揮使司經歷
64181,宗仁蒙古侍衛親軍都指揮使司令史
64182,宗仁蒙古侍衛親軍都指揮使司蒙古字学教授
64183,宗仁蒙古侍衛親軍都指揮使司僉事
64184,宗仁蒙古侍衛親軍都指揮使司怯里馬赤
64185,宗仁蒙古侍衛親軍都指揮使司儒學教授
64186,宗仁蒙古侍衛親軍都指揮使司譯史
64187,宗仁蒙古侍衛親軍都指揮使司照磨
64188,宗仁蒙古侍衛親軍都指揮使司鎮撫
64189,宗仁蒙古侍衛親軍都指揮使司知事
64190,宗仁蒙古侍衛親軍都指揮使司知印
64191,宗仁蒙古侍衛親軍都指揮使司指揮使
64192,總管
64193,總管府達魯花赤
64194,總管府副總管
64195,總管府經歷
64196,總管府判官
64197,總管府提控案牘
64198,總管府同知
64199,總管府知事
64200,總管府總管
64201,總旗
64202,總帥路軍馬管民次官
64203,總制
64204,總制大元帥
64205,總制諸郡兵馬都事
64206,奏差
64207,左、右警巡二院達魯花赤
64208,左、右警巡二院典史
64209,左、右警巡二院副使
64210,左、右警巡二院判官
64211,左、右警巡二院司吏
64212,左、右警巡二院院使
64213,左藏大使
64214,左藏副使
64215,左藏提點
64218,左都威衛使司副使
64219,左都威衛使司經歷
64220,左都威衛使司僉事
64221,左都威衛使司衛使
64222,左都威衛使司照磨
64223,左都威衛使司知事
64224,左監軍
64225,左欽察衛都指揮使
64226,左欽察衛副都指揮
64227,左欽察衛經歷
64228,左欽察衛令史
64229,左欽察衛僉事
64230,左欽察衛通事
64231,左欽察衛譯史
64232,左欽察衛照磨
64233,左欽察衛鎮撫
64234,左欽察衛知事
64235,左欽察衛知印
64236,左三部照磨所典吏
64237,左三部照磨所照磨
64238,左手萬戶府副萬戶
64239,左手萬戶府經歷
64240,左手萬戶府提控案牘
64241,左手萬戶府萬戶
64242,左手萬戶府鎮撫
64243,左手萬戶府知事
64246,左衛都指揮使
64247,左衛副都指揮使
64248,左衛經歷
64249,左衛令史
64250,左衛率府副使
64251,左衛率府經歷
64252,左衛率府令史
64253,左衛率府率使
64254,左衛率府僉事
64255,左衛率府通事
64256,左衛率府譯史
64257,左衛率府照磨
64258,左衛率府知事
64259,左衛率府知印
64260,左衛僉事
64261,左衛通事
64262,左衛譯史
64263,左衛照磨
64264,左衛知事
64265,左衛知印
64266,左先鋒府都先鋒
64267,左翊蒙古侍衛亲军都指揮使司承發架閣兼照磨
64268,左翊蒙古侍衛亲军都指揮使司典吏
64269,左翊蒙古侍衛亲军都指揮使司都指揮使
64270,左翊蒙古侍衛亲军都指揮使司副都指揮使
64271,左翊蒙古侍衛亲军都指揮使司經歷
64272,左翊蒙古侍衛亲军都指揮使司令史
64273,左翊蒙古侍衛亲军都指揮使司蒙古字教授
64274,左翊蒙古侍衛亲军都指揮使司僉事
64275,左翊蒙古侍衛亲军都指揮使司儒學教授
64276,左翊蒙古侍衛亲军都指揮使司通事
64277,左翊蒙古侍衛亲军都指揮使司譯史
64278,左翊蒙古侍衛亲军都指揮使司鎮撫
64279,左翊蒙古侍衛亲军都指揮使司知事
64280,左翊蒙古侍衛亲军都指揮使司知印
64281,左翼大元帥
64282,左翼副元帥
64283,左翼元帥
64284,左右部架閣庫典吏
64285,左右部架閣庫管勾
64286,左右翼屯田萬戶府達魯花赤
64287,左右翼屯田萬戶府副萬戶
64288,左右翼屯田萬戶府經歷
64289,左右翼屯田萬戶府令史
64290,左右翼屯田萬戶府提控案牘
64291,左右翼屯田萬戶府萬戶
64292,左右翼屯田萬戶府鎮撫
64293,左右翼屯田萬戶府知事
64294,資德大夫
64295,大都督府副使
64296,帳前大元帥
64297,宣武將軍
64298,明威將軍
64299,指揮
64300,都督僉事
64301,書記
64302,王相
64303,國公
64304,參謀
64305,大都督府司馬
64306,縣學教諭
64307,稅令
64308,總裁官
64309,議律官
64310,營田司經歷
64311,掌書記
64312,都司
64313,郡伯
64314,吳國公
64315,王
64316,梁國
64317,楚國公
64324,行樞密院提控
64325,行省提控
64326,大都督府僉事
64327,右副元帥
64328,衛兵留守
64329,總兵
64330,分省署事
64331,知驍騎衛事
64332,行省元帥
64333,營田司僉事
64334,郡侯
64335,大史氏
64336,郡學五經師
64337,參軍務
64338,衢國公
64339,大都督府右都督
64340,征南將軍
64341,知行省分院事
64342,翼元帥副使
64343,遊擊將軍
64344,路同知
64345,知總管府事
64346,都水營田使
64347,同知大都督府事
64348,路經歷
64349,驃騎將軍
64350,文省考試官
64351,總行中書省事
64353,翼元帥府都事
64354,總裁律令
64355,宣國公
64356,征虜大將軍
64357,總管府先鋒
64358,副將軍
64359,鄂國公
64360,左副將軍
64361,征虜副將軍
64362,帳前左翼元帥
64363,豫國公
64364,中書省事
64365,守將
64366,義兵元帥
64367,都督
64368,民兵千戶
64369,指揮同知
64370,校官
64371,昭勇將軍
64372,參軍事
64373,分院行軍都事
64374,總制*州軍民事
64375,王府參軍
64376,縣務副使
64377,淡水場管勾
64379,郡公
64380,鎮守
64381,編集經史事類
64383,兵部右侍郎
64384,參議官
64385,大都督府參軍
64386,大理寺丞
64387,大理寺卿
64388,帶刀侍衛
64389,府史
64390,州丞
64391,節制中外諸軍事
64392,金吾衛副千戶帶刀宿衛
64393,考功郎中
64394,都轉運使
64395,秘書監管勾
64396,砲手翼百戶
64397,輕車都尉
64398,親隨帳前萬戶
64399,散騎舍人
64400,書吏佐部使者
64401,水寨管軍鎮撫
64402,太使院校書郎
64403,太尉府參軍
64404,往諸全總制軍事
64405,衛鎮撫
64406,王世子
64407,詳定使
64408,脩公子書及務農技藝商
64409,右御史大夫領御史臺事
64410,鎮國將軍
64412,執法官
64413,中書曹掾
64414,中書考功博士
64415,中書省參議
64416,中書省員外郎
64417,總理軍儲事
64418,左御史大夫
64419,通政院必闍赤
64420,東宮必闍赤
64421,御位下必闍赤
64422,太學博士
64423,鑒書博士
64424,奎章閣鑒書博士
64425,宣文閣鑒書博士
64426,學士院鑒書博士
64427,錄事參軍
64428,大都留守
64431,海運百戶
64432,親軍百戶
64433,上百戶攝行千戶
64434,水軍百戶
64435,義兵百戶
64436,運糧百戶
64437,萬戶府參議
64438,總管府參議
64439,宣慰司參議
64440,路參議
64441,行省參議
64442,行院參議
64443,中書參議
64444,帥府參議
64445,宣徽院參議
64446,沿海參議
64447,沿江制置司參議
64448,州長官
64449,徵收課稅所長官
64450,路工匠所長官
64451,管領歸附高麗軍民長官
64452,長官元帥
64453,路規措長官
64454,州諸軍奧魯長官
64455,軍民長官
64456,提領長官
64457,宣課長官
64458,縣長官
64459,呼拉商長官
64460,千戶所管民司長官
64461,王長史
64462,兵部留守司長史
64463,太保府長史
64464,太師府長史
64465,太尉府長史
64466,太子太傅府長史
64467,詹事院長史
64468,太子司議
64469,州達魯花赤
64470,大都督府尹
64471,階安遠大將軍
64472,昭毅大將軍
64473,鎮國大將軍
64474,稅課大使
64475,積貯倉大使
64476,宣課大使
64477,鹽倉大使
64478,安撫制置大使
64479,神山懷安大使
64480,路稅司大使
64481,稅使司大使
64482,稅使司副使
64483,稅使司提領
64484,務提領大使
64485,庫大使
64486,軍儲大使
64487,檢校所大使
64488,行大司農司丞
64489,兵馬大元帥
64490,都督大元帥
64491,征東大元帥
64492,行天下諸路也可札魯忽赤
64493,行省札魯忽赤
64494,也可札魯忽赤
64495,軍民鎮撫都彈壓
64496,崇文監典簿
64497,國子典簿
64498,太常寺典簿
64499,秘書監典吏
64500,祕書監典史
64501,王府典書
64502,秘書監典書
64503,符寶典書
64504,左都監軍
64505,縣酒務都監
64506,兵馬副都監
64507,州都目
64508,司都目
64509,太禧院都事
64510,中書都事
64511,行院都事
64512,帥府都事
64514,省都事
64516,都功德使司都事
64518,會福院都事
64519,內省都事
64520,內史院都事
64521,內臺都事
64522,尚服院都事
64523,尚書省都事
64524,都水監卿
64525,都水監都水
64526,宣慰司副都元帥
64527,宣慰司令史
64528,宣慰司僉事
64529,宣慰司架閣庫提點
64530,宣慰同知
64531,宣慰司上幕
64532,路兵馬都元帥
64533,州漢軍都元帥
64534,路兵馬副元帥
64536,大都兵馬都指揮使
64537,衛直都指揮使
64538,兵馬都總管
64539,路船橋隨路兵馬都總管萬戶
64540,路都總管
64541,怯連都總管
64542,工匠都總管
64543,州兵馬都總管
64544,打捕鷹房都總管
64545,都總管萬戶
64546,管領隨路蒙古漢人軍民都總管府判官
64547,州行都元帥
64548,蒙古軍都元帥
64549,路漢軍都元帥
64550,州總管都元帥
64552,路都元帥右監軍
64553,行省都元帥
64554,東征都元帥
64555,東征左副都元帥
64556,砲水手都元帥
64557,副都元帥
64558,漢軍都元帥
64559,蒙古漢軍都元帥
64560,天下質子兵馬都元帥
64561,行省兵馬都元帥
64562,沿海副都元帥
64563,義兵都元帥
64564,右副都元帥
64565,雲中招討使都元帥
64566,征東都元帥
64567,征東左副都元帥
64568,征緬都元帥
64569,征西都元帥
64570,征行兵馬都元帥
64571,諸翼軍馬都元帥
64572,總領都元帥
64573,左副都元帥
64574,州斷事官
64575,路斷事官
64576,斷事官卜只兒幕
64577,樞密院斷事官
64578,編修所副長官
64579,殿前副都指揮使
64580,後衛親軍副都指揮使
64581,蒙古侍衛親軍副都指揮使
64582,前衛親軍副都指揮使
64583,侍衛親軍副都指揮使
64584,西域親軍副都指揮使
64585,右衛親軍副都指揮使
64586,左衛阿速親軍副都指揮使
64587,左衛親軍副都指揮使
64588,海運副千戶
64589,萬戶府副千戶
64590,翼副千戶
64591,親軍副千戶
64592,義兵副千戶
64593,運糧副千戶
64594,太醫副使
64595,行徽政副使
64596,都水庸田司副使
64597,倉副使
64598,淘金副使
64599,清鹽副使
64600,勸農營田副使
64601,轉運司僉事
64602,行院副使
64603,管軍元帥副使
64604,觀察副使
64605,行用鈔庫副使
64606,稅課副使
64607,路統軍副使
64608,提刑副使
64609,監倉副使
64610,榷茶副使
64611,牙場副使
64612,行用交鈔庫副使
64613,康訪副使
64614,路金壇稅使司副使
64615,寶鈔庫副使
64616,丁角酒稅副使
64617,功德副使
64618,廣盈倉副使
64619,隆禧院副使
64620,三白渠副使
64621,侍儀副使
64622,詳定副使
64623,修內副使
64624,庫副使者
64625,管軍副元帥
64626,征行副元帥
64627,蒙古侍衛親軍副指揮使
64628,侍衛親軍左翼副指揮使
64629,中侍衛親軍副指揮使
64630,馬步軍副總管
64631,行金玉府副總管
64632,民賦副總管
64633,財賦副總管
64634,屯田副總管
64635,宮相府副總管
64636,金玉人匠府副總管
64637,闌遺副總管
64638,鹽司厚財場管勾
64639,鹽運司管勾
64640,行臺管勾
64641,行院管勾
64642,場鹽司管勾
64643,州管勾
64644,諸路總管府醫學管勾
64645,崇福司管勾
64646,管勾濟民鹽場
64647,海漕萬戶府經歷
64648,海漕萬戶府令史
64649,海漕萬戶府提控案牘
64650,高麗女直漢軍萬戶
64651,海北憲司掌書
64652,翰林國史院掌書
64653,書院掌書
64654,南臺架閣庫管勾
64655,崇文監丞
64656,典瑞監丞
64657,廣福監丞
64658,藝文監丞
64659,中尚監丞
64660,中書檢校
64661,鹽場檢校
64662,行省檢校
64663,州檢校
64664,金吾上將軍
64665,龍虎衛上將軍
64666,武德將軍
64668,路學吏
64670,路學正
64673,州學錄
64674,州學正
64675,州學官
64676,州學學賓
64677,州學訓導
64678,州學弟子員
64679,諸路總管府醫學正
64680,陰陽學正
64681,路蒙古字學正
64682,孔廟學正
64684,左翊侍衛教授
64685,路陰陽學教授
64687,虎賁司教授
64688,孔顏孟三氏學教授
64689,前衛教授
64690,太醫院教授
64691,王府教授
64692,唐兀衛教授
64694,星曆教授
64695,右衛率府教授
64696,宗仁衛教授
64697,左衛教授
64700,南臺經歷
64702,帥府經歷
64703,總統所經歷
64704,按察司經歷
64705,行院經歷
64706,都漕運司經歷
64707,路提領經歷司官
64708,運司經歷
64709,軍民總管經歷
64710,布政司經歷
64711,屯田經歷
64712,工匠府經歷
64713,行省經歷
64714,課稅所經歷
64715,都功德使司經歷
64716,府庫院經歷
64718,經歷還浙招攬豪傑
64719,祕書監經歷
64720,岐寧衛經歷
64721,樞密院斷事府經歷
64722,太常經歷
64723,太傅濮府經歷
64724,西臺經歷
64725,刑司經歷官
64726,行軍經歷
64728,詹事翰林兩院經歷
64729,掌醫監經歷
64730,京敖鹽局使
64731,御衣局使
64732,南臺庫子
64734,奎章閣參書
64735,文華殿大學士
64736,昭文館大學士
64737,中書典籤
64738,奎章閣侍書學士
64739,宣文閣授經郎
64740,同知都漕運司事
64741,王相府郎中令
64742,宣撫司郎中
64743,中書郎中
64744,中書右三部郎中
64745,宗正府郎中
64746,左三部郎中
64747,行省副理問
64748,行省理官
64749,州吏目
64750,翼下千戶所吏目
64751,市舶吏目
64752,秘書監令史
64753,南臺令史
64754,太醫令史
64755,行軍令史
64756,行臺令史
64757,行臺左三房提控令史
64758,行院令史
64759,行省令史
64760,理問所令史
64761,帥府令史
64762,宣撫司令史
64763,隆禧總管府副達魯花赤
64764,路錄事
64765,路錄事判官
64766,相府錄事
64767,路判官
64768,州判官
64769,宣撫司判官
64770,錄事判官
64771,鹽運司判官
64772,軍事判官
64773,中政院判官
64774,行院判官
64775,將作院判官
64776,解鹽司判官
64777,都漕運判官
64778,州節度判官
64779,運司判官
64780,憲司判官
64781,州錄事判官
64782,州觀察判官
64783,太常禮儀院判官
64784,太史院判官
64785,西京判官
64786,行宣政院判官
64787,玉宸院判官
64788,郡判官
64789,詹事判官
64790,鎮巢軍判官
64791,中尚院判官
64792,府判官行同州事
64793,會福院宣使
64794,南臺宣使
64795,中書宣使
64796,司農右丞
64797,州同知
64798,宣撫同知
64799,市舶司同知
64800,都護院同知
64801,撫軍院同知
64802,行院同知
64803,徽政院同知
64804,泉府院同知
64805,樞密同知
64806,帥府同知
64807,太府院同知
64808,太禧院同知
64809,同知總制院事
64810,中都同知留守
64811,縣學訓導
64813,州儒學教授
64814,州儒學提舉
64815,州儒學訓導
64817,諸路總管府儒學提舉
64818,諸路總管府儒學訓導
64819,路提控案牘
64820,州提控案牘
64821,征南行軍萬戶翼經略
64822,行軍萬戶
64823,行軍鎮撫
64824,行軍參謀
64825,貴赤千戶
64826,海鹽海運千戶
64827,管領海船千戶
64828,海運千戶
64829,州司千戶
64830,新軍千戶
64831,翼千戶
64832,路千戶
64833,路下千戶
64834,防城千戶
64835,奧魯千戶
64836,軍千戶
64837,北邊千戶
64838,漕運千戶
64839,第三千戶
64840,第一千戶
64841,迭只斡耳朶千戶
64842,征南千戶
64843,海道千戶
64844,屯戍千戶
64845,管船千戶
64846,海漕千戶
64847,海道府千戶
64848,海道香糯所千戶
64849,海道運糧千戶
64850,世襲千戶
64851,軍民千戶
64852,軍站千戶
64853,蒙古征行千戶
64854,蒙古千戶
64855,砲手軍千戶
64856,礮軍千戶
64857,親軍弩軍千戶
64858,征行千戶
64859,漢軍千戶
64860,探馬赤軍千戶
64861,淘金千戶
64862,統軍千戶
64864,義兵指揮千戶
64865,鷹房千戶
64866,屯田千戶
64869,左千戶
64870,帥府僉事
64871,行院僉事
64872,庸田僉事
64873,左阿速衛僉事
64874,資政僉院
64875,祕書監怯里馬赤
64876,尚書參政
64877,尚書省舍人
64878,尚書掾
64879,尚書左丞
64880,同平章尚書省事
64881,右三部尚書
64882,左三部尚書
64883,王府衛行六部尚書
64884,行尚書省事
64885,二部尚書
64886,三部尚書
64887,行尚書六部事
64889,太子少保
64890,崇文少監
64891,典瑞少監
64892,軍器少監
64893,大理少卿
64894,泉府少卿
64895,太常少卿
64896,太府少卿
64897,儀鳳司少卿
64898,侍衛軍掾
64899,侍衛親軍
64900,侍衛親軍總把
64901,侍衛親軍總管
64902,侍儀司引
64903,侍儀司承奉班都知
64905,上千戶所提領案牘
64906,管軍上千戶
64907,海運上千戶
64908,新軍上千戶
64909,左副翼萬戶府上千戶
64911,壽武庫提點
64912,按察司書吏
64913,南臺書吏
64914,運司書吏
64915,典瑞院書寫
64917,三史書寫
64918,興文署丞
64919,典膳署令
64920,萬盈署令
64921,州稅務大使
64922,縣稅務大使
64923,縣稅務副使
64924,縣稅務提領
64925,路稅務提領
64926,州稅務提領
64927,場鹽司丞
64928,家令司丞
64929,內宰司丞
64930,牛田司丞
64931,市舶司令
64932,錢清場司令
64933,營膳司令
64934,場司令
64935,場鹽司令
64936,泉府司卿
64937,中山三司使
64938,路司獄
64939,州司獄
64940,司獄司官
64941,太常寺丞
64942,太府寺丞
64943,太僕寺丞
64944,道教都提點
64945,道教提點
64946,諸路女冠都提點
64947,道門提點
64949,司天台提點
64950,路道教都提點
64952,教門提點
64955,路都道錄院提點
64956,領諸路道教都提點
64957,尚食尚藥局提點
64958,太醫院提點
64959,諸路頭陀教門都提點
64960,諸路玄學提舉
64961,官醫提舉司都目
64962,路市舶提舉司都目
64963,路茶提舉司都目
64964,軍器局提舉司同提舉
64965,資善庫提舉
64966,軍中都提控
64967,提控諸路元帥府事
64968,元帥府都提控
64969,祕書監提控案牘
64971,助宣課提領
64972,提領鹽引所
64973,鈔庫提領
64974,平準庫提領
64975,務提領
64976,庫提領
64977,打捕提領
64978,驛提領
64979,榷茶提領
64980,稅課提領
64981,管匠提領
64982,路稅課提領
64983,官醫提領
64986,路在城務稅課提領
64987,路山河等堰提領
64988,府從事兼提領匠局
64989,水馬站提領
64990,宣課提領
64991,王府提領
64992,勸農營田使
64993,都水庸田使
64994,翼中千戶所都目
64995,管軍中千戶
64996,州通判
64997,江西行省通事
64998,南臺通事
64999,中書通事
65000,通政院提控令史
65001,通政院同簽
65002,通政院判官
65003,通政院使
65006,通政院僉
65008,通政院照磨
65012,同僉行省事
65013,行院同僉
65014,樞密同僉
65015,太常同僉
65016,資政院同僉
65017,砲水手萬戶
65018,征行萬戶
65019,蒙古軍萬戶
65020,鎮守萬戶
65021,新舊軍萬戶
65022,路奧魯萬戶
65023,團練萬戶
65024,海運萬戶
65025,運糧萬戶
65026,海道萬戶總管
65028,兩路萬戶
65029,路萬戶
65030,州萬戶
65031,漕運萬戶
65032,船橋萬戶
65033,碉門鎮守萬戶
65034,蒙古軍上萬戶
65035,東台萬戶
65036,管領海船萬戶
65037,海道都漕運萬戶
65038,海道萬戶
65039,海道運糧萬戶
65040,軍匠萬戶
65041,軍民萬戶
65042,領海道運糧萬戶府事
65045,蒙古諸萬戶府奧魯總管
65046,民兵萬戶
65047,砲手軍匠萬戶
65048,砲手萬戶
65049,義兵萬戶從闕
65050,朮赤下萬戶
65051,水軍萬戶
65052,新軍萬戶
65053,沿海上萬戶
65054,沿海萬戶
65055,義兵萬戶
65056,右手萬戶
65057,征行上萬戶
65059,中軍萬戶
65060,左手萬戶
65061,屯田萬戶
65062,軍民招撫使
65063,書院山長
65064,制司幹官
65065,行省譯史
65066,憲司譯史
65067,郡譯史
65068,元帥府監軍
65069,元帥右監軍
65070,宣撫司員外郎
65071,考功員外郎
65072,尚書員外郎
65073,水部員外郎
65074,行臺員外郎
65075,職方員外郎
65076,制國用司員外郎
65077,宗正府員外郎
65078,中政院判
65079,江浙宣政院判
65080,翰林國史院判
65081,警巡院判
65082,太常禮儀院判
65083,太醫院判
65084,崇祥院使
65085,崇福院使
65086,崇政院使
65087,集禧院使
65088,集賢院使
65089,隆禧院使
65090,尚服院使
65091,壽福院使
65092,殊祥院使
65093,樞密院使
65094,太常院使
65095,太禧院使
65096,太醫院使
65098,御藥院使
65099,中尚院使
65100,中政院使
65101,資國院使
65102,資正院使
65103,資政院使
65104,總制院使
65105,省檢校掾史
65107,詹事院掾史
65109,大都河間鹽運使
65110,福建鹽運使
65111,轉運使
65112,鹽運使
65113,都漕運使
65114,茶運使
65115,漕運使
65116,發運使
65117,沿邊監榷規運使
65118,徽政院照磨
65119,憲司照磨
65120,省照磨
65121,崇文閣照磨
65122,路照磨
65123,兩軍照磨
65124,廉訪司照磨
65125,帥府照磨
65126,財賦府照磨
65127,鹽運司照磨
65128,會福院照磨
65129,集賢院照磨
65130,將作院照磨
65131,奎章閣照磨
65132,南臺照磨
65133,壽福院照磨
65134,行樞密院照磨
65135,憲司知事
65136,路統軍司知事
65137,招討司知事
65138,州知事
65139,理問知事
65140,運司知事
65141,按察司知事
65142,民匠提舉司知事
65143,漕運府知事
65144,祕書監知事
65145,行臺知事
65146,行宣政院知事
65149,行樞密院掌書記
65150,宮書記
65151,儒學副提舉
65152,行省檢校官
65153,都督計議官
65154,江漢都督府事
65155,山東行省都督
65156,修元史
65157,制置司參議官
65160,憲府史
65161,路府史
65162,帥府史
65163,南臺中丞
65164,榷貨都提舉
65165,市舶都提舉
65166,鐵冶都提舉
65167,銅鐵冶都提舉使
65168,兵馬都元帥
65169,砲手人匠都元帥
65171,宣慰使都元帥
65172,都鎮撫司經歷
65173,統軍副使
65174,茶園副提舉
65175,道教副提舉
65176,榷茶副提舉
65177,人匠副提舉
65178,市舶副提舉
65179,行省官醫副提舉
65182,路吏
65183,行省僉事
65184,司農丞
65185,太常丞
65186,屯田丞
65187,行臺中丞
65188,行御史臺中丞
65189,鹽運丞
65190,府丞
65191,詹事丞
65192,章佩丞
65194,提點道教事
65195,提點江南頭陀教事
65196,提點教門事
65197,提點軍前橋梁芻粟事
65198,提點尚食局事
65199,王府醫藥提舉
65200,財賦提舉
65201,漕運提舉
65202,茶司提舉
65203,鈔庫提舉
65204,稻田提舉
65205,官醫提舉
65206,路提舉
65207,榷茶提舉
65208,人匠提舉
65209,市舶司提舉
65210,稅課提舉
65211,稅務提舉
65212,提舉平準行用庫
65213,提舉備用庫使
65214,提舉茶事
65215,提舉常平倉事
65216,提舉道教
65217,提舉都城所
65218,提舉學校
65219,提舉鹽使司事
65220,提舉宮
65221,提舉諸路道教事
65222,鐵冶提舉
65223,行省官醫提舉
65224,行省儒學提舉
65225,行省提舉
65226,行省務提舉
65227,宣課提舉
65228,玄學提舉
65229,鹽課提舉
65230,鹽司提舉
65232,營田提舉
65233,征東儒學提舉
65234,織染提舉
65235,諸路河渠提舉
65237,諸色人匠提舉
65238,竹木場提舉
65239,左八作司提舉
65240,榷茶同提舉
65241,王府左相
65242,王府說書
65243,王傅
65244,王府紀善
65245,王府文學
65246,夫人
65247,節度使
65248,翰林國史院檢討
65249,南臺大夫
65250,南臺幕史
65251,南臺掾
65252,安南祭弔使
65253,按察司檢法
65254,拔都魯
65255,伴讀
65256,保兀兒赤
65257,寶兒赤
65258,便宜總帥
65259,賓師
65260,兵馬都總領
65261,兵馬鈐轄
65262,兵馬使
65263,博兒赤
65264,布政使
65265,採金都提轄
65266,採木提舉
65267,參佐
65268,倉庫官
65269,漕幕官
65270,察罕斡脫赤
65271,察罕章管民官
65272,場鹽司
65273,鈔庫官
65274,承天宮管轄
65275,誠意伯
65276,崇福使
65277,崇禮侯
65278,崇文大監
65279,從事
65280,答剌罕
65281,大監
65282,大樂正
65283,大司成
65284,大宗正
65285,大宗正府也可札魯花赤
65286,道判
65287,道正
65288,稻田提擧
65289,登聞檢院
65290,帝師
65291,典瑞監大監
65292,典瑞卿
65293,典膳令
65294,殿前都統司幹辦公事
65295,殿前司左翼軍統領
65296,東宮伴讀
65297,東宮講書
65298,東宮說書
65299,東宮文史
65300,都道錄
65301,都府宣差
65302,都功德使
65303,都省掾
65304,都水大監
65305,都水使者
65306,都統
65307,都統權兵馬司事
65308,都統制
65309,都轉運司幕官
65310,都總帥
65311,闍里必
65312,度支卿
65313,端本堂司經
65314,端本堂正字
65315,防禦使
65316,分省幕史
65317,分省掾
65318,奉表押璽官
65319,奉御
65320,符寳郎
65322,府幕
65324,輔義公
65325,副管民官
65327,副詹事
65328,副總帥
65329,富藏庫使
65330,高昌公主
65331,閤門宣贊舍人
65332,給事中
65333,工部司程
65334,工刑部架閣
65335,功德使
65336,翰林國史院供奉
65337,管軍都把總
65338,管軍都總領
65339,管軍官
65340,管軍總押
65341,管領怯憐口怯薛官
65343,光祿卿
65344,廣惠司提擧
65345,歸德侯
65346,國師
65347,國史編校
65348,國子學齋長
65349,國子監書庫官
65350,國子正
65351,海濱鹽使
65353,翰林國史院僉書
65354,翰林國史院譯掾
65355,弘文館學士
65356,戶部史
65357,戶部司計
65358,戶部掾
65359,戶曹
65360,護衛
65361,皇后
65362,皇太子
65363,徽政使
65364,徽政院中議
65365,會福院提擧
65366,火兒赤
65367,雞林府院君
65368,集賢集侍講
65369,集賢侍讀
65370,集賢侍講
65371,集賢司直
65372,集賢院掾
65373,甲局提擧
65374,監稅
65375,監察合台汗國
65376,監酒務
65377,監鹽倉
65378,監榷課稅使
65379,江津夾槽務
65380,江浙釋教總統
65381,講議官
65382,將領
65383,將作監簿
65384,將作使
65385,郊祀法物庫使
65386,教坊勾管
65387,節推
65388,節制司屬官
65389,節制司準備差遣
65390,金銀器盒提擧
65391,近侍
65392,京畿倉監卒
65393,京學提擧
65394,經略使
65395,經師
65396,經筵檢討
65397,經筵講官
65398,茶鹽使
65399,酒官
65400,軍民總帥
65401,軍器同提擧
65402,軍僉判
65403,軍資庫使
65404,郡曹
65405,郡道錄
65407,郡文學
65408,郡文學掾
65409,郡庠五經師
65414,考試官
65415,課稅拘榷使
65416,孔目
65417,庫使
65418,奎章閣供奉
65421,里嗇夫
65422,里巷
65423,里正
65424,里中
65425,禮兵部架閣
65426,禮部架閣
65427,禮部郎官
65428,禮部掾
65429,利用監
65430,利用監大卿
65431,利用庫使
65432,監縣
65433,廉訪府詳議官
65434,羅坊征官
65435,領教事
65437,鹽使司提擧
65438,路道錄
65439,路管民提擧
65440,路勸農使
65441,路宣課提擧
65442,路學賓
65443,路學官
65444,路學訓導
65445,路掾
65446,路直學
65447,錄判
65448,門下侍中
65449,祕書小史
65450,沔州守
65451,募兵
65452,幕官
65453,監鎮
65454,內府宰相
65455,內廷膳醫
65456,判院
65457,兵馬都巡使
65458,皮貨所提擧
65459,平河門軍校
65460,平準
65461,平準庫副
65462,平準行用庫使
65463,僉典瑞院事
65464,僉都水庸田司事
65465,僉徽政院事
65466,僉將作院事
65467,省事
65468,僉判
65469,僉羣玉內司事
65470,僉憲
65471,僉省
65472,僉書
65473,僉太常院事
65474,僉提刑按察司事
65476,僉宣徽、樞密二院事
65477,僉宣徽院事
65478,僉宣政院事
65480,簽判
65481,前鋒
65482,前驅
65483,錢穀官
65484,怯憐口阿答赤孛可孫
65485,怯薛都
65486,怯薛官
65487,秦府紀善
65488,欽察汗
65489,寺營繕司官
65490,泉府大卿
65491,勸農官
65492,勸農使
65493,勸農事
65494,榷茶都轉運司屬官
65495,榷茶提擧
65496,人匠提擧
65497,仁宗說書
65498,儒學訓導
65499,儒醫
65500,僧錄司右講經
65501,尚乘卿
65502,尚服使
65503,尚膳監
65504,尚膳使
65505,尚醫
65506,尚醫大監
65507,尚醫奉御
65508,哨馬把總
65509,生料庫使
65510,省掾
65511,史館校勘
65512,市舶同提擧
65514,試官
65515,釋教總統
65516,二庫使
65517,壽武庫使、利器庫使
65518,書院訓導
65519,書院直學
65520,淑妃
65521,樞密院副都統
65522,帥府觀察使
65523,帥府監軍
65524,帥府詳議
65525,帥幹
65526,稅官
65527,稅課使
65528,稅務官
65529,皇妃
65530,說書秀才
65531,司戶參軍
65532,司經
65533,司理
65534,司農大卿
65535,司農司官
65536,司農司掾
65537,司天官
65538,司天臺官
65539,司玄大夫
65540,司訓
65541,司征官
65542,四務提擧
65543,速古兒赤
65544,肅雍賢寧公主
65545,臺掾
65546,太倉監
65547,太常、西臺御史
65548,太常簿
65549,太常奉禮
65550,太常卿
65551,太府大監
65552,太府監
65553,太府監器備庫使
65554,太府監右藏庫使
65555,太府卿
65556,太府寺簿
65557,太皇寺提擧河渡司
65558,太史令
65559,太守
65560,太禧院僉
65561,太禧院神御殿侍禮左郎
65562,太禧宗禋使
65563,太醫
65564,太醫院僉
65565,太子賓客
65566,太子副詹事
65567,太子司經
65568,太子文學
65569,太子右諭德
65570,太子諭德
65571,太子贊善
65572,太子中允
65573,太子左贊善
65574,探馬赤
65575,特恩
65577,提舉本路玄妙觀
65578,提舉梵像監
65579,提轄榷貨物
65580,提刑
65581,提刑司幹辦官
65583,通政使
65584,同簽行樞密院事
65585,統軍使
65586,屯田打捕同提舉
65588,衛長
65589,文學
65590,文學掾
65591,五經師
65592,武備卿
65593,務官
65594,務使
65595,副統軍
65596,西臺大夫
65597,西臺掾
65598,昔寶赤
65599,奚部長
65601,縣都曹
65604,鄉試考官
65605,鄉正
65606,襄靖侯
65607,詳議官
65608,小學訓導
65609,校勘
65610,校正官
65611,刑部檢法
65612,刑部郎官
65613,刑部掾
65614,行省豐備總庫提舉
65615,行省公使
65616,行省廣濟庫使
65617,行省幕官
65618,行省幕史
65619,行省幕掌故
65620,行省秦蜀
65621,行省儒學副提舉
65622,行省提刑
65623,行省務官
65624,行省應辦使
65625,行樞密院
65626,行臺大夫
65627,行臺幕官
65628,行臺御史
65629,行臺掾
65630,行宣政院掾
65631,行燕京省事
65632,行用庫使
65633,行院僉書
65634,宣差軍儲使
65635,宣諭使
65636,宣政使
65637,宣政院掾
65638,學官
65639,學糾
65640,學諭
65641,巡鹽官
65642,訓導
65643,沿江制機
65644,沿江制置司都統制
65645,鹽官
65646,鹽酒課提舉
65647,鹽課都提舉
65648,鹽課市舶提舉
65650,鹽課同提舉
65651,鹽使
65652,貳守
65653,征官
65654,征南行臺幕
65655,征西帥
65656,徵收課稅使
65658,知祕書監
65659,知軍
65660,知樞密院
65661,知太史院
65662,知行樞密院事
65663,知行院事
65665,直祕閣
65666,直學
65667,制置使
65668,制置司幹辦公事
65669,制置司監當官
65670,中尚卿
65671,中書舍人
65672,中書省掾
65673,中書詳定官
65674,中書右司掾
65675,中書左曹掾
65676,中翼都總領
65677,中政使
65678,忠義軍統帥
65679,州監稅
65680,州錄判
65681,州掾
65682,諸軍都統
65683,主管禮兵部架閣文字
65684,轉運司幹辦公事
65685,宗正府從事
65686,宗正府札魯火赤
65687,總裁
65688,總領
65689,總判
65690,總帥
65691,總帥本路軍馬管民次官
65692,左布政
65693,左三部司正
65694,左翼都總領
65695,左贊善大夫
65696,鹽司副提舉
65697,鹽運史
65698,衍聖公
65699,都稅司
65700,路課稅所官
65701,伊兒汗
65703,亦都護
65704,邑令
65705,邑史
65706,義兵都統
65707,義軍謀克
65708,藝林庫使
65709,藝文大監
65710,議事官
65711,銀司提舉
65712,英毅侯
65713,應奉翰林、縣令
65714,鷹房司提舉
65715,營繕司官
65716,永寧公
65717,右監軍
65718,右善世
65719,右贊善大夫
65720,御史
65721,御史臺察院掾
65722,御藥院外科太醫
65723,御醫
65724,御診太醫
65725,運管
65726,運司掾
65727,造作副提舉
65728,詹事院賓客
65729,詹事掾
65730,章佩監
65731,章佩卿
65732,掌管諸路道教事
65733,掌全真道教事
65734,左善世
65735,僧錄司
65736,寺觀住持
65737,守禦
65738,提點寺觀宮
65739,住持寺觀宮
65740,國子監生
65741,天師
65742,宗師
65743,真人
65744,法師
65745,馬步軍都統
65746,按察司推官
65747,說書
65748,東宮侍從
65749,侍內祠
65750,王府授經
65751,二品官
65752,奎章閣僚屬
65753,嗣師
65754,翰林院
65755,大師
65756,征東萬戶案牘
65757,館師
65759,監州
65760,太常禮儀院掾
65761,會同館校勘
65762,太史院
65763,三務使
65764,監城
65765,殿中匯草詔
65766,將作院
65767,大斡耳朶
65768,監京倉
65769,肅政廉訪司
65771,清鹽使
65772,太醫院
65773,部將
65774,金符總管
65775,興利場官
65776,奉議
65777,抄馬那顏
65778,文義侯
65779,掌東嶽行祠
65780,中軍掌鑰
65782,土官
65783,祕書監
65784,國史院
65785,中書省
65786,河道官
65787,四品
65788,監庫
65789,考官
65790,儒學副提擧
65791,學士
65792,市監
65793,糧長
65794,監西嶽祠
65795,掌機宜文字
65796,宣撫司使
65797,宗正府
65798,行省官
65799,木忽里兀察兒必
65800,司法參軍
65801,諸路總管府醫學錄
65802,吏部掾
65803,部掾
65804,金書藏經
65805,詳定朝儀
65806,掌皇后宮政
65807,屯田達魯花赤
65808,南臺都事
65809,廣盈倉監倉
65810,會福院掾
65811,太廟齋郎
65812,制國用司使同知
65813,資成庫提點
65814,寳源庫提擧
65815,民兵總制
65816,樞密院判官
65817,宣慰司奏差
65818,衛經歷
65819,從仕郎
65820,丞相
65821,左右司都事
65822,曹掾
65823,昭信校尉
65824,徽政院都事經歷
65825,銀青榮祿大夫
65826,榮祿大夫
65827,總領所幹辦官事
65828,殿前司主管機宜文字
65829,會福院使
65830,縣巡檢
65831,同僉太常禮儀院事
65832,宣慰使左丞
65833,某州醫學教授
65834,主獄吏
65835,監酒麫務
65836,縣儒學教授
65837,管領拔都民戶總管府
65838,將仕郎
65839,將仕佐郎
65840,文林郎
65841,承奉郎
65842,承德郎
65843,承務郎
65844,武節郎
65845,武翼郎
65846,修職郎
65847,承事郎
65848,徵事郎
65849,成全郎
65850,從仕郎
65851,從事郎
65852,朝奉郎
65853,承務郎
65854,登仕郎
65855,太常司博士
65856,同知總管府事
65857,某州同知州事
65858,保義副尉
65859,上輕車都尉
65860,上騎都尉
65861,驍騎尉
65862,飛騎尉
65863,奉議大夫
65864,朝散大夫
65865,嘉議大夫
65866,中順大夫
65867,中奉大夫
65868,奉政大夫
65869,奉訓大夫
65870,太中大夫
65871,亞中大夫
65872,通奉大夫
65873,通議大夫
65874,郡夫人
65875,郡君
65877,郡公
65878,縣君
65879,縣男
65880,縣子
65881,縣太君
65882,國太夫人
65883,宜人
65884,海道漕運萬戶府知事
65885,承節郎
65886,恭人
65887,司諫
65888,右仕郎
65889,郡學錢穀官
65890,理問所掾
65891,未詳
65892,提舉常平茶監司幹辦公事
65893,中丞
65894,主學
65895,御史臺
65896,行御史臺
70001,安南正使
70002,按察使
70003,巴牙喇甲喇章京
70004,把魯里千夫長
70005,把總
70006,百戶
70007,拜他喇布勒哈番
70008,半個牛录章京
70009,半個前程
70010,伴讀
70011,辦事官
70012,保華殿大學士
70013,寶鈔司提舉
70014,北直民兵參將
70015,貝勒
70016,貝子
70017,備道
70018,備倭都指揮
70019,備禦
70020,裨將
70021,編修
70022,編纂
70023,驃騎將軍
70024,驃騎上將軍
70025,邠王
70026,兵備道
70027,兵備副使
70028,兵備僉事
70029,兵部參政
70030,兵部車駕司郎中
70031,兵部車駕司員外郎
70032,兵部車駕司主事
70033,兵部承政
70034,兵部都指揮使
70035,兵部郎中
70036,兵部理事官
70037,兵部啟心郎
70038,兵部尚書
70039,兵部侍郎
70040,兵部署郎中事主事
70041,兵部添設侍郎
70042,兵部添注右侍郎
70043,兵部武庫司郎中
70044,兵部武庫司員外郎
70045,兵部武庫司主事
70046,兵部武選司郎中
70047,兵部武選司員外郎
70048,兵部武選司主事
70049,兵部武選主司
70050,兵部右參政
70051,兵部右侍郎
70052,兵部員外郎
70053,兵部職方司郎中
70054,兵部職方司員外郎
70055,兵部職方司主事
70056,兵部主事
70057,兵部左侍郎
70058,兵部左侍郎署部事
70059,兵科都給事中
70060,兵科給事中
70061,兵科右給事中
70062,兵科掌科事給事中
70063,兵科左給事中
70064,兵巡道
70065,布政使
70066,布政使司參議
70067,布政使司參政
70068,布政使司都事
70069,布政使司經歷
70070,布政使司右布政使
70071,布政使司右參議
70072,布政使司右參政
70073,布政使司照磨
70074,布政使司左布政使
70075,布政使司左參議
70076,布政使司左參政
70077,步兵左營參將
70078,步騎先鋒
70079,部貝勒
70080,部院承政
70081,才人
70082,採訪使
70083,參將
70084,參將銜
70085,參軍
70086,參領
70087,參侍舍人
70088,參議
70089,參贊機務
70090,參知政事
70091,漕運總兵官
70092,冊妃副使
70093,冊封安南國王充正使
70094,冊封朝鮮國王使
70095,冊封德王正使
70096,冊封副使
70097,冊封貴妃正使
70098,冊封華陽王妃副使
70099,冊封華陽王副使
70100,冊封懷慶宗藩王副使
70101,冊封皇后副使
70102,冊封晉府副使
70103,冊封魯藩正使
70104,冊封魯王等正使
70105,冊封寧陽王使節
70106,冊封親王副使
70107,冊封淑妃正使
70108,冊封賢妃副使
70109,長史
70110,倡義大元帥
70111,宸妃
70112,丞
70113,承敕郎
70114,承事郎
70115,承天大誌副總裁官
70116,承天大誌總裁官
70117,承務郎
70118,承政
70119,城千總
70120,城守
70121,持節冊封副使
70122,出使安南正使
70123,出使闍婆國正使
70124,出使瓦剌副使
70125,闖將
70126,春坊贊善大夫
70127,春官
70128,祠祭司主事
70129,催纂官
70130,大臣
70131,大典總校官
70132,大妃
70133,大婚副使
70134,大將軍
70135,大理評事
70136,大理寺丞
70137,大理寺評事
70138,大理寺卿
70139,大理寺少卿
70140,大理寺寺副
70141,大理寺右評事
70142,大理寺右少卿
70143,大理寺右寺丞
70144,大理寺右寺副
70145,大理寺右寺正
70146,大理寺左評事
70147,大理寺左少卿
70148,大理寺左寺丞
70149,大理寺左寺副
70150,大理寺左寺正
70151,大理右評事
70152,大理左評事
70153,大禮全書總裁官
70154,大禮使
70155,大明會典副總裁
70156,大明會典副總裁官
70157,大明會典總裁
70158,大明會典總裁官
70159,大明會典纂修官
70160,大明日曆催纂官
70161,大通事
70162,大學士
70163,大總督
70164,盪寇將軍
70165,道參政
70166,道監察御史
70167,道御史
70168,德妃
70169,德嬪
70170,典簿
70171,典籍
70172,典史
70173,典儀所引禮舍人
70174,殿大學士
70175,殿試讀卷官
70176,殿試彌封官
70177,殿試受卷官
70178,殿試掌卷官
70179,殿中侍御史
70180,東廠太監
70181,東閣大學士
70182,東閣進學士
70183,東宮講讀官
70184,東宮講官
70185,東路副總兵
70186,東路統領
70187,都察院參政
70188,都察院承政
70189,都察院經歷
70190,都察院理事官
70191,都察院理刑行人
70192,都察院僉都御史
70193,都察院右參承政
70194,都察院右參政
70195,都察院右都御史
70196,都察院右都御史掌院事
70197,都察院右副都御史
70198,都察院右副都御史廵撫江西
70199,都察院右副御史
70200,都察院右僉都御史
70201,都察院右僉都御史提督摻江
70202,都察院右僉都御史巡邊
70203,都察院左都御史
70204,都察院左副都御史
70205,都察院左僉都御史
70206,都督
70207,都督府都督僉事
70208,都督府都督同知
70209,都督府都事
70210,都督府斷事
70211,都督府經歷
70212,都督府僉事
70213,都督僉事
70214,都督同知
70215,都事
70216,都水司郎中
70217,都司
70218,都司都指揮僉事
70219,都司都指揮使
70220,都司都指揮同知
70221,都司斷事
70222,都司僉書
70223,都司僉書管事
70224,都司掌印
70225,都司掌印都指揮僉事
70226,都司指揮同知
70227,都統
70228,都御史
70229,都元帥
70230,都指揮僉事
70231,都指揮使
70232,都指揮使司都指揮僉事
70233,都指揮使司都指揮使
70234,都指揮使司都指揮同知
70235,都指揮同知
70236,都指揮同知都指揮僉事
70237,都轉運使司同知
70238,都轉運鹽使
70239,都轉運鹽使司都轉運使
70240,都轉運鹽使司副使
70241,都轉運鹽使司運使
70242,督漕侍郎
70243,督府都督僉事
70244,督府都督同知
70245,督府副使
70246,督府左都督
70247,督理山廠
70248,督理西苑農事
70249,督師
70250,督學政
70251,督造官
70252,讀卷官
70253,斷事
70254,額駙
70255,爾部大臣
70256,二等阿達哈哈番
70257,二等參將
70258,二等參領
70259,二等副將
70260,二等甲喇章京
70261,二等梅勒章京
70262,二等輕車都尉
70263,二等侍衛
70264,二憲長
70265,貳憲長
70266,分守兵備道
70267,分守道
70268,分守地方參將
70269,分守路參將
70270,分守太監
70271,分守右副總兵
70272,分守右副總兵將
70273,分守州右參將
70274,分守州左副總兵
70275,分巡道
70276,分巡監軍道
70278,奉命大將軍
70279,奉使吐蕃
70280,奉訓大夫
70281,奉政大夫
70282,夫人
70283,巿舶司副提舉
70284,府
70285,府車右衛
70286,府丞
70287,府經歷
70288,府軍前衛副千戶
70289,府軍前衛指揮使
70290,府軍衛驃騎舍人
70291,府軍衛指揮僉事
70292,府軍衛指揮使
70293,府軍左衛千戶
70294,府尹
70295,撫民主薄
70296,撫賑陜西御史
70297,撫治
70298,撫治右副都御史
70299,副都統
70300,副都御史
70301,副將軍
70302,副將銜
70303,副理事官
70304,府判官
70305,府通判
70306,府同知
70307,府推官
70308,府學
70309,府學訓導
70310,府尹
70311,副千戶
70312,副使
70313,副使江右參政
70314,副使提調學政
70315,副巡撫
70316,副詹事
70317,副總兵官
70318,副總裁
70319,副總裁官
70320,駙馬都尉
70321,噶布什賢噶喇昂邦
70322,噶布什賢噶喇衣昂邦
70323,噶布什賢甲喇章京
70324,噶布什賢章京
70325,閤門使
70326,給事中
70327,工部參政
70328,工部承政
70329,工部都水司郎中
70330,工部都水司員外
70331,工部都水司員外郎
70332,工部都水司主事
70333,工部郎中
70334,工部啟心郎
70335,工部尚書
70336,工部侍郎
70337,工部司務
70338,工部屯田司員外郎
70339,工部屯田司主事
70340,工部營繕司郎中
70341,工部營繕司員外郎
70342,工部營繕司主事
70343,工部右給事中
70344,工部右侍郎
70345,工部右侍郎都廠事
70346,工部虞衡司郎中
70347,工部虞衡司員外郎
70348,工部虞衡司主事
70349,工部員外郎
70350,工部照磨
70351,工部主事
70352,工部左侍郎
70353,工科都給事中
70354,工科給事中
70355,工科右給事中
70356,工科左給事中
70357,宮嬪
70358,恭妃
70359,固山額真
70360,顧命大臣
70361,掛印總兵官
70362,關提督
70363,管國子監司業事
70364,管軍百戶
70365,管軍千戶
70366,管軍正千戶
70367,管理三庫大臣
70368,管糧郎中
70369,管南京國子監祭酒事
70370,管遊擊事都司
70371,光祿寺丞
70372,光祿寺卿
70373,光祿寺少卿
70374,光祿寺署丞
70375,光祿寺署寺事
70376,貴妃
70377,國史院編修官
70378,國史院承政
70379,國史院大學士
70380,國史院學士
70381,國子博士
70382,國子愽士
70383,國子祭酒
70384,國子司業
70385,國子學錄
70386,國子學正
70387,國子助教
70388,海防道
70389,海防僉事
70390,翰林編修
70391,翰林待詔
70392,翰林待制
70393,翰林典籍
70394,翰林國史院學士
70395,翰林檢討
70396,翰林檢閱
70397,翰林庶吉士
70398,翰林五經博士
70399,翰林修撰
70400,翰林學士
70401,翰林學士承旨
70402,翰林應奉
70403,翰林院編修
70404,翰林院編修承事郎
70405,翰林院編修稽考察對
70406,翰林院待詔
70407,翰林院待制
70408,翰林院典籍
70409,翰林院國史院待制
70410,翰林院檢討
70411,翰林院侍讀學士
70412,翰林院侍講學士
70413,翰林院侍書
70414,翰林院庶吉士
70415,翰林院提督四夷館
70416,翰林院五經博士
70417,翰林院修撰
70418,翰林院纂修兼校正官
70419,翰林直學士
70420,河泊使
70421,河泊所官
70422,河道總督
70423,弘文館校書郎
70424,弘文館學士
70425,宏文院學士
70426,紅盔將軍
70427,紅旗總管
70428,鴻臚寺鳴贊
70429,鴻臚寺卿
70430,鴻臚寺序班
70431,鴻臚寺右少卿
70432,鴻臚寺掌寺事
70433,鴻臚寺左寺丞
70434,後府都督僉事
70435,後府都督同知
70436,後府右都督
70437,後府右都督掌府事
70438,後府左都督
70439,後軍都督府僉書
70440,後軍都督僉事
70441,後軍都督同知
70442,後軍右都督
70443,後軍左都督
70444,後衛指揮
70445,後衛指揮僉事
70446,後衛指揮使
70447,候府典史
70448,戶部參政
70449,戶部承政
70450,戶部都給事中
70451,戶部督餉主事
70452,戶部度支主事
70453,戶部福建司員外郎
70454,戶部福建司主事
70455,戶部副理事官
70456,戶部廣東司郎中
70457,戶部廣東司員外郎
70458,戶部廣東司主事
70459,戶部廣西司主事
70460,戶部貴州司員外郎
70461,戶部貴州司主事
70462,戶部河南司郎中
70463,戶部河南司員外郎
70464,戶部河南司主事
70465,戶部湖廣司員外郎
70466,戶部湖廣司主事
70467,戶部江西司郎中
70468,戶部江西司員外郎
70469,戶部江西司主事
70470,戶部郎中
70471,戶部理事官
70472,戶部啟心郎
70473,戶部山東司郎中
70474,戶部山東司主事
70475,戶部山西司郎中
70476,戶部山西司主事
70477,戶部尚書
70478,戶部侍郎
70479,戶部四川司郎中
70480,戶部四川司主事
70481,戶部陜西司郎中
70482,戶部陜西司主事
70483,戶部右侍郎
70484,戶部員外郎
70485,戶部雲南司郎中
70486,戶部雲南司主事
70487,戶部浙江司主事
70488,戶部職方司郎中
70489,戶部主事
70490,戶部左侍郎
70491,戶科都給事中
70492,戶科給事中
70493,戶科試給事中
70494,戶科庶吉士
70495,戶科右給事中
70496,戶科元士
70497,戶科左給事中
70498,護軍
70499,護軍參領
70500,護軍統領
70501,護衛
70502,護衛副千戶
70503,華盖殿大學士
70504,寰宇通志編纂
70505,寰宇通志總裁
70506,寰宇通志纂修官
70507,皇長子講官
70508,皇帝
70509,皇妃
70510,皇貴妃
70511,皇后
70512,皇太后
70513,皇太孫
70514,皇太孫伴讀
70515,皇太孫妃
70516,皇太孫嬪
70517,皇太子
70518,皇太子妃
70519,皇太子嬪
70520,回坊管事充
70521,會典副總裁
70522,會典總裁
70523,會典纂修官
70524,會試副考官
70525,會試監考官
70526,會試監臨官
70527,會試考試官
70528,會試提調官
70529,會試同考試官
70530,會試知貢舉官
70531,會試主考官
70532,稽查左翼宗學
70533,稽考參對官
70534,稽勳司郎中
70535,稽勳司員外郎
70536,紀善
70537,祭酒
70538,加銜守備
70539,嘉議大夫
70540,甲喇章京
70541,兼巡撫
70542,兼縂督陜西三邊軍務
70543,監察御史
70544,監督
70545,監國
70546,監軍
70547,監軍參議
70548,監軍道
70549,監禮使
70550,監臨官
70551,監視薊鎮東協太監
70552,監視宣府大同太監
70553,監修官
70554,檢討
70555,檢校
70556,建總兵官
70557,諫議大夫
70558,江南巡按御史
70559,講讀官
70560,講官
70561,將
70562,將軍
70563,將軍衛指揮副使
70564,將軍總兵官
70565,教官
70566,教授
70567,教習庶吉士
70568,教習庶吉士署掌院事
70569,教諭
70570,金吾左衛
70571,錦衣衛指揮使
70572,謹身殿大學士
70573,進講大學衍義侍班官
70574,京大理寺卿
70575,京畿都漕運使
70576,京畿主考官
70577,京營哨撥守備
70578,京營遊擊
70579,京營右參將
70580,京營右副總兵
70581,京營總兵官
70582,京營總督
70583,京營左參將
70584,經歷
70585,經略
70586,經筵官
70587,經筵講官
70588,經筵日講官
70589,經筵侍班官
70590,經筵展書官
70591,軍門遊擊將軍
70592,軍前監紀
70593,郡丞
70594,勘處湖廣貴州夷情右副都御史
70595,康妃
70596,康嬪
70597,考功監丞
70598,考功司郎中
70599,考功司員外郎
70600,考官
70601,考試官
70602,庫部試員外郎
70603,喇甲喇章京
70604,郎中
70605,狼山副總兵
70606,勒纛章京
70607,累朝御製文集聖學心法及四書五經性理大全總視經理官
70608,理藩院承政
70609,理藩院右參政
70610,理政大臣
70611,禮部參政
70612,禮部承政
70613,禮部祠祭司郎中
70614,禮部祠祭司署員外郎事主事
70615,禮部祠祭司員外郎
70616,禮部祠祭司主事
70617,禮部會試貢士考官
70618,禮部會試考官
70619,禮部會試同考官
70620,禮部精膳司郎中
70621,禮部精膳司員外郎
70622,禮部精膳司主事
70623,禮部郎中
70624,禮部啟心郎
70625,禮部尚書
70626,禮部尚書兼翰林學士
70627,禮部侍郎
70628,禮部署員外郎主事
70629,禮部儀制司郎中
70630,禮部儀制司員外郎
70631,禮部儀制司主事
70632,禮部右參政
70633,禮部右侍郎
70634,禮部右侍中
70635,禮部員外郎
70636,禮部主客司郎中
70637,禮部主客司員外郎
70638,禮部主客司主事
70639,禮部主事
70640,禮部左侍郎
70641,禮妃
70642,禮科都給事中
70643,禮科給事中
70644,禮科右給事中
70645,禮科掌科事給事中
70646,禮科左給事中
70647,吏部參政
70648,吏部稽勳司郎中
70649,吏部稽勳司員外郎
70650,吏部稽勳司主事
70651,吏部稽勳員外郎
70652,吏部考功司郎中
70653,吏部考功司員外郎
70654,吏部考功司主事
70655,吏部郎中
70656,吏部理事官
70657,吏部啟心郎
70658,吏部尚書
70659,吏部侍郎
70660,吏部試郎中
70661,吏部司封司主事
70662,吏部文選清吏司郎中
70663,吏部文選清吏司員外郎
70664,吏部文選清吏司主事
70665,吏部驗封清吏司郎中
70666,吏部驗封清吏司員外郎
70667,吏部驗封清吏司主事
70668,吏部右參政
70669,吏部右侍郎
70670,吏部主事
70671,吏部左侍郎
70672,吏科都給事中
70673,吏科給事中
70674,吏科庶吉士
70675,吏科添註給事中
70676,吏科右給事中
70677,吏科掌科事給事中
70678,吏科掌科事左給事中
70679,吏科左給事中
70680,吏目
70681,歷代君鑒編纂官
70682,糧儲參政
70683,糧儲道
70684,領軍遊擊將軍
70685,琉球國冊封正使
70686,劉河遊擊
70687,龍虎將軍
70688,路遊擊將軍
70689,路右參將
70690,路右副總兵官
70691,路總兵官
70692,路左參將
70693,錄事
70694,梅勒額真
70695,梅勒章京
70696,美東衛指揮使
70697,秘書院副理事官
70698,明熹宗實錄總裁官
70699,鳴贊
70700,磨勘司丞
70701,磨勘司令
70702,牧監牧司政
70703,穆宗實錄總裁
70704,内大臣銜
70705,内閣大學士
70706,内官監太監
70707,内翰林秘書院學士
70708,内翰林秘書院掌院事大學士
70709,内弘文院大學士
70710,内弘文院副理事官
70711,内祕書院學士
70712,内秘書大學士
70713,内務府主事
70714,内院學士
70715,内中軍
70716,南戶部員外郎
70717,南吏稽勲司郎中
70718,南路參將
70719,南院侍講學士
70720,寧妃
70721,寧前兵備道
70722,牛录額
70723,牛录額真
70724,牛录章京
70725,判官
70726,佩刀侍衛
70727,佩刀侍衛管領將軍
70728,捧節冊封副使
70729,偏將軍
70730,旗鼓守備
70731,騎都尉
70732,騎都尉兼
70733,騎都尉世職
70734,騎校
70735,起居館纂修
70736,起居注
70737,千戶
70738,千戶所吏目
70739,千總
70740,僉大都督府事
70741,僉都御史
70742,僉事
70743,僉書
70744,僉書管事
70745,僉書左軍都督府事
70746,前鋒
70747,前鋒參領
70748,前鋒統領
70749,前鋒營副將
70750,前鋒總兵
70751,前鋒左營遊擊
70752,前軍都督府督僉事
70753,前軍都督府僉事
70754,前軍都督府僉書
70755,前軍都督府僉書管事
70756,前軍都督府同知
70757,前軍都督府右都督
70758,前軍都督府左都督
70759,前軍都督府左斷事
70760,前軍都督同知
70761,前軍左都督
70762,前衛指揮
70763,前衛指揮同知
70764,乾清宮管事
70765,欽差大臣
70766,欽天監五官靈臺郎
70767,欽天監正
70768,清理軍伍監察御史
70769,仁宗皇帝實錄纂修兼考校官
70770,仁宗實錄總裁官
70771,日講官
70772,儒學
70773,儒學教諭
70774,儒學訓導
70775,三邊總督
70776,三邊總制
70777,三朝要典總裁官
70778,三城王
70779,三等阿達哈哈番
70780,三等阿思哈尼哈番
70781,三等昂邦章京
70782,三等參領
70783,三等輔國將軍
70784,三等副都統
70785,三等副將
70786,三等加喇章京
70787,三等甲喇章京
70788,三等精奇尼哈番
70789,三等梅勒章京
70790,三等輕車都尉
70791,三等輕車都尉世職
70792,三等總兵官
70793,三沙副總兵
70794,散騎舍人
70795,繕司員外郎
70796,繕司主事
70797,上公
70798,上護軍
70799,上將軍
70800,尚寶司丞
70801,尚寶司卿
70802,尚寶司少卿
70803,尚膳監太監
70804,尚書
70805,尚衣監掌印右少監
70806,少保
70807,少保兼太子太保
70808,少傅
70809,少傅兼太子太傅
70810,少師
70811,少詹事
70812,少宗伯
70813,舍人
70814,審理
70815,實錄副總裁
70816,實錄監修官
70817,實錄總裁官
70818,實錄纂修官
70819,史館副總裁官
70820,史館總裁官
70821,使俄頭等參贊
70822,使琉球正使
70823,世管佐領
70824,世廟實錄纂修官
70825,世孫
70826,世指揮同知
70827,世子
70828,世子妃
70829,世宗實錄副總裁
70830,世宗實錄總裁
70831,世宗實錄總裁官
70832,世宗實錄纂修官
70833,市舶司副提舉
70834,侍讀
70835,侍讀學士
70836,侍講
70837,侍講學士
70838,侍衛
70839,侍御史
70840,侍中
70841,收掌文書官
70842,守備
70843,守備太監
70844,守副將
70845,守尉
70846,守禦都指揮使
70847,淑妃
70848,署大理寺事
70849,署工部尚書
70850,署南京工部營繕司員外郎
70851,署南京翰林院事
70852,署南京戶科給事中
70853,庶吉士
70854,庶子
70855,順妃
70856,司賓丞
70857,司經局洗馬
70858,司經局校書
70859,司經局正字
70860,司經歷
70861,司郎中
70862,司禮監監官太監
70863,司禮監隨堂辦室内官監太監
70864,司禮監提督太監
70865,司馬部主事
70866,司務
70867,司業
70868,司員外郎
70869,司贊禮郎
70870,司照磨
70871,司主事
70872,思文監丞
70873,四輔官
70874,四夷館卿
70875,四夷館少卿
70876,祀儀成典監修官
70877,祀儀成典總裁官
70878,蘇克蘇滸河部酋長
70879,肅宗實錄總裁
70880,所千戶
70881,所鎮撫
70882,台吉
70883,太保
70884,太常伯
70885,太常博士
70886,太常愽士
70887,太常司丞
70888,太常寺卿
70889,太常寺少卿
70890,太常寺左少卿
70891,太道
70892,太傅
70893,太皇太后
70894,太僕寺丞
70895,太僕寺卿
70896,太僕寺少卿
70897,太僕寺主簿
70898,太師
70899,太史令
70900,太史院使
70901,太醫院御醫
70902,太醫院院判
70903,太子賓客
70904,太子出閣侍班講讀官
70905,太子大傅
70906,太子少保
70907,太子少傅
70908,太子少師
70909,太子太保
70910,太子太傅
70911,太子太師
70912,太子洗馬
70913,太子右詹事
70914,太子贊善大夫
70915,太子正字
70916,太子左諭德
70917,太宗皇帝實錄纂修兼考校官
70918,太宗實錄總裁官
70919,唐府冊封副使
70920,謄黃右通政
70921,提調官
70922,提調南直隸學校
70923,提調學校
70924,提調學政
70925,提督
70926,提督倉場
70927,提督東官廳
70928,提督都察院右副都御史
70929,提督副總兵
70930,提督京營戎政
70931,提督兩廣軍務兼巡撫
70932,提督南京學政
70933,提督四夷舘
70934,提督四夷館
70935,提督團營
70936,提督西司房官旂
70937,提督學政
70938,提督右江道
70939,提刑按察使
70940,提刑按察使司按察使
70941,提刑按察使司兵備僉事
70942,提刑按察使司副使
70943,提刑按察使司經歷
70944,提刑按察使司僉事
70945,提刑按察使司僉事提督學校
70946,提刑按察使司提學副使
70947,提學參議
70948,提學副使
70949,提學官
70950,提學僉事
70951,提學使
70952,聽征右哨參將
70953,聽征總兵官
70954,廷試讀卷官
70955,廷試進士掌卷官
70956,通鑑纂要預修官
70957,通判
70958,通政
70959,通政使
70960,通政使司參議
70961,通政使司經歷
70962,通政使司通政使
70963,通政使司右參議
70964,通政使司右通政
70965,通政使司左參議
70966,通政使司左通政
70967,通政使司左右參議
70968,通政司事
70969,通政司提督謄黃右通政
70970,同經理官
70971,同考官
70972,同考試官
70973,同留守使
70974,同知
70975,同知大都督府事
70976,同知經筵重錄
70977,同知詹事院事
70978,同知制誥
70979,團練坐營
70980,推官
70981,拖沙喇哈番
70982,萬全都司都指揮同知
70983,萬全都指揮使司都指揮僉事
70984,萬全都指揮使司都指揮使
70985,王妃
70986,王府伴讀
70987,王府長史
70988,王府紀善
70989,王府講讀官
70990,王府講官
70991,王府訓導
70992,王府右長史
70993,王府左長史
70994,王世子
70995,王武傅
70996,王左相
70997,尉世職
70998,衛百戶
70999,衛帶俸都指揮僉事
71000,衛帶俸都指揮使
71001,衛帶俸指揮使
71002,衛都指揮副使
71003,衛都指揮僉事
71004,衛都指揮使
71005,衛都指揮同知
71006,衛副千戶
71007,衛管軍副千戶
71008,衛管衛事都督僉事
71009,衛後所正千戶
71010,衛經歷
71011,衛馬軍總旗
71012,衛千戶
71013,衛僉書
71014,衛親軍指揮使
71015,衛親軍指揮使司僉事
71016,衛散騎舍人
71017,衛石所副千戶
71018,衛所鎮撫
71019,衛提督
71020,衛同知
71021,衛土官都督僉事
71022,衛土官都指揮僉事
71023,衛土官指揮僉事
71024,衛正千戶
71025,衛知事
71026,衛指揮
71027,衛指揮副史
71028,衛指揮副使
71029,衛指揮僉事
71030,衛指揮使
71031,衛指揮使司僉事
71032,衛指揮使司指揮僉事
71033,衛指揮同知
71034,衛中所百戶
71035,衛中所副千戶
71036,衛中左所百戶
71037,衛總旗
71038,衛左所百戶
71039,衛左所副千戶
71040,衛左所正千戶
71041,文館官
71042,文華殿侍衛
71043,文獻大成總裁官
71044,文選司郎中
71045,文選司員外郎
71046,文選司主事
71047,文淵閣大學士
71048,烏真超哈昂邦章京
71049,吳王左相大都督府僉事
71050,五官靈臺郎
71051,五經博士
71052,五經四書性理大全纂修官
71053,五軍都指揮僉事
71054,五軍斷事理刑
71055,五軍營副右將
71056,五省總督
71057,武會試同考官
71058,武會試主考官
71059,武舉覆試官
71060,武舉監試官
71061,武舉監試者
71062,武舉考試官
71063,武舉主考官
71064,武庫司郎中
71065,武庫司員外郎
71066,武選清吏司員外郎
71067,武選司郎中
71068,武選司員外郎
71069,武選司主事
71070,武英殿大學士
71071,武英台紀事
71072,武宗實錄總裁官
71073,武宗實錄纂修官
71074,西路安邊參將
71075,西路副總兵
71076,西協監視太監
71077,仙居訓導
71078,先鋒
71079,賢妃
71080,憲廟實錄纂修官
71081,憲宗實錄纂修官
71082,縣丞
71083,縣典史
71084,縣教諭
71085,縣令
71086,縣學教諭
71087,縣學訓導
71088,獻皇帝實錄副總裁官
71089,相府右相
71090,鄉試副考官
71091,鄉試官
71092,鄉試考試官
71093,鄉試同考官
71094,鄉試正考官
71095,鄉試主考官
71096,鑲白旗甲喇章京
71097,鑲紅旗都統
71098,鑲紅旗固山額真
71099,鑲黃旗蒙古都統
71100,鑲藍旗副都統
71101,孝廟實錄預修官
71102,孝廟實錄纂修官
71103,孝宗實錄副總裁
71104,孝宗實錄纂修官
71105,校錄官
71106,校正官
71107,協守副總兵
71108,協中軍都司
71109,協總兵
71110,恊同漕運參將
71111,刑部參政
71112,刑部承政
71113,刑部都官部主事
71114,刑部福建司員外郎
71115,刑部福建司主事
71116,刑部廣東清吏司主事
71117,刑部廣東司員外郎
71118,刑部廣東司主事
71119,刑部廣西司主事
71120,刑部貴州司郎中
71121,刑部貴州司員外郎
71122,刑部貴州司主事
71123,刑部河南司郎中
71124,刑部河南司員外郎
71125,刑部河南司主事
71126,刑部湖廣司郎中
71127,刑部湖廣司員外郎
71128,刑部湖廣司主事
71129,刑部江西司員外郎
71130,刑部江西司主事
71131,刑部郎中
71132,刑部理事官
71133,刑部啟心郎
71134,刑部山東司郎中
71135,刑部山東司員外郎
71136,刑部山東司主事
71137,刑部山西司郎中
71138,刑部山西司主事
71139,刑部陝西司員外郎
71140,刑部尚書
71141,刑部侍郎
71142,刑部署員外郎
71143,刑部四川司郎中
71144,刑部四川司主事
71145,刑部陜西司郎中
71146,刑部陜西司員外郎
71147,刑部陜西司主事
71148,刑部右參政
71149,刑部右侍郎
71150,刑部員外郎
71151,刑部雲南司員外郎
71152,刑部雲南司主事
71153,刑部浙江司員外郎
71154,刑部浙江司主事
71155,刑部主事
71156,刑部左參政
71157,刑部左侍郎
71158,刑科都給事中
71159,刑科給事中
71160,刑科右給事中
71161,刑科掌科事給事中
71162,刑科左給事中
71163,行部尚書
71164,行部鄉試考試官
71165,行部左侍郎
71166,行大都督府僉事
71167,行都督府僉事
71168,行都督府僉事山西行都督府同知
71169,行都督府同知
71170,行都司都指揮
71171,行都司都指揮僉事
71172,行都司都指揮同知
71173,行都司經歷司都事
71174,行都司事
71175,行都司土官都指揮同知
71176,行都司掌印
71177,行都指揮使
71178,行後軍都督府都督僉事
71179,行人司副
71180,行人司司正
71181,行人司行人
71182,行人司右司副
71183,行人司左司副
71184,行人司左司正
71185,行省參知政事
71186,行省都事
71187,行省都鎮撫
71188,行省平章政事
71189,行省右丞
71190,行省員外郎
71191,行省左丞
71192,行省左右司郎中
71193,行太僕寺丞
71194,行太僕寺卿
71195,行在兵部郎中
71196,行在兵部尚書
71197,行在兵部右侍郎
71198,行在兵部職方司郎中
71199,行在兵部職方司員外郎
71200,行在兵部主事
71201,行在兵部左侍郎
71202,行在兵科都給事中
71203,行在兵科給事中
71204,行在大理寺卿
71205,行在大理寺右少卿
71206,行在道監察御史
71207,行在都察院右都御史
71208,行在都察院右副都御史
71209,行在都察院右僉都御史
71210,行在都察院掌院事
71211,行在都察院左副都御史
71212,行在都察院左僉都御史
71213,行在工部左侍郎
71214,行在工科給事中
71215,行在工科掌科給事中
71216,行在翰林院編修
71217,行在翰林院檢討
71218,行在翰林院侍讀學士
71219,行在翰林院侍講學士
71220,行在翰林院庶吉士
71221,行在翰林院修撰
71222,行在翰林院學士
71223,行在鴻臚寺卿
71224,行在戶部尚書
71225,行在戶部右侍郎
71226,行在戶部左侍郎
71227,行在監察御史
71228,行在錦衣衛都指揮僉事
71229,行在禮部祠祭司郎中
71230,行在禮部會試考官
71231,行在禮部郎中
71232,行在禮部尚書
71233,行在禮部右侍郎
71234,行在禮部左侍郎
71235,行在禮科給事中
71236,行在吏部考功司員外郎
71237,行在吏部尚書
71238,行在吏部右侍郎
71239,行在吏部主事
71240,行在吏部左侍郎
71241,行在吏科給事中
71242,行在吏科左給事中
71243,行在四川道監察御史
71244,行在太常寺寺丞
71245,行在太常寺贊禮郎
71246,行在太僕寺少卿
71247,行在通政使
71248,行在通政司右參議
71249,行在通政司右通政
71250,行在衛指揮同知
71251,行在刑部廣東司郎中
71252,行在刑部郎中
71253,行在刑部尚書
71254,行在刑部右侍郎
71255,行在刑部主事
71256,行在刑科給事中
71257,行在刑科掌科給事中
71258,行在行人司左司副
71259,行在右軍都督府都督僉事
71260,行在右軍都督府左都督
71261,行在中軍都督府都督
71262,行在中軍都督府都督僉事
71263,行在左軍都督府都督僉事
71264,行在左軍都督同知
71265,行中書省參知政事
71266,行中書省平章政事
71267,行中書省右丞上護軍
71268,行中書省左丞
71269,行中書省左右司郎中
71270,修史官
71271,修撰
71272,修纂官
71273,虛仁驛驛丞
71274,宣撫司經歷
71275,宣武大將軍
71276,宣宗皇帝實錄稽考▫對并催纂官
71277,宣宗實錄總裁官
71278,選侍
71279,學教
71280,學士
71281,學訓導
71282,學正
71283,勲衛帶刀侍從
71284,勲衛舍人
71285,勳衛帶刀侍衛
71286,廵按監察御史
71288,廵撫
71289,廵撫都察院右副都御史
71290,廵撫都察院右僉都御史
71291,廵撫都御史
71292,廵撫四川
71293,廵撫右副都御史
71294,廵撫右僉都御史
71295,廵撫贊理軍務都御史
71296,廵撫左僉都御史
71297,巡按
71298,巡按副使
71299,巡按監察御史
71300,巡按御史
71301,巡道
71302,巡撫
71303,巡撫標下中軍遊擊將軍
71304,巡撫都察院右副都御史
71305,巡撫都御史
71306,巡撫為事官
71307,巡撫右副都御史
71308,巡撫右僉都御史
71309,巡撫左副都御史
71310,巡撫左僉都御史
71311,巡關御史
71312,巡鹽御史
71313,訓導
71314,衙門承政
71315,鹽課司提舉
71316,鹽運副使
71317,鹽運使
71318,鹽運司判官
71319,鹽運司同知
71320,鹽政
71321,驗封司員外郎
71322,一等阿思哈尼哈番
71323,一等參將
71324,一等大臣
71325,一等奉國將軍兼半個前程
71326,一等副都統
71327,一等副將
71328,一等甲喇章京
71329,一等梅勒章京
71330,一等内大臣
71331,一等男
71332,一等輕車都尉
71333,一等總兵官
71334,儀制司郎中
71335,儀制司主事
71336,議政大臣
71337,驛丞
71338,驛傳副使
71339,引禮舍人
71340,英宗睿皇帝實錄副總裁
71341,英宗睿皇帝實錄總裁
71342,營▫將
71343,營把總
71344,營兵先鋒
71345,營參將
71346,營副總兵
71347,營管操
71348,營繕司主事
71349,營遊擊將軍
71350,營總兵官
71351,營左副將
71352,營佐擊將軍
71353,勇士營坐營管操
71355,遊擊將軍
71356,右補闕
71357,右布政管河修事務
71358,右布政使
71359,右布政使司布政使
71360,右參將
71361,右參議
71362,右參議湖西道
71363,右參政
71364,右長吏
71365,右丞相
71366,右春坊大學士
71367,右春坊右清紀郎
71368,右春坊右庶子
71369,右春坊右司諫
71370,右春坊右司直郎
71371,右春坊右諭德
71372,右春坊右贊善
71373,右春坊右中允
71374,右春坊中允
71375,右都督
71376,右都副御史
71377,右都御史
71378,右府右都督
71379,右副都御史
71380,右副都御史銜
71381,右副副將軍
71382,右副將
71383,右副總兵都督
71384,右副總兵官
71385,右副總兵協守大同
71386,右傅
71387,右國柱
71388,右護衛百戶
71389,右護衛指揮僉事
71390,右護衛總旗
71391,右護衛左所副千戶
71392,右江右參將
71393,右軍都督府僉事
71394,右軍都督府僉書
71395,右軍都督同知
71396,右軍右都督
71397,右軍左都督
71398,右率府使
71399,右評事
71400,右僉都御史
71401,右侍郎
71402,右庶子
71403,右通政
71404,右衛百戶
71405,右衛帶俸都指揮同知
71406,右衛都指揮同知
71407,右衛知事
71408,右衛指揮僉事
71409,右衛指揮使
71410,右衛指揮同知
71411,右翼都統
71412,右翼副都統
71413,右御史大夫
71414,右諭德
71415,右贊善
71416,右中允
71417,玉牒館副總裁
71418,玉牒纂修官
71419,御馬監太監
71420,御史
71421,御史大夫
71422,御史中丞
71423,元史總裁官
71424,原武訓導
71425,員外郎
71426,援剿總兵
71427,苑馬寺卿
71428,雲騎尉
71429,運使
71430,宰相
71431,贊讀
71432,贊善大夫
71433,札爾固齊
71434,閘官
71435,詹事
71436,詹事府丞
71437,詹事府府丞
71438,詹事府副詹事
71439,詹事府少詹事
71440,詹事府右春坊右庶子
71441,詹事府右春坊右諭德
71442,詹事府詹事
71443,詹事府左春坊左庶子
71444,詹事府左春坊左諭德
71445,展書官
71446,章京
71447,掌都司事
71448,掌國子監祭酒事
71449,掌翰林院事
71450,掌翰林院印信
71451,掌南京國子監祭酒事
71452,掌南京翰林院事
71453,掌太常卿事
71454,掌詹事府事
71455,招諭雲南
71456,昭妃
71457,昭容
71458,昭勇大將軍
71459,振武衛指揮同知
71460,鎮撫
71461,鎮筸參將
71462,鎮國上將軍
71463,鎮國中尉
71464,征勦流寇太監
71465,征鹵前將軍
71466,征虜大將軍
71467,征虜副將軍
71468,征虜將軍
71469,征虜前將軍
71470,征虜右副將軍
71471,征虜左副副將軍
71472,征虜左副將軍
71473,征虜左將軍
71474,征蠻副將軍
71475,征蠻將軍
71476,征南副將軍
71477,征南將軍
71478,征南右副將
71479,征南右副將軍
71480,征南總兵官
71481,征南左副將軍
71482,征戍將軍
71483,征討安南總兵官
71484,征西副將軍
71485,征西將軍
71486,征西前將軍
71487,征西右副將軍
71488,征西總兵官
71489,征西左副將軍
71490,征夷副將軍
71491,征夷將軍
71492,征彜將軍
71493,整紅旗固山備禦
71494,正白旗副都統
71495,正白旗梅勒額真
71496,正紅旗都統
71497,正紅旗固山額真
71498,正考官
71499,正千戶
71500,正使
71501,正治上卿
71502,知府
71503,知貢舉官
71504,知事
71505,知縣
71506,知州
71507,織造
71508,直文淵閣侍講學士
71509,直議公
71510,職方司郎中
71511,職方司員外郎
71512,職方司主事
71513,指揮
71514,指揮僉事
71515,指揮使
71516,指揮同知
71517,治書侍御史
71518,治中
71519,中都國子助教
71520,中都留守司管都指揮僉事
71521,中奉大夫
71522,中府都督府僉事
71523,中和殿大學士
71524,中後營參將
71525,中護衛百戶
71526,中護衛都督僉事
71527,中護衛副千戶
71528,中護衛千戶
71529,中護衛指揮僉事
71530,中護衛指揮使
71531,中護衛指揮同知
71532,中護衛總旗
71533,中護衛左所副千戶
71534,中極殿大學士
71535,中軍都督府都督
71536,中軍都督府都督僉事
71537,中軍都督府都督同知
71538,中軍都督府僉事
71539,中軍都督府右都督
71540,中軍都督府左都督
71541,中軍都督同知
71542,中軍游擊
71543,中軍右都督
71544,中軍左都督
71545,中路南兵營遊擊
71546,中書
71547,中書考功博士
71548,中書平章軍國重事
71549,中書舍人
71550,中書省參政
71551,中書省斷事
71552,中書省管勾
71553,中書省平章政事
71554,中書省右丞
71555,中書省右司郎中
71556,中書庶吉士
71557,中書左丞
71558,中書左司郎中
71559,中書左司員外郎
71560,中順大夫
71561,中衛指揮使
71562,中西三協太監
71563,中允
71564,中左所城守營
71565,忠勇侯
71566,忠勇王
71567,重錄永樂大典分校官
71568,重書累朝及恭睿献皇帝寶訓實錄總視經理官
71569,州吏目
71570,州判官
71571,州通判
71572,州同知
71573,周府紀善
71574,周府禮官
71575,周府宗正
71576,周王
71577,舳艫侯
71578,主簿
71579,主考官
71580,主客司郎中
71581,主客司主事
71582,主事
71583,主試順天
71584,主試應天
71585,專管牛录
71586,專管佐領
71587,專領護駕將軍
71588,轉運使
71589,莊妃
71590,莊平伯
71591,資政大夫
71592,宗人府經歷
71593,宗人府右宗人
71594,宗人府宗人令
71595,宗人府宗正
71596,宗人府左宗正
71597,總兵官
71598,總兵銜
71599,總部郎中
71600,總裁官
71601,總裁兼纂修官
71602,總督
71603,總督參贊官
71604,總督倉塲
71605,總督倉塲督理西苑農事
71606,總督倉場
71607,總督漕運
71608,總督漕運都御史
71609,總督漕運總兵官
71610,總督河道
71611,總督薊遼保定軍務都御史
71612,總督糧餉
71613,總督兩廣軍務
71614,總督兩廣軍務都御史
71615,總督南京機務
71616,總管大臣
71617,總管内務府大臣
71618,總監
71619,總監昌宣太監
71620,總理
71621,總理各國事務衙門漢章京
71622,總理河道
71623,總理薊州昌平保定三鎮練兵事總兵官
71624,總理糧儲
71625,總旗
71626,總視經理官
71627,纂修
71628,纂修副總裁
71629,纂修官
71630,纂修兼考校官
71631,纂修兼校正官
71632,纂修實錄副總裁
71633,左布政史
71634,左布政使
71635,左布政使銜
71636,左布政司
71637,左參將
71638,左參議
71639,左參政
71640,左長
71641,左長史
71642,左丞相
71643,左春坊大學士
71644,左春坊司直郎
71645,左春坊諭德
71646,左春坊左庶子
71647,左春坊左司直郎
71648,左春坊左諭德
71649,左春坊左贊善
71650,左春坊左中允
71651,左都督
71652,左都督銜
71653,左都御史
71654,左府都督僉事
71655,左府僉書
71656,左府署都督僉事
71657,左副都御史
71658,左副將
71659,左副總兵
71660,左傅
71661,左護衛
71662,左護衛百戶
71663,左護衛副千戶
71664,左軍都督府經歷
71665,左軍都督府僉書
71666,左軍都督僉事
71667,左軍都督同知
71668,左軍右都督
71669,左軍左都督
71670,左僉都御史
71671,左善世
71672,左少卿
71673,左侍郎
71674,左庶子
71675,左通政使
71676,左屯衛指揮使
71677,左衛都督僉事
71678,左衛都指揮僉事
71679,左衛副千戶
71680,左衛僉事
71681,左衛指揮僉事
71682,左衛指揮使
71683,左衛指揮同知
71684,左相
71685,左翼固山額真
71686,左翼總兵官
71687,左御史大夫
71688,左御史中丞
71689,左諭德
71690,佐領
71691,佐領銜
71692,坐營官
71693,坐營管操
71694,安成伯
71695,安國公
71696,安化王
71697,安陸侯
71698,安平侯
71699,安慶侯
71700,安丘王
71701,安順伯
71702,安順侯
71703,安王
71704,安鄉伯
71705,安鄉侯
71706,安陽侯
71707,安義侯
71708,安遠伯
71709,安遠侯
71710,按察副使銜
71711,八大王
71712,保定伯
71713,保定侯
71714,保國公
71715,邠國公
71716,濱國公
71717,苪國公
71718,伯
71719,博平王
71720,蔡國公
71721,曹國公
71722,昌寧伯
71723,昌寧侯
71724,昌平伯
71725,昌平侯
71726,長興侯
71727,超品一等公
71728,巢國公
71729,成安伯
71730,成安侯
71731,成國公
71732,成國公勳衛
71733,成山侯
71734,成陽侯
71735,承休王
71736,郕王
71737,誠意伯
71738,崇安侯
71739,崇山侯
71740,崇王
71741,崇信伯
71742,滁陽王
71743,楚王
71744,闖王
71745,代王
71746,帶俸指揮僉事
71747,德昌王
71748,德慶侯
71749,德王
71750,定王
71751,定西伯
71752,定西侯
71753,定襄伯
71754,定襄侯
71755,定興王
71756,定遠伯
71757,定遠侯
71758,東川侯
71759,東海侯
71760,東寧伯
71761,東寧侯
71762,東甌王
71763,東平侯
71764,東平王
71765,東丘郡侯
71766,東勝侯
71767,東莞伯
71768,都督府僉事銜
71769,多羅貝勒
71770,多羅克勤郡王
71771,多羅饒餘貝勒
71772,多羅睿郡王
71773,多羅肅郡王
71774,多羅武英郡王
71775,多羅豫郡王
71776,鄂國公
71777,恩國公
71778,二等男
71779,二等子
71780,豐城侯
71781,豐國公
71782,豐潤伯
71783,豐潤侯
71784,奉化伯
71785,奉化侯
71786,鳳翔侯
71787,敷惠王
71788,伏羌伯
71789,伏羗侯
71790,福王
71791,輔國公
71792,撫寧伯
71793,撫寧侯
71794,高陽伯
71795,高陽王
71796,恭順伯
71797,恭順侯
71798,恭順王
71799,鞏昌侯
71800,姑孰郡公
71801,谷王
71802,固山貝勒
71803,固山貝子
71804,固原伯
71805,廣昌伯
71806,廣德侯
71807,廣恩伯
71808,廣寧伯
71809,廣寧侯
71810,廣澤王
71811,歸善王
71812,桂王
71813,虢國公
71814,海國公
71815,海寧伯
71816,韓國公
71817,韓王
71818,漢王
71819,航海侯
71820,和碩貝勒
71821,和碩成親王
71822,和碩額駙
71823,和碩睿親王
71824,和碩肅親王
71825,和碩兄禮親王
71826,和碩穎親王
71827,和碩豫親王
71828,和碩鄭親王
71829,河間王
71830,河南侯
71831,鶴慶侯
71832,衡王
71833,弘毅公
71834,侯
71835,淮安侯
71836,淮王
71837,懷恩王
71838,懷寧伯
71839,懷寧侯
71840,懷柔伯
71841,懷柔侯
71842,懷王
71843,懷遠伯
71844,懷遠侯
71845,徽王
71846,惠安伯
71847,惠王
71848,會川伯
71849,會寧伯
71850,會寧侯
71851,吉安侯
71852,吉王
71853,薊王
71854,濟國公
71855,濟寧侯
71856,簡王
71857,建平伯
71858,江國公
71859,江夏侯
71860,江陰侯
71861,金山侯
71862,金鄉侯
71863,晉王
71864,縉雲郡伯
71865,荊王
71866,涇國公
71867,涇王
71868,涇陽伯
71869,景川侯
71870,景王
71871,靖安伯
71872,靖安侯
71873,靖國公
71874,靖海侯
71875,靖江王
71876,靖寧侯
71877,靖王
71878,靖遠伯
71879,靖遠侯
71880,靜樂王
71881,莒國公
71882,均王
71883,郡公
71884,郡王
71885,濬國公
71886,開平王
71887,淶國公
71888,藍田王
71889,樂浪公
71890,歷城侯
71891,梁王
71892,涼國公
71893,遼王
71894,臨川侯
71895,臨江侯
71896,臨武伯
71897,靈丘王
71898,六安侯
71899,隆平侯
71900,魯王
71901,潞國公
71902,潞王
71903,茂國公
71904,岷王
71905,沐陽伯
71906,南安侯
71907,南和伯
71908,南和侯
71909,南陵王
71910,南寧伯
71911,南寧侯
71912,南雄侯
71913,寧國公
71914,寧河王
71915,寧晉伯
71916,寧晉侯
71917,寧王
71918,寧陽伯
71919,寧陽侯
71920,寧遠伯
71921,寧遠侯
71922,甌寧王
71923,平江伯
71924,平江侯
71925,平涼侯
71926,平鄉伯
71927,平鄉侯
71928,平陽王
71929,普定侯
71930,戚王
71931,岐王
71932,岐陽王
71933,淇國公
71934,齊王
71935,蘄春侯
71936,蘄國公
71937,蘄王
71938,杞國公
71939,汧陽王
71940,黔國公
71941,黔寧王
71942,秦王
71943,沁水王
71944,清平伯
71945,清平侯
71946,清源王
71947,清遠伯
71948,清遠侯
71949,慶成王
71950,慶王
71951,渠國公
71952,衢國公
71953,荏平伯
71954,容國公
71955,榮昌伯
71956,榮國公
71957,榮王
71958,榮陽侯
71959,融國公
71960,汝國公
71961,汝南侯
71962,汝王
71963,芮國公
71964,瑞王
71965,三等公
71966,三等男
71967,三等子
71968,山陽伯
71969,上高王
71970,申王
71971,神武汗
71972,瀋王
71973,壽王
71974,蜀王
71975,順昌伯
71976,順義伯
71977,思恩侯
71978,泗國公
71979,宋國公
71980,肅王
71981,遂安伯
71982,太平侯
71983,泰寧侯
71984,潭王
71985,湯陰伯
71986,唐王
71987,滕國公
71988,滕王
71989,提督銜
71990,同安侯
71991,威寧伯
71992,蔚王
71993,衛國公
71994,衛王
71995,魏國公
71996,文安伯
71997,文安侯
71998,文城王
71999,吳王
72000,武安侯
72001,武城侯
72002,武定侯
72003,武岡王
72004,武功伯
72005,武進伯
72006,武進侯
72007,武靖伯
72008,武靖侯
72009,武康伯
72010,武平伯
72011,武平侯
72012,武强伯
72013,武清伯
72014,武清侯
72015,武勳王
72016,武義伯
72017,西河王
72018,西寧侯
72019,西平侯
72020,西王
72021,陜國公
72022,夏國公
72023,咸安侯
72024,咸寧伯
72025,咸寧侯
72026,縣男
72027,縣子
72028,湘王
72029,襄城伯
72030,襄陵王
72031,襄王
72032,襄垣王
72033,忻城伯
72034,忻王
72035,新昌伯
72036,新城侯
72037,新建伯
72038,新建侯
72039,新樂伯
72040,新樂侯
72041,新樂王
72042,新順王
72043,新泰伯
72044,信安伯
72045,信國公
72046,信王
72047,信王妃
72048,興安伯
72049,興國公
72050,興國太后
72051,興濟伯
72052,興濟侯
72053,興寧伯
72054,興王
72055,興王妃
72056,興獻后
72057,興獻皇太后
72058,興獻王
72059,雄武侯
72060,秀王
72061,徐王
72062,許國公
72063,許王
72064,續順公
72065,宣城伯
72066,宣德侯
72067,宣國公
72068,宣寧侯
72069,宣平王
72070,延安侯
72071,燕山侯
72072,燕王
72073,燕王妃
72074,陽武侯
72076,一等子
72077,伊王
72078,沂國公
72079,沂王
72080,宜春侯
72081,益王
72082,嶧國公
72083,翼城侯
72084,鄞國公
72085,英國公
72086,滎陽侯
72087,應城伯
72088,營國公
72089,營陽侯
72090,郢國公
72091,郢王
72092,潁川侯
72093,潁國公
72094,潁王
72095,雍王
72096,永昌侯
72097,永城侯
72098,永定侯
72099,永國公
72100,永嘉侯
72101,永康侯
72102,永明王
72103,永寧伯
72104,永平侯
72105,永順伯
72106,永順侯
72107,永王
72108,遊擊將軍銜
72109,虞衡司員外郎
72110,虞王
72111,裕妃
72112,裕國公
72113,裕王
72114,裕王妃
72115,豫國公
72116,豫王
72117,豫章侯
72118,沅王
72119,越巂侯
72120,越王
72121,鄖國公
72122,鄆國公
72123,棗陽王
72124,贈太子少保
72125,贈太子太保
72126,彰武伯
72127,彰武侯
72128,漳國公
72129,招遠伯
72130,昭德王
72131,趙王
72132,鎮安王
72133,鎮平王
72134,鎮遠侯
72135,鄭世子
72136,鄭王
72137,智順王
72138,中山侯
72139,中山王
72140,忠誠伯
72141,忠國公
72142,忠勤伯
72143,忠勇伯
72144,左覺義
72145,右覺義
72146,修禮書
72147,戶部司計
72148,副布政使
72149,兵部觀政
72150,大理寺觀政
72151,都察院觀政
72152,工部觀政
72153,戶部觀政
72154,禮部觀政
72155,吏部觀政
72156,通政司觀政
72157,刑部觀政
72158,通政司右通政
72160,驗封司郎中
72161,通政使司
72162,兩淮巡鹽
72163,都水司參議
72164,都水司主事
72165,順天同考
72166,儒學教授
72167,武學教授
72168,四譯館提督
72169,太常寺博士
72170,道左參議
72171,上林苑監典簿
72173,鹽運司運使
72174,鹽運司知事
72175,鹽運司都使
72176,鹽運司副使
72177,鹽課司大使
72178,鹽課司副使
72179,鹽場大使
72180,通議大夫
72181,鴻臚寺主簿
72182,鴻臚寺署丞
72183,鴻臚寺少卿
72184,鴻臚寺寺丞
72185,鴻臚寺
72186,府庫大使
72187,錦衣衛指揮僉事
72188,錦衣衛正千戶
72189,錦衣衛副千戶
72190,錦衣衛總旗
72191,錦衣衛衣左所正千戶
72192,錦衣衛都指揮僉事
72193,錦衣衛鎮撫
72194,錦衣衛管衛事
72195,陰陽官
72196,陰陽典術
72197,陰陽正術
72198,陰陽訓術
72199,陰陽學術
72200,鑄印局副使
72201,長官司吏目
72202,錦衣衛經歷
72203,錦衣衛都指揮同知
72204,錦衣衛百戶
72205,錦衣衛所鎮撫
72206,錦衣衛典史
72207,錦衣衛畧將軍
72208,錦衣衛大漢將軍
72209,錦衣衛堂衛承禧見都指揮使同錦衣同知
72210,錦衣衛冠帶總旗
72211,錦衣衛冠帶小旗
72212,錦衣衛冠帶將軍
72213,大中大夫
72214,醫官
72215,醫學訓術
72216,醫學正科
72217,醫士
72218,醫學訓科
72219,醫學正術
72220,醫學典科
72221,醫學典術
72222,錦衣將軍
72223,錦衣衛管衛事
72224,醫正
72225,醫生
72226,鄉飲賓
72227,鄉耆
72228,鄉大賓
72229,鎮撫司
72230,賜冠帶
72231,都察院檢校
72232,都察院照磨
72233,都察院司務
72234,都察院副使
72235,都司都事
72236,都司經歷
72237,郡賓
72238,遞運所大使
72239,都轉運鹽使司判官
72240,都轉運鹽使司同知
72241,都轉運鹽使司知事
72242,都轉運鹽使司經歷
72243,運司運使
72244,運司經歷
72245,運司知事
72246,運司同知
72247,運司副使
72248,鎮國將軍
72249,都司僉事
72250,府知事
72251,院使
72252,院判
72253,朝列太夫
72254,奉直大夫
72255,承德郎
72256,都察院都御史
72257,都指揮事
72258,醫學教諭
72259,稅課司大使
72260,通政司通政使
72261,通政同知參議
72262,通政司知事
72263,運司判官
72264,運使
72265,迪功郎
72266,通事舍人
72267,通奉大夫
72268,邢部員外郎
72269,資德大夫
72270,巡檢
72271,四夷館譯字官
72272,邢部主事
72273,資善大夫
72274,賢政大夫
72275,秋官正
72276,稅課局大使
72277,稅課局副史
72278,鄉君
72279,評事
72280,訓術
72281,訓科選官
72282,右營中軍
72283,資治少尹
72284,正議大夫
72285,資治尹
72286,中議大夫
72287,太中大夫
72288,詹事府錄事
72289,太孺人
72290,孺人
72291,太宜
72292,太恭人
72293,恭人
72294,賢人
72295,訓科
72296,貞節
72297,國子監助教
72298,譯字生
72299,衛鎮撫
72300,衛學訓導
72301,衛學教授
72302,衛吏目
72303,行人司副使
72304,行人司
72305,良醫正
72306,王府良醫正
72307,長吏
72308,王府左長吏
72309,苑馬寺少卿
72310,良醫
72311,行太僕寺主簿
72312,行司經歷
72313,聽選官
72314,宜人
72315,官生
72316,安人
72318,衛倉大使
72319,壽官
72320,都察院都事
72321,耆賓
72322,翰林院
72323,義民官
72324,義官
72325,大使
72326,倉大使
72327,京庫大使
72328,所大使
72329,局大使
72330,翰林院學士
72331,縣君
72332,縣主
72333,翰林院孔目
72334,孝子
72335,行省知事
72336,行部司務
72337,蕃育署署丞
72338,茶引所大使
72339,典謄
72340,署正
72341,光祿寺署正
72342,贊治尹
72343,賢良方正
72344,禮部司務
72345,總管
72346,運判
72347,節婦
72348,管錦衣衛事
72349,納粟千戶
72350,禮部儒士
72351,聽運官
72352,署丞
72353,所吏目
72354,承德大夫
72355,祭祠官
72356,三品服色
72357,王府引禮生
72358,禮生
72359,省祭官
72360,三品俸
72361,省察官
72362,王府良醫
72363,王府紀膳
72364,王府教授
72365,理問
72366,王府引禮舍人
72367,王府引禮官
72368,王府引禮
72369,王府典膳
72370,照磨
72371,州學正
72372,吏部員外郎
72373,知印
72374,監丞
72375,監事
72376,登仕郎
72377,登仕佐郎
72378,太醫院吏目
72379,引禮
72380,典膳
72381,軍器局大使
72382,漕運參將
72383,府治中
72384,府教授
72385,司獄
72386,奉祀正
72387,奉祀
72388,太淑人
72389,太安人
72390,大夫
72391,太宜人
72392,太夫人
72393,大理寺寺正
72394,亞中大夫
72395,都察院右御史
72396,翰林院侍講學士掌院事
72397,府學教授
72398,通政司參議
72399,四品服色
72400,典寶
72401,典樂
72402,典術
72403,典膳正
72404,典膳
72405,典儀
72406,典仗
72407,兵馬司指揮
72408,兵馬司副指揮
72409,進奉大夫
72410,王府典簿
72411,王府典寶
72412,王府審理
72413,王府典儀
72414,淑人
72415,儒官
72416,儀賓
72417,兵部司務
72418,八品散官
72419,光祿寺錄事
72420,光祿寺監事
72421,光祿寺典簿
72422,倉副使
72423,修職郎
72424,一品夫人
72425,七品散官
72426,中大夫
72427,中憲大夫
72428,九品散官
72429,京衛知事
72430,京衛經歷
72431,侍郎
72432,七品敬官
72433,上林苑監署丞
72434,上林苑監錄事
72435,二品夫人
72436,徵仕郎
72437,冠帶官
72438,冠帶醫士
72439,冠帶舍人
72440,冠帶耆民
72441,冠帶總旗
72442,冠帶通事
72443,助教
72444,吏部司務
72445,太醫院醫士
72446,太醫院院使
72447,審理正
72448,審理副
72449,恩榮官
72450,散官
72451,文林郎
72452,正科
72453,正術
72454,武德將軍
72455,武略將軍
72456,昭勇將軍指揮使
72457,朝列大夫
72458,榮祿大夫
72459,文思院副使
72460,文思院大使
72461,提刑按察使司照磨
72462,提刑按察使司提學僉事
72463,提刑按察使司知事
72464,冠帶鄉飲賔
72465,刑部司務
72466,序班
72467,府照磨
72468,府檢校
72469,教諭舉人
72470,昭信校尉
72471,昭勇將軍
72472,泰人
72473,二品服色
72474,典科
72475,倉官
72476,明威將軍
72477,博士
72478,承差
72479,提舉
72480,冠帶壽官
72481,冠帶將軍
72482,冠帶小旗
72483,冠帶義夫
72484,欽天監博士
72485,欽天監陰陽生
72486,欽天監副
72487,欽天監五官司曆
72488,兵馬
72489,王府典儀副
72490,典儀正
72491,光祿大夫
72492,光祿寺書正
72493,副指揮
72494,副提舉
72495,上林苑監典署
72496,上林苑寺監左監丞
72497,上林苑監大監丞
72498,儒林院侍講
72499,懷遠將軍
72500,國子監典簿
72502,右軍都督府經歷
72503,仕佐郎
72504,兩浙運使
72505,兩淮運使
72506,十品散官
72507,州學訓導
72508,州推官
72509,印鈔局副使
72510,刑科給事
72511,七品學官
72512,刑部司獄
72513,副總兵
72514,太常寺典簿
72515,副監察御史
72516,入名宦祠
72517,冬官正
72518,國子監司
72519,正四品
72520,奉議大夫
72521,正奉大夫
72522,左柱國
72523,鄉賢
72524,京衛武學教授
72525,京營左擊將軍都指揮僉事
72526,副理問
72527,右少卿
72528,冠帶千長
72529,冠帶歸養
72530,冠帶賢士
72531,冠帶儒士
72532,刑部廣西司員外郎
72534,刑部給事中
72535,參議大夫
72536,正五品
72537,大理寺副
72538,左參議
72539,司牧局大使
72540,國子監典籍
72541,國子監學士
72542,國子監學錄
72543,國子監監丞
72544,冠帶階士
72545,吏部考功副主事
72546,奉祠
72547,奉祠副
72548,奉諭
72549,大理寺司務
72550,布政司理問
72551,布政使司布政使
72552,布政使司檢校
72553,布政司庫副使
72554,布政使司正理問
72555,朝議大夫
72556,柱國
72557,武學訓導
72558,吏員
72559,廵檢
72560,引禮官
72561,河泊所大使
72562,戶部署員外郎
72563,戶部署郎中
72564,場大使
72565,場官
72566,正七品散官
72567,郡君
72568,郡主
72569,王府典史
72570,王府奉祀正
72571,王府奉祠
72572,王府工正
72573,監官
72574,太醫院冠帶醫士
72575,太常寺寺丞
72576,太醫院判
72577,太醫院惠民局副使
72578,太醫院醫官
72579,奉祀所典樂
72580,宣慰司經歷
72581,布政司副理問
72582,儒林郎
72583,奎文閣典籍
72584,學正事
72585,官人
72586,宣聖廟司樂
72587,宣課司副使
72588,將仕郎
72589,少卿
72590,少宜人
72591,奉祀丞
72592,奏議大夫
72593,孔廟典樂
72594,司吏
72595,吏部稽勳郎
72596,巡撫貴州兼督湖北川東軍務
72597,按察司司獄
72598,按察司副使
72599,正治卿
72600,都察院
72601,府都事
72602,按察司副將
72603,右給事中
72604,錦衣衛管衛事指揮使
72605,鴻臚寺左少卿
72606,工部織染所副使
72607,工部營繕司所正
72608,工部營繕司所丞
72609,華蓋殿大學士
72610,部右侍郎
72611,部員外郎
72612,宗人府儀賓
72613,寺丞
72614,布政司
72615,禮科左給事中
72616,兵備
72617,固堤塲副使
72618,掌縣事
72619,太史
72620,按察司檢校
72621,兵部候選司郎中
72622,兵部工事
72623,布政司司獄
72624,府司獄
72625,局大史
72626,尚賢司卿
72627,尚賢司丞
72628,提學御史
72629,提舉司提舉
72630,提舉司典吏
72631,中職大夫
72632,參政大夫
72633,晉帶大夫
72634,文瀾閣大學士
72635,校書
72636,按察使司僉事
72637,工部營衛所正
72639,市舶司正提舉
72640,布政使司僉事
72641,府倉大使
72642,刑部指揮僉事
72644,縣尉
72645,縣訓導
72646,戶部給事中
72647,戶部照磨
72648,戶部檢校
72649,戶部書算
72650,戶部司務
72651,承運庫大使
72652,昭毅將軍
72653,從三品
72654,正府尹
72655,總督南京糧儲
72656,行在鴻臚寺右寺丞
72657,織染局副使
72658,行部吏曹郎中
72659,行太僕寺
72660,正二品服
72661,禮科檢事中
72662,掌國子司事
72663,建極殿大學士
72664,護身殿大學士
72665,工部屯田司郎中
72666,名宦鄉賢
72667,工部虞衙司郎中
72668,按察使司副使
72669,總督軍務
72670,秉義郎
72671,戶刑給事中
72672,戶政科給事中
72673,兵科給事中
72674,督都府御史
72675,撫司經歷
72676,正七品
72677,忠顯校尉
72678,戶部主事
72680,翰林院庶吉士
72681,禮部主客司主事
72682,庶吉士
72683,刑部廣東司主事
72685,中書舍人
72686,翰林庶吉士編修
72687,南刑部江西司主事
72688,左給事中
72689,丁憂
72690,丁母憂
72691,丁父憂
72692,承重丁憂
72693,總督漕運兼提督軍務巡撫鳳陽等處
72694,告病
72695,寺正
72696,工部給事中
72697,贊善
72698,刑部
72699,兵部
72700,陝西司員外郎
72701,陝西司郎中延綏管糧
72702,兵部左侍郎協理戎政
72703,左司直郎
72704,刑部御史
72705,通戶主事
72706,恤刑
72707,本省同考
72708,丁艱
72709,丁外艱
72710,丁內艱
72711,養病
72712,鈔關
72713,左寺副
72714,右寺副
72715,驗封司主事
72716,春坊中允
72717,春坊司直郎
72718,太子太保少傅
72719,文選司
72720,禮部
72721,吏部
72722,副使參政
72723,大理寺
72724,參政廉憲
72727,禮部左右侍郎
72728,總督漕運右副都御史
72729,經略畿輔典刑
72730,都給事中
72731,浙江司郎中
72732,浙江清吏司郎中
72733,寺副
72734,兩淮鹽運使
72735,總理河道漕運
72736,總督薊遼保定軍務
72737,太僕寺
72738,提督操江都察院左副都御史
72739,協理京管南京都察院右都御史
72740,入場主試
72741,終養
72742,雲南司郎中管通州粮儲
72743,科給事中
72744,工部侍郎
72745,刑部侍郎
72746,分考官
72747,河東鹽運使
72748,協理戎政
72749,提督操江都察院右副都御史
72750,營造司郎中
72751,貴州司員外郎
72752,山西司郎中
72753,總督粮儲
72754,兩淮鹽運司副使
72755,右春坊清紀郎
72756,國子監學政
72757,管北新關
72758,工部管轄司主事
72759,管倉
72760,巡撫右都御史
72761,司正
72762,司副
72763,左司副
72764,工部都給事中
72765,禮部給事中
72766,右寺正
72767,左寺正
72768,理刑
72769,戶部廣東清吏司主事
72771,按察司理事
72772,太少卿
72773,操江大理卿
72774,河西務鈔關
72775,管驗糧廳
72776,工部營繕司
72777,左春坊清紀郎待書
72778,雲南司主事
72779,廣東司郎中
72780,戶部福建清吏司主事
72781,操江右僉都御史
72783,河東鹽運司知事
72784,經理河工
72785,提督武學
72786,山東司郎中
72787,河南務鈔關
72788,司郎中遼東管糧
72789,工部
72790,工部屯田司
72791,戶部
72792,管繕司
72793,都察院掌院事
72794,管節慎庫
72795,戶部浙江司
72796,告休
72797,充妃
72798,定妃
72799,惠妃
72800,麗妃
72801,國史監修官
72802,未詳
72803,刑部司
72804,王府護衛
72805,州別駕
72806,從仕郎
72807,承直郎
72808,府文學
72809,水部司郎官
72810,典籤
72811,上林苑監左監正
72812,上林苑監監副
72813,戶部分司
72814,河防道
72815,副長官
72816,試百户
72817,營官
72818,道員
72819,諭德
72820,欽天監五官監候
72821,輔國中尉
72822,奉國將軍
72823,長史司錄事
72824,南京太常寺卿
72825,行部右侍郎
72826,提督操江都察院副都御史
72827,操江都御史
72828,南京戶部郎中
72829,南京工部主事
72830,鹽運司經歷
72831,兵馬司
72832,驛傳道
72833,壩官
72834,南京刑部右侍郎
72835,管河道副使
72836,參政
72837,吏部司封司員外郎
72838,安撫使
72839,宣慰使
72840,衍聖公
72841,戶部陝西司員外郎
72842,榷使
72843,苑馬寺監正
72844,奉國中尉
72845,宣議郎
72846,尚書省右丞
80001,阿哥諳達
80002,阿哥滿洲諳達
80003,阿哥師傅
80004,阿哥師傅處行走
80005,阿哥授讀尚書房行走
80006,阿哥總諳達處行走
80007,阿奇木伯克
80008,阿奇木六品伯克
80009,阿思哈尼哈番
80010,阿主事銜
80011,安郡王
80012,諳達
80013,按察副使
80014,阿哥清文諳達
80015,按察使
80016,按察使兼管驛務
80017,按察使兼署鹽法道
80018,按察使司經歷
80019,按察使司僉事
80020,按察使提法使
80021,按察使銜
80022,按察使鹽茶道
80023,按察使鹽法道
80024,按察使篆務
80025,昂邦章京
80026,八分輔國公
80027,八品筆帖式
80028,八品監生
80029,八品廕生
80030,八品苑副
80031,八旗拔貢會考大臣
80032,八旗步軍營副尉
80033,八旗步軍營協尉
80034,八旗都統
80035,八旗都統衙門俸饟處總辦
80036,八旗官學翰林官
80037,八旗官學教習
80038,八旗漢軍排槍隊管帶官
80039,八旗漢軍礮隊幫操章京
80040,八旗漢軍礮隊專操大臣
80041,八旗護軍練兵大臣
80042,八旗護軍營練兵營務翼長
80043,八旗護軍專操大臣
80044,八旗童試搜檢大臣
80045,八旗文會試馬步射監試官
80046,八旗鄉試監射大臣
80047,八旗驍騎營練兵大臣
80048,八旗小學堂提調官
80049,八旗學堂副總辦
80050,八旗幼官世職官員軍政
80051,八旗值年大臣
80052,八旗志書館謄錄
80053,八旗志書館纂修官
80054,八旗專操大臣
80055,八旗專操大臣管理新舊營房
80056,八旗佐年大臣
80057,八音溝承化寺呼圖克圖
80058,拔貢補行朝考閱卷大臣
80059,拔貢補行覆試優貢朝考閱卷大臣
80060,拔貢查察大臣
80061,拔貢朝考查察大臣
80062,拔貢朝考覆試閱卷大臣
80063,拔貢朝考覆試閱卷官
80064,拔貢朝考試卷大臣
80065,拔貢朝考閱卷大臣
80066,拔貢朝考閱卷官
80067,拔貢覆試閱卷大臣
80068,拔貢進場閱卷大臣
80069,拔貢考試教習內監試官
80070,拔貢閱卷大臣
80071,拔貢閱卷官
80072,把總
80073,把總銜
80074,白旗防禦
80075,白旗漢教習
80076,百總
80077,拜唐阿
80078,拜唐阿工部拜堂阿
80079,班領
80080,班領事務章京
80081,頒詔官
80082,頒詔正使
80083,半個前程
80084,伴讀瑞郡王
80085,伴送琉球貢差
80086,辦翰林院事
80087,辦軍務
80088,辦軍營務處
80089,辦理安輯事宜
80090,辦理崇文門商稅事務
80091,辦理大臣
80092,辦理督銷事務
80093,辦理防勦事宜
80094,辦理防務
80095,辦理工程
80096,辦理溝渠事務值年大臣
80097,辦理翰林院事
80098,辦理荒務大臣
80099,辦理會防局
80100,辦理講武館
80101,辦理交涉事務大臣
80102,辦理教案及軍務
80103,辦理借款事宜
80104,辦理警務學堂
80105,辦理軍需局事務
80106,辦理開墾事宜
80107,辦理勘界事宜
80108,辦理糧台事務
80109,辦理糧餉章京
80110,辦理陵寢事務大臣
80111,辦理苗疆軍務大臣
80112,辦理內閣事務章京
80113,辦理三口通商事務大臣
80114,辦理三陵事務
80115,辦理善後局事務
80116,辦理商稅事務大臣
80117,辦理商約大臣
80118,辦理省城糧臺
80119,辦理省城營務
80120,辦理四庫全書處行走
80121,辦理團防事務
80122,辦理團練
80123,辦理團練防勦事宜
80124,辦理五城練勇局事宜
80125,辦理五城中學堂
80126,辦理巡防事宜
80127,辦理鹽務
80128,辦理譯書局事務
80129,辦理議功所事務
80130,辦理銀庫事務
80131,辦理營務處
80132,辦理右翼稅務
80133,辦理站事
80134,辦理賑務
80135,辦理賑務隨員
80136,辦農工商務局事宜
80137,辦山東海防事務
80138,辦山東河工總局
80139,辦省
80140,辦事
80141,辦事參贊大臣
80142,辦事大臣
80143,辦事大臣兼理事務
80144,辦事大臣駐紮副都統
80145,辦事副護軍參領
80146,辦事翰林官
80147,辦事護軍參領
80148,辦事護軍校
80149,辦事空銜花翎護軍校
80150,辦事領隊大臣
80151,辦事侍衛班領
80152,辦事章京
80153,辦事中書
80154,辦事中書舍人
80155,辦司員
80156,辦堂郎中
80157,辦營務處
80158,辦院事
80159,辦院事本衙門撰文
80160,辦鎮江轉運餉械局務
80161,辦鄭工善後河圖局務
80162,幫辦
80163,幫辦寶泉局監督
80164,幫辦北洋事務大臣
80165,幫辦本旗印務
80166,幫辦大臣
80167,幫辦大臣學習行走
80168,幫辦電政大臣
80169,幫辦甘肅籌捐局
80170,幫辦各省土藥統稅事宜
80171,幫辦貴州省城軍需糧餉總局事宜
80172,幫辦海軍事務
80173,幫辦河南剿匪事宜
80174,幫辦黑龍江鎮邊軍事宜
80175,幫辦江北軍營軍務欽差督辦
80176,幫辦津浦鐵路大臣
80177,幫辦軍務大臣
80178,幫辦理刑司蒙民交涉刑名事務
80179,幫辦糧台
80180,幫辦領班行走
80181,幫辦領班章京
80182,幫辦領隊大臣
80183,幫辦批本
80184,幫辦日本通商條約事務
80185,幫辦三省剿匪事宜
80186,幫辦山東全省洋務事宜
80187,幫辦實錄館提調
80188,幫辦事務
80189,幫辦現審
80190,幫辦巡城御史
80191,幫辦印務事務
80192,幫辦院事
80193,幫辦院事翰林官
80194,幫辦章京
80195,幫辦總理各國事務衙門大臣
80196,幫帶圍隊營
80197,幫漢總纂官
80198,幫統新練左軍兼帶左營
80199,幫掌考功司印
80200,幫掌印上行走
80201,幫總教官
80202,包衣佐領
80203,保和殿大學士
80204,保和殿覆試直各省鄉舉人閱卷大臣
80205,保和殿監試大臣
80206,保和殿舉人覆試監試大臣
80207,保和殿舉人覆試閱卷大臣
80208,保和殿考漢御史監試
80209,保和殿考試翻譯監
80210,保和殿考試蒙古翻譯彈壓
80211,保和殿庶吉士散館彈壓
80212,保和殿學士
80213,保和會專使大臣
80214,堡把總
80215,堡參將
80216,堡查邊
80217,堡都司
80218,堡額外外委
80219,堡千總
80220,堡守備
80221,堡右屯右翼驍騎校
80222,堡總管
80223,寶和殿監事
80224,寶泉局監督
80225,寶泉局滿洲監督
80226,寶泉司監督
80227,寶源局監督
80228,寶源局滿洲監督
80229,寶源局錢法堂監督
80230,報聘俄國專使
80231,北城兵馬司指揮
80232,北檔房領辦
80233,北檔房行走
80234,北檔房總辦
80235,北道
80236,北兩關稅務
80237,貝勒
80238,貝勒爵
80239,貝勒銜
80240,貝子
80241,貝子銜
80242,備班前引大臣
80243,備查壇廟大臣
80244,備察壇廟大臣
80245,備引大臣
80246,本衙門撰文
80247,筆帖式
80248,筆帖式上行走
80249,筆帖式銜
80250,筆帖式學習
80251,避暑山莊總管
80252,編查館一等諮議官
80253,編詞林典故
80254,編書處幫提調官
80255,編書處幫提調上行走
80256,編書處編修
80257,編書處提調
80258,編書處詳校官
80259,編書處協修官
80260,編書處總校官
80261,編書處總纂官
80262,編書處纂修官
80263,編書局監督
80264,編書局總纂
80265,編書纂修
80266,編修
80267,編修上行走
80268,編修銜
80269,編纂官
80270,編纂官制大臣
80271,邊務大臣
80272,標把總
80273,標堡都司
80274,標城守營都司
80275,標都司
80276,標額外外委
80277,標副將
80278,標關都司
80279,標後營千總
80280,標卷官
80281,標千總
80282,標前營都司
80283,標前營千總
80284,標前營守備
80285,標前營遊擊
80286,標前營中軍遊擊
80287,標識大臣
80288,標守備
80289,標水師前營遊擊
80290,標水師右營遊擊
80291,標外委
80292,標協副將
80293,標營都司
80294,標營千總
80295,標營守備
80296,標營外海水師遊擊
80297,標營遊擊
80298,標營左哨千總
80299,標遊擊
80300,標右營
80301,標右營把總
80302,標右營都司
80303,標右營額外外委
80304,標右營經制外委
80305,標右營千總
80306,標右營守備
80307,標右營守衛
80308,標右營外海水師遊擊
80309,標右營外委
80310,標右營遊擊
80311,標右營右哨補伍
80312,標右營右哨千總
80313,標右營右哨頭司把總
80314,標右營中營千總
80315,標右營左哨千總
80316,標鎮左營外委
80317,標中軍參將
80318,標中軍副將
80319,標中軍守備
80320,標中軍水師遊擊
80321,標中軍外洋水師遊擊
80322,標中軍遊擊
80323,標中軍中營遊擊
80324,標中營把總
80325,標中營參將
80326,標中營千總
80327,標中營守備
80328,標中營外委
80329,標中營遊擊
80330,標中營中軍守備
80331,標左哨千總
80332,標左營把總
80333,標左營參將
80334,標左營都司
80335,標左營副將
80336,標左營千總
80337,標左營守備
80338,標左營水師守備
80339,標左營外海水師守備
80340,標左營外委
80341,標左營遊擊
80342,標左營右哨千總
80343,標左營右哨司把總
80344,標左營中軍守備
80345,標左營左哨千總
80346,標左營左哨頭司外委
80347,標左營左哨外委
80348,驃騎將軍
80349,兵備處總辦
80350,兵備道
80351,兵備道參議
80352,兵備道參政
80353,兵備道副使
80354,兵備道銜
80355,兵部筆帖式
80356,兵部筆帖式上行走
80357,兵部筆帖式學習行走
80358,兵部差官
80359,兵部車駕司幫總辦
80360,兵部車駕司額外主事上學習行走
80361,兵部車駕司郎中
80362,兵部車駕司行走
80363,兵部車駕司員外郎
80364,兵部車駕司主事
80365,兵部車駕司總辦
80366,兵部承政
80367,兵部督捕副理事官
80368,兵部督捕郎中
80369,兵部督捕理事官
80370,兵部督捕侍郎
80371,兵部督捕司司務
80372,兵部督捕右理事官
80373,兵部督捕右侍郎
80374,兵部督捕左理事官
80375,兵部督捕左侍郎
80376,兵部額外侍郎
80377,兵部額外主事
80378,兵部額外主事上行走
80379,兵部漢本房總辦
80380,兵部漢堂主事
80381,兵部捷報處員外郎
80382,兵部捷報處章京
80383,兵部九品筆帖式
80384,兵部郎中
80385,兵部郎中上行走
80386,兵部理事官
80387,兵部滿洲員外郎
80388,兵部七品筆帖式
80389,兵部尚書
80390,兵部尚書事務
80391,兵部尚書銜
80392,兵部尚書協辦大學士
80393,兵部事務處承辦章京主事
80394,兵部侍郎
80395,兵部侍郎銜
80396,兵部侍郎右副都御史銜
80397,兵部司務
80398,兵部司務廳領班
80399,兵部司務廳收掌
80400,兵部司主事
80401,兵部堂主事
80402,兵部武庫清吏司提督武學主事
80403,兵部武庫司郎中
80404,兵部武庫司主事
80405,兵部武庫司總辦上行走
80406,兵部武選司郎中
80407,兵部武選司員外郎
80408,兵部武選司掌印郎中
80409,兵部武選司主事
80410,兵部武選司總辦
80411,兵部行走
80412,兵部學習行走
80413,兵部學習主事
80414,兵部右侍郎
80415,兵部右侍郎銜
80416,兵部員外郎
80417,兵部則例館供事
80418,兵部則例館提調
80419,兵部掌印給事中
80420,兵部職方清吏司督捕員外郎
80421,兵部職方司漢郎中
80422,兵部職方司郎中
80423,兵部職方司行走
80424,兵部職方司學習行走
80425,兵部職方司員外郎
80426,兵部職方司主事
80427,兵部職方司總辦郎中
80428,兵部主事
80429,兵部主事上行走
80430,兵部左侍郎
80431,兵官
80432,兵科都給事中
80433,兵科副理事官
80434,兵科給事中
80435,兵科漢掌印給事中
80436,兵科印禮科給事中
80437,兵科右給事中
80438,兵科掌印給事中
80439,兵科左給事中
80440,兵輪三副
80441,兵輪營務處
80442,兵輪右翼長
80443,兵馬司副指揮
80444,兵馬司指揮
80445,兵親軍藍翎長
80446,兵刑工科給事中
80447,兵刑工三科掌印給事中
80448,兵巡道
80449,伯
80450,博士
80451,博碩克圖汗
80452,捕盜步軍校
80453,捕盜局內外洋水師當差
80454,捕河通判
80455,補行拔貢覆試閱卷大臣
80456,補行大考閱卷大臣
80457,補行翻譯鄉試閱卷大臣
80458,補行覆試閱卷大臣
80459,補行會試同考官
80460,補行考試拔貢閱卷大臣
80461,補行武舉覆試大臣
80462,補行鄉試副考官
80463,補行鄉試覆試閱卷大臣
80464,補用道
80465,不入八分輔國公
80466,不入八分輔國公銜
80467,不入八分鎮國公
80468,布庫大使
80469,布理問
80470,布政使常鎮通道
80471,布政使司
80472,布政使司布政使
80473,布政使司參議
80474,布政使司參議分守道
80475,布政使司參政
80476,布政使司經歷
80477,布政使司理問
80478,布政使司吏
80479,布政使司僉事
80480,布政使司右布政使
80481,布政使司右參議
80482,布政使司右參政
80483,布政使司左布政使
80484,布政使司左參議
80485,布政使司左參議分守道
80486,布政使司左參政
80487,布政使銜
80488,布政司庫大使
80489,布政司理問
80490,步兵統領
80491,步隊協統領
80492,步隊學堂監督
80493,步箭領班大臣
80494,步軍副尉
80495,步軍統領
80496,步軍統領巡捕營副將
80497,步軍統領衙門筆帖式
80498,步軍統領衙門兼辦司員
80499,步軍統領衙門兼辦司員額外上行走
80500,步軍統領衙門兼辦司員上額外行走
80501,步軍統領衙門郎中
80502,步軍統領衙門七品筆帖式
80503,步軍統領衙門司務
80504,步軍統領衙門刑名事務
80505,步軍統領衙門行走
80506,步軍統領衙門員外郎
80507,步軍統領衙門章京
80508,步軍統領衙門主事
80509,步軍統領總尉統領
80510,步軍校
80511,步軍協尉
80512,步軍翼尉
80513,步軍右翼翼尉
80514,步軍右翼總兵
80515,步軍總尉
80516,步營防禦
80517,部參議上行走
80518,部落賜祭大臣
80519,部落大臣
80520,部落副將軍
80521,部落副盟長
80522,部落盟長
80523,部行走
80524,部右侍郎
80525,部扎薩克多羅郡王親王品級
80526,部屬
80527,財政處會辦大臣
80528,財政處提調
80529,採買米石大臣
80530,參等侍衛
80531,參等拖夏喇哈方
80532,參將
80533,參將銜
80534,參將印務
80535,參軍事
80536,參領
80537,參領鳥槍護軍參領
80538,參領上行走
80539,參領職銜
80540,參議
80541,參議道
80542,參議上行走
80543,參遊副將
80544,參預政務大臣
80545,參暫大臣
80546,參贊
80547,參贊大臣
80548,參贊大臣上行走
80549,參贊大臣銜
80550,參贊官
80551,參贊軍務
80552,參讚大臣
80553,參政
80554,參政銜
80555,叄等輕車都尉
80556,餐贊大臣
80557,倉場監督
80558,倉場侍郎
80559,倉場委用
80560,倉場衙門筆帖式
80561,倉場總督
80562,倉監督
80563,倉滿監督
80564,藏印議約參贊西藏查辦事件大臣
80565,曹道
80566,漕標副將
80567,漕標右營遊擊
80568,漕標中軍副將
80569,漕標中營副將
80570,漕標左營都司
80571,漕運督標城守營參將
80572,漕運督標中軍副將
80573,漕運通判
80574,漕運總督
80575,漕運總督中軍副將
80576,冊封大臣
80577,冊封副使
80578,冊封正使
80579,冊立大臣
80580,冊立副使
80581,冊使節
80582,查辦海塘並事件
80583,查辦事件大臣
80584,查辦事件隨帶司員
80585,查辦事件委員
80586,查辦鹽務
80587,查倉大臣
80588,查倉給事中
80589,查倉科道
80590,查倉御史
80591,查漕御史
80592,查城大臣
80593,查城及驗看月官大臣
80594,查估會典館工程
80595,查廣儲庫六庫大臣
80596,查核工部錢糧黃冊大臣
80597,查勘東西陵歲修工程大臣
80598,查勘河工海防
80599,查勘景陵大碑樓工程大臣
80600,查勘水師砲台營房各項工程
80601,查勘泰陵工程
80602,查看標示大臣
80603,查看東陵
80604,查看紅樁
80605,查庫大臣
80606,查庫科道
80607,查禮大臣
80608,查盧溝橋飯廠
80609,查明西陵工程
80610,查明西陵應修各工及核計錢糧數目
80611,查漠河金廠
80612,查年大臣
80613,查旗御史
80614,查旗御史稽察鑲白旗漢軍事務
80615,查三庫大臣
80616,查收工程大臣
80617,查收河工大臣
80618,查壇廟大臣
80619,查鑲白旗蒙古圈馬
80620,查驗八旗圈養馬匹
80621,查驗工程大臣
80622,查驗官兵輪船
80623,查驗海運漕糧
80624,查驗箭枝
80625,查驗贊讀等臣
80626,查右翼覺羅學
80627,查閱營伍
80628,查齋大臣
80629,查賑大臣
80630,茶庫員外郎
80631,茶馬御史
80632,察漢俄卜營都司
80633,差遣
80634,差遣給事中
80635,差遣委用
80636,差遣委用參將
80637,差委
80638,禪寺住持
80639,昌陵禮部主事
80640,長春園員外郎
80641,長史
80642,常備兵步隊第一標
80643,常備軍步隊標統帶官
80644,常備軍鎮翼長
80645,常澧道
80646,常勝軍隊長
80647,場大使
80648,場監試官
80649,場內督理
80650,場內督理稽察大臣
80651,場巡察官
80652,場巡察御史
80653,場鹽大使
80654,廠文案處差使
80655,暢春園管理事務郎中
80656,超等英誠公
80657,超武一等公爵
80658,鈔關監督
80659,鈔關稅務
80660,鈔關稅務監督
80661,朝考拔貢閱卷大臣
80662,朝考讀卷大臣
80663,朝考讀卷官
80664,朝考覆試閱卷大臣
80665,朝考覆試閱卷官
80666,朝考監試大臣
80667,朝考進士閱卷大臣
80668,朝考閱卷大臣
80669,朝考閱卷官
80670,朝審大臣
80671,朝審讀卷大臣
80672,朝審覆核大臣
80673,朝鮮國正使
80674,朝鮮新建兩營操務
80675,朝議大夫
80676,車臣汗
80677,車駕司郎中
80678,車駕司員外郎
80679,車駕武選司行走
80680,宸苑卿
80681,丞
80682,承辦俸餉章京
80683,承辦事務衙門主事
80684,承恩侯
80685,承恩一等公
80686,承修程
80687,承修大臣
80688,承修工程
80689,承修工程大臣
80690,承修工程監督
80691,承修總裁官
80692,承宣布政使
80693,承政
80694,城堡守備
80695,城參將
80696,城常備軍管帶
80697,城城守尉
80698,城都司
80699,城都統
80700,城防禦
80701,城副都統
80702,城副總管
80703,城監督
80704,城將軍
80705,城將軍兼管右衛歸化城土默特官兵
80706,城理事同知
80707,城滿洲鑲紅旗協領
80708,城守備
80709,城守備副將
80710,城守參將
80711,城守副將
80712,城守尉
80713,城守衛
80714,城守協副將
80715,城守協副將印務
80716,城守協鎮
80717,城守協中軍都司
80718,城守營
80719,城守營參將
80720,城守營都司
80721,城守營都司僉書
80722,城守營副將
80723,城守營路陸參將
80724,城守營守備
80725,城守營遊擊
80726,城守營右軍守備
80727,城守營右營守備
80728,城守營中軍守備
80729,城守營左哨額外外委
80730,城守遊擊
80731,城守右營都司
80732,城守右營千總
80733,城守右營守備
80734,城守右營中軍守備
80735,城守中營都司
80736,城守左軍都司
80737,城守左營把總
80738,城守左營都司
80739,城守左營守備
80740,城守左營外委
80741,城守左營遊擊
80742,城同知
80743,城鑲白旗漢軍佐領
80744,城鑲白旗協領
80745,城鑲紅旗協領
80746,城鑲黃旗漢軍佐領
80747,城鑲黃旗協領
80748,城鑲藍旗協領
80749,城協領
80750,城右衛左翼副都統
80751,城右翼副都統
80752,城右營守備
80753,城正白旗防禦
80754,城正白旗協領
80755,城正紅旗協領
80756,城正紅旗佐領
80757,城正紅旗佐領下驍騎校
80758,城正黃旗漢軍佐領
80759,城正黃旗協領
80760,城正藍旗公中佐領
80761,城左翼副都統
80762,城左翼公中佐領
80763,城佐領
80764,乘壓御馬
80765,喫肉大臣
80766,敕封副使
80767,敕封正使
80768,敕印往封國王
80769,充崇文門正監督
80770,充會典館副總裁
80771,充經筵講官
80772,充日講起居注官
80773,充文淵閣校理
80774,充總理營務翼長
80775,抽查漕糧大臣
80776,抽查漕糧御史
80777,抽察漕糧御史
80778,籌辦海軍事務處顧問官
80779,籌辦海軍事務大臣
80780,籌撫局總辦
80781,籌賑大臣
80782,出國大臣
80783,出使參贊
80784,出使大臣
80785,出使大使
80786,出使德國考察憲政大臣
80787,出使隨員
80788,出洋出使大臣
80789,出洋考察政治大臣
80790,出洋考求各國政治
80791,儲糧道
80792,處理朝鮮內亂
80793,處總辦
80794,船廠協領
80795,船政差遣
80796,船政大臣
80797,船政大臣督辦船政事宜
80798,船政委員
80799,船政武巡捕
80800,創辦五城中學堂
80801,春恩鎮國公
80802,祠祭司郎中
80803,祠祭司行走
80804,祠祭司員外郎
80805,祠祭司主事
80806,詞林典故纂修
80807,磁庫員外郎
80808,次理事務副護軍參領
80809,次理事務護軍參領
80810,賜奠大臣
80811,賜奠副使
80812,賜卹正使
80813,從耕大臣
80814,從九品
80815,從九銜
80816,從三品京堂
80817,催長
80818,存古學堂史
80819,達賴喇嘛
80820,打箭爐同知
80821,打牲烏拉總管
80822,打牲烏拉左翼翼長
80823,打牲正藍旗副長
80824,打珠差上行走
80825,大臣
80826,大臣銜
80827,大官署署正
80828,大關同知
80829,大婚禮奉迎皇后副使
80830,大婚禮納采正使
80831,大婚禮儀處總辦
80832,大婚納采副使
80833,大將軍
80834,大將軍參議
80835,大將軍參贊
80836,大將軍參贊大臣
80837,大考翻譯翰詹閱卷大臣
80838,大考翻譯翰詹閱卷官
80839,大考翰林閱卷大臣
80840,大考翰詹閱卷大臣
80841,大考翰詹閱卷官
80842,大考翎緞大臣
80843,大考閱卷大臣
80844,大考宗室大臣
80845,大理寺
80846,大理寺丞
80847,大理寺丞銜
80848,大理寺卿
80849,大理寺少卿
80850,大理寺寺正
80851,大理寺右評事
80852,大理寺右寺丞
80853,大理寺左評事
80854,大理寺左寺丞
80855,大理寺左寺正
80856,大理院少卿
80857,大理院正卿
80858,大理院總檢察廳廳丞
80859,大理知府
80860,大門上當差
80861,大門上二等侍衛
80862,大門上頭等侍衛
80863,大門上行走
80864,大門侍衛
80865,大門頭等侍衛上行走
80866,大僕寺卿
80867,大清會典副總裁
80868,大清會典纂修官
80869,大清一統志副總裁官
80870,大清一統志總裁官
80871,大使
80872,大挑各省舉
80873,大挑舉人
80874,大挑知縣
80875,大同掌印都司
80876,大行皇帝遺詔頒發朝鮮國正使
80877,大學士
80878,大學士管理兵部事務
80879,大學士管理藩院事務都統
80880,大學士管理工部事務
80881,大學士管理刑部事務
80882,大學士銜
80883,大學士御前大臣
80884,大學堂分教
80885,大學堂監督
80886,大學堂提調
80887,大學堂總辦
80888,大學堂總監督
80889,大學堂總教習
80890,大營幫辦軍務
80891,大營翼長
80892,大徵副使
80893,大徵正使
80894,代辦副將
80895,代辦江北軍務
80896,代辦日國使臣事務
80897,代辦使事
80898,代辦提督
80899,代辦鄉試兼臨
80900,代辦巡撫行營中軍參將事務
80901,代理商上事務
80902,代理使事
80903,代理驗封司掌印
80904,待衛什長
80905,帶纛大臣
80906,帶奮勇馬隊前敵
80907,帶花翎
80908,帶省全起馬隊
80909,帶毅左營
80910,帶營
80911,彈壓大臣
80912,彈壓考試漢教習
80913,彈壓左翼副都統
80914,道按察副使
80915,道參議
80916,道參政
80917,道副使
80918,道漢監察御史
80919,道漢軍監察御史
80920,道監察御史
80921,道庫大使
80922,道僉事
80923,道事務監察御史
80924,道銜
80925,道御史
80926,道員
80927,道員銜
80928,道篆
80929,德妃
80930,德嬪
80931,德宗景皇帝喪禮值班
80932,隄工局坐辦
80933,迪道
80934,迪道兼按察使銜
80935,地方喇嘛
80936,遞耒耜大臣
80937,典簿
80938,典籍廳幫稿
80939,典籍廳幫掌印
80940,典籍廳行走
80941,典籍廳掌印
80942,典籍廳主稿
80943,典樂大臣
80944,典史
80945,典試
80946,典屬司郎中
80947,點驗軍器大臣
80948,殿大學士
80949,殿大學士銜
80950,殿試查看標識大臣
80951,殿試朝考讀卷官
80952,殿試朝考監試大臣
80953,殿試朝考閱卷官
80954,殿試讀卷大臣
80955,殿試讀卷官
80956,殿試讀閱卷大臣
80957,殿試分卷官
80958,殿試監試大臣
80959,殿試滿洲讀卷官
80960,殿試彌封官
80961,殿試試卷磨勘官
80962,殿試收掌官
80963,殿試受卷官
80964,殿試填卷官
80965,殿試續卷官
80966,殿試閱卷大臣
80967,殿試執事官
80968,調查統計科科員
80969,調官
80970,定北將軍參贊
80971,定邊左副將軍
80972,定國大將軍
80973,定郡王
80974,定陵工程處監修
80975,定陵總司監督
80976,定南王
80977,定南王下隨征總兵官
80978,定親王
80979,定西大將軍
80980,定西前將軍
80981,定遠大將軍
80982,定遠平寇大將軍
80983,東按察使
80984,東閣大學士
80985,東陵查禮大臣
80986,東陵承辦事務大臣
80987,東陵內務府大臣
80988,東陵內務府總管
80989,東陵守護大臣
80990,東陵西陵查禮大臣
80991,東陵西陵歲修工程大臣
80992,東陵總管內務府大臣
80993,東路同知
80994,東路左營領隊大臣
80995,東王
80996,東西陵工程大臣
80997,東印度總督
80998,都標參將
80999,都標右營遊擊
81000,都標中軍副將
81001,都標左營參將
81002,都標左營都司
81003,都標左營遊擊
81004,都察院筆帖式
81005,都察院參政
81006,都察院都事
81007,都察院都御史
81008,都察院副都御史
81009,都察院經歷
81010,都察院理事官
81011,都察院滿左副都御史
81012,都察院啟心郎
81013,都察院僉都御史
81014,都察院行走
81015,都察院學習行走筆帖式
81016,都察院右都御史
81017,都察院右副都御史
81018,都察院右副都御史銜
81019,都察院右僉都御史
81020,都察院左都御史
81021,都察院左都御史銜
81022,都察院左副都御史
81023,都察院左副都御史銜
81024,都察院左僉都御史
81025,都督
81026,都督府右都督
81027,都督府左都督
81028,都督僉事
81029,都督僉書
81030,都督同知
81031,都督同知管提督事
81032,都督同知銜
81033,都督銜
81034,都水司郎中
81035,都水司行走
81036,都水司印鑰
81037,都水司員外郎
81038,都水司主事
81039,都司
81040,都司僉書
81041,都司僉書銜
81042,都司妥協
81043,都司銜
81044,都司遊擊銜
81045,都統
81046,都統銜
81047,都統衙門辦事
81048,都統衙門理刑司辦事司員
81049,都統衙門理刑司員
81050,都統印務
81051,都虞司郎中
81052,都虞司員外郎
81053,都御史
81054,都指揮同知
81055,都轉鹽運分司運判
81056,抖晾實錄玉牒大臣
81057,督辦北洋武備各學堂
81058,督辦邊防
81059,督辦邊務大臣
81060,督辦大工事宜
81061,督辦大學堂工程王大臣
81062,督辦防勦事宜
81063,督辦防務
81064,督辦官錢總局
81065,督辦河工
81066,督辦緝捕清鄉事宜
81067,督辦勦匪事宜
81068,督辦金銀煤礦事宜
81069,督辦軍糧
81070,督辦軍糧大臣
81071,督辦軍務處差使
81072,督辦軍務處翼長
81073,督辦軍務王大臣
81074,督辦墾務大臣
81075,督辦礦務
81076,督辦路礦大臣
81077,督辦南城保甲事宜
81078,督辦農工路礦事宜
81079,督辦清源局務
81080,督辦全省軍務節制各軍
81081,督辦善後局務
81082,督辦商務大臣
81083,督辦神機營各營事務
81084,督辦稅務大臣
81085,督辦鐵路大臣
81086,督辦團練
81087,督辦團練大臣
81088,督辦團練團防營
81089,督辦行營軍官學堂
81090,督辦巡警事宜
81091,督辦鹽政大臣
81092,督辦營務
81093,督辦賑務
81094,督辦賑務大臣
81095,督辦政務處大臣
81096,督辦政務處督理大臣
81097,督辦政務大臣
81098,督辦轉運局
81099,督標
81100,督標參將
81101,督標額外外委
81102,督標副將
81103,督標後營參將
81104,督標後營守備
81105,督標後營遊擊
81106,督標火器營參將
81107,督標儘先外委
81108,督標京口左營遊擊
81109,督標淶水汛守備
81110,督標千總
81111,督標前營把總
81112,督標前營參將
81113,督標前營經制外委
81114,督標前營千總
81115,督標前營外委
81116,督標前營遊擊
81117,督標水師參將
81118,督標水師營把總
81119,督標水師營參將
81120,督標水師營千總
81121,督標水師營守備
81122,督標水師營右哨千總
81123,督標水師營中軍守備
81124,督標水師中營
81125,督標外委把總
81126,督標營遊擊
81127,督標遊擊
81128,督標右營把總
81129,督標右營參將
81130,督標右營額外
81131,督標右營額外外委
81132,督標右營千總
81133,督標右營守備
81134,督標右營外委
81135,督標右營遊擊
81136,督標中軍參將
81137,督標中軍都司
81138,督標中軍副將
81139,督標中協副將
81140,督標中營把總
81141,督標中營都司
81142,督標中營副將
81143,督標中營經制外委
81144,督標中營千總
81145,督標中營外委
81146,督標中營中軍都司
81147,督標中營中軍守備
81148,督標左營把總
81149,督標左營參將
81150,督標左營都司
81151,督標左營千總
81152,督標左營守備
81153,督標左營外委
81154,督標左營遊擊
81155,督標左右二營遊擊
81156,督捕侍郎
81157,督捕司郎中
81158,督捕司員外郎
81159,督捕司主事
81160,督捕右理事官
81161,督操營務處會辦右翼營部隊幫統
81162,督察院左副都御史
81163,督催大學士
81164,督帶武衛右軍翼長
81165,督帶營練兵
81166,督教湘軍洋操
81167,督理漕運戶部侍郎
81168,督理茶馬御史
81169,督理工務監察御史
81170,督理稽查大臣
81171,督理稽查左翼副都統
81172,督理監察御史
81173,督理街道監察御使
81174,督理街道事務
81175,督理街道御史
81176,督理陸軍各項學堂事務
81177,督理清丈事務
81178,督理全軍操防營務處
81179,督理五城街道
81180,督理御史
81181,督理丈事務
81182,督練八旗營王大臣
81183,督練處參議
81184,督練處總參議
81185,督練公所會辦總參議
81186,督練公所正參議
81187,督練三處參議
81188,督糧道
81189,督糧道參政
81190,督糧道兼分巡府
81191,督糧同知
81192,督糧巡道
81193,督僉事
81194,督僉銜
81195,督師
81196,督師大學士
81197,督司
81198,督統銜
81199,督銜
81200,督修工程
81201,督學道
81202,督鹽釐鹽課事
81203,督左遊擊
81204,讀卷大臣
81205,讀卷官
81206,讀祝官
81207,讀祝官上行走
81208,度支部清理財政處諮議官
81209,度支部尚書
81210,度支部右侍郎
81211,度支部正監理官
81212,度支部左侍郎
81213,度支使
81214,緞庫郎中
81215,隊幫操章京
81216,隊長
81217,隊目
81218,對引大臣
81219,惇郡王
81220,多倫諾爾理事同知
81221,多羅貝勒
81222,多羅承澤郡王
81223,多羅誠郡王
81224,多羅淳郡王
81225,多羅醇郡王
81226,多羅定郡王
81227,多羅端郡王
81228,多羅端重郡王
81229,多羅額駙
81230,多羅孚郡王
81231,多羅惠郡王
81232,多羅簡郡王
81233,多羅敬謹郡王
81234,多羅郡王
81235,多羅康郡王
81236,多羅克勤郡王
81237,多羅理郡王
81238,多羅慶郡王
81239,多羅饒餘郡王
81240,多羅瑞郡王
81241,多羅瑞敏郡王
81242,多羅順承郡王
81243,多羅諴郡王
81244,多羅信郡王
81245,多羅豫郡王
81246,多羅直郡王
81247,多羅鍾郡王
81248,俄國租約畫押大臣
81249,俄羅斯東清鐵路公司代辦
81250,俄羅斯文館提調官
81251,俄羅斯佐領
81252,俄商事務局承辦章京主事
81253,俄使館參贊
81254,俄文翻譯官
81255,額駙
81256,額外
81257,額外把總
81258,額外參領
81259,額外大學士
81260,額外都統
81261,額外官
81262,額外翰林院侍講
81263,額外藍翎長
81264,額外藍翎長外火器營藍翎長
81265,額外郎中
81266,額外滿章京
81267,額外內閣學士
81268,額外前鋒校
81269,額外侍讀學士
81270,額外侍郎
81271,額外司業
81272,額外外委
81273,額外委前鋒參領
81274,額外驍騎校
81275,額外協領
81276,額外學士
81277,額外學習行走
81278,額外右營外委
81279,額外御史
81280,額外諭德
81281,額外員外郎
81282,額外章京
81283,額外中書
81284,額外中允
81285,額外主事
81286,額外主事上行走
81287,額外主事上學習行走
81288,額外總兵
81289,額外總管
81290,額外佐領
81291,額真
81292,恩監生閱卷大臣
81293,恩科翻譯會試副考官
81294,恩科翻譯鄉試閱卷大臣
81295,恩科會試同考官
81296,恩科會試正考官
81297,恩科文會試外場巡察監試
81298,恩科武鄉試提調官
81299,恩科鄉試督理稽查大臣
81300,恩科鄉試副考官
81301,恩科鄉試同考官
81302,恩科鄉試正考官
81303,恩騎尉
81304,恩詔考職閱卷大臣
81305,恩詔考職主考官
81306,二班領班章京
81307,二等伯
81308,二等參領
81309,二等參贊
81310,二等超勇公
81311,二等翻譯官
81312,二等奉國將軍
81313,二等輔國將軍
81314,二等副都統
81315,二等公
81316,二等果毅公
81317,二等果勇侯
81318,二等弘毅公
81319,二等侯
81320,二等護衛
81321,二等繼勇伯
81322,二等教習
81323,二等恪靖侯
81324,二等男
81325,二等輕車都尉
81326,二等輕車都尉世職
81327,二等輕車校尉
81328,二等侍衛
81329,二等侍衛班長
81330,二等侍衛班領
81331,二等侍衛上行走
81332,二等侍衛侍衛班領
81333,二等侍衛侍衛什長
81334,二等侍衛銜
81335,二等侍衛在大門上行走
81336,二等侍衛粘杆長
81337,二等順義侯
81338,二等台吉
81339,二等威勇公
81340,二等襄勇伯
81341,二等信勇公
81342,二等昭信伯
81343,二等昭毅伯
81344,二等鎮國將軍
81345,二等諮議官
81346,二等子
81347,二等子爵
81348,二等子世職
81349,二品分省補用道
81350,二品銜
81351,二品廕生
81352,二品職銜
81353,二旗協領
81354,二十指揮
81355,二佐領
81356,二佐領下驍騎校
81357,貳等輕車都尉
81358,貳等侍衛
81359,貳等侍衛班領
81360,發差遣
81361,發審局提調
81362,法部尚書
81363,法部右侍郎
81364,法官考試考試官
81365,法政學堂監督
81366,法政學堂教習
81367,番營守備
81368,番營遊擊
81369,番子佐領
81370,翻譯
81371,翻譯諳達
81372,翻譯筆帖式
81373,翻譯筆帖式考試官
81374,翻譯筆帖式閱卷大臣
81375,翻譯補行覆試監試大臣
81376,翻譯讀卷官
81377,翻譯副考官
81378,翻譯覆試監試大臣
81379,翻譯覆試閱卷大臣
81380,翻譯官
81381,翻譯官出使英法國大臣
81382,翻譯翰詹大考閱卷大臣
81383,翻譯會試場彈壓副都統
81384,翻譯會試大總裁
81385,翻譯會試彈壓
81386,翻譯會試彈壓大臣
81387,翻譯會試副考官
81388,翻譯會試覆試閱卷大臣
81389,翻譯會試監試官
81390,翻譯會試蒙古考官
81391,翻譯會試內場監試官
81392,翻譯會試同考官
81393,翻譯會試閱卷大臣
81394,翻譯會試知貢舉
81395,翻譯會試主考官
81396,翻譯監試官
81397,翻譯進士覆試閱卷大臣
81398,翻譯舉人補行覆試閱卷大臣
81399,翻譯舉人覆試新貢士閱卷大臣
81400,翻譯舉人覆試閱卷大臣
81401,翻譯舉人閱卷大臣
81402,翻譯考試官
81403,翻譯考試搜檢大臣
81404,翻譯錄科彈壓副都統
81405,翻譯錄科閱卷大臣翻譯錄科副考官
81406,翻譯錄科閱卷官
81407,翻譯書房翻譯官
81408,翻譯庶吉士
81409,翻譯庶吉士散館閱卷大臣
81410,翻譯貼寫中書
81411,翻譯同考官
81412,翻譯童生考試官
81413,翻譯童生閱卷大臣
81414,翻譯文童主考官
81415,翻譯鄉試副考官
81416,翻譯鄉試考官
81417,翻譯鄉試蒙古考官
81418,翻譯鄉試搜檢
81419,翻譯鄉試同考官
81420,翻譯鄉試外簾官
81421,翻譯鄉試閱卷大臣
81422,翻譯鄉試閱卷官
81423,翻譯鄉試正考官
81424,翻譯洋務委員
81425,翻譯閱卷大臣
81426,翻譯閱卷官
81427,翻譯閱卷官翻譯閱卷
81428,翻譯正考官
81429,翻譯中書
81430,翻譯中書行走
81431,翻譯主考官
81432,繙書房幫辦提調官
81433,繙書房翻譯官
81434,繙書房提調官
81435,繙書房行走
81436,繙書房咨留房兼行
81437,飯房二等侍衛
81438,飯房頭等侍衛
81439,飯銀處監督
81440,方略
81441,方略管總裁
81442,方略館幫辦提調官
81443,方略館幫提調兼總纂
81444,方略館筆帖式
81445,方略館副總裁
81446,方略館漢檔校對官
81447,方略館漢提調
81448,方略館漢提調纂修官
81449,方略館收掌官
81450,方略館收掌纂修官
81451,方略館謄錄官
81452,方略館提調官
81453,方略館提調纂修官
81454,方略館詳校官
81455,方略館校對官
81456,方略館協修官
81457,方略館協修兼總校官
81458,方略館總纂官
81459,方略館纂修官
81460,方略館纂修官兼總校官
81461,防事務
81462,防守尉
81463,防守衛
81464,防營兼帶中營
81465,防禦
81466,防禦參領
81467,防禦銜
81468,防駐各營
81469,房城內官房事務大臣
81470,房大臣
81471,房及城內官房大臣
81472,房事務
81473,房事務大臣
81474,放弓箭諳達處行走
81475,放喜起舞大臣
81476,妃園寢禮部
81477,分部學習
81478,分部學習兵部學習主事
81479,分副理官
81480,分科大學監督
81481,分練總兵
81482,分賞狍鹿大臣
81483,分守兵備道
81484,分守參議道
81485,分守道
81486,分守道按察副使
81487,分守道按察使
81488,分司運判
81489,分校
81490,分巡兵備道
81491,分巡道
81492,分巡府
81493,分巡鹽法道
81494,奮威將軍
81495,奮武大將軍
81496,封朝鮮國王世孫副使
81497,封朝鮮國王世子副使
81498,封琉球國正使
81499,奉辰院掌印
81500,奉宸苑筆帖式
81501,奉宸苑大臣
81502,奉宸苑兼管大臣
81503,奉宸苑郎中
81504,奉宸苑卿銜
81505,奉宸苑事務
81506,奉宸苑苑丞
81507,奉宸苑正卿
81508,奉宸院筆帖式
81509,奉宸院卿
81510,奉宸院事務
81511,奉宸院員外郎
81512,奉宸院主事
81513,奉恩輔國公
81514,奉恩將軍
81515,奉國將軍
81516,奉化伯
81517,奉命大將軍
81518,奉命往闕里告祭
81519,奉書前引大臣
81520,奉祀禮部關防郎中
81521,奉天將軍
81522,奉天交涉使
81523,奉旨入藏熬茶
81524,俸餉處總辦
81525,福爵
81526,府丞
81527,府大臣
81528,府集同知
81529,府經歷
81530,府事大臣
81531,府推官
81532,府學教授
81533,府尹
81534,輔德親王
81535,輔國公
81536,輔國公品級
81537,輔國將軍
81538,輔國將軍銜
81539,輔政大臣
81540,輔政叔德豫親王
81541,撫標安民中營哨長
81542,撫標參將
81543,撫標營參將
81544,撫標營管帶官
81545,撫標營教習
81546,撫標遊擊
81547,撫標右營把總
81548,撫標右營額外外委
81549,撫標右營千總
81550,撫標右營守備
81551,撫標右營遊擊
81552,撫標中軍參將
81553,撫標中軍遊擊
81554,撫標中營參將
81555,撫標左營參將
81556,撫標左營千總
81557,撫標左營守備
81558,撫標左營遊擊
81559,撫標左營中軍守備
81560,撫定苗疆大臣
81561,撫蠻將軍
81562,撫民通判
81563,撫民同知
81564,撫遠大將軍
81565,撫遠將軍
81566,撫治
81567,撫左守備事務
81568,附扈大臣
81569,赴德專使參贊官
81570,赴俄答謝專使頭等參贊
81571,赴軍營
81572,赴美國賽會正監督
81573,赴日本訂商約
81574,赴日本考察學務
81575,赴日觀操大臣
81576,赴烏嚕木齊經理哈薩克貿易
81577,副班領
81578,副步軍校
81579,副參領
81580,副參領幫辦印務
81581,副參領銜
81582,副參銜
81583,副大使
81584,副都
81585,副都統
81586,副都統兼管後路營務
81587,副都統郎
81588,副都統銜
81589,副都統衙門筆帖式
81590,副都統職銜
81591,副都御史
81592,副都御史銜
81593,副督統
81594,副督統銜
81595,副管
81596,副護軍參領
81597,副護軍參領銜
81598,副護軍統領
81599,副護軍校
81600,副監督
81601,副將
81602,副將管總兵官事
81603,副將軍
81604,副將署總兵事
81605,副將銜
81606,副將職銜
81607,副將中軍守備
81608,副考官
81609,副理事官
81610,副領班
81611,副領侍衛內大臣
81612,副盟長
81613,副內管領
81614,副前鋒參領
81615,副前鋒校
81616,副前鋒章京
81617,副使
81618,副尉
81619,副烏槍護軍參領
81620,副烏槍護軍統領
81621,副鄉試正考官
81622,副翼尉
81623,副議員代理
81624,副指揮
81625,副總兵
81626,副總兵官
81627,副總裁官
81628,副總管
81629,副總河
81630,副總統
81631,副佐領
81632,覆核朝審大臣
81633,覆核朝審閱卷大臣
81634,覆覈朝審大臣
81635,覆勘大臣
81636,覆勘各省生員歲科試前列卷
81637,覆勘各省歲貢試卷官
81638,覆勘各省鄉試卷
81639,覆勘各省優貢卷
81640,覆勘各直省一等試卷大臣
81641,覆勘會試讀卷官
81642,覆勘會試試卷大臣
81643,覆勘會試試卷官
81644,覆勘會試硃墨卷
81645,覆勘試卷大臣
81646,覆勘試卷官
81647,覆勘歲考試卷大臣
81648,覆勘鄉試試卷大臣
81649,覆勘鄉試試卷官
81650,覆勘鄉試閱卷大臣
81651,覆勘宗室試卷大臣
81652,覆看各省鄉試試卷大臣
81653,覆看試卷
81654,覆看試卷大臣
81655,覆試朝考閱卷大臣
81656,覆試大臣
81657,覆試殿試朝考閱卷大臣
81658,覆試各省舉人閱卷大臣
81659,覆試監視大臣
81660,覆試舉人閱卷大臣
81661,覆試順天及各直省鄉試閱卷大臣
81662,覆試武舉大臣
81663,覆試新貢士朝考閱卷大臣
81664,覆試閱卷
81665,覆試閱卷大臣
81666,覆試閱卷官
81667,覆試宗室貢士閱卷大臣
81668,覆校官
81669,噶爾幫辦領隊大臣銜
81670,噶爾印房筆帖式
81671,噶勒丹池巴甘丹赤巴甘丹寺法座dgav-ldan-khri-pa
81672,噶隆札薩克台吉
81673,噶提督
81674,綱目館副總裁
81675,綱目館纂修官
81676,高等實業學堂監督
81677,高等學堂監督
81678,高臺遊擊
81679,高宗純皇帝實錄館副總裁
81680,高宗純皇帝實錄聖訓尊藏本校勘覆勘官
81681,高宗純皇帝實錄纂修官
81682,高宗實錄館分校
81683,高宗實錄纂修官
81684,稿本總裁
81685,告祭山神后土大臣
81686,誥敕房事務
81687,誥敕房收掌官
81688,各國事務大臣
81689,各國事務衙門額外行走
81690,各國事務衙門章京
81691,給事中
81692,給事中銜
81693,給印轄衛藏等處
81694,耕耤大臣
81695,工部寶源局大使
81696,工部寶源局監督
81697,工部筆帖氏
81698,工部筆帖式
81699,工部都水清吏司員外郎
81700,工部都水司郎中
81701,工部都水司行走
81702,工部都水司員外郎
81703,工部都水司主稿
81704,工部都水司主稿上行走
81705,工部都水司主事
81706,工部督水司主事
81707,工部額外侍郎
81708,工部額外主事
81709,工部額外主事上行走
81710,工部副理事官
81711,工部皇木廠監督
81712,工部火藥局監督
81713,工部節慎庫郎中管理節慎庫
81714,工部節慎庫員外郎
81715,工部庫使
81716,工部郎中
81717,工部郎中上行走
81718,工部郎中掌都水司印鑰
81719,工部理事官
81720,工部琉璃窯監督
81721,工部木倉監督
81722,工部七品小京官
81723,工部啟心郎
81724,工部鉛子庫主事
81725,工部清檔房筆帖式
81726,工部清檔房主事
81727,工部清吏司員外郎
81728,工部清吏司主事
81729,工部尚書
81730,工部尚書銜
81731,工部事務
81732,工部侍郎
81733,工部侍郎管錢法堂事
81734,工部侍郎兼管奉天府事務
81735,工部侍郎上行走
81736,工部侍郎銜
81737,工部司庫
81738,工部司務
81739,工部司員
81740,工部堂主事
81741,工部屯田清吏司主事
81742,工部屯田司郎中
81743,工部屯田司行走
81744,工部屯田司員外郎
81745,工部屯田司主稿
81746,工部屯田司主事
81747,工部硝磺庫主事
81748,工部行走
81749,工部學習行走
81750,工部學習主事
81751,工部營膳司員外郎
81752,工部營繕清吏司員外郎
81753,工部營繕司郎中
81754,工部營繕司料估所主稿
81755,工部營繕司員外郎
81756,工部營繕司員外郎兼屯田司司務廳料估所
81757,工部營繕司掌印
81758,工部營繕司主稿
81759,工部營繕司主事
81760,工部右侍郎
81761,工部右侍郎兼理錢法堂事務
81762,工部右侍郎銜
81763,工部右侍郎
81764,工部虞衡清吏司郎中虞衡司郎中
81765,工部虞衡司郎中
81766,工部虞衡司行走
81767,工部虞衡司員外郎
81768,工部虞衡司掌印郎中
81769,工部虞衡司主事
81770,工部員外郎
81771,工部員外郎上行走
81772,工部員外郎行走銜
81773,工部製造庫庫使
81774,工部製造庫郎中
81775,工部製造庫司庫
81776,工部製造庫掌印郎中
81777,工部主事
81778,工部主事工部堂主事
81779,工部主事上行走
81780,工部宗室主事
81781,工部左侍郎
81782,工部左侍郎兼理錢法堂事務
81783,工程承修大臣
81784,工程處監督
81785,工程處監修
81786,工程大臣
81787,工程監修
81788,工程監修官
81789,工程營管帶
81790,工科愛惜喇庫哈方
81791,工科都給事中
81792,工科副理事官
81793,工科給事中
81794,工科右給事中
81795,工科掌印給事中
81796,工科左給事中
81797,公庫筆帖式
81798,公品級一等台吉
81799,公銜
81800,公學督辦
81801,公中佐領
81802,公衆佐領
81803,功臣館提調官
81804,功臣館總纂官
81805,功臣館纂修
81806,功臣館纂修官
81807,宮官學漢教習
81808,宮郎中
81809,宮門彈壓大臣
81810,宮員外郎
81811,恭辦孝欽顯皇后喪禮
81812,恭辦玉牒差使
81813,恭進冊寶大臣
81814,恭理喪儀大臣
81815,恭理喪儀王大臣
81816,恭順侯
81817,恭送皇帝梓宮大臣
81818,恭送皇后冊寶大臣
81819,恭送實錄玉牒大臣
81820,恭送玉冊玉寶大臣
81821,恭謁東陵管理大營事務
81822,恭謁祖陵
81823,恭謁祖陵並稽查尖營
81824,恭詣西陵查看紅樁
81825,貢監考職考試官
81826,貢監考職試閱卷大臣
81827,貢生
81828,貢使
81829,貢士覆試監試大臣
81830,貢士覆試閱卷大臣
81831,貢士覆試閱卷官
81832,貢試朝考閱卷大臣
81833,貢院搜檢
81834,溝渠河道值年大臣
81835,估修火藥局
81836,估修西陵工程
81837,泒管宴大臣
81838,鼓廳筆帖式
81839,固倫伯大里勒公
81840,固倫額駙
81841,固山貝子
81842,固山貝子上行走
81843,固山額駙
81844,固原參將
81845,顧命八大臣
81846,顧命大臣
81847,顧問大臣
81848,挂印總兵
81849,掛印總兵
81850,官
81851,官兵
81852,官兵事務大臣
81853,官學
81854,官學管理事務大臣
81855,官學管學官
81856,官學教習
81857,官學考校官
81858,官學滿教習
81859,官學滿教習領催
81860,官學堂教習
81861,官學協理大臣
81862,官學行走
81863,官正
81864,冠軍使
81865,冠軍使上行走
81866,關參將
81867,關防佐領
81868,關副將
81869,關監督
81870,關稅務
81871,關稅務監督
81872,關稅務監督管理抽分事務
81873,關同知
81874,關外委
81875,關務
81876,關廂都司
81877,觀察使
81878,觀風整俗使
81879,觀會
81880,管兵部尚書事
81881,管兵部事
81882,管博士廳事務
81883,管船政
81884,管大學堂事
81885,管帶
81886,管帶八旗漢軍排槍隊
81887,管帶八旗滿洲排槍隊
81888,管帶本軍右翼步隊營後隊領官
81889,管帶兵船
81890,管帶漕運水師副營
81891,管帶船廠巡勇
81892,管帶督標新兵前營
81893,管帶隊
81894,管帶官兼辦全軍營務處
81895,管帶軍水師礮船
81896,管帶開花砲隊
81897,管帶快船
81898,管帶練勇
81899,管帶馬步隊官兵
81900,管帶馬隊先鋒副營
81901,管帶砲台
81902,管帶親軍馬步小隊
81903,管帶水師營
81904,管帶圍隊營
81905,管帶圍隊左隊
81906,管帶先鋒中路隊右營
81907,管帶線槍隊教習
81908,管帶選鋒
81909,管帶營
81910,管帶營練軍
81911,管帶營馬隊
81912,管帶中軍
81913,管道大臣
81914,管府尹事務
81915,管副將事
81916,管公主家務
81917,管關事
81918,管關稅務
81919,管海關事務
81920,管海關稅務
81921,管海關務
81922,管河道
81923,管鴻臚寺事務
81924,管虎槍領
81925,管九江關稅務
81926,管郡王家務
81927,管庫大臣
81928,管理八旗官學大臣
81929,管理八旗火器營漢軍三品參領
81930,管理堡六邊事務大臣
81931,管理堡事務
81932,管理兵部銀庫事務
81933,管理鈔關稅務
81934,管理出青副都統
81935,管理大臣
81936,管理大閱八旗官兵操演
81937,管理俄國股事務章京
81938,管理法律學堂大臣
81939,管理飯銀庫
81940,管理府尹事務
81941,管理赴東洋遊學生總監督
81942,管理贛關橋稅務
81943,管理工部火藥局事務
81944,管理宮殿事務
81945,管理溝渠河道事務大臣
81946,管理關口事務
81947,管理光祿寺寺事大臣
81948,管理國子監事大臣
81949,管理國子監算學
81950,管理漢軍新舊營房事務
81951,管理河道大臣
81952,管理河道溝渠事務大臣
81953,管理河道溝渠事務值年大臣
81954,管理鴻臚寺事大臣
81955,管理戶部錢法堂
81956,管理戶部三庫事務
81957,管理戶部事務
81958,管理戶部右侍郎
81959,管理火器營大臣
81960,管理火藥局大臣
81961,管理監督
81962,管理健銳營事務大臣
81963,管理街道廳
81964,管理街道廳員
81965,管理街道御史
81966,管理街道掌道監察御史
81967,管理舊營房營總
81968,管理空室處
81969,管理喇嘛事務
81970,管理樂部大臣事務
81971,管理樂部太常寺鴻臚寺事
81972,管理釐稅事務
81973,管理理藩院院務大臣
81974,管理禮部
81975,管理禮部事務稽察
81976,管理兩翼前鋒八旗護軍營事務大臣
81977,管理兩翼前鋒營八旗護軍營練兵事務大臣
81978,管理鑾儀衛事務
81979,管理馬館大臣
81980,管理馬館監督事務
81981,管理馬館事務
81982,管理滿洲火器營大臣
81983,管理滿洲內火器營大臣
81984,管理美國股事務章京
81985,管理南新北新二關稅務
81986,管理南苑稽查獸隻事務
81987,管理內外滿洲火器營事務
81988,管理內務府大臣
81989,管理內務府事務
81990,管理礮臺
81991,管理旗新營房城內官房大臣
81992,管理錢法工部左侍郎
81993,管理錢法堂
81994,管理清漪園大臣
81995,管理清漪園事務
81996,管理三庫事務
81997,管理三陵包衣佐領下官員執事太監等事務
81998,管理三旗虎槍處事務
81999,管理三旗銀兩莊頭處郎中
82000,管理三旗銀兩莊頭處員外郎
82001,管理善撲營
82002,管理贍房樂部事務
82003,管理商民事務司員
82004,管理商稅
82005,管理上駟院印鑰
82006,管理上虞備用處事務大臣
82007,管理神機營事務大臣
82008,管理盛京包衣三佐領
82009,管理盛京內務府大臣
82010,管理盛京內務府事務
82011,管理盛京三陵事務
82012,管理十五善射大臣
82013,管理事務大臣
82014,管理稅監督
82015,管理稅務
82016,管理寺
82017,管理寺事務
82018,管理蘇州織造
82019,管理太常寺事大臣
82020,管理提牢廳事務
82021,管理萬壽山中正殿事務
82022,管理圍場事務
82023,管理五城街道事務
82024,管理五城練勇局務
82025,管理西路軍務
82026,管理咸安宮本學事務
82027,管理咸安宮官學事務大臣
82028,管理咸安宮三學事務大臣
82029,管理咸安宮事務
82030,管理鑲白旗滿洲營房大臣
82031,管理鑲紅旗漢軍新舊營房事務大臣
82032,管理鑲紅旗漢軍新營房事務
82033,管理嚮導處事務大臣
82034,管理新舊營房大臣
82035,管理新營房并城內營房事務大臣
82036,管理新營房城內官房事務大臣
82037,管理新營房事務大臣
82038,管理行營大臣
82039,管理鹽政
82040,管理養狗處養狗使
82041,管理養鷹狗處大臣
82042,管理醫局副大臣
82043,管理移居宗室事務
82044,管理移居宗室營事務
82045,管理移居宗室主事
82046,管理銀庫大臣
82047,管理營房大臣
82048,管理營事務大臣
82049,管理遊牧
82050,管理右翼官學事務大臣
82051,管理右翼監督
82052,管理右翼近支族長
82053,管理右翼稅務
82054,管理右翼四旗城上堆撥
82055,管理右翼幼官學事務大臣
82056,管理幼官學
82057,管理宇恆鈔局
82058,管理御茶膳房造辦處事務
82059,管理御船處
82060,管理御船處事務
82061,管理御鳥槍處事務
82062,管理御前鳥槍處事務
82063,管理御槍處事務
82064,管理御藥房太醫院事務
82065,管理圓明園八旗包衣三旗並鳥槍事務大臣
82066,管理圓明園八旗包衣三旗官兵進班併該處鳥槍營事務
82067,管理圓明園八旗包衣三旗官兵事務大臣
82068,管理圓明園八旗包衣三旗事務
82069,管理圓明園八旗內務府三旗官兵大臣
82070,管理圓明園八旗內務府三旗官兵進班
82071,管理圓明園八旗內務府三旗事務
82072,管理圓明園八旗事務
82073,管理圓明園事務大臣
82074,管理圓明圓八旗內務府包衣三旗官兵處大臣
82075,管理院事王大臣
82076,管理站
82077,管理正白旗漢軍新營房
82078,管理正白旗漢軍新營舊營房事務大臣
82079,管理正白旗覺羅學事務
82080,管理正白旗滿洲蒙古漢軍事務
82081,管理正白旗三旗事務
82082,管理正白旗新舊營房事務
82083,管理正白旗總族長
82084,管理正紅旗營房
82085,管理正黃旗漢營房大臣
82086,管理正黃旗覺羅學事務
82087,管理正黃旗滿洲新舊營房大臣
82088,管理正黃旗新舊營房大臣
82089,管理正藍旗官學事務
82090,管理直年火藥局大臣
82091,管理值年旗事務大臣
82092,管理中書科事務
82093,管理中正殿樂部事務
82094,管理中正殿事務
82095,管理中正殿雍和宮事務
82096,管理宗室覺羅官學
82097,管理宗室覺羅官學事務
82098,管理宗室覺羅教習
82099,管理宗室覺羅學
82100,管理宗室覺羅學事
82101,管理宗室營事務大臣
82102,管理總理行營事務大臣
82103,管理左翼四旗
82104,管理左翼營大臣
82105,管理左翼右官學大臣
82106,管理左翼幼官學
82107,管理左翼幼官學大臣
82108,管糧道員
82109,管糧同知
82110,管糧務候
82111,管糧運
82112,管領蒙古兵丁都統
82113,管領鎮營
82114,管領駐防
82115,管鑾儀衛事
82116,管牧群
82117,管牛馬稅監督
82118,管錢法堂
82119,管欽天監監正事
82120,管三庫事務
82121,管水營艇師
82122,管太常寺事務
82123,管圍場大臣
82124,管武備院事
82125,管錫伯甲大臣
82126,管刑部尚書事
82127,管學大臣
82128,管學官
82129,管宴大臣
82130,管宴王大臣
82131,管營大臣
82132,管營管道大臣
82133,管右翼大臣
82134,管御船處事
82135,管站司員
82136,管值年旗大臣
82137,光祿大夫
82138,光祿寺
82139,光祿寺筆帖式
82140,光祿寺丞
82141,光祿寺大官署正光祿寺署正
82142,光祿寺副理事官
82143,光祿寺管理寺事大臣
82144,光祿寺庫使
82145,光祿寺良醞署署正
82146,光祿寺卿
82147,光祿寺卿稽查左翼宗學
82148,光祿寺卿銜
82149,光祿寺少卿
82150,光祿寺署丞
82151,光祿寺署正
82152,光祿寺署正分發行走
82153,光祿寺司庫
82154,光祿寺寺丞
82155,光祿寺掌印理事官
82156,光祿寺珍羞署署正
82157,光明殿覆試宗室監試
82158,光明殿考翰詹監試
82159,光明殿考試翻譯翰詹監試
82160,廣儲司六庫郎中
82161,廣儲司銀庫郎中
82162,廣儲司員外郎
82163,廣勇駐守
82164,桂王
82165,跪川馬大臣
82166,國長
82167,國副使
82168,國公
82169,國換約大臣
82170,國陪臣
82171,國史館編修
82172,國史館編纂
82173,國史館額外校對
82174,國史館分校
82175,國史館副總裁
82176,國史館副總裁官
82177,國史館功臣館纂修
82178,國史館供事
82179,國史館漢辦事翰林官
82180,國史館漢提調
82181,國史館漢協修
82182,國史館漢總纂
82183,國史館漢纂修官
82184,國史館滿總纂修官
82185,國史館滿纂修官
82186,國史館蒙古提調官
82187,國史館蒙古總校
82188,國史館清文總校官
82189,國史館收掌官
82190,國史館謄錄官
82191,國史館提調官
82192,國史館提調兼滿票行走
82193,國史館詳校官
82194,國史館校對官
82195,國史館協修
82196,國史館協修官
82197,國史館正總裁官
82198,國史館撰文
82199,國史館總裁
82200,國史館總校官
82201,國史館總纂
82202,國史館總纂官
82203,國史館總纂修
82204,國史館纂修官
82205,國史院編修
82206,國史院大學士
82207,國史院典籍
82208,國史院侍讀學士
82209,國史院侍講學士
82210,國史院庶吉士
82211,國史院學士
82212,國書派習
82213,國王
82214,國正使
82215,國中山王
82216,國子監筆帖式
82217,國子監博士
82218,國子監大臣
82219,國子監典簿
82220,國子監典簿司務主事
82221,國子監典籍
82222,國子監管理
82223,國子監祭酒
82224,國子監監丞
82225,國子監教習
82226,國子監蒙古
82227,國子監蒙古教習
82228,國子監事
82229,國子監司業
82230,國子監算學總管
82231,國子監學錄
82232,國子監學正
82233,國子監學正學錄閱卷大臣
82234,國子監助教
82235,國子監助教大臣
82236,國子監助教銜
82237,果郡王
82238,哈哈珠色
82239,哈哈珠子
82240,哈尼哈番
82241,海防道
82242,海防練軍營總
82243,海防全軍翼長
82244,海防同知
82245,海防翼長
82246,海關監督
82247,海關稅務
82248,海關稅務監督
82249,海關務處總辦
82250,海軍提督
82251,海軍新設中軍右營副將
82252,海軍衙門章京
82253,海軍中軍右營副將
82254,汗部盟長
82255,漢本房筆帖式
82256,漢本堂事務
82257,漢本堂中書
82258,漢大學士
82259,漢檔房幫總辦
82260,漢檔房總辦
82261,漢都統
82262,漢副都統
82263,漢監督
82264,漢教習副考官
82265,漢經筵講官
82266,漢軍副都統
82267,漢軍旗務御史
82268,漢軍鑲紅旗副都統
82269,漢軍協領
82270,漢軍巡城理事官
82271,漢軍右翼副都統
82272,漢軍正藍旗協領
82273,漢軍中書閱卷大臣
82274,漢內閣學士
82275,漢羌總兵官
82276,漢日講官
82277,漢日講起居注官
82278,漢三等侍衛
82279,漢侍衛專達
82280,漢收掌
82281,漢書庶吉士
82282,漢謄錄官
82283,漢提牢
82284,漢提牢廳主事
82285,漢鐵路總局提調
82286,漢廕生閱卷官
82287,漢中城守營都司
82288,漢中知府
82289,漢纂修官
82290,翰林國史院編修
82291,翰林弘文院大學士
82292,翰林院八品筆帖式
82293,翰林院辦事官
82294,翰林院筆帖式
82295,翰林院編書處詳校官
82296,翰林院編書處協修官
82297,翰林院編修
82298,翰林院編修內行走
82299,翰林院待詔
82300,翰林院典簿廳編修
82301,翰林院漢辦事官
82302,翰林院漢秘書郎
82303,翰林院漢纂修官
82304,翰林院檢討
82305,翰林院檢討銜
82306,翰林院教習庶吉士
82307,翰林院孔目
82308,翰林院孔目閱卷大臣
82309,翰林院日講起居注官
82310,翰林院侍讀銜
82311,翰林院侍讀學士
82312,翰林院侍講銜
82313,翰林院侍講學士
82314,翰林院書寫序班
82315,翰林院庶吉士
82316,翰林院小教習
82317,翰林院協辦院事
82318,翰林院修撰
82319,翰林院學士
82320,翰林院學士銜
82321,翰林院衙門撰文
82322,翰林院掌院學士
82323,翰林院主事
82324,翰林院撰文
82325,翰林院撰文官
82326,翰林院奏辦院事
82327,翰林院纂修官
82328,翰詹大考閱卷大臣
82329,翰詹監試主考官
82330,翰詹考試
82331,合操沖馬大臣
82332,合操大臣
82333,合操護軍統領
82334,合摻大臣
82335,合天侯
82336,和會司郎中
82337,和碩安親王
82338,和碩寶親王
82339,和碩博多勒噶台親王
82340,和碩超勇親王
82341,和碩成親王
82342,和碩承澤親王
82343,和碩誠親王
82344,和碩純親王
82345,和碩醇親王
82346,和碩德豫親王
82347,和碩定親王
82348,和碩端重親王
82349,和碩惇親王
82350,和碩額駙
82351,和碩恭親王
82352,和碩果親王
82353,和碩和親王
82354,和碩恒親王
82355,和碩惠親王
82356,和碩簡親王
82357,和碩敬謹親王
82358,和碩康親王
82359,和碩理親王
82360,和碩禮親王
82361,和碩廉親王
82362,和碩履親王
82363,和碩親王
82364,和碩慶親王
82365,和碩睿親王
82366,和碩肅親王
82367,和碩諴親王
82368,和碩信親王
82369,和碩巽親王
82370,和碩怡親王
82371,和碩儀親王
82372,和碩英親王
82373,和碩裕親王
82374,和碩豫親王
82375,和碩鄭親王
82376,和碩質親王
82377,和碩莊親王
82378,和頤睿親王
82379,河標副將
82380,河標右營副將
82381,河標右營守備
82382,河標右營遊擊
82383,河標中軍副將
82384,河標中營副將
82385,河標左營參將
82386,河標左營副將
82387,河標左營遊擊
82388,河捕同知
82389,河道副總河
82390,河道溝渠值年大臣
82391,河道事務大臣
82392,河道總督
82393,河督
82394,河理事通判印務
82395,河內水師守備
82396,河屯理事通判
82397,河務關同知
82398,河務海防同知
82399,河務通判
82400,河務同知
82401,核朝審大臣
82402,覈對處辦理委員
82403,橫濱兼築地總領事
82404,衡王
82405,弘德殿授讀
82406,弘德殿行走
82407,弘德殿行走教習清文
82408,弘文院編修
82409,弘文院侍讀
82410,弘文院學士
82411,宏德殿行走
82412,宏仁寺聽經大臣
82413,宏文院編修
82414,宏文院大學士
82415,宏文院檢討
82416,宏文院侍讀學士
82417,宏文院侍講學士
82418,宏文院庶吉士
82419,宏文院修撰
82420,宏文院學士
82421,宏文院中書
82422,紅德城遊擊
82423,紅旗滿洲副都統
82424,紅十字會條約全權議員
82425,鴻臚寺管理寺事大臣
82426,鴻臚寺滿洲官
82427,鴻臚寺鳴贊
82428,鴻臚寺卿
82429,鴻臚寺少卿
82430,鴻臚寺少卿銜
82431,鴻臚寺少卿銜充提督會同四譯館事務
82432,鴻臚寺行走
82433,鴻臚寺序班
82434,鴻臚寺贊禮郎
82435,鴻臚寺正卿
82436,侯
82437,後部巡檢
82438,後船房經承
82439,後扈大臣
82440,後軍都督府都督同知
82441,後路中營領哨
82442,後營把總
82443,後營管帶
82444,後營千總
82445,後營遊擊
82446,候選道
82447,呼圖克圖名號
82448,虎槍長
82449,虎槍領
82450,互管佐領
82451,戶部八品筆帖式
82452,戶部寶泉局監督
82453,戶部北檔房總辦
82454,戶部筆帖式
82455,戶部參政
82456,戶部倉場侍郎
82457,戶部承政
82458,戶部緞匹庫大使
82459,戶部緞匹庫司庫
82460,戶部緞匹庫員外郎
82461,戶部緞疋庫郎中
82462,戶部緞疋庫員外郎
82463,戶部額外侍郎
82464,戶部額外員外郎
82465,戶部額外主事
82466,戶部額外主事上行走
82467,戶部額外主事上學習行走
82468,戶部福建司候補主事
82469,戶部福建司兼山東司行走
82470,戶部福建司郎中
82471,戶部福建司員外郎
82472,戶部福建司正主稿
82473,戶部福建司主稿
82474,戶部福建司主事
82475,戶部給事中
82476,戶部廣東司兼陜西司學習主事
82477,戶部廣東司郎中
82478,戶部廣東司行走
82479,戶部廣東司員外郎
82480,戶部廣東司主事
82481,戶部廣西清吏司主事
82482,戶部廣西司額外主事
82483,戶部廣西司郎中
82484,戶部廣西司行走
82485,戶部廣西司學習行走
82486,戶部廣西司員外郎
82487,戶部廣西司主事
82488,戶部貴州司漢員外郎
82489,戶部貴州司郎中
82490,戶部貴州司員外郎
82491,戶部貴州司正主稿
82492,戶部貴州司主事
82493,戶部河南司額外主事
82494,戶部河南司郎中
82495,戶部河南司行走
82496,戶部河南司員外郎
82497,戶部河南司主事
82498,戶部湖廣司郎中
82499,戶部湖廣司學習行走
82500,戶部湖廣司員外郎
82501,戶部湖廣司主事
82502,戶部豁免處管股
82503,戶部江南司漢員外郎
82504,戶部江南司郎中
82505,戶部江南司員外郎
82506,戶部江南司主事
82507,戶部江西司幫稿
82508,戶部江西司郎中
82509,戶部江西司員外郎
82510,戶部江西司正主稿
82511,戶部江西司主事
82512,戶部郎中
82513,戶部理事官
82514,戶部滿洲主事
82515,戶部蒙古員外郎
82516,戶部南檔房領辦
82517,戶部七品筆帖式
82518,戶部七品小京官
82519,戶部錢法堂事務
82520,戶部錢法右侍郎
82521,戶部慶豐司郎中
82522,戶部三庫
82523,戶部三庫大臣
82524,戶部三庫檔房筆帖式
82525,戶部三庫檔房主事
82526,戶部三庫主事
82527,戶部山東司幫主稿北檔房總辦
82528,戶部山東司郎中
82529,戶部山東司行走
82530,戶部山東司員外郎
82531,戶部山東司主事
82532,戶部山西司額外主事
82533,戶部山西司郎中
82534,戶部山西司行走
82535,戶部山西司員外郎
82536,戶部山西司正主稿
82537,戶部山西司主事
82538,戶部尚書
82539,戶部尚書兼署錢法堂事
82540,戶部尚書協辦大學士
82541,戶部侍郎
82542,戶部侍郎銜
82543,戶部侍郎行走
82544,戶部司庫
82545,戶部四川司郎中
82546,戶部四川司員外郎
82547,戶部四川司主事
82548,戶部堂主事
82549,戶部貼寫筆帖式
82550,戶部陜西司漢主事
82551,戶部陜西司郎中
82552,戶部陜西司滿洲主事
82553,戶部陜西司行走
82554,戶部陜西司員外郎
82555,戶部陜西司主事
82556,戶部效力行走
82557,戶部行走
82558,戶部行走筆帖式
82559,戶部行走充河南司主稿
82560,戶部學習
82561,戶部學習筆帖式
82562,戶部學習行走
82563,戶部學習主事
82564,戶部顏料庫大使
82565,戶部顏料庫郎中
82566,戶部顏料庫司庫
82567,戶部顏料庫員外郎
82568,戶部銀庫筆帖式
82569,戶部銀庫大使
82570,戶部銀庫郎中
82571,戶部銀庫司庫
82572,戶部銀庫員外郎
82573,戶部營田主事
82574,戶部右侍郎
82575,戶部右侍郎督理錢法局
82576,戶部右侍郎管理錢法堂事務
82577,戶部右侍郎管錢法
82578,戶部右侍郎管錢法堂事
82579,戶部右侍郎管錢法堂事務
82580,戶部右侍郎兼管錢法堂事務
82581,戶部員外郎
82582,戶部員外郎上行走
82583,戶部員外郎銜
82584,戶部雲南司郎中
82585,戶部雲南司行走
82586,戶部雲南司員外郎
82587,戶部雲南司主稿
82588,戶部雲南司主事
82589,戶部贊禮郎銜
82590,戶部掌印給事中
82591,戶部浙江司郎中
82592,戶部浙江司行走
82593,戶部浙江司員外郎
82594,戶部浙江司主事
82595,戶部主事
82596,戶部主事上行走
82597,戶部主事學習行走
82598,戶部總督倉場
82599,戶部左侍郎
82600,戶部左侍郎管理錢法堂事務
82601,戶部左侍郎管理三庫事務
82602,戶部左侍郎兼管錢法堂事務
82603,戶部左侍郎兼管三庫事務
82604,戶部左侍郎總督倉場
82605,戶部坐糧廳監督
82606,戶科筆帖式
82607,戶科都給事中
82608,戶科給事中
82609,戶科右給事中
82610,戶科掌印給事中
82611,戶科左給事中
82612,户部田賦司郎中
82613,護軍
82614,護軍參領
82615,護軍參領上行走
82616,護軍參領銜
82617,護軍都統
82618,護軍副參領
82619,護軍統領
82620,護軍統領續辦事章京護軍參領
82621,護軍校
82622,護軍營副護軍參領
82623,護軍章京
82624,護理漕運總督
82625,護理道印務
82626,護理副都統印務
82627,護理將軍印務
82628,護理直隸提督印務記名堪勝總兵
82629,護送安南陪臣前赴行在覲見
82630,護送恩嬪金棺查看橋粱道路大臣
82631,護宴大臣
82632,花翎都司
82633,花翎分發知府
82634,花翎軍機處存記
82635,花翎善騎射
82636,花翎侍衛
82637,淮軍親兵馬步營隊馬隊統領
82638,淮軍營隊目
82639,淮軍營右哨哨官
82640,懷順王
82641,換防都司
82642,換防遊擊
82643,換防總兵官
82644,皇帝
82645,皇帝師傅
82646,皇父攝政王
82647,皇貴妃
82648,皇考宣宗成皇帝實錄館總裁
82649,皇清文穎館副總裁
82650,皇清文穎館總裁
82651,皇清文穎館總纂
82652,皇清文穎館纂修
82653,皇史宬守吏
82654,皇史宬修書總辦
82655,皇太后
82656,皇太子
82657,皇子
82658,皇子講席
82659,黃旗防禦
82660,黃旗協領
82661,黃旗佐領
82662,輝特親王
82663,回部郡王品級貝勒
82664,回疆則例館提調官
82665,回務章京
82666,回子郡王
82667,惠郡王
82668,惠陵工程處辦事官
82669,惠陵工程處監督
82670,惠陵工程處隨同辦事
82671,彙編御製律曆淵源
82672,彙纂總裁
82673,會辦北洋軍務
82674,會辦長江防守事宜
82675,會辦承修惠陵工程
82676,會辦大臣
82677,會辦大臣兼外務部尚書
82678,會辦固關
82679,會辦廣西軍務
82680,會辦海防
82681,會辦河防局務
82682,會辦軍務及善後事宜
82683,會辦練軍翼長
82684,會辦蒙古礦務會同督辦蒙古礦務金廠監辦官
82685,會辦商務大臣
82686,會辦商約大臣
82687,會辦省營務
82688,會辦稅務大臣
82689,會辦五城事宜
82690,會辦鹽政大臣
82691,會辦雲南通省團練創設團營並創辦鹽捐各事宜
82692,會典館幫總校官
82693,會典館幫總纂官
82694,會典館額外幫總纂
82695,會典館翻譯官
82696,會典館副總裁官
82697,會典館覆校官
82698,會典館漢文總校
82699,會典館畫圖處纂修官
82700,會典館繪圖處幫總纂官
82701,會典館繪圖處校對官
82702,會典館繪圖處總纂官
82703,會典館繪圖處纂修官
82704,會典館滿詳校官
82705,會典館滿協修官
82706,會典館滿總纂官
82707,會典館清文總校
82708,會典館書上幫總纂官
82709,會典館書上協修官
82710,會典館書上總校官
82711,會典館提調官
82712,會典館圖上幫提調官
82713,會典館圖上幫總纂官
82714,會典館圖上詳校官
82715,會典館圖上校對官
82716,會典館圖上協修官
82717,會典館圖上總纂官
82718,會典館圖上纂修官
82719,會典館詳校官
82720,會典館詳校兼幫總纂
82721,會典館校對官
82722,會典館協修官
82723,會典館正總裁官
82724,會典館總裁官
82725,會典館總校官
82726,會典館總纂官
82727,會典館纂修官
82728,會典清文總校
82729,會典提調
82730,會計筆帖式
82731,會計司郎中
82732,會計司員外郎
82733,會勘銀礦
82734,會考府郎中
82735,會考府掌印郎中
82736,會考陸軍遊學畢業學生主試大臣
82737,會試場內督理稽查官
82738,會試場內督理稽察大臣
82739,會試朝考閱卷大臣
82740,會試朝考閱卷官
82741,會試彈壓右翼副都統
82742,會試讀卷官
82743,會試對讀官
82744,會試恩科知貢舉
82745,會試副考官
82746,會試副提調官
82747,會試副總裁
82748,會試覆勘試卷大臣
82749,會試覆試朝考閱卷大臣
82750,會試覆試閱卷大臣
82751,會試覆試閱卷官
82752,會試貢院搜撿大臣
82753,會試後舉人補行覆試閱卷大臣
82754,會試稽查接談換卷大臣
82755,會試稽察磨勘官
82756,會試監視大臣
82757,會試監試官
82758,會試檢大臣
82759,會試接談換卷大臣
82760,會試考官
82761,會試彌封官
82762,會試磨勘官
82763,會試磨勘試卷官
82764,會試內場監試官
82765,會試內簾監試官
82766,會試欽派磨勘官
82767,會試收卷官
82768,會試受卷官
82769,會試搜檢大臣
82770,會試提調官
82771,會試同考官
82772,會試外場監同稽查大臣
82773,會試外場巡查御史
82774,會試外監考官
82775,會試外簾官
82776,會試外簾監試
82777,會試武闈較射大臣
82778,會試新貢士覆試閱卷大臣
82779,會試正考官
82780,會試正提調
82781,會試正總裁官
82782,會試知貢舉
82783,會試知貢舉考試各官學教習閱卷官
82784,會試知武舉
82785,會試主考官
82786,會試專門搜檢大臣
82787,會試專司稽查大臣
82788,會試宗室覆試閱卷大臣
82789,會試總裁官
82790,會試總磨堪官
82791,會試總司稽查
82792,會同辦理關內外鐵路事宜襄辦京畿善後營務事宜
82793,會同辦理黑龍江開荒事件
82794,會同辦理通商事務
82795,會同查勘遊牧私墾事務
82796,會同館監督
82797,會同館小吏
82798,會同監射四川恩科武闈
82799,會同勘界
82800,會同四譯館監督
82801,會同五城御史辦理團防保甲事宜
82802,會議商約大臣
82803,會議政務處幫提調
82804,會議政務處王大臣
82805,繪圖處協修
82806,火器營參領
82807,火器營操練尉
82808,火器營操練尉營總
82809,火器營大臣
82810,火器營管理大臣
82811,火器營兼管大臣
82812,火器營夸蘭大
82813,火器營鳥槍護軍校
82814,火器營事務
82815,火器營統領
82816,火器營驍騎校
82817,火器營翼長
82818,火器營章京
82819,火器營掌關防營總
82820,火器營掌印總統大臣
82821,火器營總管
82822,火器營總統大臣
82823,火藥局值年大臣
82824,稽倉
82825,稽查倉
82826,稽查倉並稽查甲米俸米進城事務
82827,稽查倉大臣
82828,稽查倉給事中
82829,稽查倉工科給事中
82830,稽查倉官大臣
82831,稽查倉戶科給事中
82832,稽查倉事務
82833,稽查倉收放糧石事務大臣
82834,稽查倉御史
82835,稽查倉掌道監察御史
82836,稽查倉值班官兵大臣
82837,稽查漕糧
82838,稽查崇文門總稅務
82839,稽查大臣
82840,稽查東城
82841,稽查東四旗覺羅官學
82842,稽查東四旗左翼覺羅學
82843,稽查緞疋庫御史
82844,稽查俸米
82845,稽查海運
82846,稽查會同四譯館
82847,稽查會同四譯館大臣
82848,稽查火藥局
82849,稽查火藥局官兵大臣
82850,稽查火藥局事務大臣
82851,稽查火藥局值班官兵事務大臣
82852,稽查甲米並倉
82853,稽查甲米御史
82854,稽查監察御史
82855,稽查接談換卷大臣
82856,稽查覺羅官學大臣
82857,稽查覺羅子女首領
82858,稽查科事內閣學士
82859,稽查庫大臣
82860,稽查龍門接談換卷大臣
82861,稽查買賣街事務
82862,稽查前鋒護軍事務御史
82863,稽查欽奉上諭事件處
82864,稽查欽奉上諭事件處管理大臣
82865,稽查欽奉上諭事件處兼理大臣
82866,稽查欽奉上諭事件處委署主事
82867,稽查守衛大臣
82868,稽查壇廟大臣
82869,稽查壇廟官
82870,稽查壇牆大臣
82871,稽查西四旗覺羅官學
82872,稽查西四旗覺羅右翼宗學
82873,稽查咸安宮學務
82874,稽查鑲黃旗漢軍旗務
82875,稽查小九處
82876,稽查小四處
82877,稽查小五處大臣
82878,稽查興倉事務
82879,稽查銀庫兵科給事中
82880,稽查銀庫刑科給事中
82881,稽查右翼官兵大臣
82882,稽查右翼覺羅官學大臣
82883,稽查右翼覺羅教席
82884,稽查右翼覺羅宗學
82885,稽查右翼前鋒統領
82886,稽查右翼西四旗覺羅學
82887,稽查右翼小五處大臣
82888,稽查右翼幼官學
82889,稽查右翼宗學
82890,稽查幼官學大臣
82891,稽查御史
82892,稽查賑場
82893,稽查正紅旗滿洲旗務掌道事務御史
82894,稽查正紅旗蒙古旗務
82895,稽查正黃旗滿洲旗務工科掌印給事中
82896,稽查正黃旗滿洲旗務掌道監察御史
82897,稽查直班兵丁大臣
82898,稽查值班兵丁大臣
82899,稽查值班官兵大臣
82900,稽查值年旗務
82901,稽查中書科
82902,稽查中書科事務
82903,稽查中書科中書
82904,稽查中書科中書事務
82905,稽查中左門
82906,稽查粥廠
82907,稽查駐防大臣
82908,稽查宗學
82909,稽查左翼官兵大臣
82910,稽查左翼覺羅官學
82911,稽查左翼覺羅學
82912,稽查左翼覺羅宗學
82913,稽查左翼幼官學
82914,稽查左翼宗學
82915,稽察本章
82916,稽察倉廒大臣
82917,稽察倉給事中
82918,稽察倉事務
82919,稽察倉御史
82920,稽察城內七倉大臣
82921,稽察崇文門稅務
82922,稽察大臣
82923,稽察彈壓監放
82924,稽察東四旗覺羅學
82925,稽察東西旗覺羅學
82926,稽察房事務
82927,稽察俸米事務
82928,稽察各倉御史
82929,稽察溝渠河道大臣
82930,稽察官三倉大臣
82931,稽察光祿寺事務
82932,稽察海運倉
82933,稽察海運倉米
82934,稽察戶部三庫事務
82935,稽察會同四譯館
82936,稽察會同四譯館大臣
82937,稽察甲米
82938,稽察街道
82939,稽察覺羅官學
82940,稽察覺羅右翼官學
82941,稽察考官
82942,稽察科事內閣學士
82943,稽察南城給事中
82944,稽察內倉
82945,稽察內七倉大臣
82946,稽察內七倉事務大臣
82947,稽察七倉事務大臣
82948,稽察刋刻題紙大臣
82949,稽察欽奉上諭事件處
82950,稽察欽奉上諭事件處筆帖式
82951,稽察欽奉上諭事件處兼理大臣
82952,稽察三海值班官兵大臣
82953,稽察四譯館大臣
82954,稽察壇廟大臣
82955,稽察西四旗覺羅官學
82956,稽察鑲藍旗蒙古旗務
82957,稽察小四處大臣
82958,稽察小五處大臣
82959,稽察右翼副督統
82960,稽察右翼覺羅官學
82961,稽察右翼覺羅宗學
82962,稽察右翼事務
82963,稽察右翼宗學
82964,稽察正紅旗滿洲旗務
82965,稽察正藍旗漢軍旗務
82966,稽察中城御史
82967,稽察中書科
82968,稽察中左門
82969,稽察粥廠
82970,稽察左翼副都統
82971,稽察左翼覺羅官學
82972,稽察左翼宗學
82973,稽勳司郎中
82974,稽勳司員外郎
82975,稽勳司掌印
82976,稽勳司主事
82977,緝私營統領
82978,機器局提調
82979,機器製造局總辦
82980,即補堂主事
82981,祭城隍廟
82982,祭告炎帝陵舜陵故事祭告使臣
82983,祭酒
82984,祭酒銜
82985,祭砲位大臣
82986,祭山神后土大臣
82987,祭太歲壇關帝廟大臣
82988,加道銜
82989,加都司銜
82990,加提督銜
82991,加一外衛指揮副僉事
82992,嘉親王
82993,嘉勇貝子
82994,甲兵
82995,甲喇章京
82996,兼協事
82997,監察御史
82998,監察御史行走
82999,監察御使
83000,監掣同知
83001,監督
83002,監督差使
83003,監督出洋肄業事宜
83004,監督關稅務
83005,監督稅務
83006,監放馬匹大臣
83007,監國
83008,監軍
83009,監軍御史
83010,監理軍機
83011,監臨官
83012,監射
83013,監射大臣
83014,監射試考官
83015,監生考試監試御史
83016,監事
83017,監視太監
83018,監視王公子弟馬步射大臣
83019,監試
83020,監試大臣
83021,監試大考翰詹
83022,監試給事中
83023,監試官
83024,監試舉人覆試
83025,監試考滿洲教習
83026,監試考試筆帖式
83027,監試考試恩監生
83028,監試外文場監察御史
83029,監試武舉覆試大臣
83030,監試武鄉試外場
83031,監試御史
83032,監收廠稅
83033,監武會試
83034,監鄉試馬步射大臣
83035,監修大臣
83036,監修官
83037,監修總裁官
83038,監修總裁實錄館清文總校官
83039,監營經制外委
83040,監葬官
83041,監正
83042,揀發參將
83043,揀發副將
83044,揀選兵馬司副指揮吏目
83045,揀選大臣
83046,揀選營官
83047,檢大臣
83048,檢討
83049,檢討上行走
83050,閒散章京
83051,鑑古輯覽總裁
83052,江防河務同知
83053,江關道
83054,江南鹽運使
83055,講官
83056,將國
83057,將軍
83058,將軍標中軍副將
83059,將軍差遣
83060,將軍銜
83061,將軍衙門筆帖式
83062,將軍衙門隨印筆帖式
83063,將軍衙門隨印右翼九品筆帖式
83064,將軍衙門主事
83065,將軍印務
83066,將軍中軍副將
83067,交沖馬大臣
83068,交地全權委員
83069,交涉使
83070,交涉使司交涉使
83071,剿撫將軍
83072,剿寇勸農總兵官
83073,敎習
83074,教練處總辦
83075,教練旗兵統練大臣
83076,教授
83077,教授銜
83078,教席庶吉士
83079,教習
83080,教習翻譯庶吉士
83081,教習滿州恩監閱卷大臣
83082,教習清書庶吉士
83083,教習庶常
83084,教習庶吉士
83085,教習營精兵槍砲
83086,教習閱卷大臣
83087,教習總管
83088,教諭
83089,教諭銜
83090,教職
83091,較射大臣
83092,接辦翻譯鄉試提調
83093,接管河道大臣
83094,接談換卷大臣
83095,捷報處總辦
83096,捷報署值班章京
83097,節慎庫監督
83098,節慎庫郎中
83099,節制軍
83100,節制軍營
83101,節制墾務
83102,節制親兵護軍左兩旗
83103,節制巡撫親兵正營
83104,金川方略副總裁
83105,進班大臣
83106,進講大臣
83107,進講官
83108,進耒耜大臣
83109,進六班
83110,進六班大臣
83111,進內大臣
83112,進內大臣班
83113,進士朝考閱卷大臣
83114,進士覆試閱卷大臣
83115,進士侍衛班領
83116,禁煙大臣
83117,禁煙局總辦
83118,儘先知府
83119,京畿海捕事
83120,京旗練兵翼長
83121,京師大學堂辦理文典事宜
83122,京師大學堂德文教習
83123,京師大學堂副總辦
83124,京師大學堂監督翻譯課
83125,京師大學堂京學分科教授
83126,京師大學堂總監督
83127,京師大學總教習
83128,京師高等檢察廳檢察長三品銜
83129,京師團練大臣
83130,京堂
83131,經辦接運總局
83132,經館提調上行走
83133,經濟特科閱卷大臣
83134,經科大學監督
83135,經理京城各門石道工程
83136,經理糧餉
83137,經理屯田
83138,經歷
83139,經歷司掌印
83140,經略
83141,經略大臣
83142,經略後標總兵官
83143,經略內院大學士
83144,經略右標提督總兵官
83145,經略左標右營遊擊
83146,經筳講官
83147,經延講官
83148,經筵對引大臣
83149,經筵講官
83150,經筵講官領閣事
83151,經筵前引大臣
83152,經筵日講起居注官
83153,經筵席講官
83154,經筵直閣事
83155,經筵直講官
83156,經筵值講大臣
83157,經制
83158,經制外委
83159,精奇尼哈番
83160,精膳司郎中
83161,精膳司員外郎
83162,精膳司主事
83163,精忠軍師頂天扶朝綱干王
83164,井田科關防
83165,景陵總管
83166,景運門進班之右翼前鋒統領
83167,靖海侯
83168,靖侯
83169,靖寇大將軍
83170,靖南伯
83171,靖南王
83172,靖逆侯
83173,靖遠成勇侯
83174,九南道
83175,九品筆帖式
83176,九品吏目
83177,九品職銜
83178,九卿從耕東班監禮御史
83179,舊佐領
83180,局監督
83181,局總辦
83182,舉貢考職閱卷大臣
83183,舉人補行覆試閱卷大臣
83184,舉人二次補行覆試閱卷大臣
83185,舉人覆試大臣
83186,舉人覆試搜檢大臣
83187,舉人覆試閱卷
83188,舉人覆試閱卷大臣
83189,舉人三次覆試閱卷大臣
83190,舉人續補覆試閱卷大臣
83191,捐納房幫辦
83192,捐納房掌印事務
83193,捐納房主稿
83194,捐納房總辦
83195,捐銅局事務
83196,捐鹽大使
83197,覺羅官學漢教習
83198,覺羅學
83199,覺羅學教習
83200,覺羅學事務
83201,覺羅學正黃旗教習
83202,覺羅正紅旗官學漢教習
83203,君主特派欽差駐箚中華便宜行事全權大臣
83204,軍幫統
83205,軍標右營把總
83206,軍標右營都司
83207,軍標中軍副將
83208,軍捕同知
83209,軍參領
83210,軍鋒
83211,軍副都統
83212,軍副將
83213,軍機幫領班章京
83214,軍機處幫領班章京
83215,軍機處額外行走
83216,軍機處二班幫領班章京
83217,軍機處領班行走
83218,軍機處領班章京
83219,軍機處司員上行走
83220,軍機處頭班幫領班章京
83221,軍機處頭班領班章京
83222,軍機處行走
83223,軍機處學習行走
83224,軍機處章京
83225,軍機處中
83226,軍機大臣
83227,軍機大臣內廷行走
83228,軍機大臣上行走
83229,軍機大臣上學習行走
83230,軍機大臣學習行走
83231,軍機大臣總理各國事務衙門行走
83232,軍機司員
83233,軍機司員上行走
83234,軍機章京
83235,軍機章京兵部即補主事
83236,軍機章京額外行走
83237,軍機章京軍機處行走
83238,軍機章京上行走
83239,軍令司副使
83240,軍馬隊全營翼長
83241,軍哨官
83242,軍守備
83243,軍統領
83244,軍委統領
83245,軍務
83246,軍務處提調
83247,軍務大臣
83248,軍務大學士
83249,軍械製造局廠督辦
83250,軍需
83251,軍需局當差
83252,軍翼長
83253,軍營辦理文案
83254,軍營參贊大臣
83255,軍營查辦軍務
83256,軍營差遣
83257,軍營差委
83258,軍營防堵
83259,軍營交勝保差遣委用
83260,軍營糧餉侍郎
83261,軍營委筆帖式
83262,軍政大臣
83263,軍政司兵備處提調
83264,軍政司正使
83265,軍政閱兵大臣
83266,軍執法營務處
83267,軍諮處正使
83268,軍諮大臣
83269,軍左路統領
83270,郡守
83271,郡王
83273,郡王品級郡王銜
83274,郡王侍讀
83275,郡王銜
83276,郡主
83277,郡主額駙
83278,喀部落賜奠大臣
83279,喀車臣汗盟長
83280,喀爾喀大札薩克
83281,喀爾喀賽因諾顏部扎薩克
83282,喀郡王銜世襲罔替
83283,喀拉喀扎薩克
83284,喀拉喀扎薩克貝子
83285,喀賽因諾顏部札薩克和碩親王
83286,喀土謝圖汗部札薩克多羅郡王
83287,喀王
83288,喀扎薩克和碩親王
83289,喀扎薩克圖汗
83290,喀札薩克和碩親王
83291,卡倫兵換班
83292,開辦資政院事務
83293,開廣道
83294,凱里營都司
83295,凱左營把總
83296,勘大臣
83297,勘定戶部則例底本
83298,勘估倉廠大臣
83299,勘估工程大臣
83300,勘開礦事務
83301,勘試卷
83302,勘收工程大臣
83303,看視獎賞大臣
83304,看守昌陵
83305,看守墳墓閒散佐領
83306,考查學務
83307,考察俄羅斯學生
83308,考察海軍大臣
83309,考察陸軍大臣
83310,考察商務
83311,考察銅元事宜
83312,考察憲政大臣
83313,考察政治大臣
83314,考察政治二等參贊
83315,考察政治館兼行
83316,考差監試大臣
83317,考差試閱卷大臣
83318,考差閱卷大臣
83319,考差閱卷官
83320,考工司主事
83321,考功司郎中
83322,考功司郎中掌文選司印
83323,考功司員外郎
83324,考功司掌印
83325,考功司主事
83326,考官
83327,考核專科幫辦
83328,考試八旗翻譯筆帖式正考官
83329,考試八旗翻譯官
83330,考試八旗翻譯錄科監試官
83331,考試八旗教習內簾監試官
83332,考試八旗童生監試官
83333,考試八旗文童
83334,考試八旗文童監馬步射大臣
83335,考試八旗文童監射大臣
83336,考試八旗文童監試御史
83337,考試八旗文童搜檢大臣
83338,考試八旗武童監試大臣
83339,考試八旗武童監試官
83340,考試拔貢查察大臣
83341,考試拔貢監試大臣
83342,考試拔貢監試官
83343,考試拔貢閱卷大臣
83344,考試筆帖式
83345,考試筆帖式大主考
83346,考試筆帖式內場監試官
83347,考試筆帖式搜檢大臣
83348,考試筆帖式閱卷大臣
83349,考試差卷閱卷官
83350,考試大員子弟大臣
83351,考試扥忒學生主考官
83352,考試恩監大臣
83353,考試恩監官
83354,考試恩監生閱卷大臣
83355,考試恩監搜檢大臣
83356,考試恩監閱卷官
83357,考試翻譯筆帖式搜檢大臣
83358,考試翻譯讀卷官
83359,考試翻譯官
83360,考試翻譯官監試
83361,考試翻譯翰詹監視大臣
83362,考試翻譯檢大臣
83363,考試翻譯教習閱卷大臣
83364,考試翻譯教習正考官
83365,考試翻譯錄科
83366,考試翻譯錄科搜檢大臣
83367,考試翻譯內簾監試官
83368,考試翻譯生員同考官
83369,考試翻譯謄錄等官
83370,考試翻譯謄錄等官閱卷大臣
83371,考試翻譯謄錄監試官
83372,考試翻譯童生監馬步射大臣
83373,考試翻譯童生監試
83374,考試翻譯童生考試官
83375,考試翻譯童生閱卷大臣
83376,考試翻譯文童彈壓大臣
83377,考試翻譯文童彈壓副都統
83378,考試翻譯鄉試閱卷大臣
83379,考試翻譯閱卷大臣
83380,考試翻譯閱卷官
83381,考試翻譯中書閱卷大臣
83382,考試翻譯助教閱卷大臣
83383,考試覆核朝審大臣
83384,考試各省優生閱卷大臣
83385,考試貢舉貢閱卷大臣
83386,考試官
83387,考試官學生閱卷官
83388,考試國子監滿助教官
83389,考試國子監蒙古司業閱卷大臣
83390,考試國子監學正學錄閱卷大臣
83391,考試國子監學政學錄
83392,考試國子監助教閱卷大臣
83393,考試漢教習
83394,考試漢教習大臣
83395,考試漢教習請題大臣
83396,考試漢教習搜檢大臣
83397,考試漢教習閱卷大臣
83398,考試漢教習閱卷官
83399,考試漢軍翻譯筆帖式閱卷大臣
83400,考試漢軍中書
83401,考試漢軍中書大臣
83402,考試漢軍中書閱卷大臣
83403,考試漢謄錄
83404,考試漢謄錄大臣
83405,考試漢謄錄搜檢大臣
83406,考試漢謄錄閱卷大臣
83407,考試漢衛史監試大臣
83408,考試漢蔭生
83409,考試漢蔭生閱卷大臣
83410,考試漢廕生
83411,考試漢廕生大臣
83412,考試漢廕生監試官
83413,考試漢廕生擬題大臣
83414,考試漢廕生閱卷大臣
83415,考試漢廕生閱卷官
83416,考試漢御史監試大臣
83417,考試漢御史監試官
83418,考試漢御史閱卷大臣
83419,考試漢御史閱卷官
83420,考試漢中書閱卷大臣
83421,考試漢中書閱卷官
83422,考試翰林院孔目閱卷大臣
83423,考試翰謄錄閱卷大臣
83424,考試翰詹監試大臣
83425,考試翰詹閱卷大臣
83426,考試候補筆帖式監試御史
83427,考試教習大臣
83428,考試教習閱卷大臣
83429,考試進士館畢業學員閱卷大臣
83430,考試經濟特科閱卷大臣
83431,考試舉貢閱卷大臣
83432,考試吏部筆帖式閱卷大臣
83433,考試翎枝大臣
83434,考試錄科及翻譯童生搜檢大臣
83435,考試滿漢教習大臣
83436,考試滿漢教習閱卷大臣
83437,考試滿教習
83438,考試滿教習閱卷大臣
83439,考試滿蒙中書閱卷大臣
83440,考試滿謄錄大臣
83441,考試滿謄錄官
83442,考試滿謄錄閱卷大臣
83443,考試滿訓導漢教習閱卷大臣
83444,考試滿御史閱卷大臣
83445,考試滿洲八旗翻譯文童主考官
83446,考試滿洲翻譯充場內督理稽察官
83447,考試滿洲翻譯大臣
83448,考試滿洲翻譯副考官
83449,考試滿洲翻譯官
83450,考試滿洲翻譯搜檢大臣
83451,考試滿洲翻譯文童彈壓左翼副都統
83452,考試滿洲翻譯文童閱卷大臣
83453,考試滿洲翻譯文童閱卷官
83454,考試滿洲教授監試
83455,考試滿洲教授閱卷大臣
83456,考試滿洲教席
83457,考試滿洲教習閱卷大臣
83458,考試滿洲庫使主考官
83459,考試滿洲蒙古翻譯搜檢大臣
83460,考試滿洲蒙古漢軍教習監試
83461,考試滿洲中書閱卷大臣
83462,考試滿洲助教閱卷大臣
83463,考試蒙古筆帖式閱卷官
83464,考試蒙古翻譯生員主考官
83465,考試蒙古翻譯中書
83466,考試蒙古司業閱卷大臣
83467,考試內閣中書內簾監試官
83468,考試清字翻譯貼寫中書副考官
83469,考試繕本筆帖式閱卷大臣
83470,考試繕本筆帖式主考官
83471,考試盛京官學生大臣
83472,考試盛京漢教習
83473,考試盛京宗室覺羅官學漢教習
83474,考試盛京宗室覺羅官學漢教習閱卷官
83475,考試試差監試大臣
83476,考試試差卷大臣
83477,考試試差散館閱卷大臣
83478,考試試差閱卷大臣
83479,考試試差閱卷官
83480,考試試官閱卷大臣
83481,考試庶吉士散館閱卷大臣
83482,考試滕錄閱卷大臣
83483,考試謄錄閱卷大臣
83484,考試謄錄閱卷官
83485,考試提督衙門筆帖式
83486,考試貼寫筆帖式翻譯官滿洲助教閱卷大臣
83487,考試外郎筆帖式正考官
83488,考試文童搜檢大臣
83489,考試現任筆帖式
83490,考試現任筆帖式閱卷大臣
83491,考試現任筆帖式主考官
83492,考試孝廉方正大臣
83493,考試孝廉方正閱卷大臣
83494,考試孝廉方正閱卷官
83495,考試學正學錄閱卷大臣
83496,考試學正學錄閱卷官
83497,考試學政學錄閱卷大臣
83498,考試譯漢官主考官
83499,考試廕監生閱卷大臣
83500,考試廕生孔目閱卷大臣
83501,考試廕生閱卷大臣
83502,考試廕生閱卷官
83503,考試應封步射大臣
83504,考試應封大臣
83505,考試應封宗室大臣
83506,考試應封宗室馬步射大臣
83507,考試應封宗室閱卷大臣
83508,考試優貢閱卷大臣
83509,考試遊學畢業監試御史
83510,考試遊學畢業生考試官
83511,考試遊學畢業生閱卷大臣
83512,考試幼官學大臣
83513,考試御史閱卷大臣
83514,考試院漢謄錄官
83515,考試職考謄錄閱卷大臣
83516,考試中書閱卷大臣
83517,考試中書閱卷官
83518,考試宗室八旗文會試並翻譯會試監馬步射大臣
83519,考試宗室翻譯騎射考官
83520,考試宗室覺羅官學漢教習閱卷大臣
83521,考試宗室覺羅學教習主考官
83522,考試宗室翎緞之大臣
83523,考試宗室應封大臣
83524,考試宗室應封閱卷大臣
83525,考試宗室閱卷大臣
83526,考選軍政大臣
83527,考驗八旗兵丁軍政
83528,考驗八旗軍政大臣
83529,考驗八旗軍政右翼監射
83530,考驗兵丁及世職官員軍政
83531,考驗改編三鎮新軍
83532,考驗軍政大臣
83533,考驗軍政閱看馬步射大臣
83534,考驗軍政閱看騎射大臣
83535,考驗軍政專操大臣
83536,考驗武職軍政大臣
83537,考驗幼官學大臣
83538,考廕生閱卷大臣
83539,考應封監馬步射大臣
83540,考應封王值年大臣
83541,考證纂修官
83542,科爾沁博多勒噶台親王
83543,科爾沁部扎薩克博多勒噶台親王
83544,科爾沁達爾漢多羅郡王
83545,科爾沁輔國公
83546,科爾沁和碩親王
83547,科爾沁親王
83548,科爾沁扎薩克多羅郡王
83549,科會試考官
83550,科會試同考官
83551,科武會試監射校射大臣
83552,克拉沙爾辦事大臣
83553,克圖汗盟長
83554,課吏館副館長
83555,空花翎
83556,空花翎空銜花翎
83557,空花翎銜
83558,空藍翎
83559,空銜花翎
83560,孔子六十八代孫襲封衍聖公
83561,庫郎中
83562,庫倫辦事大臣
83563,庫倫防務差遣
83564,庫倫金礦總辦官督辦蒙古礦務
83565,庫倫軍營文案處委員
83566,庫倫滿洲辦事大臣
83567,庫倫蒙古辦事大臣
83568,庫倫掌印辦事大臣
83569,庫使
83570,庫守
83571,庫掌
83572,庫主事
83573,礦務局
83574,礦務鐵路總局督辦
83575,喇纛章京
83576,藍二滿洲旗協領
83577,藍翎把總
83578,藍翎長
83579,藍翎即選從九品
83580,藍翎披甲
83581,藍翎千總
83582,藍翎侍衛
83583,藍翎侍衛乾清門當差
83584,藍翎侍衛上行走
83585,藍翎侍衛四等侍衛
83586,藍翎侍衛銜
83587,藍翎侍衛行走
83588,藍翎侍衛在大門行走
83589,藍翎侍衛在乾清門行走
83590,藍翎守衛銜
83591,藍翎委參領
83592,藍旗協領
83593,藍旗正中佐領
83594,籃翎侍衛
83595,籃翎侍衛在大門上行走
83596,郎中
83597,郎中分部行走
83598,郎中工部
83599,郎中銜
83600,郎中刑部郎中
83601,老湘軍統領
83602,樂部大臣內行走
83603,樂部典樂大臣
83604,樂部管理大臣
83605,樂部署丞
83606,樂部署正
83607,樂部行走
83608,釐訂官制大臣
83609,理道事務
83610,理藩部尚書
83611,理藩部尚書銜
83612,理藩部右侍郎
83613,理藩部諮議官
83614,理藩部左侍郎
83615,理藩同知
83616,理藩院八品筆帖式
83617,理藩院筆帖氏
83618,理藩院筆帖式
83619,理藩院筆帖式行走
83620,理藩院額外筆帖式上行走
83621,理藩院額外郎中
83622,理藩院額外侍郎
83623,理藩院額外員外郎上行走
83624,理藩院額外主事
83625,理藩院管理院務大臣
83626,理藩院郎中
83627,理藩院郎中上行走
83628,理藩院蒙古房主事
83629,理藩院蒙古員外郎
83630,理藩院內外館監督
83631,理藩院旗籍司郎中
83632,理藩院柔遠司員外郎
83633,理藩院尚書
83634,理藩院尚書銜
83635,理藩院事務
83636,理藩院侍郎
83637,理藩院司官上行走
83638,理藩院堂主事
83639,理藩院題署主事
83640,理藩院貼寫筆帖式
83641,理藩院王會司員外郎
83642,理藩院行走
83643,理藩院學習行走
83644,理藩院右侍郎
83645,理藩院員外郎
83646,理藩院員外郎上行走
83647,理藩院院判
83648,理藩院主事
83649,理藩院左侍郎
83650,理籓院尚書
83651,理科掌印給事中
83652,理民同知
83653,理事
83654,理事官
83655,理事司員
83656,理事通判
83657,理事同知
83658,理事同知管知州事
83659,理事同知通判
83660,理事同知銜
83661,理事章京
83662,理問銜
83663,理刑推官
83664,理猺
83665,禮部八品筆帖式
83666,禮部筆帖式
83667,禮部參政
83668,禮部祠祭清吏司主事
83669,禮部祠祭司郎中
83670,禮部祠祭司員外郎
83671,禮部祠祭司掌印
83672,禮部祠祭司主事
83673,禮部讀祝官
83674,禮部額外行走
83675,禮部額外主事
83676,禮部額外主事上行走
83677,禮部副理事官
83678,禮部會同四譯館監督
83679,禮部祭祀司行走
83680,禮部祭祀司員外郎
83681,禮部精膳清吏司主事
83682,禮部精膳司兼儀制司行走
83683,禮部精膳司郎中
83684,禮部精膳司員外郎
83685,禮部精膳司掌印郎中
83686,禮部精膳司主事
83687,禮部科給事中
83688,禮部郎中
83689,禮部理事官
83690,禮部滿檔房領辦
83691,禮部滿檔房委署主事
83692,禮部滿檔房專辦
83693,禮部滿檔房坐辦
83694,禮部滿尚書
83695,禮部滿洲員外郎
83696,禮部蒙古主事
83697,禮部牛羊君羊總管
83698,禮部尚書
83699,禮部尚書銜
83700,禮部侍郎
83701,禮部侍郎銜
83702,禮部侍郎
83703,禮部司務
83704,禮部司務廳掌印員外郎
83705,禮部堂主事
83706,禮部行走
83707,禮部學習行走
83708,禮部學習主事
83709,禮部儀制清吏司郎中
83710,禮部儀制司筆帖式
83711,禮部儀制司額外行走
83712,禮部儀制司額外主事
83713,禮部儀制司郎中
83714,禮部儀制司行走
83715,禮部儀制司員外郎
83716,禮部儀制司員外郎充儀制司掌印
83717,禮部儀制司掌印
83718,禮部儀制司主事
83719,禮部右侍郎
83720,禮部員外郎
83721,禮部員外郎銜
83722,禮部員外郎行走
83723,禮部掌儀制司印鑰
83724,禮部主客司郎中
83725,禮部主客司主事
83726,禮部主事
83727,禮部主事上行走
83728,禮部主事銜
83729,禮部助教
83730,禮部鑄印局員外郎
83731,禮部鑄印局掌印員外郎
83732,禮部奏事官
83733,禮部左參議
83734,禮部左侍郎
83735,禮科筆帖式
83736,禮科都給事中
83737,禮科副理事官
83738,禮科給事中
83739,禮科給事中巡視中城
83740,禮科右給事中
83741,禮科掌印給事中
83742,禮科左給事中
83743,禮親王
83744,禮書館纂修官
83745,禮學館顧問官
83746,吏兵二部辦事行走
83747,吏部筆帖式
83748,吏部筆帖式行走
83749,吏部參政
83750,吏部額外司主事
83751,吏部額外主事
83752,吏部給事中
83753,吏部漢字堂主事
83754,吏部稽勳司幫掌印
83755,吏部稽勳司郎中
83756,吏部稽勳司員外郎
83757,吏部稽勳司掌印
83758,吏部稽勳司主事
83759,吏部考功司幫掌印
83760,吏部考功司兼驗封司行走
83761,吏部考功司郎中
83762,吏部考功司協辦
83763,吏部考功司員外郎
83764,吏部考功司掌印郎中
83765,吏部考功司主事
83766,吏部科甲員外郎
83767,吏部郎中
83768,吏部郎中上行走
83769,吏部理事官
83770,吏部滿檔房兼辦
83771,吏部滿檔司行走
83772,吏部七品筆帖式
83773,吏部七品小京官
83774,吏部繕本筆帖式
83775,吏部尚書
83776,吏部尚書銜
83777,吏部事務
83778,吏部侍郎
83779,吏部司務
83780,吏部司務廳行走
83781,吏部司務廳掌印
83782,吏部堂主事
83783,吏部頭直幫校籤
83784,吏部頭直校籤
83785,吏部文選等司總辦
83786,吏部文選清吏司主事
83787,吏部文選司幫掌印
83788,吏部文選司郎中
83789,吏部文選司委署主事
83790,吏部文選司行走
83791,吏部文選司員外郎
83792,吏部文選司掌印
83793,吏部文選司主事
83794,吏部行走
83795,吏部學習
83796,吏部學習筆帖式
83797,吏部學習七品小京官
83798,吏部學習員外郎
83799,吏部學習主事
83800,吏部驗封司額外主事
83801,吏部驗封司郎中
83802,吏部驗封司行走
83803,吏部驗封司員外郎
83804,吏部驗封司掌印
83805,吏部驗封司主事
83806,吏部右侍郎
83807,吏部員外郎
83808,吏部員外郎上行走
83809,吏部員外郎中
83810,吏部掌考功司印員外郎
83811,吏部掌印給事中
83812,吏部主事
83813,吏部主事上行走
83814,吏部撰文
83815,吏部左侍郎
83816,吏科愛惜喇庫哈方
83817,吏科八品筆帖式
83818,吏科筆帖式
83819,吏科都給事中
83820,吏科給事中
83821,吏科右給事中
83822,吏科掌印給事中
83823,吏科左給事中
83824,吏員
83825,歷代帝王廟兩廡分獻大臣
83826,簾官
83827,練兵處軍令司副使
83828,練兵處軍令司正使
83829,練兵處軍學司正使
83830,練兵處總司文案
83831,練長
83832,練軍馬隊統領
83833,練軍全營翼長
83834,練軍統領
83835,練軍文案
83836,練軍文案翼長
83837,練軍翼長
83838,練軍營務翼長
83839,練軍營翼長
83840,練軍駐防
83841,凉州總兵官
83842,糧儲道
83843,糧儲鹽法道
83844,糧道
83845,糧臺總局文案
83846,糧務道
83847,糧餉處筆帖式
83848,糧餉處當差
83849,糧餉處章京
83850,糧餉處總辦委員
83851,糧餉章京
83852,糧鹽道
83853,糧驛道
83854,糧驛道參議
83855,糧驛分巡道
83856,糧員
83857,兩府學務處總理
83858,兩廣督標中營都司
83859,兩淮鹽務
83860,兩級師範學堂監督
83861,兩省馬隊翼長
83862,料估司掌印
83863,料估所營繕司主稿
83864,料估所主稿
83865,臨雍進講大臣
83866,陵副將
83867,陵工程監督
83868,陵扈大臣
83869,陵禮部八品筆帖式
83870,陵禮部員外郎
83871,陵寢總管
83872,陵寢總管內務府大臣
83873,陵總管
83874,靈臺郎
83875,領班行走
83876,領辦
83877,領兵行走
83878,領催委官
83879,領催委印務筆帖式
83880,領隊辦事大臣
83881,領隊大臣
83882,領隊大臣上行走
83883,領隊侍衛
83884,領隊侍衛上行走
83885,領閣事
83886,領旗
83887,領事
83888,領侍衛內大臣
83889,領侍衛內大臣上行走
83890,領侍衛內大臣上學習行走
83891,留京辦理城守事宜道
83892,留京辦事大臣
83893,留美肄業局監督
83894,留日中國學生總會館幹事長
83895,留選員外郎
83896,留學生監督
83897,琉璃廠監督
83898,六安營參將
83899,六班大臣
83900,六班委侍衛班領
83901,六班武職大臣
83902,六邊衙門印鑰
83903,六部筆帖式
83904,六部額外主事
83905,六部郎中
83906,六部員外郎
83907,六庫郎中
83908,六品伯克
83909,六品軍功
83910,六品庫掌
83911,六品領催
83912,六品銜八品筆帖式
83913,六品虛銜八品苑丞
83914,六品廕生
83915,六品苑丞
83916,六品贊禮郎
83917,六世達賴喇嘛
83918,廬江王
83919,魯王
83920,陸軍兵備處總辦
83921,陸軍部副大臣
83922,陸軍部貴冑學堂總辦
83923,陸軍部尚書
83924,陸軍部侍郎銜
83925,陸軍部一等檢察官
83926,陸軍部一等諮議官
83927,陸軍部右參議
83928,陸軍部右侍郎
83929,陸軍部右侍郎銜
83930,陸軍部左侍郎
83931,陸軍參謀處總理
83932,陸軍大臣
83933,陸軍督練處參議官
83934,陸軍速成學堂督辦
83935,陸軍小學堂總辦
83936,陸軍協統
83937,陸軍遊學畢業生主試大臣
83938,陸路提標後營守備
83939,陸路提標後營遊擊
83940,陸路提標前營守備
83941,陸路提標前營遊擊
83942,陸路提標右營遊擊
83943,陸路提標右營中軍守備
83944,陸路提標中軍參將
83945,陸路提標中營守備
83946,陸路提標左營遊擊
83947,陸路提督
83948,陸路總兵
83949,路幫帶
83950,路參將
83951,路東城守備
83952,路都司
83953,路副將
83954,路礦會辦大臣
83955,路馬隊左營營官
83956,路水師總兵官
83957,路同知
83958,路西城都司
83959,路協副將
83960,路營參將
83961,路遊擊
83962,路總兵官
83963,路總管
83964,錄官實錄館謄錄官
83965,履郡王
83966,履親王
83967,律例館幫辦提調
83968,律例館管理提調
83969,律例館提調
83970,律例館總裁官
83971,律呂館總裁官
83972,綠營守備
83973,鑾儀使
83974,鑾儀衛
83975,鑾儀衛筆帖式
83976,鑾儀衛冠軍使
83977,鑾儀衛管衛事內大臣
83978,鑾儀衛經歷
83979,鑾儀衛鑾儀使
83980,鑾儀衛使
83981,鑾儀衛堂主事
83982,鑾儀衛協理堂務章京
83983,鑾儀衛行走
83984,鑾儀衛雲麾使
83985,鑾儀衛掌衛大臣
83986,鑾儀衛整儀尉
83987,鑾儀衛指揮僉事
83988,鑾儀衛治儀正
83989,鑾儀衛主事
83990,鑾儀衛總理堂務章京
83991,鑾輿使
83992,鸞儀衛整儀尉
83993,輪船招商局督辦
83994,馬步各營駐紮
83995,馬步官兵及外調各軍駐紮辦理防務
83996,馬步練軍統領
83997,馬步全軍翼長
83998,馬步勇隊
83999,馬隊幫帶
84000,馬隊全營翼長
84001,馬隊統帶
84002,馬館
84003,馬館監督
84004,馬館監督值年大臣
84005,馬館值年大臣
84006,馬甲
84007,馬侍卿
84008,馬水口都司
84009,馬寺卿
84010,滿本堂上行走
84011,滿檔房堂主事
84012,滿都統
84013,滿副都統
84014,滿漢書教習
84015,滿漢水師副都統
84016,滿漢武鄉試監臨考試官
84017,滿講官
84018,滿蒙教習
84019,滿書庶吉士
84020,滿提牢
84021,滿營前鋒
84022,滿營鑲黃正白兩旗協領
84023,滿營協領
84024,滿州水師營都統
84025,滿州協領
84026,滿州佐領
84027,滿洲都統事務
84028,滿洲副都統
84029,滿洲旗副都統
84030,滿洲旗務
84031,滿洲水師營都統
84032,滿洲水師營副都統
84033,滿洲鑲白旗佐領
84034,滿洲協領
84035,滿洲新舊營房
84036,滿洲新舊營房內城官房大臣
84037,滿洲營協領
84038,懋勤殿編纂
84039,懋勤殿行走
84040,煤炭監督
84041,美使三等參贊官
84042,門參將
84043,門副監督
84044,門官
84045,門監督
84046,門檢大臣
84047,門千總
84048,門商稅委員
84049,門水師參將
84050,門稅務
84051,門稅務副監督
84052,門稅務監督
84053,門稅務委員
84054,門委員
84055,門巡檢
84056,門營參將
84057,門右翼監督
84058,門正監督
84059,門左哨千總
84060,門左翼監督
84061,盟長
84062,蒙副都統
84063,蒙古都統
84064,蒙古副都統
84065,蒙古貢監考職考試官
84066,蒙古旗務
84067,蒙古事侍衛
84068,蒙古鑲白旗驍騎校
84069,蒙古佐領
84070,蒙養齋彙編官
84071,秘書院編修
84072,秘書院大學士
84073,秘書院副理事官
84074,秘書院檢討
84075,秘書院侍讀
84076,秘書院侍讀學士
84077,秘書院侍講學士
84078,秘書院學士
84079,秘書院中書舍人
84080,免補千總以守備用
84081,苗疆大臣
84082,民政部尚書
84083,民政部右丞
84084,民政部右侍郎
84085,民政部左侍郎
84086,民政使司民政使
84087,名總兵
84088,明鑑總裁
84089,明鑑總纂官
84090,明史副總裁官
84091,明史綱目館副總裁
84092,明史綱目館總裁
84093,明史綱目館纂修官
84094,明史館提調官
84095,明史監修總裁官
84096,明史總裁官
84097,明史纂修官
84098,磨勘
84099,磨勘翻譯試卷大臣
84100,磨勘翻譯試卷官
84101,磨勘各省試卷大臣
84102,磨勘各省鄉試試卷官
84103,磨勘各省鄉試閱卷大臣
84104,磨勘弓刀石大臣
84105,磨勘官
84106,磨勘會試試卷大臣
84107,磨勘會試試卷官
84108,磨勘會試中卷大臣
84109,磨勘散館試卷官
84110,磨勘試卷
84111,磨勘試卷大臣
84112,磨勘歲考試卷大臣
84113,磨勘歲試卷
84114,磨勘外省翻譯試卷并專司稽察
84115,磨勘外省翻譯試卷大臣
84116,磨勘外省翻譯試卷官
84117,磨勘文試卷大臣
84118,磨勘武會試卷
84119,磨勘武會試試卷大臣
84120,磨勘武經試卷大臣
84121,磨勘武舉大臣
84122,磨勘武舉內場武經之大臣
84123,磨勘武鄉試試卷大臣
84124,磨勘武鄉試試卷官
84125,磨勘鄉試試卷
84126,磨勘直省拔貢試卷大臣
84127,磨勘直省鄉試試卷大臣
84128,磨勘駐防翻譯試卷大臣
84129,磨勘宗室試卷
84130,木倉監督
84131,牧青大臣
84132,牧青副都統
84133,牧群總管
84134,慕義侯
84135,穆宗毅皇帝實錄副總裁
84136,穆宗毅皇帝實錄館正總裁
84137,内大臣
84138,内國史院學士
84139,納采正使
84140,奈曼旗扎薩克多羅達爾郡王
84141,男爵
84142,南檔房八旗俸餉處行走
84143,南檔房幫辦事務
84144,南檔房領辦事務
84145,南檔房領辦署
84147,南軍專屬審判長
84148,南省水利局務
84149,南書房行走
84150,南洋公學總辦
84151,南總督
84152,訥副都統
84153,訥鑲白旗防禦
84154,訥鑲黃旗公中佐領
84155,內班大臣
84156,內北東守備
84157,內倉正監督
84158,內場稽查
84159,內場監視
84160,內場監試監察御史
84161,內場監試掌山西道事巡視中城監察御史
84162,內場右翼副都統
84163,內大臣
84164,內大臣班差使
84165,內大臣上行走
84166,內大臣銜
84167,內大臣御前行走
84168,內道
84169,內道參議
84170,內道參政
84171,內繙書房行走
84172,內繙書房學習翻譯官
84173,內閣八旗志書館纂修官
84174,內閣辦事中書
84175,內閣筆帖式
84176,內閣大學士
84177,內閣典籍
84178,內閣額外學士
84179,內閣翻譯中書
84180,內閣供事官
84181,內閣漢本堂侍讀
84182,內閣漢本堂中書
84183,內閣漢軍典籍
84184,內閣漢軍侍讀
84185,內閣漢軍中書
84186,內閣會典館滿纂修官
84187,內閣滿本堂中書
84188,內閣滿票簽處行走
84189,內閣滿洲侍讀學士
84190,內閣蒙古侍讀學士
84191,內閣明史綱目館纂修官
84192,內閣批本
84193,內閣批本處行走
84194,內閣票簽中書
84195,內閣清字實缺中書
84196,內閣清字中書
84197,內閣實缺中書
84198,內閣侍讀
84199,內閣侍讀事務
84200,內閣侍讀銜
84201,內閣侍讀學士
84202,內閣試辦事中書舍人
84203,內閣貼寫筆帖式
84204,內閣貼寫中書
84205,內閣貼寫中書學習行走
84206,內閣協同批本
84207,內閣行在事務
84208,內閣行走
84209,內閣學士
84210,內閣學士兼禮部侍郎
84211,內閣學士兼禮部侍郎銜
84212,內閣學士上行走
84213,內閣學士銜
84214,內閣掌印侍讀
84215,內閣中書
84216,內閣中書到閣行走
84217,內閣中書典籍廳行走
84218,內閣中書分發行走
84219,內閣中書軍機處行走
84220,內閣中書舍人
84221,內閣中書銜
84222,內閣中書行走
84223,內閣中書學習
84224,內閣中書學習行走
84225,內閣中書衙門撰文
84226,內閣中書應陞主事同知用
84227,內閣撰文
84228,內閣撰文中書舍人
84229,內閣奏幫批本京堂
84230,內工匠僕役
84231,內官房大臣
84232,內官學教習
84233,內管領
84234,內館監督
84235,內國史院大學士
84236,內國史院修撰
84237,內國史院學士
84238,內國史院中書舍人
84239,內翰林國史院編修
84240,內翰林國史院大學士
84241,內翰林國史院檢討
84242,內翰林國史院侍讀學士
84243,內翰林國史院侍講學士
84244,內翰林國史院庶吉士
84245,內翰林國史院修撰
84246,內翰林國史院學士
84247,內翰林弘文院編修
84248,內翰林弘文院大學士
84249,內翰林弘文院檢討
84250,內翰林弘文院侍讀學士
84251,內翰林弘文院侍講學士
84252,內翰林弘文院庶吉士
84253,內翰林弘文院修撰
84254,內翰林弘文院學士
84255,內翰林秘書院編修
84256,內翰林秘書院大學士
84257,內翰林秘書院檢討
84258,內翰林秘書院侍讀學士
84259,內翰林秘書院侍講學士
84260,內翰林秘書院修撰
84261,內翰林秘書院學士
84262,內翰林庶吉士
84263,內河副將
84264,內河水師統巡
84265,內河水師遊擊
84266,內河水師中營營官
84267,內弘文院編修
84268,內弘文院大學士
84269,內弘文院檢討
84270,內弘文院侍讀學士
84271,內弘文院侍講學士
84272,內弘文院庶吉士
84273,內弘文院學士
84274,內宏文院學士
84275,內黃營都司
84276,內火器營委參領
84277,內火器營翼長
84278,內火器營正鳥槍護軍參領
84279,內監試
84280,內監試官
84281,內簾官
84282,內簾監試官
84283,內簾同考官
84284,內滿洲火器營鳥槍護軍
84285,內蒙預保參將
84286,內秘書院大學士
84287,內秘書院侍讀學士
84288,內秘書院學士
84289,內三院編修
84290,內廷進講大臣
84291,內廷行走
84292,內廷行走學習算法
84293,內廷奏事處班長
84294,內外火器營大臣
84295,內務府八品筆帖式
84296,內務府筆帖式
84297,內務府參領
84298,內務府大臣
84299,內務府大臣銜
84300,內務府都虞司員外郎
84301,內務府奉宸院郎中
84302,內務府告降筆帖式
84303,內務府官房租庫郎中
84304,內務府管理處所大臣
84305,內務府管理三旗銀兩莊頭處員外郎
84306,內務府廣儲司堂郎中
84307,內務府廣儲司衣庫員外郎
84308,內務府廣儲司銀庫郎中
84309,內務府廣儲司銀庫員外郎
84310,內務府護軍統領
84311,內務府會計司員外郎
84312,內務府郎中
84313,內務府郎中銜
84314,內務府六庫郎中
84315,內務府內管領
84316,內務府寧壽宮員外郎
84317,內務府錢糧衙門郎中
84318,內務府慶豐司員外郎
84319,內務府尚茶正
84320,內務府慎刑司郎中
84321,內務府慎刑司員外郎
84322,內務府司庫
84323,內務府堂筆帖式
84324,內務府堂郎中
84325,內務府堂委署主事
84326,內務府堂主事
84327,內務府委署主事
84328,內務府武備院郎中
84329,內務府武備院委署催總
84330,內務府武備院員外郎
84331,內務府武備院主事
84332,內務府鑲黃旗護軍統領
84333,內務府衣庫庫官
84334,內務府衣庫員外郎
84335,內務府銀庫郎中
84336,內務府銀庫員外郎
84337,內務府營造司郎中
84338,內務府營造司員外郎
84339,內務府營造司主事
84340,內務府御史
84341,內務府御藥房主事
84342,內務府員外郎
84343,內務府員外郎銜
84344,內務府圓明園郎中
84345,內務府贊禮郎
84346,內務府造辦處郎中
84347,內務府掌儀司員外郎
84348,內務府正白旗護軍統領
84349,內務府正白旗滿洲佐領
84350,內務府正黃旗護軍統領
84351,內務府正黃旗洲州公中佐領
84352,內務府主事
84353,內務府主事銜
84354,內務府總管
84355,內務府總管大臣
84356,內務府總管事
84357,內務府總管行走
84358,內務府佐領
84359,內務府佐領品級
84360,內務府佐領銜
84361,內務府坐辦堂郎中
84362,內務卿
84363,內院博士
84364,內院副理事官
84365,內院供事官
84366,內院六品他敕哈哈番
84367,內值年大臣
84368,鳥槍長
84369,鳥槍護
84370,鳥槍護軍
84371,鳥槍護軍參領
84372,鳥槍護軍校
84373,鳥槍監督
84374,鳥槍藍翎長
84375,鳥槍營噶喇達
84376,鳥槍章京
84377,臬司
84378,寧古塔副都統
84379,寧古塔協領
84380,寧古塔正黃旗公中佐領
84381,寧夏道
84382,寧遠大將軍
84383,牛馬監督
84384,牛馬稅差
84385,牛馬稅差監督
84386,牛馬稅務監督
84387,農工商部尚書
84388,農工商部右丞
84389,農工商部右侍郎
84390,農工商部左參議
84391,農工商部左丞
84392,農工商部左侍郎
84393,農林工藝學堂提調
84394,農書館總裁
84395,農務司郎中
84396,農務司主稿
84397,諾們罕名號
84398,排槍隊管帶官
84399,派出致祭陵
84400,派赴日本考察各項要政
84401,派考宗室大考翎緞閱宗室應封卷
84402,盤查戶部三庫大臣
84403,盤查內銀庫緞疋庫顏料庫大臣
84404,盤查三庫大臣
84405,盤查銀庫大臣
84406,砲位大臣
84407,礮隊專操
84408,陪祀大臣
84409,捧冊寶大臣
84410,捧冊寶前引大臣
84411,捧詔大臣
84412,批本處行走
84413,披甲
84414,闢展辦事大臣
84415,皮庫員外郎
84416,票本員外郎
84417,票簽處行走
84418,票簽侍讀
84419,平北大將軍
84420,平定三逆方略副總裁官
84421,平定三逆方略總裁官
84422,平郡王
84423,平寇大將軍
84424,平寇將軍
84425,平南王
84426,平西伯
84427,平西大將軍
84428,平西王
84429,平遠大將軍
84430,坪守備
84431,七品筆帖式
84432,七品官
84433,七品京官銜
84434,七品庫掌
84435,七品屯官
84436,七品小京官
84437,七省經略
84438,七所事務章京
84439,旗參領
84440,旗副都統
84441,旗管帶官
84442,旗漢軍都統
84443,旗漢軍副都統
84444,旗護軍參領
84445,旗護軍統領
84446,旗籍司貼寫筆帖式上學習行走
84447,旗籍司員外郎
84448,旗領催
84449,旗領侍衛內大臣
84450,旗蒙古都統
84451,旗蒙古副都統
84452,旗蒙古佐領
84453,旗槍營營總
84454,旗手衛指揮使司指揮僉事
84455,旗下值年大臣
84456,旗驍騎校
84457,旗員
84458,旗值年大臣
84459,騎都
84460,騎都尉
84461,騎都尉=
84462,騎都尉加一雲騎尉
84463,騎都尉兼一雲騎尉
84464,騎都尉兼一雲騎衛
84465,騎都尉兼雲騎尉
84466,騎都尉又一雲騎尉
84467,起讀前引大臣
84468,起居注筆帖式
84469,起居注官
84470,起居注官上行走
84471,起居注官右庶子
84472,起居注日講官
84473,起居注協修官
84474,起居注主事
84475,起居注總辦
84476,恰克圖理事司員
84477,千把總
84478,千總
84479,千總職銜
84480,僉都御史
84481,僉都御史銜
84482,僉事
84483,僉事銜
84484,鉛子庫監督
84485,謙郡王
84486,謙襄郡王
84487,前朝行走
84488,前鋒
84489,前鋒參
84490,前鋒參領
84491,前鋒參領健銳營前鋒參領
84492,前鋒隊長
84493,前鋒二等侍衛
84494,前鋒副參領
84495,前鋒護軍
84496,前鋒護軍統領
84497,前鋒藍翎長
84498,前鋒侍衛
84499,前鋒統領
84500,前鋒校
84501,前鋒翼長
84502,前鋒章京
84503,前軍都督府都督同知
84504,前清門侍衛
84505,前引
84506,前引大臣
84507,前營遊擊
84508,乾清門阿敦侍衛內行走
84509,乾清門當差
84510,乾清門二等侍衛
84511,乾清門二等侍衛上效力行走
84512,乾清門三等護衛
84513,乾清門三等侍衛
84514,乾清門上行走
84515,乾清門侍衛
84516,乾清門侍衛班長
84517,乾清門侍衛上行走
84518,乾清門四等侍衛
84519,乾清門頭等護衛
84520,乾清門頭等侍衛
84521,乾清門頭等侍衛上行走
84522,乾清門行走
84523,錢法堂事務
84524,錢法堂主事
84525,錢糧衙門員外郎
84526,槍護軍參領
84527,橋監督
84528,挈壺正
84529,親軍
84530,親軍統領
84531,親軍校
84532,親王
84533,親王世子
84534,親王侍讀
84535,親王銜
84536,沁部輔國公
84537,沁扎薩克多羅杜稜郡王
84538,欽差查勘大臣統帶馬步隊官兵
84539,欽差出使大臣
84540,欽差大臣
84541,欽差大臣查閱直隸山東沿海口岸
84542,欽差大臣督辦軍務
84543,欽差大臣督辦事宜
84544,欽差大臣赴安西籌議防範
84545,欽差大臣關防
84546,欽差大臣翼長
84547,欽差督辦軍務總統諸軍
84548,欽差建立地方界址牌博
84549,欽差街道廳火藥局監督
84550,欽差經略左標提督總兵官
84551,欽差軍務
84552,欽差軍務參贊
84553,欽差喀什噶爾軍務參贊
84554,欽差內閣學士
84555,欽差專使大臣
84556,欽派抽查槽糧
84557,欽派管庫大臣
84558,欽派管宴大臣
84559,欽派文淵閣校理充庶常館小教習
84560,欽天監筆帖式
84561,欽天監博士
84562,欽天監副
84563,欽天監管理監事王大臣
84564,欽天監五官正
84565,欽天監右監副
84566,欽天監正
84567,欽天監左監副
84568,欽選碩學通儒議員
84569,卿
84570,卿銜
84571,清辦潮嘉匪務
84572,清查內倉大臣
84573,清查內三倉暨恩豐倉大臣
84574,清檔房幫辦
84575,清檔房幫管理
84576,清檔房幫總辦
84577,清檔房堂主事
84578,清檔房正管理
84579,清檔房主事
84580,清檔房總辦
84581,清檔房總辦並課吏館提調官
84582,清漢書小教習
84583,清理財政顧問官
84584,清理財政局審覈科科長
84585,清吏司郎中
84586,清書翰林散館讀卷官
84587,清書庶吉士
84588,清書小教習
84589,清太宗文皇帝實錄纂修官
84590,清文國史館總校
84591,清漪園等處大臣
84592,清漪園六品苑丞
84593,清漪園苑丞
84594,清字經館謄錄
84595,清字經館行走
84596,清字經館總裁
84597,清字中書
84598,輕車都尉
84599,慶藩奉國中尉
84600,慶豐司郎中
84601,慶豐司員外郎
84602,秋操北軍總統官
84603,秋操綜理司綜理官
84604,秋審處兼行
84605,秋審處提調官
84606,秋審處行走
84607,秋審處總辦
84608,秋審處坐辦
84609,秋審處坐辦歷充隨帶司員
84610,秋審處坐辦律例館提調
84611,求治局文案
84612,全軍總教習
84613,全權大臣
84614,全權大臣開議西藏事務
84615,全權大臣前往日本會議和局
84616,全權大臣西藏議約
84617,全營翼長
84618,權理粵漢鐵路公司事宜
84619,犬房頭領
84620,勸業道
84621,勸業會審查總長
84622,人覆試閱卷大臣
84623,日講官
84624,日講官起居注翰林院編修
84625,日講起居住官
84626,日講起居注官
84627,榮郡王
84628,榮祿大夫
84629,儒學教授
84630,儒學生員
84631,入八分奉恩輔國公
84632,入八分輔國公
84633,入八分輔國公銜
84634,入直軍機章京
84635,入直南書房
84636,入直尚書房
84637,入值南書房
84638,瑞親王
84639,賽因諾顏部扎薩克和碩親王
84640,三邊總督
84641,三朝國史總裁官
84642,三朝聖訓總裁官
84643,三朝實錄館校對
84644,三等阿思哈尼哈番
84645,三等昂邦章京
84646,三等伯
84647,三等參領
84648,三等參贊官
84649,三等參贊官出使英義比國大臣
84650,三等承恩公
84651,三等承恩武勇公
84652,三等誠武伯
84653,三等誠毅伯
84654,三等翻譯官
84655,三等翻譯官法文
84656,三等奉國將軍
84657,三等奉義公
84658,三等輔國將軍
84659,三等副都統
84660,三等公
84661,三等果毅公
84662,三等果勇侯
84663,三等侯
84664,三等護衛
84665,三等繼勇公
84666,三等繼勇侯
84667,三等嘉勇男
84668,三等甲喇章京
84669,三等靖海候
84670,三等懋烈伯
84671,三等男
84672,三等勤宣伯
84673,三等勤勇公
84674,三等輕車都尉
84675,三等侍衛
84676,三等侍衛乾清門行走
84677,三等侍衛上行走
84678,三等侍衛銜
84679,三等順義公
84680,三等台吉
84681,三等威勤侯
84682,三等威勇公
84683,三等襄勤伯
84684,三等襄勇伯
84685,三等襄勇侯
84686,三等信勇公
84687,三等義烈公
84688,三等勇勤公
84689,三等昭毅伯
84690,三等鎮國將軍
84691,三等忠勤伯
84692,三等忠襄伯
84693,三等壯烈伯
84694,三等子
84695,三等總兵官
84696,三甲庶吉士
84697,三甲佐領
84698,三口通商大臣
84699,三庫大臣
84700,三庫檔房行走
84701,三庫管理大臣
84702,三庫事務
84703,三庫事務考試
84704,三禮義疏館副總裁
84705,三禮義疏館纂修官
84706,三陵總管
84707,三品阿奇木伯克
84708,三品京堂
84709,三品京堂協理開辦資政院事務
84710,三品卿銜
84711,三品侍衛
84712,三品銜
84713,三品職銜
84714,三旗漢侍衛班領
84715,三旗虎槍領
84716,三旗事務
84717,三旗小學堂提調
84718,三旗銀兩莊頭處員外郎
84719,三稅及總理各國事務衙門行走
84720,三四品京堂
84721,三通館副總裁
84722,三通館校理
84723,三通館正總裁
84724,三姓副都統
84725,三音哈哈
84726,三院卿
84727,三院卿銜
84728,散表禮大臣
84729,散管閱卷大臣
84730,散館
84731,散館編修
84732,散館朝考閱卷大臣
84733,散館讀卷大臣
84734,散館讀卷官
84735,散館監視大臣
84736,散館監試大臣
84737,散館檢討
84738,散館考試試差閱卷大臣
84739,散館閱卷大臣
84740,散館閱卷官
84741,散騎郎
84742,散秩大臣
84743,散秩大臣上行走
84744,散秩大臣銜
84745,沙埕侯
84746,善後局幫辦
84747,善後協巡總局提調
84748,善撲營總管大臣
84749,善撲營總統大臣
84750,善騎射
84751,善射
84752,繕本筆帖式
84753,繕本筆帖式閱卷大臣
84754,商辦華德路礦公司事件專員
84755,商辦軍務
84756,商部考察外埠商務大臣
84757,商部尚書
84758,商部右參議
84759,商部右丞
84760,商部右侍郎
84761,商部左參議
84762,商部左丞
84763,商部左侍郎
84764,商務大臣
84765,商務交涉使
84766,商務總董
84767,商務總會總理
84768,商務總領事
84769,商虞通判
84770,商約大臣
84771,賞給公品級
84772,賞給民公品級
84773,賞加按察使銜
84774,賞加守備銜
84775,賞加鹽運使銜
84776,賞加運同銜
84777,賞上虞備用處拜唐阿
84778,上林苑蕃育署署丞
84779,上駟院筆帖式
84780,上駟院大臣
84781,上駟院兼管大臣
84782,上駟院郎中
84783,上駟院卿
84784,上駟院侍衛
84785,上駟院司轡
84786,上駟院堂郎中
84787,上駟院委署主事
84788,上駟院效力筆帖式
84789,上駟院行走
84790,上駟院印鑰
84791,上駟院員外郎
84792,上駟院主事
84793,上駟院總管
84794,上行走
84795,上虞備用處拜唐阿
84796,上虞備用處拜唐阿上行走
84797,上虞備用處管理大臣
84798,上虞備用處侍衛
84799,上虞備用處四等侍衛
84800,上虞備用處效力行走
84801,上虞備用處印鑰
84802,上諭處委署主事
84803,上諭處主事
84804,上諭館行走
84805,尚寶司少卿
84806,尚茶正
84807,尚茶正侍衛班長
84808,尚茶正行走
84809,尚書
84810,尚書房諳達
84811,尚書房伴讀
84812,尚書房翻譯諳達
84813,尚書房翻譯諳達上行走
84814,尚書房弓箭諳達
84815,尚書房滿洲諳達
84816,尚書房師傅
84817,尚書房效力行走
84818,尚書房行走
84819,尚書房總諳達
84820,尚書房總師傅
84821,尚書房總師傅上行走
84822,尚書銜
84823,少保
84824,少傅
84825,少卿
84826,少師
84827,少詹
84828,少詹事
84829,哨弁
84830,哨長
84831,哨官
84832,哨千總
84833,哨頭司把總
84834,哨外委
84835,紹興府
84836,神宮監官
84837,神戶理事隨員
84838,慎郡王
84839,慎刑司郎中
84840,慎刑司委署主事
84841,慎刑司員外郎
84842,牲視籩豆大臣
84843,陞用都司
84844,省練兵齊字營幫辦
84845,省練兵行營翼長
84846,省練兵行營總辦文案
84847,省練兵營務翼長
84848,省練軍營務翼長
84849,省太原府太谷縣知縣
84850,省學政
84851,盛京副都統
84852,盛京練兵營總
84853,盛京內務府總管大臣
84854,盛京協領
84855,盛京刑部侍郎
84856,聖訓校勘處謄錄官
84857,聖訓校勘處提調官
84858,聖訓校勘處校對官
84859,聖訓校勘處總勘官
84860,聖訓校勘大臣
84861,聖訓總校官
84862,聖訓總纂官
84863,聖祖朝宣力效忠大臣
84864,聖祖實錄館副總裁官
84865,師範學堂監督
84866,詩經補註纂修官
84867,詩經館副總裁
84868,詩經館正總裁
84869,十五善射大臣
84870,什長
84871,拾伍善射
84872,食入八分輔國公雙俸
84873,實錄管總裁
84874,實錄館幫辦漢總纂官
84875,實錄館幫辦提調官
84876,實錄館幫漢總纂官
84877,實錄館幫提調官
84878,實錄館幫提調漢纂修官
84879,實錄館幫總纂官
84880,實錄館額內校對官
84881,實錄館額缺漢校對官
84882,實錄館額外主事行走
84883,實錄館副總裁官
84884,實錄館稿本總裁
84885,實錄館漢文總纂官
84886,實錄館漢校對官
84887,實錄館漢纂修官
84888,實錄館黃綾本總校
84889,實錄館監修總裁官
84890,實錄館滿謄錄官
84891,實錄館滿校對官
84892,實錄館滿總纂官
84893,實錄館滿纂修官
84894,實錄館蒙古副總裁官
84895,實錄館蒙古提調官
84896,實錄館蒙古總裁官
84897,實錄館蒙古纂修官
84898,實錄館清書總校官
84899,實錄館清文總校
84900,實錄館清文總纂
84901,實錄館清文纂修官
84902,實錄館收掌官
84903,實錄館謄錄官
84904,實錄館提調官
84905,實錄館文移處收掌官
84906,實錄館詳校對官
84907,實錄館詳校官
84908,實錄館校對官
84909,實錄館校勘官
84910,實錄館協修官
84911,實錄館行走
84912,實錄館修纂官
84913,實錄館正總裁官
84914,實錄館中書
84915,實錄館撰文
84916,實錄館總裁官
84917,實錄館總教官
84918,實錄館總校官
84919,實錄館總纂官
84920,實錄館纂修
84921,實錄館纂修協辦院事
84922,實錄滿纂修官
84923,史部文選司員外郎
84924,史館官
84925,史館內廷等處行走
84926,使臣
84927,使館書記官
84928,使日本國大臣
84929,使司參政
84930,世弟
84931,世管佐領
84932,世孫
84933,世職一等甲喇章京
84934,世子
84935,世子銜
84936,世宗憲皇帝實錄副總裁官
84937,世宗憲皇帝實錄館纂修官
84938,世祖章皇帝聖訓纂修官
84939,世祖章皇帝實錄滿纂修官
84940,世祖章皇帝實錄總裁官
84941,事務大臣
84942,事務監察御史
84943,事務王大臣
84944,侍班
84945,侍讀銜
84946,侍讀學士
84947,侍讀學士上效力行走
84948,侍讀學士銜
84949,侍講學士
84950,侍講學士銜
84951,侍郎
84952,侍郎銜
84953,侍衛
84954,侍衛班長
84955,侍衛班領
84956,侍衛班領上行走
84957,侍衛處筆帖式
84958,侍衛處帖寫筆帖式
84959,侍衛處行走
84960,侍衛處學習筆帖式
84961,侍衛處主事
84962,侍衛副班長
84963,侍衛副班領
84964,侍衛官員軍政大臣
84965,侍衛領班
84966,侍衛內大臣
84967,侍衛上行走
84968,侍衛什長
84969,侍衛印務章京
84970,侍衛章京
84971,侍衛正班長
84972,侍衛正班領
84973,侍衛專達
84974,視男爵
84975,視子爵
84976,試官
84977,試卷大臣
84978,試卷官
84979,收稅司官
84980,收掌官
84981,收掌校對官
84982,守隘
84983,守備
84984,守備銜
84985,守城遊擊
84986,守道
84987,守副將
84988,守護昌陵大臣
84989,守護昌陵都尉
84990,守護昌陵領領侍衛內大臣
84991,守護昌陵尚書
84992,守護大臣
84993,守護東陵大臣
84994,守護陵寑大臣
84995,守護泰陵
84996,守護西陵大臣
84997,守護裕陵領侍衛內大臣
84998,守尉
84999,守營副將
85000,守左營都司
85001,受卷官
85002,授讀
85003,授時通考館纂修
85004,叔父攝政王
85005,叔和碩鄭親王
85006,書畫館總裁
85007,書畫譜總裁
85008,書院講席
85009,書院山長
85010,書院主講
85011,署都督同知銜
85012,庶常館提調官
85013,庶常館小教習
85014,庶吉士
85015,拴婚大臣
85016,雙月主事
85017,水操內學堂幫總辦
85018,水操內學堂幫總辦兼署總辦
85019,水操內學堂提調
85020,水軍左都督
85021,水利軍民同知
85022,水利通判
85023,水利同知
85024,水利鹽捕通判
85025,水陸掛印總兵
85026,水陸提督
85027,水陸總兵
85028,水陸總兵官
85029,水路提督
85030,水師參將
85031,水師都司
85032,水師俸滿副將
85033,水師副將
85034,水師副總兵
85035,水師湖營左哨都司
85036,水師兼陸路總兵官
85037,水師千總
85038,水師前營汛守備
85039,水師哨長
85040,水師哨官
85041,水師守備
85042,水師提標把總
85043,水師提標步兵
85044,水師提標參將
85045,水師提標後營把總
85046,水師提標後營補伍
85047,水師提標後營候補把總
85048,水師提標後營千總
85049,水師提標後營守備
85050,水師提標後營遊擊
85051,水師提標後營右哨千總
85052,水師提標後營左哨頭司額外外委
85053,水師提標候補遊擊
85054,水師提標前營都司
85055,水師提標前營千總
85056,水師提標前營入伍
85057,水師提標前營遊擊
85058,水師提標遊擊
85059,水師提標右營千總
85060,水師提標右營守備
85061,水師提標右營遊擊
85062,水師提標中軍參將
85063,水師提標中軍副將
85064,水師提標中軍守備
85065,水師提標中軍外海水師參將
85066,水師提標中軍外委
85067,水師提標中營參
85068,水師提標中營參將
85069,水師提標中營都司
85070,水師提標中營千總
85071,水師提標中營守備
85072,水師提標中營中軍守備
85073,水師提標左營守備
85074,水師提標左營遊擊
85075,水師提標左營遊擊事務
85076,水師提督
85077,水師提督印務
85078,水師提督總兵官
85079,水師統領
85080,水師統帥
85081,水師嚮導營營官
85082,水師嚮導戰船哨官
85083,水師協標右營守備
85084,水師協標右營遊擊
85085,水師協標中營遊擊
85086,水師協標左營守備
85087,水師協標左營遊擊
85088,水師協副將
85089,水師協領
85090,水師協鎮左營遊擊
85091,水師協左營千總
85092,水師營把總
85093,水師營參將
85094,水師營都司
85095,水師營副都統
85096,水師營副將
85097,水師營官
85098,水師營管帶
85099,水師營滿營都統
85100,水師營千總
85101,水師營守備
85102,水師營協領
85103,水師遊擊
85104,水師右營把總
85105,水師右營都司
85106,水師右營哨官
85107,水師右營守備
85108,水師右營遊擊
85109,水師鎮標營遊擊
85110,水師鎮標右營右哨司把總
85111,水師鎮標中營遊擊
85112,水師中軍參將
85113,水師中軍千總
85114,水師中營參將
85115,水師中營哨官
85116,水師總兵
85117,水師總兵官
85118,水師左營管帶
85119,水師左營守備
85120,水師左營遊擊
85121,稅釐總局提調
85122,稅務處幫辦大臣
85123,稅務處幫提調
85124,稅務處會辦大臣
85125,稅務監督
85126,稅務監督管理稅務
85127,順勤侯
85128,朔漠方略總裁官
85129,司鞍長
85130,司幫掌印
85131,司筆帖式
85132,司參政
85133,司抽分事務主事
85134,司副將
85135,司副理官
85136,司漢員外郎
85137,司經局洗馬
85138,司郎中
85139,司理問
85140,司禮監秉筆太監
85141,司禮監隨堂太監
85142,司六庫郎中
85143,司農卿
85144,司轡長
85145,司務廳掌印
85146,司行走
85147,司巡檢
85148,司鑰長
85149,司業銜
85150,司獄
85151,司員
85152,司員外郎
85153,司運同
85154,司正主稿
85155,司主稿
85156,司主事
85157,司駐汴總理
85158,司坐辦
85159,四川道監察御史
85160,四等侍衛
85161,四等侍衛藍翎侍衛
85162,四等侍衛上行走
85163,四甲喇玉慶佐領下領催
85164,四庫全書處副總裁
85165,四庫全書館分校官
85166,四庫全書館副總裁
85167,四庫全書館謄錄
85168,四庫全書館正總裁
85169,四庫全書館總校官
85170,四庫全書館總閱官
85171,四庫全書館總纂官
85172,四庫全書館纂修官
85173,四庫全書清字經館總裁
85174,四庫全書繕書處分校官
85175,四品閒散宗室
85176,四品京堂
85177,四品卿銜
85178,四品銜
85179,四品翼領
85180,四品宗室
85181,四旗烏金超哈昂邦章京
85182,四五兩起馬隊統領
85183,四五品京堂
85184,四譯館監督
85185,四譯館少卿
85186,四議館監督
85187,四驛館監督
85188,寺丞
85189,寺住持
85190,嗣教大真人
85191,嗣教大真人府正
85192,搜檢
85193,搜檢大臣
85194,搜檢官
85195,搜檢侍衛
85196,肅親王
85197,算書館總裁
85198,綏遠將軍
85199,隨辦商約事務大臣
85200,隨赴廣島
85201,隨扈從耕大臣
85202,隨扈大臣
85203,隨扈帶豹尾槍大臣
85204,隨扈官
85205,隨扈管營大臣
85206,隨扈捧寶大臣
85207,隨入地宮大臣
85208,隨同
85209,隨同辦理邊防
85210,隨同辦理河工
85211,隨圍大臣
85212,隨圍官
85213,隨圍管營大臣
85214,隨圍護寶大臣
85215,隨圍站道大臣
85216,隨巡檢
85217,隨議公約
85218,隨議商約
85219,隨議約委員
85220,隨印筆帖式
85221,隨員內閣中書
85222,隨征總兵官
85223,歲修大臣
85224,索倫副總管
85225,塔副都統
85226,塔將軍
85227,塔鑲紅旗駐防協領
85228,塔右翼協領
85229,塔正紅旗佐領
85230,塔正黃旗驍騎校
85231,塔總管
85232,塔佐領
85233,台道員
85234,台吉
85235,台領隊大臣
85236,臺灣學政提督臺灣學政
85237,太保
85238,太保銜
85239,太常寺
85240,太常寺筆帖式
85241,太常寺博士
85242,太常寺丞
85243,太常寺典簿
85244,太常寺讀祝官
85245,太常寺額外讀祝官
85246,太常寺管理寺事大臣
85247,太常寺庫使
85248,太常寺卿
85249,太常寺卿銜
85250,太常寺少卿
85251,太常寺事務
85252,太常寺行走
85253,太常寺學習贊禮郎
85254,太常寺贊禮郎
85255,太常寺贊禮郎上行走
85256,太督糧道
85257,太傅
85258,太和殿前引大臣
85259,太皇太后
85260,太糧儲道
85261,太糧儲道衙門行走
85262,太僕寺愛惜喇庫哈方
85263,太僕寺筆帖式
85264,太僕寺筆帖式行走
85265,太僕寺丞
85266,太僕寺打布孫腦兒總管
85267,太僕寺副理事官
85268,太僕寺管理寺事大臣
85269,太僕寺卿
85270,太僕寺卿銜
85271,太僕寺少卿
85272,太僕寺少卿銜
85273,太僕寺少卿協理兵部督捕事
85274,太僕寺學習主事
85275,太僕寺員外郎
85276,太僕寺員外郎
85277,太僕寺主事
85278,太僕寺主事上行走
85279,太樸寺卿
85280,太樸寺少卿
85281,太上皇
85282,太師
85283,太醫院副院使
85284,太醫院御醫
85285,太醫院院使
85286,太醫院掌院事院使
85287,太子講官
85288,太子少保
85289,太子少保銜
85290,太子少傅
85291,太子少傅銜
85292,太子少師
85293,太子太保
85294,太子太保銜
85295,太子太傅
85296,太子太傅銜
85297,太子太師
85298,太子太師銜
85299,太子洗馬
85300,太宗聖訓副總裁官
85301,太宗聖訓副纂修官
85302,太宗文皇帝聖訓纂修官
85303,太宗文皇帝實錄修纂官
85304,太祖聖訓副纂修官
85305,太祖太宗聖訓纂修官
85306,泰東陵禮部員外郎
85307,泰陵承辦事務
85308,泰陵承辦事務衙門主事
85309,泰陵禮部筆帖式
85310,泰陵員外郎
85311,壇點大臣
85312,壇廟大臣
85313,唐阿
85314,堂筆帖式
85315,堂監
85316,堂委
85317,堂委署主事
85318,堂務章京
85319,堂中書
85320,堂主事
85321,堂子挂紙錢大臣
85322,討寇將軍銜
85323,特用道
85324,特用知府
85325,特用主事
85326,謄錄
85327,謄錄官
85328,謄錄及駐防筆帖式閱卷大臣
85329,謄錄閱卷大臣
85330,提標*營參將
85331,提標把總
85332,提標堡守備
85333,提標參將
85334,提標差委
85335,提標城守營都司
85336,提標都司
85337,提標後營參將
85338,提標後營都司
85339,提標後營千總
85340,提標後營守備
85341,提標後營遊擊
85342,提標千總
85343,提標前營把總
85344,提標前營都司
85345,提標前營馬戰兵
85346,提標前營守備
85347,提標前營外委
85348,提標前營遊擊
85349,提標前營中軍守備
85350,提標水師營守備
85351,提標水師營遊擊
85352,提標水師右營參將
85353,提標外海水師營遊擊
85354,提標外委
85355,提標外委把總
85356,提標營參將
85357,提標營副將
85358,提標營路都司
85359,提標營中軍守備
85360,提標遊擊
85361,提標右營把總
85362,提標右營額外外委
85363,提標右營千總
85364,提標右營守備
85365,提標右營水師遊擊
85366,提標右營外海守備
85367,提標右營外委
85368,提標右營遊擊
85369,提標右營中軍守備
85370,提標右營左哨千總
85371,提標右營左哨外委
85372,提標右遊擊
85373,提標中軍參將
85374,提標中軍副將
85375,提標中營
85376,提標中營把總
85377,提標中營參將
85378,提標中營額外外委
85379,提標中營千總
85380,提標中營守備
85381,提標中營外委
85382,提標中營中軍參將
85383,提標中營左哨都司
85384,提標左營把總
85385,提標左營參將
85386,提標左營經制外委把總
85387,提標左營千總
85388,提標左營食糧守備
85389,提標左營守備
85390,提標左營遊擊
85391,提標左營中軍守備
85392,提調官
85393,提都銜
85394,提督
85395,提督參將
85396,提督管務郎中
85397,提督貴州學政
85398,提督會同四譯館
85399,提督軍務
85400,提督四譯館
85401,提督臺灣學政
85402,提督銜
85403,提督學政
85404,提督衙門主事
85405,提督鹽政
85406,提督印務
85407,提督篆務
85408,提督總兵
85409,提法使
85410,提牢額外主事
85411,提牢官
85412,提牢廳
85413,提牢廳主事
85414,提刑按察司僉事
85415,提學道
85416,提學僉事
85417,提學使
85418,提學使試用道
85419,體仁閣大學士
85420,體仁閣大學士管禁煙事務
85421,體仁閣大學士管理吏部事務
85422,天官副丞相
85423,天官正丞相
85424,天門令
85425,天神壇贊禮
85426,天壇祈榖壇工程監督
85427,天壇贊引官
85428,天王
85429,天文生
85430,天文算學館總教習
85431,天主教司鐸
85432,田賦司司長
85433,挑批本處行走
85434,貼寫中書
85435,鐵路大臣洋務隨員
85436,鐵路督辦兼葫蘆島開埠事宜
85437,鐵路公司總辦
85438,鐵路總辦
85439,鐵皮輪船幫帶
85440,鐵政洋務局提調
85441,聽候差遣
85442,廳撫夷通判
85443,廳河工同知
85444,廳通判
85445,廳同知
85446,通鑑全書副總裁官
85447,通鑑全書總裁官
85448,通鑑全書纂修官
85449,通禮館纂修官
85450,通判
85451,通判銜
85452,通商大臣衙門隨員
85453,通商事務北洋大臣
85454,通商事務大臣
85455,通商事務欽差大臣
85456,通政使
85457,通政使參議
85458,通政使司
85459,通政使司參議
85460,通政使司副理事官
85461,通政使司通政副使
85462,通政使司通政使
85463,通政使司右參議
85464,通政使司右參政
85465,通政使司右理事
85466,通政使司右通政
85467,通政使司知事
85468,通政使司左參議
85469,通政使司左理事官
85470,通政使司左通政
85471,通政司知事
85472,通志館副總裁
85473,通志館總裁
85474,同安伯
85475,同安侯
85476,同辦
85477,同考官
85478,同考試官
85479,同文館幫提調
85480,同文館算學總教習
85481,同文館提調
85482,同文館學生
85483,同文館正提調
85484,同文館總教習
85485,同知
85486,同知銜
85487,銅鼓營同知
85488,統備前軍
85489,統兵大臣
85490,統常備警察馬步各營並掌管左司印務
85491,統帶
85492,統帶北洋洋槍隊
85493,統帶隊
85494,統帶軍
85495,統帶輪船
85496,統帶馬隊
85497,統帶義軍
85498,統帶營
85499,統領
85500,統領大臣
85501,統領合字全軍
85502,統領兼理行營營務處
85503,統領軍
85504,統領練軍事務
85505,統領砲台
85506,統領砲臺
85507,統領四川防軍
85508,統領外海水師
85509,統領印鑰
85510,統領營
85511,統領營旗
85512,統領營臺差務
85513,統領州
85514,統全軍
85515,統稅大臣
85516,統文字馬隊
85517,統轄督緝接任官
85518,統營旗
85519,統制官
85520,統制江南新軍全鎮
85521,統制巡洋長江艦隊
85522,統制駐防
85523,投誠鹽運使司
85524,頭等參贊官
85525,頭等輔國將軍
85526,頭等精奇尼哈番
85527,頭等男爵
85528,頭等侍衛
85529,頭等侍衛加副都統銜
85530,頭等侍衛上行走
85531,頭等侍衛銜
85532,頭等侍衛銜總兵
85533,頭等侍衛續辦事侍衛班領
85534,頭等侍衛續辦事章京
85535,頭等侍衛在大門上行走
85536,頭等塔布囊
85537,頭等台吉
85538,頭等威勇公
85539,頭等專使大臣
85540,頭起營總
85541,圖什業圖汗
85542,圖什業圖汗盟長
85543,圖謝圖汗
85544,土畣將軍筆帖式
85545,土門
85546,土默特扎薩克貝子固山貝子
85547,土守備
85548,土司
85549,土州吏目
85550,團辦紳士
85551,團防大臣
85552,團練大臣
85553,團練使
85554,團練勇目
85555,推官
85556,屯練總兵
85557,屯田水利都司
85558,屯田司郎中
85559,屯田司員外郎
85560,屯田司掌印
85561,屯田司主事
85562,屯田鹽法水利道
85563,屯田總兵
85564,馱載頭目
85565,駝馬處行走
85566,外城北分廳知事
85567,外城巡警總廳廳丞
85568,外城巡警總廳衛生處參事官
85569,外城右分廳知事
85570,外海兵輪統領
85571,外海水師
85572,外海水師參將
85573,外海水師都司
85574,外海水師副將
85575,外海水師試驗
85576,外海水師守備
85577,外河北岸通判
85578,外河南岸同知
85579,外河同知
85580,外河主簿
85581,外火器營鳥槍護軍
85582,外火器營鳥槍藍翎長
85583,外火器營翼長
85584,外簾監試御史
85585,外四旗理事通判
85586,外委
85587,外委把總
85588,外委千總
85589,外衛指揮副僉事
85590,外務部參議
85591,外務部差遣委用
85592,外務部丞參上行走
85593,外務部和會司郎中
85594,外務部和會司員外郎
85595,外務部會辦大臣
85596,外務部考工司員外郎
85597,外務部榷算司員外郎
85598,外務部榷算司掌印
85599,外務部尚書
85600,外務部尚書會辦大臣
85601,外務部侍郎
85602,外務部庶務司郎中
85603,外務部特設專官
85604,外務部行走
85605,外務部右參議
85606,外務部右丞
85607,外務部右侍郎
85608,外務部總理大臣
85609,外務部左參議
85610,外務部左丞
85611,外務部左侍郎
85612,外學堂水操管帶官
85613,外銀庫大臣
85614,萬安倉漢監督
85615,萬安倉監督
85616,萬壽慶辰總辦
85617,萬壽慶典隨員
85618,萬壽慶典撰文並繕寫恩詔
85619,萬壽盛典長圖總裁
85620,萬壽書畫局總裁
85621,王標下左翼總兵官
85622,王處行走
85623,王大臣
85624,王大臣委令幫辦五城巡視
85625,王府長史
85626,王府門上長使
85627,王府散騎郎
85628,王家務大臣
85629,王爵
85630,王門上王府長史
85631,王前鋒統領
85632,王世孫
85633,王世曾孫
85634,王世子
85635,王左翼總兵
85636,威勤公
85637,威信公
85638,圍場副都統
85639,圍場正總管
85640,闈提調官
85641,委前鋒校
85642,委署筆帖式
85643,委署津海關道
85644,委署章京
85645,委署主事
85646,委翼長
85647,尉
85648,衛隊長
85649,衛副千戶
85650,衛河通判
85651,衛經歷
85652,衛軍校
85653,衛巒儀使
85654,衛千總
85655,衛儒學教授
85656,衛儒學訓導
85657,衛守備
85658,衛協副將
85659,衛營參將
85660,衛營總兵
85661,衛指揮僉事
85662,衛指揮使
85663,衛指揮使司
85664,文案處兼電鐙公所委員
85665,文案處翼長
85666,文報局委員
85667,文殿試讀卷官
85668,文華殿大學士
85669,文會試棘牆御史
85670,文會試監馬步射大臣
85671,文會試監射大臣
85672,文會試監試
85673,文會試知貢舉
85674,文會試專門搜檢大臣
85675,文會試專司稽查大臣
85676,文會搜檢
85677,文林郎
85678,文生起居注筆帖式
85679,文童主考官
85680,文闈督理督察大臣
85681,文闈監臨
85682,文闈監試道
85683,文闈監試官
85684,文闈提調
85685,文闈專司稽查大臣
85686,文武會試監試官
85687,文武監試
85688,文武兩闈提調官
85689,文獻通考館副總裁
85690,文獻通考館正總裁
85691,文鄉試副考官
85692,文鄉試稽查接談換卷大臣
85693,文鄉試監臨
85694,文鄉試搜檢大臣
85695,文鄉試同考官
85696,文鄉試專門搜撿大臣
85697,文鄉試專門搜檢大臣
85698,文鄉試專司稽查大臣
85699,文選司筆帖式
85700,文選司郎中
85701,文選司員外郎
85702,文選司掌印
85703,文選司主事
85704,文穎館副總裁官
85705,文穎館謄錄
85706,文穎館提調
85707,文穎館協修
85708,文穎館行走
85709,文穎館正總裁官
85710,文穎館治河方略總裁官
85711,文穎館總校
85712,文穎館總纂官
85713,文穎館纂修官
85714,文淵閣大學士
85715,文淵閣檢閱
85716,文淵閣領閣事
85717,文淵閣提舉閣事
85718,文淵閣詳校
85719,文淵閣校理
85720,文淵閣校理官
85721,文淵閣校理檢閱
85722,文淵閣校閱
85723,文淵閣直閣事
85724,文淵閣值閣事
85725,文職六班大臣
85726,文宗顯皇帝實錄稾本總裁
85727,文宗顯皇帝實錄館纂修官
85728,文總校官
85729,烏里雅蘇台將軍
85730,烏蒙總兵官
85731,烏槍護軍校
85732,烏蘇營遊擊
85733,吳王
85734,無品級筆帖式
85735,五部
85736,五部尚書
85737,五朝國史館副總裁
85738,五朝國史館總裁
85739,五朝國史館纂修官
85740,五城監察御史
85741,五處大臣
85742,五經篆文館總裁官
85743,五口通商大臣
85744,五品京堂
85745,五品藍翎
85746,五品卿銜
85747,五品銜
85748,五品翼領
85749,五品職銜
85750,五台洋務分局當差
85751,午門門官
85752,武備院筆帖式
85753,武備院兼管大臣
85754,武備院郎中
85755,武備院卿
85756,武備院卿銜
85757,武備院事
85758,武備院委署主事
85759,武備院員外郎
85760,武備院主事
85761,武塲外簾官
85762,武場讀卷大臣
85763,武場副考官
85764,武場監臨官
85765,武場監試
85766,武場鄉試副考官
85767,武場鄉試正考官
85768,武殿試讀大臣
85769,武殿試讀卷大臣
85770,武殿試讀卷官
85771,武殿試彌封官
85772,武殿試收掌官
85773,武殿試受卷官
85774,武殿試校射大臣
85775,武殿試校閱大臣
85776,武高等學堂監督
85777,武會試殿試監試
85778,武會試讀卷大臣
85779,武會試讀卷官
85780,武會試副考官
85781,武會試副總裁
85782,武會試覆試大臣
85783,武會試覆試監試大臣
85784,武會試貢舉
85785,武會試官
85786,武會試監射
85787,武會試監射大臣
85788,武會試監射官
85789,武會試監試
85790,武會試監試大臣
85791,武會試監試官
85792,武會試揀選營官大臣
85793,武會試較射
85794,武會試較射大臣
85795,武會試考官
85796,武會試列字圍較射大臣
85797,武會試磨勘試卷大臣
85798,武會試內簾監試官
85799,武會試提調官
85800,武會試同考官
85801,武會試校射大臣
85802,武會試校射官
85803,武會試正考官
85804,武會試知貢舉
85805,武會試知武舉
85806,武會試主考官
85807,武會試總裁官
85808,武舉大臣
85809,武舉覆試大臣
85810,武舉監射官
85811,武舉監試官
85812,武庫清吏司郎中
85813,武庫司行走
85814,武普通中學堂監督
85815,武勝新隊文案翼長
85816,武圍監射大臣
85817,武圍監試
85818,武闈彈壓大臣
85819,武闈監臨
85820,武闈監射大臣
85821,武闈監試
85822,武闈監試大臣
85823,武闈監試馬步射
85824,武闈較射大臣
85825,武闈考官
85826,武闈內監試
85827,武闈提調官
85828,武闈同考官
85829,武闈鄉試內場監試
85830,武闈校射大臣
85831,武闈主考
85832,武衛護軍統領
85833,武衛全軍翼長
85834,武衛右軍各學堂總辦
85835,武衛右軍行營中軍兼帶左隊
85836,武衛中軍文案處總辦
85837,武衛中軍右翼統帶
85838,武衛左軍總統
85839,武顯將軍
85840,武鄉試副考官
85841,武鄉試覆試大臣
85842,武鄉試覆試監射大臣
85843,武鄉試覆試閱卷大臣
85844,武鄉試會考官
85845,武鄉試監臨官
85846,武鄉試監臨主考
85847,武鄉試監臨主考事務
85848,武鄉試監臨主試
85849,武鄉試監射大臣
85850,武鄉試監射官
85851,武鄉試監試官
85852,武鄉試較射
85853,武鄉試較射並武鄉試監臨
85854,武鄉試較射大臣
85855,武鄉試較射官
85856,武鄉試考官
85857,武鄉試磨勘試卷大臣
85858,武鄉試內簾監試官
85859,武鄉試提調
85860,武鄉試提調官
85861,武鄉試題調官
85862,武鄉試同考官
85863,武鄉試外簾官
85864,武鄉試武會試磨勘弓刀石大臣
85865,武鄉試校射大臣
85866,武鄉試正考官
85867,武鄉試主考
85868,武鄉試主考官
85869,武鄉試主試官
85870,武鄉試專司稽查大臣
85871,武鄉試總裁
85872,武選司幫掌印
85873,武選司郎中
85874,武選司行走
85875,武選司員外郎
85876,武選司掌印管理馬館監督
85877,武選司主事
85878,武選司總辦
85879,武學
85880,武毅謀勇一等公
85881,武英殿
85882,武英殿大學士
85883,武英殿副總裁
85884,武英殿工程大臣
85885,武英殿功臣館纂修官
85886,武英殿緊要處行走
85887,武英殿試讀卷大臣
85888,武英殿試讀卷官
85889,武英殿試校閱大臣
85890,武英殿書局效力行走
85891,武英殿書簽官
85892,武英殿提調
85893,武英殿提調官
85894,武英殿校勘官
85895,武英殿協修官
85896,武英殿行走
85897,武英殿修書處管理大臣
85898,武英殿修書處效力行走
85899,武英殿修書處協修
85900,武英殿修書處行走
85901,武英殿修書處纂修
85902,武英殿修書提調
85903,武英殿修書總裁
85904,武英殿學士
85905,武英殿總辦官
85906,武英殿總裁官
85907,武英殿總纂官
85908,武英殿纂修功臣館提調
85909,武英殿纂修官
85910,武職六班
85911,武職六班大臣
85912,武職隨扈大臣
85913,武職值班大臣
85914,務參將
85915,務處
85916,務處翼長
85917,務處總理
85918,務大臣
85919,務關路參將
85920,務欽差大臣
85921,務使司旗務使
85922,務鹽法道
85923,務翼長
85924,西安將軍
85925,西伯甲大臣
85926,西陵承修大臣
85927,西陵守護大臣
85928,西苑門內騎馬
85929,犧牲所值年大臣
85930,襲雲騎尉發標學習
85931,洗馬
85932,喜起舞大臣
85933,縀庫員外郎
85934,下瞻軍營
85935,先鋒官
85936,先鋒翼長
85937,先農壇從耕大臣
85938,先農壇遞耒耜大臣
85939,閑散恩國公
85940,賢妃
85941,顯親王
85942,憲政編查館參議
85943,憲政編查館參預政務大臣
85944,憲政編查館提調
85945,憲政編查館王大臣
85946,憲政編查館行走
85947,憲政編查館一等諮議官
85948,憲政編查館資政院王大臣
85949,憲政編查館諮議官
85950,憲政編查館總務處幫總辦
85951,憲政編查館總務處總辦
85952,憲政編查館總務科員
85953,憲政籌備處坐辦
85954,憲政公會北京本部常務委員長
85955,縣丞
85956,縣大臣
85957,縣等官大臣
85958,縣副將
85959,縣即
85960,縣教諭
85961,縣經歷
85962,縣君額駙
85963,縣團防事
85964,縣學訓導
85965,縣學政
85966,縣巡檢
85967,縣訓導
85968,縣知縣
85969,獻爵差使
85970,郷試副考官
85971,郷試正考官
85972,鄉君額駙
85973,鄉試補覆試閱卷大臣
85974,鄉試補行覆試閱卷大臣
85975,鄉試場內督理稽察
85976,鄉試彈壓左翼副都統
85977,鄉試分校
85978,鄉試副考官
85979,鄉試副主考
85980,鄉試覆試監試大臣
85981,鄉試覆試三次閱卷大臣
85982,鄉試覆試閱卷大臣
85983,鄉試覆試閱卷官
85984,鄉試貢院門搜檢
85985,鄉試貢院搜撿大臣
85986,鄉試稽查接談換卷大臣
85987,鄉試監臨
85988,鄉試監臨官
85989,鄉試監臨武闈主考
85990,鄉試監試官
85991,鄉試監同搜檢
85992,鄉試檢大臣
85993,鄉試江南副考官
85994,鄉試考官
85995,鄉試錄科監射大臣
85996,鄉試錄科閱卷大臣
85997,鄉試錄科主考官
85998,鄉試磨勘大臣
85999,鄉試磨勘官
86000,鄉試內場監試
86001,鄉試內場監試公堂監試
86002,鄉試內簾監官
86003,鄉試內簾監試官
86004,鄉試內簾襄校官
86005,鄉試搜撿大臣
86006,鄉試搜檢大臣
86007,鄉試提調
86008,鄉試提調官
86009,鄉試同考官
86010,鄉試外場巡察御史
86011,鄉試外簾官
86012,鄉試外簾監試官
86013,鄉試文闈監臨
86014,鄉試文闈監臨官
86015,鄉試文闈監試官
86016,鄉試文闈提調官
86017,鄉試文武闈提調官
86018,鄉試武闈考試官
86019,鄉試武闈提調
86020,鄉試武闈主考官
86021,鄉試巡察棘牆官
86022,鄉試閱卷大臣
86023,鄉試正考官
86024,鄉試正主考官
86025,鄉試中式卷覆勘
86026,鄉試主監臨
86027,鄉試主考官
86028,鄉試總司稽查
86029,鄉闈監臨事
86030,鄉巡檢
86031,鄉勇措餉協理
86032,鄉勇措餉總理
86033,湘軍馬步全軍統領
86034,湘軍親兵左營管帶
86035,湘學堂監督
86036,鑲白護軍統領
86037,鑲白旗漢軍協領
86038,鑲白旗滿洲副都統
86039,鑲白旗滿洲驍騎校
86040,鑲白旗滿洲協領左司掌關防
86041,鑲白旗蒙古佐領
86042,鑲白旗索倫副總管
86043,鑲白旗驍騎校
86044,鑲白旗協領
86045,鑲白旗佐領
86046,鑲紅旗都統
86047,鑲紅旗防禦
86048,鑲紅旗漢軍副都統
86049,鑲紅旗漢軍右司掌關防參領
86050,鑲紅旗漢軍掌右司關防參領
86051,鑲紅旗漢軍佐領
86052,鑲紅旗滿洲協領
86053,鑲紅旗滿洲佐領
86054,鑲紅旗驍騎校
86055,鑲紅旗驍騎協領
86056,鑲紅旗協領
86057,鑲紅旗佐領
86058,鑲黃旗漢軍副都統
86059,鑲黃旗滿洲驍騎校
86060,鑲黃旗滿洲協領
86061,鑲黃旗協領
86062,鑲黃旗佐領
86063,鑲黃正白漢軍協領
86064,鑲藍滿洲協領
86065,鑲藍旗都統
86066,鑲藍旗防禦
86067,鑲藍旗副都統
86068,鑲藍旗滿洲副都統
86069,鑲藍旗滿洲梅勒額真
86070,鑲藍旗滿洲佐領
86071,鑲藍旗驍騎校
86072,鑲藍旗協領
86073,鑲藍旗值年大臣
86074,鑲藍旗宗室佐領
86075,鑲藍旗佐領
86076,祥妃常妃神牌填青大臣
86077,詳校官
86078,嚮導長
86079,嚮導處護軍參領
86080,嚮導處行走
86081,嚮導處印務章京
86082,嚮導處章京
86083,嚮導處總理
86084,嚮導處總統大臣
86085,嚮導大臣
86086,嚮導統領
86087,嚮導章京上行走
86088,向化侯
86089,驍駮校
86090,驍旗參領
86091,驍旗校
86092,驍騎參領
86093,驍騎參領銜
86094,驍騎副參領銜
86095,驍騎校
86096,驍騎校參領
86097,小教習
86098,小京官
86099,小京官職銜
86100,小考宗室翎緞大臣
86101,小四處大臣
86102,小站留守司令官
86103,孝經衍義編纂總裁
86104,孝貞顯皇后大事總辦郎中
86105,効力筆帖式
86106,效力筆帖式
86107,效力堂筆帖式
86108,效力行走
86109,校對官
86110,校對世祖章皇帝實錄副總裁
86111,校對太宗文皇帝實錄副總裁
86112,校對太祖高皇帝實錄副總裁
86113,校勘高宗純皇帝實錄
86114,校勘官
86115,校理
86116,校射大臣
86117,校閱翻譯錄科及童生試卷
86118,校閱陸軍大臣
86119,協把總
86120,協辦大臣
86121,協辦大學士
86122,協辦河東河道事務
86123,協辦領隊大臣
86124,協辦事大臣
86125,協堡把總
86126,協堡千總
86127,協堡外委
86128,協標把總
86129,協標堡守備
86130,協標都司
86131,協標千總
86132,協標守備
86133,協標守兵
86134,協標營把總
86135,協標營都司
86136,協標營哨千總
86137,協標營守備
86138,協標營外委
86139,協標右營守備
86140,協標左營遊擊
86141,協參贊大臣
86142,協都司
86143,協都司僉書
86144,協都司印務
86145,協副將
86146,協副將印務
86147,協副總兵
86148,協將軍
86149,協經制外委
86150,協軍守備
86151,協理
86152,協理河南山東河工事務
86153,協理事務
86154,協領
86155,協領銜
86156,協路千總
86157,協內河水師副將
86158,協千總
86159,協刋官
86160,協刋總目官
86161,協哨把總
86162,協哨千總
86163,協守
86164,協守備
86165,協水師副將
86166,協水師右營守備
86167,協同教習庶吉士
86168,協同知
86169,協統領
86170,協外海水師副將
86171,協外海水師營副將
86172,協外委
86173,協尉
86174,協尉步軍校
86175,協伍
86176,協修官
86177,協修記注官
86178,協巡局提調
86179,協營把總
86180,協營都司
86181,協營副將
86182,協營經制外委
86183,協營千總
86184,協營食糧
86185,協營守備
86186,協營外委
86187,協營遊擊
86188,協遊擊
86189,協右副將軍
86190,協右營
86191,協右營把總
86192,協右營都司
86193,協右營守備
86194,協右營外委
86195,協右營遊擊
86196,協右營右哨額外外委
86197,協右營右哨千總
86198,協中軍都司
86199,協中軍守備
86200,協中軍外海水師都司
86201,協中衛千總
86202,協屬馬營監營千總
86203,協總兵
86204,協左副將軍
86205,協左營把總
86206,協左營都司
86207,協左營千總
86208,協左營守備
86209,協左營外委
86210,協左營遊擊
86211,辛酉科拔貢
86212,新貢士覆試閱卷大臣
86213,新加坡領事
86214,新建陸軍礮隊學堂監督
86215,新建陸軍翼營左隊領
86216,新津侯
86217,新進士朝考閱卷大臣
86218,新進士朝考閱卷官
86219,新進士覆試閱卷官
86220,新舊營房大臣
86221,新軍營辦事
86222,新兩營練軍洋槍隊
86223,信郡王
86224,信義輔政叔王
86225,信勇公
86226,信知縣
86227,刑部安徽司郎中
86228,刑部安徽司員外郎
86229,刑部安徽司主稿
86230,刑部安徽司主事
86231,刑部八品筆帖式
86232,刑部筆帖式
86233,刑部筆帖式行走
86234,刑部參政
86235,刑部朝審大臣
86236,刑部都捕司主事
86237,刑部督捕司筆帖式
86238,刑部督捕司郎中
86239,刑部督捕司員外郎
86240,刑部督捕司主事
86241,刑部額外郎中上行走
86242,刑部額外侍郎
86243,刑部額外侍郎上行走
86244,刑部額外主事
86245,刑部額外主事上行走
86246,刑部額外主事上學習行走
86247,刑部額外主事學習行走
86248,刑部奉天司郎中
86249,刑部奉天司行走
86250,刑部奉天司員外
86251,刑部奉天司員外郎
86252,刑部奉天司主稿
86253,刑部奉天司主事
86254,刑部福建司筆帖式
86255,刑部福建司郎中
86256,刑部福建司員外郎
86257,刑部福建司主事
86258,刑部副理事官
86259,刑部廣東司郎中
86260,刑部廣東司員外郎
86261,刑部廣東司主事
86262,刑部廣西清吏司主事
86263,刑部廣西司郎中
86264,刑部廣西司行走
86265,刑部廣西司員外郎
86266,刑部廣西司主稿
86267,刑部廣西司主事
86268,刑部貴州司郎中
86269,刑部貴州司行走
86270,刑部貴州司學習行走
86271,刑部貴州司員外郎
86272,刑部貴州司主事
86273,刑部漢檔房堂主事
86274,刑部漢提牢廳主事
86275,刑部漢字堂主事
86276,刑部河南清吏司員外郎
86277,刑部河南司幫稿
86278,刑部河南司郎中
86279,刑部河南司員外郎
86280,刑部河南司主稿
86281,刑部河南司主事
86282,刑部湖廣司郎中
86283,刑部湖廣司員外郎
86284,刑部湖廣司主事
86285,刑部會典館校對官
86286,刑部江南司郎中
86287,刑部江南司員外郎
86288,刑部江南司主事
86289,刑部江蘇司郎中
86290,刑部江蘇司行走
86291,刑部江蘇司學習主事
86292,刑部江蘇司員外郎
86293,刑部江蘇司主稿
86294,刑部江蘇司主事
86295,刑部江西司郎中
86296,刑部江西司行走
86297,刑部江西司學習行走
86298,刑部江西司員外郎
86299,刑部江西司主稿
86300,刑部江西司主事
86301,刑部郎中
86302,刑部郎中上行走
86303,刑部理事官
86304,刑部律例館提調
86305,刑部滿主事
86306,刑部七品筆帖式額外行走
86307,刑部七品小京官
86308,刑部啟心郎
86309,刑部清檔房主事
86310,刑部秋審處兼行
86311,刑部秋審處減等
86312,刑部秋審處行走
86313,刑部秋審處總辦
86314,刑部秋審處坐辦
86315,刑部山東清吏司員外郎
86316,刑部山東司幫掌印
86317,刑部山東司郎中
86318,刑部山東司行走
86319,刑部山東司員外郎
86320,刑部山東司主稿
86321,刑部山東司主事
86322,刑部山西司幫主稿
86323,刑部山西司郎中
86324,刑部山西司行走
86325,刑部山西司學習行走
86326,刑部山西司員外郎
86327,刑部山西司主稿
86328,刑部山西司主事
86329,刑部陝西司員外郎
86330,刑部繕本筆帖式
86331,刑部尚書
86332,刑部尚書銜
86333,刑部尚書協辦大學士
86334,刑部侍郎
86335,刑部侍郎上行走
86336,刑部侍郎事
86337,刑部司庫
86338,刑部司務
86339,刑部司務廳覆看秋審
86340,刑部司行走
86341,刑部司獄
86342,刑部司員
86343,刑部四川司部屬
86344,刑部四川司郎中
86345,刑部四川司員外郎
86346,刑部四川司主稿
86347,刑部四川司主事
86348,刑部堂主事
86349,刑部提牢廳
86350,刑部提牢廳提牢
86351,刑部西曹員外郎
86352,刑部陜西清吏司郎中
86353,刑部陜西司郎中
86354,刑部陜西司行走
86355,刑部陜西司員外郎
86356,刑部陜西司主稿
86357,刑部陜西司主事
86358,刑部刑科掌印給事中
86359,刑部學習行走
86360,刑部學習主事
86361,刑部衙門行走
86362,刑部右審司主事
86363,刑部右侍郎
86364,刑部右現審司員外郎
86365,刑部員外郎
86366,刑部員外郎上行走
86367,刑部員外郎學習行走
86368,刑部員外郎
86369,刑部雲南清吏司員外郎
86370,刑部雲南司郎中
86371,刑部雲南司員外郎
86372,刑部雲南司主稿
86373,刑部雲南司主事
86374,刑部掌河南司印鑰
86375,刑部掌山西司印鑰
86376,刑部浙江司郎中
86377,刑部浙江司員外郎
86378,刑部浙江司主稿
86379,刑部浙江司主事
86380,刑部直隸司從走
86381,刑部直隸司郎中
86382,刑部直隸司行走
86383,刑部直隸司員外郎
86384,刑部直隸司主稿
86385,刑部直隸司主事
86386,刑部主事
86387,刑部主事上行走
86388,刑部宗室郎中
86389,刑部總辦秋審處行走
86390,刑部奏事處員外郎
86391,刑部左侍郎
86392,刑科都給事中
86393,刑科副理事官
86394,刑科給事中
86395,刑科右給事中
86396,刑科掌印給事中
86397,刑科左給事中
86398,行參軍事
86399,行禮官
86400,行人司
86401,行人司副司正
86402,行人司司正
86403,行人司行人
86404,行營把總
86405,行營發審處
86406,行營將弁學堂督辦
86407,行營領侍衛內大臣
86408,行營守備
86409,行營守備參贊大臣
86410,行營守備銜
86411,行營外委
86412,行營先鋒官
86413,行營翼長
86414,行營翼長兼管行營印房事務
86415,行營中軍事務
86416,行營中軍守備
86417,行在辦事大臣
86418,行在兵部侍郎
86419,行在領侍衛內大臣
86420,行在前引大臣
86421,行在刑部尚書
86422,行在刑部侍郎
86423,行在總兵
86424,行走
86425,邢部右侍郎
86426,邢部主事
86427,修訂法律大臣
86428,修訂官制大臣
86429,修官
86430,修理寶泉局爐房工程大臣
86431,修理城垣大臣
86432,修理昇平署大臣
86433,修明史副總裁
86434,修三禮副總裁
86435,修書處上行走
86436,修天壇工程大臣
86437,修撰
86438,修纂官
86439,虛銜委步軍校
86440,徐王
86441,卹刑郎中
86442,續辦事前鋒參領
86443,續辦事侍衛班領
86444,續辦事章京
86445,續備全軍翼長
86446,續順公
86447,續文獻通考館副總裁官
86448,續文獻通考館總裁
86449,續文獻通考館纂修官
86450,續文獻通考纂修官
86451,續纂四庫全書館總裁
86452,宣威大將軍
86453,宣慰使
86454,宣義大將軍
86455,宣諭化導使
86456,宣宗成皇帝實錄館漢謄錄
86457,宣宗成皇帝實錄館校對官
86458,宣宗成皇帝實錄詳校官
86459,宣宗成皇帝實錄纂修官
86460,學部參事官
86461,學部丞參上行走
86462,學部二等諮議官
86463,學部國子丞
86464,學部名詞館協修
86465,學部派赴日本遊歷
86466,學部尚書
86467,學部圖書局行走
86468,學部右丞
86469,學部右侍郎
86470,學部總務司
86471,學部左侍郎
86472,學教授
86473,學教諭
86474,學錄
86475,學士
86476,學堂監督
86477,學堂講席
86478,學堂提調
86479,學堂學長
86480,學堂總辦
86481,學務處幫總提調
86482,學務處武學堂提調
86483,學務大臣
86484,學務公所議長
86485,學務公所議紳
86486,學務議紳
86487,學習管理正白旗事務
86488,學習河務
86489,學習後扈大臣
86490,學習鳴贊
86491,學習前引大臣
86492,學習御前大臣
86493,學習中書
86494,學訓導
86495,學正
86496,學正銜
86497,學政
86498,學政檢討
86499,勳舊佐領
86500,巡按監察御史
86501,巡按御史
86502,巡捕北營參將
86503,巡捕北營守備
86504,巡捕北營汛把總
86505,巡捕北營汛兵
86506,巡捕北營汛右哨外委
86507,巡捕北營遊擊
86508,巡捕局分局總辦
86509,巡捕南營參將
86510,巡捕南營守備
86511,巡捕營參將
86512,巡捕營守備
86513,巡捕營中營外委
86514,巡捕營中營遊擊
86515,巡捕右營參將
86516,巡捕中營參將
86517,巡捕中營副將
86518,巡捕左營遊擊
86519,巡補南營參將
86520,巡補營行走
86521,巡漕給事中
86522,巡漕科道
86523,巡漕御史
86524,巡槽御史
86525,巡查壇牆大臣
86526,巡察
86527,巡察監察御史
86528,巡察御史
86529,巡城大使
86530,巡城給事中
86531,巡城科道
86532,巡城御史
86533,巡道
86535,巡防大臣
86536,巡防全軍翼長
86537,巡防統領
86538,巡防營
86539,巡防營務處總辦
86540,巡訪事宜軍機大臣
86541,巡撫
86542,巡撫兼管提督
86543,巡撫兼理提督
86544,巡撫兼提督銜
86545,巡撫事務
86546,巡撫銜
86547,巡撫衙門筆帖式
86548,巡海道
86549,巡河給事中
86550,巡監察御史
86551,巡檢
86552,巡警部尚書
86553,巡警部左參議
86554,巡警部左丞
86555,巡警部左侍郎
86556,巡警軍
86557,巡警總局提調
86558,巡視北城監察御史
86559,巡視漕務
86560,巡視漕務巡漕科道
86561,巡視東城
86562,巡視給事中
86563,巡視戶部科給事中
86564,巡視兼理學政
86565,巡視監察御史
86566,巡視禮科給事中
86567,巡視吏部給事中
86568,巡視兩淮鹽課並兼兌漕糧監察御史
86569,巡視兩淮鹽政
86570,巡視南城
86571,巡視南城事務
86572,巡視西城事務
86573,巡視鹽課監察御史
86574,巡視鹽政
86575,巡視鹽政兼管織造事務
86576,巡視鹽政事務
86577,巡視御史
86578,巡視中城工科給事中
86579,巡視中城監察御史
86580,巡視中城吏科給事中
86581,巡視中城事
86582,巡視中城御史
86583,巡視中城掌道監察御史
86584,巡守
86585,巡台御史
86586,巡臺御史
86587,巡臺御史兼理學政
86588,巡壇牆大臣
86589,巡鹽御史
86590,巡役
86591,恂郡王
86592,汛把總
86593,汛千總
86594,汛守備
86595,汛外委
86596,訓導
86597,訓導職銜
86598,訓練各省將弁學堂總理
86599,壓馬大臣
86600,衙門幫總辦
86601,衙門船政股章京
86602,衙門內學堂委員
86603,衙門行走
86604,衙門章京
86605,衙門撰文
86606,衙門撰文官
86607,衙門撰文翰林院撰文
86608,衙門總辦
86609,顏料庫筆帖式
86610,顏料庫郎中
86611,顏料庫司庫
86612,顏料庫員外郎
86613,嚴道
86614,鹽補通判
86615,鹽茶道
86616,鹽茶分巡道
86617,鹽茶兼巡道
86618,鹽茶同知
86619,鹽城教諭
86620,鹽大使
86621,鹽大使職銜
86622,鹽道
86623,鹽道江寧鹽巡道
86624,鹽督
86625,鹽法道
86626,鹽法分守道
86627,鹽法兼巡道
86628,鹽法監掣同知
86629,鹽法巡道
86630,鹽提舉銜
86631,鹽務理事
86632,鹽巡道
86633,鹽驛道
86634,鹽運副使
86635,鹽運使
86636,鹽運使判官
86637,鹽運使司
86638,鹽運使司同知
86639,鹽運使司同知銜
86640,鹽運使銜
86641,鹽運使佐治通商事
86642,鹽運司銜
86643,鹽運司鹽運使銜
86644,鹽運司運判
86645,鹽運司運同
86646,鹽政
86647,鹽政管理鈔關稅務
86648,鹽政兼管杭州織造
86649,鹽政織造
86650,鹽政咨議官
86651,鹽知事銜
86652,衍聖公
86653,演放炮位大臣
86654,演放砲位大臣
86655,演放水師砲位大臣
86656,演槍大臣
86657,驗放大臣
86658,驗放官缺大臣
86659,驗放揀發朝審大臣
86660,驗封司幫印
86661,驗封司郎中
86662,驗封司掌印
86663,驗封司主事
86664,驗軍器大臣
86665,驗看月官大臣
86666,驗米大臣
86667,驗收工程大臣
86668,驗收溝渠河道大臣
86669,驗收海運米石大臣
86670,洋槍隊全營翼長
86671,洋務局會辦
86672,洋務局事務
86673,洋務局職方
86674,洋務局總辦
86675,洋務委員
86676,揚威將軍
86677,揚武將軍
86678,養鴉虎拜唐阿
86679,養鷹統領
86680,養鷹鷂處拜唐阿
86681,窑監督
86682,窑滿監督
86683,藥局管帶官
86684,謁東陵西陵巡幸山東隨駕
86685,一等昂邦章京
86686,一等褒績公
86687,一等編修
86688,一等伯
86689,一等伯世爵
86690,一等參領
86691,一等超武公
86692,一等超勇公
86693,一等超勇侯
86694,一等成勇伯
86695,一等承恩公
86696,一等承恩侯
86697,一等承恩候
86698,一等承恩毅勇公
86699,一等誠嘉毅勇公
86700,一等誠敬侯
86701,一等誠靖侯
86702,一等誠謀英勇公
86703,一等誠勇公
86704,一等奉義侯
86705,一等輔國將軍
86706,一等公
86707,一等果威伯
86708,一等果毅公
86709,一等果毅繼勇公
86710,一等果勇侯
86711,一等海澄公
86712,一等侯
86713,一等侯爵
86714,一等護衛
86715,一等繼勇侯
86716,一等嘉勇公
86717,一等嘉勇侯
86718,一等靖逆侯
86719,一等恪靖伯
86720,一等謀勇公
86721,一等男
86722,一等男兼一雲騎尉
86723,一等勤襄伯
86724,一等輕車都尉
86725,一等輕車都尉加一雲騎尉
86726,一等輕車都尉兼
86727,一等輕車都尉兼一雲騎尉
86728,一等輕車都尉兼雲騎尉
86729,一等輕車都尉世職
86730,一等侍衛
86731,一等侍衛行走
86732,一等順義侯
86733,一等肅毅伯
86734,一等肅毅侯
86735,一等台吉
86736,一等廷恩侯
86737,一等威勤伯
86738,一等威勤侯
86739,一等威毅伯
86740,一等威勇伯
86741,一等威勇公
86742,一等威勇侯
86743,一等衛衛
86744,一等武毅伯
86745,一等襄勤伯
86746,一等襄勇伯
86747,一等信勇公
86748,一等雄勇公
86749,一等宣勇伯
86750,一等宣勇公
86751,一等義烈公
86752,一等義勇伯
86753,一等毅勇侯
86754,一等英誠公
86755,一等英誠公爵
86756,一等英誠公世爵
86757,一等御前行走
86758,一等昭武侯
86759,一等昭勇侯
86760,一等鎮國將軍
86761,一等忠達公
86762,一等忠銳嘉勇公
86763,一等忠襄公
86764,一等忠勇公
86765,一等諮議官
86766,一等子
86767,一等子又一雲騎尉
86768,一等總兵官
86769,一統志館行走
86770,一統志館總裁
86771,一統志館總裁官
86772,一統志館纂修官
86773,一統志書館提調官
86774,一統志纂修官
86775,一外衛指揮副僉事
86776,一雲騎尉
86777,衣庫行走
86778,衣庫員外郎
86779,壹等海澄公
86780,壹等輕車都尉
86781,夷情司員
86782,怡親王
86783,移承嬪金棺護送大臣
86784,儀郡王
86785,儀正
86786,儀制司郎中
86787,儀制司員外郎
86788,儀制司主事
86789,易經總裁
86790,義爵
86791,義王
86792,毅軍辦理營務
86793,翼長
86794,翼尉
86795,譯漢官
86796,譯學館監督
86797,議和全權大臣
86798,議約全權大臣
86799,議約隨員
86800,議政處行走
86801,議政大臣
86802,議政大臣上行走
86803,議政王
86804,議政王大臣
86805,懿妃
86806,懿貴妃
86807,懿貴人
86808,懿嬪
86809,驛傳道
86810,驛傳事務
86811,驛傳鹽法道
86812,驛糧道
86813,驛巡道
86814,驛鹽長寶道
86815,驛鹽道
86816,驛鹽道湖北鹽法武昌道
86817,驛鹽河道
86818,驛鹽糧儲道
86819,驛鹽糧務道
86820,驛鹽巡道
86821,驛站副監督
86822,驛站章京
86823,銀庫大臣
86824,銀庫郎中
86825,銀庫事務
86826,銀庫行走
86827,銀庫員外郎
86828,銀牌記功什長
86829,引隊大臣
86830,引馬大臣
86831,印房筆帖式
86832,印房參領
86833,印房經制筆帖式
86834,印房理事章京
86835,印房貼寫總達差使
86836,印房行走司員
86837,印房章京
86838,印務
86839,印務班領
86840,印務筆帖式
86841,印務參領
86842,印務護軍校
86843,印務營總
86844,印務章京
86845,英德主簿
86846,英文翻譯官
86847,鷹拜唐阿
86848,鷹鷂長
86849,鷹鷂使
86850,迎使
86851,營把總
86852,營幫操大臣
86853,營幫操章京
86854,營筆帖式
86855,營兵官學堂監督
86856,營參將
86857,營參將遊擊
86858,營參領
86859,營差遣記名副都統
86860,營差使
86861,營差委
86862,營長
86863,營當差
86864,營當差神機營委員
86865,營都司
86866,營都司僉書
86867,營額外
86868,營額外把總
86869,營額外外委
86870,營房總管
86871,營副將
86872,營官
86873,營管帶
86874,營管隊侍衛
86875,營經制外委
86876,營領隊大臣
86877,營馬兵
86878,營馬隊幫操章京
86879,營馬隊專操差使
86880,營馬隊專操大臣
86881,營旗統領
86882,營千總
86883,營前鋒
86884,營繕司郎中
86885,營繕司主事
86886,營哨千總
86887,營食糧
86888,營守備
86889,營水師守備
86890,營統領
86891,營統領兼中營管帶
86892,營外委
86893,營文案處翼長
86894,營文案委員
86895,營務處參謀所提調
86896,營務處督操所提調
86897,營務處總辦事
86898,營務翼長
86899,營鑲藍旗營官
86900,營驍騎校
86901,營行營營務處翼長
86902,營營務處翼長
86903,營營務處翼長上學習
86904,營遊撃
86905,營遊擊
86906,營右哨千總
86907,營右哨哨長
86908,營右營守備
86909,營造司員外郎
86910,營戰兵
86911,營正紅旗營官
86912,營中軍守備
86913,營中哨馬隊哨長
86914,營專操大臣
86915,營總
86916,營總兵
86917,營總兵官
86918,營總管
86919,營總理營務處翼長
86920,營左哨把總
86921,營左哨頭司把總
86922,營左哨頭司外委
86923,營左哨外委千總
86924,營佐領
86925,雍親王
86926,永定河分司
86927,勇目
86928,郵船部左侍郎
86929,郵傳部尚書
86930,郵傳部右侍郎
86931,郵傳部左參議
86932,郵傳部左丞
86933,郵傳部左侍郎
86934,遊擊
86935,遊擊參將
86936,遊擊銜
86937,遊歷各國隨員
86938,遊牧巡察員外郎
86939,遊牧員外郎
86940,遊牧主事
86941,遊牧總管
86942,遊學日本學生總監督
86943,遊學生監督
86944,遊學生總監督
86945,右標遊擊
86946,右布政使
86947,右參議
86948,右參贊
86949,右參政
86950,右參政銜
86951,右春坊右庶子
86952,右春坊右諭德
86953,右春坊右贊善
86954,右春坊右中允
86955,右春坊左庶子
86956,右都督
86957,右都督銜
86958,右都御史
86959,右都御史銜
86960,右副都統
86961,右副都御史
86962,右副都御史銜
86963,右副都御使
86964,右副將軍
86965,右監副
86966,右江總兵官
86967,右軍
86968,右軍都司
86969,右軍守備
86970,右路巡防隊統領
86971,右路總兵官
86972,右僉都御史
86973,右僉都御史銜
86974,右哨
86975,右侍郎
86976,右司掌關防參領
86977,右通政使
86978,右衛城守尉
86979,右衛副都統
86980,右衛將軍
86981,右衛右翼副都統
86982,右衛左翼副都統
86983,右翼查城大臣
86984,右翼城堆官兵大臣
86985,右翼副都統
86986,右翼副翼尉
86987,右翼漢軍副都統
86988,右翼監督
86989,右翼近支族長
86990,右翼軍政大臣
86991,右翼喀爾喀車臣汗
86992,右翼喀爾喀會盟大臣
86993,右翼練軍全營翼長
86994,右翼馬步各營統領
86995,右翼滿洲副都統
86996,右翼前鋒
86997,右翼前鋒統領
86998,右翼前鋒統領印鑰
86999,右翼事務大臣
87000,右翼稅務
87001,右翼稅務監督
87002,右翼統領
87003,右翼委翼長
87004,右翼委員
87005,右翼鑲藍旗驍騎校
87006,右翼協領
87007,右翼翼長
87008,右翼翼領
87009,右翼翼尉
87010,右翼鎮總兵
87011,右翼正紅旗蒙古防禦
87012,右翼正紅旗蒙古驍騎校
87013,右翼宗學
87014,右翼宗學副管
87015,右翼宗學教習
87016,右翼宗學總管
87017,右翼總兵官
87018,右翼總尉
87019,右營
87020,右營把總
87021,右營都司
87022,右營官
87023,右營守備
87024,右營遊擊
87025,右諭德
87026,右院判
87027,右贊善
87028,右中允
87029,右中允銜
87030,右宗人
87031,右宗正
87032,右宗正宗令
87033,幼官學管學大臣
87034,於懋勤殿侍皇十三子皇十四子讀書
87035,虞衡司郎中
87036,虞衡司行走
87037,虞衡司員外郎
87038,虞衡司掌印
87039,虞衡司主事
87040,玉牒副總裁官
87041,玉牒館幫謄錄官
87042,玉牒館幫纂修官
87043,玉牒館督催官
87044,玉牒館督催總裁
87045,玉牒館分校官
87046,玉牒館副總裁官
87047,玉牒館漢謄錄官
87048,玉牒館漢文分校官
87049,玉牒館收掌官
87050,玉牒館收掌兼校對官
87051,玉牒館謄錄官
87052,玉牒館提調官
87053,玉牒館投效謄錄官
87054,玉牒館校對官
87055,玉牒館正謄錄官
87056,玉牒館正總裁官
87057,玉牒館總裁官
87058,玉牒館纂修官
87059,玉牒纂修官
87060,御茶膳房栢唐阿
87061,御茶膳房主事
87062,御船處統領大臣
87063,御林侍衛
87064,御門讀本官
87065,御門讀書官
87066,御前大臣
87067,御前大臣上行走
87068,御前大臣上學習行走
87069,御前大臣學習行走
87070,御前待衛
87071,御前讀本官
87072,御前讀祝官
87073,御前對引大臣
87074,御前二等侍衛
87075,御前將軍
87076,御前鳥槍
87077,御前實缺大臣
87078,御前侍衛
87079,御前侍衛班長
87080,御前侍衛行走
87081,御前侍衛壓馬大臣
87082,御前頭等侍衛
87083,御前校對
87084,御前行走
87085,御前行走親王
87086,御膳房主事
87087,御史
87088,御史上行走
87089,御史臺經歷
87090,御史題掌京畿道
87091,御史銜
87092,御使
87093,御使稽查銀庫巡視南城
87094,御試覆試閱卷大臣
87095,御試正考官
87096,御書處校對
87097,御書館
87098,御藥房印務
87099,御醫
87100,御纂詩經纂修
87101,裕陵員外郎
87102,預行正科會試同考官
87103,預行正科鄉試同考官
87104,毓慶宫授讀
87105,毓慶宮行走
87106,毓慶宮學習行走
87107,豫親王
87108,諭祭正使
87109,元帥
87110,原王
87111,員外郎
87112,員外郎分部行走
87113,員外郎分發禮部行走
87114,員外郎上行走
87115,員外郎食俸
87116,員外郎銜
87117,援剿提督
87118,園郎中
87119,園員外郎
87120,圓明園八品苑副
87121,圓明園八旗
87122,圓明園八旗內務府三旗護軍營總統大臣
87123,圓明園拜唐
87124,圓明園筆帖式
87125,圓明園參將
87126,圓明園副將
87127,圓明園工程處行走
87128,圓明園進班
87129,圓明園庫守
87130,圓明園郎中
87131,圓明園六品
87132,圓明園六品苑丞
87133,圓明園木豆寸村守備
87134,圓明園三旗總管隨同辦事參領
87135,圓明園守備
87136,圓明園樹村
87137,圓明園鑲藍旗營總
87138,圓明園員外郎
87139,圓明園苑副
87140,圓明園正黃
87141,圓明園主事
87142,圓明園專操
87143,圓明園總管
87144,源流考纂修
87145,源流臨清記略正總裁
87146,苑丞
87147,苑丞銜
87148,苑蕃育署丞
87149,苑副
87150,苑馬寺卿
87151,苑卿
87152,閱辦
87153,閱兵大臣
87154,閱補行覆試舉人卷
87155,閱大考翰詹卷
87156,閱二次補行覆試舉人卷
87157,閱覆試卷大臣
87158,閱覆試卷官
87159,閱漢御史試卷
87160,閱迴避卷
87161,閱卷大臣
87162,閱卷官
87163,閱看標識大臣
87164,閱看補行覆試試卷大臣
87165,閱看大考試卷大臣
87166,閱看翻譯試卷大臣
87167,閱看翻譯庶吉士散館試卷大臣
87168,閱看翻譯鄉試試卷
87169,閱看覆試試卷大臣
87170,閱看各省武鄉試中試武舉覆試大臣
87171,閱看試卷大臣
87172,閱看鄉試覆試試卷大臣
87173,閱看駐防
87174,閱看駐防翻譯試卷
87175,閱看駐防翻譯試卷大臣
87176,閱看駐防翻譯鄉試試卷大臣
87177,閱考試試差卷
87178,閱滿洲試卷主考官
87179,閱視黃運河道欽差
87180,閱試差卷大臣
87181,閱庶吉士散館閱卷大臣
87182,閱順天舉人覆試卷
87183,閱武闈
87184,閱宗室試卷大臣
87185,雲輝使
87186,雲麾使
87187,雲騎尉
87188,雲騎尉半個前程
87189,雲騎尉半箇前程
87190,載濟讀
87191,在護軍上行走
87192,在籍辦理賑務
87193,在軍機處學習行走
87194,在軍機大臣行走
87195,在軍機司員行走
87196,在軍機章京上行走
87197,在乾清門學習行走
87198,在議政處行走
87199,在總理各國行走
87200,贊理主事
87201,贊禮郎
87202,贊禮郎上行走
87203,贊禮郎銜
87204,贊禮郎銜筆帖式
87205,贊善
87206,贊襄政務王大臣
87207,贊引差使
87208,贊引大臣
87209,造辦處筆帖式
87210,造辦處額外郎中上行走
87211,造辦處兼行郎中
87212,造辦處郎中
87213,造辦處司員上行走
87214,造辦處行走
87215,造辦處員外郎
87216,造辦處總管郎中
87217,造船總監
87218,則例管提調官
87219,則例館提調官
87220,則例館總校
87221,則例館總纂官
87222,則例館纂修官
87223,增城營參將
87224,增修實憲算
87225,扎薩克多羅貝勒
87226,扎薩克多羅扎薩克圖郡王
87227,扎薩克固山貝子
87228,扎薩克和碩達爾漢親王
87229,扎薩克和碩親王
87230,扎薩克和碩親王世子
87231,扎薩克鎮國公
87232,齋行走
87233,寨守備
87234,寨巡檢
87235,寨遊擊
87236,粘杆長
87237,粘杆處拜唐阿
87238,粘杆處藍翎侍衛
87239,粘杆處三等侍衛
87240,粘杆處侍衛
87241,粘杆處效力行走
87242,粘杆處行走
87243,粘杆三等侍衛
87244,粘杆頭等侍衛續辦事侍衛班領
87245,詹事
87246,詹事府錄事
87247,詹事府少詹事
87248,詹事府洗馬
87249,詹事府右春坊右中允
87250,詹事府右贊善
87251,詹事府詹事
87252,詹事稽查左翼宗學
87253,詹事銜
87254,站道大臣
87255,章京
87256,章京銜
87257,掌安徽司印鑰
87258,掌八旗俸餉處印鑰
87259,掌辦理危藏噶隆事務多羅貝勒銀印
87260,掌兵科給事中
87261,掌祠祭司印鑰
87262,掌督催所關防
87263,掌飯銀處關防
87264,掌奉天司印鑰
87265,掌福建司印鑰
87266,掌福建司印鑰員外郎
87267,掌稿筆帖式
87268,掌關防
87269,掌關防營總
87270,掌廣東司印鑰
87271,掌廣西司印鑰
87272,掌翰林院事
87273,掌河南司員外郎印
87274,掌湖廣司印鑰
87275,掌戶部四川司印鑰
87276,掌戶部浙江司印鑰
87277,掌江南道事監察御史
87278,掌江南司印鑰
87279,掌江蘇司印鑰
87280,掌江西司印鑰
87281,掌井田科關防
87282,掌考功司印
87283,掌理刑司印
87284,掌禮科給事中
87285,掌禮司員外郎
87286,掌料估所印鑰
87287,掌旗籍司印
87288,掌欽差大臣關防
87289,掌柔遠司印
87290,掌山東司印鑰
87291,掌山西司印鑰
87292,掌司務廳印鑰
87293,掌司務廳印鑰員外郎
87294,掌四川司印鑰
87295,掌四川司印鑰郎中
87296,掌衛事大臣
87297,掌文選司印
87298,掌武庫司印鑰
87299,掌武選司印鑰
87300,掌陜西司印鑰
87301,掌刑科給事中
87302,掌驗封司印
87303,掌儀司郎中
87304,掌儀司委署主事
87305,掌儀司行走
87306,掌儀司員外郎
87307,掌儀制司印鑰
87308,掌印辦事大臣
87309,掌印都司
87310,掌印副都統
87311,掌印給事中
87312,掌印郎中
87313,掌印御史
87314,掌印中書舍人
87315,掌印總統大臣
87316,掌右司關防參領
87317,掌右司關防事務
87318,掌院學士
87319,掌雲南司印鑰
87320,掌浙江司印鑰
87321,掌直隸司印鑰郎中
87322,掌職方司印鑰
87323,掌製造庫印鑰
87324,掌中所旛幢司印
87325,掌左司關防事務
87326,招撫參將
87327,招撫正使
87328,招撫總督
87329,招商修路委員
87330,昭武將軍
87331,昭西陵禮部員外郎
87332,召試讀卷官
87333,召試閱卷大臣
87334,兆惠隊內專管巴里坤以外臺站
87335,詔使
87336,照料親王讀書
87337,照料委員
87338,照磨
87339,浙江知縣
87340,縝總兵官
87341,振威將軍
87342,振武將軍
87343,振武將軍銜
87344,鎮安將軍
87345,鎮標前營把總
87346,鎮標前營千總
87347,鎮標前營守備
87348,鎮標前營遊擊
87349,鎮標外委守備
87350,鎮標興武營守備
87351,鎮標右營把總
87352,鎮標右營都司
87353,鎮標右營千總
87354,鎮標右營守備
87355,鎮標右營遊擊
87356,鎮標中軍參將
87357,鎮標中軍遊擊
87358,鎮標中營把總
87359,鎮標中營經制外委
87360,鎮標中營千總
87361,鎮標中營守備
87362,鎮標中營汛外委
87363,鎮標中營遊擊
87364,鎮標左營把總
87365,鎮標左營遊擊
87366,鎮國琮德侯
87367,鎮國公
87368,鎮國將軍
87369,鎮海副都統
87370,鎮海將軍
87371,鎮南將軍
87372,鎮平將軍
87373,鎮水陸總兵官
87374,鎮綏寧營遊擊
87375,鎮統制官
87376,鎮西將軍
87377,鎮巡檢
87378,鎮右營都司
87379,鎮右營遊擊
87380,鎮中營副將
87381,鎮總兵
87382,鎮總兵標下遊擊
87383,鎮總兵官
87384,鎮總兵印務
87385,鎮總兵篆務
87386,鎮左營遊擊
87387,征蠻將軍
87388,征南大將軍
87389,征西大將軍
87390,整飭兵備道
87391,整儀尉
87392,整儀衛
87393,正白滿蒙二旗協領
87394,正白旗參領
87395,正白旗都統
87396,正白旗二佐領
87397,正白旗防禦
87398,正白旗防禦委參領
87399,正白旗副都統
87400,正白旗管學官
87401,正白旗漢軍參領
87402,正白旗漢軍佐領
87403,正白旗護軍統領
87404,正白旗滿洲防禦
87405,正白旗驍騎校
87406,正白旗協領
87407,正參領
87408,正紅貳旗滿洲協領
87409,正紅旗參領
87410,正紅旗防禦
87411,正紅旗副都統
87412,正紅旗官學滿教習領催
87413,正紅旗滿洲都統事務
87414,正紅旗滿洲佐領
87415,正紅旗蒙古副都統
87416,正紅旗蒙古佐領
87417,正紅旗協領
87418,正紅旗總管
87419,正紅旗佐領
87420,正護軍參領
87421,正黃旗都統
87422,正黃旗防禦
87423,正黃旗副都統
87424,正黃旗漢軍副都統
87425,正黃旗滿洲參領
87426,正黃旗委前鋒參領
87427,正黃旗下定西侯
87428,正黃旗驍騎校
87429,正黃旗佐領
87430,正黃旗佐領下領催
87431,正監理官清理財政
87432,正考官
87433,正藍旗參領
87434,正藍旗都統
87435,正藍旗副都統
87436,正藍旗副管
87437,正藍旗護軍統領
87438,正藍旗護軍統領印鑰
87439,正藍旗領催
87440,正藍旗滿洲都統
87441,正藍旗滿洲防禦
87442,正藍旗滿洲騎都尉兼佐領
87443,正藍旗滿洲驍騎校
87444,正藍旗滿洲協領
87445,正藍旗滿洲佐領
87446,正藍旗蒙古副都統
87447,正藍旗印務筆帖式
87448,正藍旗佐領
87449,正領事官
87450,正使
87451,正字
87452,正總裁
87453,正總管
87454,政務處幫提調
87455,政務處幫總辦
87456,政務處大臣
87457,政務處提調
87458,政務處總辦
87459,政務處總辦外務部兼行
87460,政務局會辦
87461,政治典訓副總裁官
87462,政治典訓總裁官
87463,政治館行走
87464,鄭親王
87465,知府
87466,知府候補知州
87467,知府銜
87468,知府銜管州同知事
87469,知府職銜
87470,知貢舉
87471,知事
87472,知武貢舉
87473,知縣
87474,知州
87475,知州銜
87476,祗謁東陵前引大臣
87477,祗謁西陵前引大臣
87478,織造
87479,織造兼管關稅務
87480,直閣事經筵講官
87481,直隸熱河兵備道
87482,直隸司郎中
87483,直隸司員外郎
87484,直隸司掌廣東司印
87485,直隸司主事
87486,直隸總督北洋大臣
87487,直隸總督管巡撫事
87488,直隸總督兼北洋大臣兼管鹽政
87489,直隸總督兼理河道
87490,直隸總督兼通商大臣
87491,直隸總督兼鹽政
87492,直隸總督衙門筆帖式
87493,直南書房
87494,直年河道溝渠大臣
87495,直年旗大臣
87496,直上諭處
87497,直上諭處供事官
87498,直尚書房
87499,直省拔貢朝考閱卷官
87500,直省舉人補覆試卷大臣
87501,直省舉人補行覆試閱卷大臣
87502,直省舉人覆試閱卷大臣
87503,直省舉人覆試閱卷官
87504,直省武舉覆試大臣
87505,直省鄉試覆勘試卷大臣
87506,直省鄉試覆勘閱卷大臣
87507,直省鄉試覆試閱卷大臣
87508,直省鄉試磨勘官
87509,直省選拔貢生閱卷大臣
87510,直省優貢朝考閱卷官
87511,值軍機處
87512,值年大臣
87513,值年河道大臣
87514,值年河道溝渠大臣
87515,值年旗查城大臣
87516,值年旗大臣
87517,職方司幫掌印
87518,職方司郎中
87519,職方司滿洲員外郎
87520,職方司員外郎
87521,職方司掌印
87522,職方司主事
87523,指揮
87524,指婚結髮大臣
87525,指選六部筆帖式
87526,志書館副總裁
87527,志書館纂修官
87528,制處大臣
87529,治河方略館副總裁官
87530,治儀正
87531,致賀特使
87532,致賀專使大臣
87533,致祭
87534,致祭大臣
87535,致祭內外城隍廟
87536,致祭行禮
87537,致祭正使
87538,智親王
87539,製造軍火局監造
87540,製造庫幫掌印
87541,製造庫郎中
87542,製造庫掌印
87543,質郡王
87544,中兵馬司指揮
87545,中奉大夫
87546,中國電報局總辦
87547,中國公學校監督
87548,中國公學校校長
87549,中和殿大學士
87550,中和殿學士
87551,中軍
87552,中軍參將
87553,中軍都督府帶俸右都督
87554,中軍都督府右都督
87555,中軍都司
87556,中軍都司事務
87557,中軍副將
87558,中軍副將中營副將
87559,中軍守備
87560,中軍遊擊
87561,中軍主帥
87562,中軍左營守備
87563,中路總兵官
87564,中前後營統領
87565,中日議約全權大臣
87566,中式武舉磨勘大臣
87567,中書
87568,中書科筆帖式
87569,中書科誥敕事務
87570,中書科掌科中書舍人
87571,中書科掌印中書
87572,中書科中書
87573,中書科中書舍人
87574,中書內閣清字中書
87575,中書內閣中書
87576,中書舍人
87577,中書銜
87578,中書在內閣行走
87579,中衛副將
87580,中衛協副將
87581,中興王
87582,中行評博
87583,中營
87584,中營把總
87585,中營參將
87586,中營都司
87587,中營副將
87588,中營管帶
87589,中營千總
87590,中營守備
87591,中營外委
87592,中營汛把總
87593,中營汛守備
87594,中營汛外委
87595,中營遊擊
87596,中營右哨千總
87597,中營中軍副將
87598,中營中軍守備
87599,中營左哨千總
87600,中御史
87601,中允
87602,忠達公
87603,忠勤三等伯
87604,忠王
87605,重修太宗文皇帝實錄副總裁
87606,重修太宗文皇帝實錄總裁官
87607,重修玉牒總裁
87608,衆官兵總領
87609,州吏目
87610,州牧
87611,州判
87612,州判官
87613,州同知
87614,州學正
87615,州訓導
87616,舟山伯
87617,粥廠稽察彈壓監放大臣
87618,主簿
87619,主講
87620,主將
87621,主考
87622,主考官
87623,主客司郎中
87624,主客司員外郎
87625,主客司主事
87626,主事
87627,主事銜
87628,主憲兵學堂事
87629,主宴大臣
87630,助教
87631,助順永寧侯
87632,駐蔵辦事大臣
87633,駐藏辦事大臣
87634,駐藏幫辦大臣
87635,駐藏大臣
87636,駐藏副都統
87637,駐德大臣
87638,駐防
87639,駐防大臣
87640,駐防翻譯舉人覆試閱卷大臣
87641,駐防翻譯生童閱卷大臣
87642,駐防翻譯鄉試閱卷大臣
87643,駐防防禦
87644,駐防領催
87645,駐防協領
87646,駐防印房協領
87647,駐防右翼鑲紅旗蒙古前鋒旗長
87648,駐防左翼副都統
87649,駐防左翼正白旗滿洲驍騎校
87650,駐防佐領
87651,駐和蘭萬國保和會公斷議員
87652,駐華公使
87653,駐京提塘
87654,鑄印司主事職銜
87655,專辦京城各旗營巡防事宜
87656,專辦山東防勦事務
87657,專辦左江右江緝捕事務
87658,專操大臣
87659,專操大臣監馬步射
87660,專防外委
87661,專門搜撿大臣
87662,專門搜檢
87663,專門搜檢大臣
87664,專門搜檢彈壓大臣
87665,專使大臣
87666,專使大臣參贊
87667,專司會試稽查大臣
87668,專司稽查大臣
87669,專司訓練禁衛軍大臣
87670,甎門搜撿
87671,轉運鹽使
87672,撰擬經史國朝掌故各國歷史講義
87673,撰文
87674,撰文處行走
87675,撰文中書
87676,莊郡王
87677,準噶爾方略副總裁
87678,準噶爾方略正總裁
87679,卓索圖盟長
87680,資政大夫
87681,資政要覽總裁官
87682,資政院副總裁
87683,資政院碩學通儒議員
87684,資政院協理大臣
87685,資政院議員
87686,資政院總裁
87687,諮議官
87688,諮議局議員
87689,諮議局正提調
87690,子爵
87691,子爵一等精奇尼哈番
87692,紫光閣引射大臣
87693,紫禁城內進六班王公
87694,紫禁城內協巡管帶官
87695,紫禁城騎馬
87696,紫禁城值年大臣
87697,自强軍統領
87698,自治局正提調
87699,宗令
87700,宗人府筆帖式
87701,宗人府丞
87702,宗人府額外主事
87703,宗人府額外主事上行走
87704,宗人府府丞
87705,宗人府副理事官
87706,宗人府漢堂主事
87707,宗人府教習
87708,宗人府經歷
87709,宗人府考試翎緞大臣
87710,宗人府郎中
87711,宗人府理事官
87712,宗人府七品筆帖式
87713,宗人府啟心郎
87714,宗人府委署主事
87715,宗人府鑲白旗理事官
87716,宗人府鑲黃旗理事官
87717,宗人府效力筆帖式
87718,宗人府行走
87719,宗人府右司副理事官
87720,宗人府右宗人
87721,宗人府右宗正
87722,宗人府原衙門行走
87723,宗人府主事
87724,宗人府主事上行走
87725,宗人府宗丞
87726,宗人府宗令
87727,宗人府族長
87728,宗人府左宗人
87729,宗人府左宗正
87730,宗人府坐糧廳監督
87731,宗室
87732,宗室翻譯會試考官
87733,宗室覆試閱卷大臣
87734,宗室公中佐領
87735,宗室貢士覆試閱卷大臣
87736,宗室官學教習
87737,宗室會試覆試閱卷大臣
87738,宗室舉人覆試閱卷大臣
87739,宗室覺羅八旗高等學堂監督
87740,宗室覺羅八旗小學堂提調官
87741,宗室覺羅八旗中學堂提調官
87742,宗室覺羅學漢教習
87743,宗室侍衛什長
87744,宗室試卷閱卷大臣
87745,宗室鄉試覆試閱卷
87746,宗室鄉試覆試閱卷大臣
87747,宗室學長
87748,宗室應封大臣
87749,宗室主事
87750,宗室總族長
87751,宗室族長
87752,宗室佐領
87753,宗試會試覆試閱卷大臣
87754,宗學副管
87755,宗學教習
87756,宗學教諭
87757,宗學正教長
87758,總諳達
87759,總辦*軍政局武備學堂
87760,總辦*全軍練軍營務處
87761,總辦*水利局
87762,總辦廠事務
87763,總辦大臣
87764,總辦隄工
87765,總辦督練公所參謀處兼教練處
87766,總辦捐務布政使銜
87767,總辦釐金局務
87768,總辦糧臺
87769,總辦留京事務
87770,總辦慶典大臣
87771,總辦秋審
87772,總辦秋審處
87773,總辦秋審處行走
87774,總辦秋審處坐辦
87775,總辦山東平度等處礦務
87776,總辦上海機器製造局
87777,總辦鐵路事務
87778,總辦萬壽慶典點景
87779,總辦巡警事務
87780,總辦洋務局督辦學務處
87781,總辦營務處
87782,總辦章京
87783,總辦駐美肄業局主事
87784,總兵
87785,總兵官
87786,總兵官銜
87787,總兵換防總兵
87788,總兵效力行走
87789,總兵印務
87790,總兵篆務
87791,總捕
87792,總捕同知
87793,總裁官
87794,總參議
87795,總查倉務道監察御史
87796,總督
87797,總督部堂
87798,總督倉場
87799,總督倉場戶部侍郎
87800,總督倉場戶部右侍郎
87801,總督倉場戶部左侍郎
87802,總督顧問
87803,總督兼充辦理通商事務南洋大臣
87804,總督兼管巡撫事
87805,總督兼管鹽政
87806,總督兼署辦理通商事務大臣
87807,總督兼鹽船大臣
87808,總督署軍事總參議
87809,總督銜
87810,總督協辦大學士
87811,總督衙門筆帖式
87812,總官
87813,總官兵
87814,總管
87815,總管八旗官學生算法
87816,總管大臣
87817,總管官兵事務大臣
87818,總管將軍
87819,總管六庫事務郎中
87820,總管鑾儀衛大臣
87821,總管內務府大臣
87822,總管內務府大臣上行走
87823,總管內務府大臣銜
87824,總管銜
87825,總河
87826,總覈稽察旗綠各營馬步練軍文案糧餉營務處
87827,總虎槍長
87828,總理北洋陸軍參謀處
87829,總理邊務糧餉
87830,總理大臣
87831,總理各國事務大臣
87832,總理各國事務大臣銜
87833,總理各國事務衙門
87834,總理各國事務衙門八品官
87835,總理各國事務衙門大臣
87836,總理各國事務衙門大臣上行走
87837,總理各國事務衙門額內漢章京
87838,總理各國事務衙門額外漢章京
87839,總理各國事務衙門翻譯官
87840,總理各國事務衙門漢章京
87841,總理各國事務衙門會辦大臣
87842,總理各國事務衙門兼行章京
87843,總理各國事務衙門上行走
87844,總理各國事務衙門提調
87845,總理各國事務衙門章京
87846,總理各國事務衙門章京上行走
87847,總理各國事務衙門主事
87848,總理各國事務衙門總辦
87849,總理各國事務衙門總辦章京
87850,總理工程處
87851,總理工程處行走
87852,總理工程大臣
87853,總理工程值年大臣
87854,總理冠軍使
87855,總理海軍事務衙門幫總辦
87856,總理軍臺事務
87857,總理軍務總兵官
87858,總理礦務事宜
87859,總理釐金牙帖局事
87860,總理糧站
87861,總理前藏後藏事務
87862,總理三陵事務
87863,總理三陵事務內務府總管
87864,總理善撲勇射大臣
87865,總理事務處協同行走
87866,總理事務大臣
87867,總理事務王大臣
87868,總理堂務章京
87869,總理鐵路
87870,總理武備學堂事宜
87871,總理新疆全省營務處
87872,總理新軍營務文案兼講堂監督
87873,總理行營大臣
87874,總理行營事務大臣
87875,總理學務
87876,總理學務處
87877,總理巡警事宜
87878,總理衙門幫辦
87879,總理衙門幫總辦
87880,總理衙門大臣上行走
87881,總理衙門額外章京
87882,總理衙門兼行章京
87883,總理衙門滿章京
87884,總理衙門清檔房提調
87885,總理衙門上行走
87886,總理衙門同文館漢教習
87887,總理衙門學習行走
87888,總理衙門章京
87889,總理衙門章京記名
87890,總理衙門總辦
87891,總理衙門總辦章京
87892,總理洋務
87893,總理驛務
87894,總理營文案
87895,總理營務
87896,總理營務處
87897,總理營務處兼帶營
87898,總理營務翼長欽差督辦
87899,總理粵漢鐵路公司事宜
87900,總糧台
87901,總領樂部大臣
87902,總領事官
87903,總師傅
87904,總署大臣
87905,總署各國事務衙門大臣
87906,總司核定官制大臣
87907,總司監督
87908,總司糧臺事宜
87909,總統
87910,總統大臣
87911,總統漢軍兩翼營
87912,總統馬步練軍
87913,總統親軍水師前將軍
87914,總統水陸各軍
87915,總統水師
87916,總統提督
87917,總統諸軍
87918,總尉
87919,總校官
87920,總制
87921,總族長
87922,總纂官
87923,奏事處
87924,奏事處班長
87925,奏事處領班
87926,奏事處領班行走
87927,奏事處行走
87928,奏事處員外郎
87929,奏事官
87930,族長
87931,纂輯
87932,纂擬憲法大臣
87933,纂修
87934,纂修八旗志書館效力行走
87935,纂修編修
87936,纂修官
87937,纂修兩朝聖訓官
87938,纂修省方盛典總裁官
87939,纂修世祖章皇帝實錄副總裁
87940,纂修世祖章皇帝實錄總裁
87941,纂修太宗實錄副總裁官
87942,纂修太宗實錄總裁官
87943,纂修太宗文皇帝實錄總裁官
87944,纂修通鑑全書官
87945,纂修玉牒副總裁官
87946,纂修玉牒總裁官
87947,左布政使
87948,左布政使司
87949,左參議
87950,左參贊
87951,左丞
87952,左春坊右庶子
87953,左春坊贊善銜
87954,左春坊左庶子
87955,左春坊左贊善
87956,左春坊左讚善
87957,左春坊左中允
87958,左都督
87959,左都督銜
87960,左都御史
87961,左都御史銜
87962,左都御史在軍機大臣上行走
87963,左副都統
87964,左副都御史
87965,左副將軍
87966,左副御史
87967,左軍都督府都督同知
87968,左軍都督府左都督
87969,左軍守備
87970,左路統領
87971,左僉都御史
87972,左少詹事
87973,左哨哨官
87974,左侍郎
87975,左侍郎銜
87976,左庶子
87977,左司關防參領
87978,左司關防事務
87979,左司掌關防參領
87980,左寺丞
87981,左寺正
87982,左通政使
87983,左翼步軍翼尉
87984,左翼查城大臣
87985,左翼長
87986,左翼長果毅軍統領
87987,左翼副都統
87988,左翼副盟長
87989,左翼漢軍副都統
87990,左翼監督
87991,左翼近支二族族長
87992,左翼滿洲副都統
87993,左翼蒙古協領
87994,左翼前鋒統領
87995,左翼前鋒統領續辦事前鋒參領
87996,左翼事務大臣
87997,左翼稅差
87998,左翼稅務監督
87999,左翼稅務委員
88000,左翼鐵匠局翼長
88001,左翼鐵匠局翼長副都統
88002,左翼統領
88003,左翼尉
88004,左翼協領
88005,左翼翼長
88006,左翼翼尉
88007,左翼專操大臣
88008,左翼宗學漢教習
88009,左翼總兵官
88010,左營
88011,左營把總
88012,左營都司
88013,左營額外外委
88014,左營千總
88015,左營守備
88016,左營外委
88017,左營遊擊
88018,左營戰糧戰兵
88019,左諭德
88020,左贊善
88021,左中允
88022,左宗人
88023,左宗正
88024,佐領
88025,佐領處行走
88026,佐領兼半個前程
88027,佐領上行走
88028,佐領世管佐領
88029,佐領圖記
88030,佐領銜
88031,佐領行走
88032,坐辦堂郎中
88033,坐糧廳
88034,坐糧廳監督
88035,坐糧廳滿監督
88036,皇太后
88037,太皇太后
88038,德妃
88039,惠妃
88040,麗妃
88041,華妃
88042,淑儀
88043,德儀
88044,貴儀
88045,順儀
88046,婉儀
88047,芳儀
88048,昭媛
88049,充儀
88050,充容
88051,充媛
88052,美人
88053,寶林
88054,御女
88055,采女
88056,內命婦
88057,殿中省
88058,殿中省監
88059,殿中省少監
88060,殿中省丞
88061,殿中省閑廄使
88062,殿中省進馬
88063,殿中省尚食局
88064,殿中省尚食局奉御
88065,殿中省尚食局直長
88066,殿中省尚食局食醫
88067,殿中省尚藥局
88068,殿中省尚藥局奉御
88069,殿中省尚藥局直長
88070,殿中省尚藥局侍御醫
88071,殿中省尚藥局司醫
88072,殿中省尚藥局醫佐
88073,殿中省尚衣局
88074,殿中省尚衣局奉御
88075,殿中省尚衣局直長
88076,殿中省尚舍局
88077,殿中省尚舍局奉御
88078,殿中省尚舍局直長
88079,殿中省尚乘局
88080,殿中省尚乘局奉御
88081,殿中省尚乘局直長
88082,殿中省尚乘局奉乘
88083,殿中省尚乘局進馬
88084,殿中省尚乘局司庫
88085,殿中省尚乘局司廩
88086,殿中省尚輦局
88087,殿中省尚輦局奉御
88088,殿中省尚輦局直長
88089,殿中省尚輦局掌扇
88090,殿中省尚輦局掌翰
88091,殿中省尚輦局掌輦
88092,殿中省尚輦局主輦
88093,殿中省尚輦局奉舉
88094,內侍省
88095,內侍省監
88096,內侍省少監
88097,內侍省內侍
88098,內侍省內給事
88099,內侍省內侍主事
88100,內侍省內謁者監
88101,內侍省內謁者
88102,內侍省内典引
88103,內侍省內寺伯
88104,內侍省寺人
88105,內侍省掖庭局
88106,內侍省掖庭局令
88107,內侍省掖庭局丞
88108,內侍省掖庭局宫教博士
88109,內侍省掖庭局監作
88110,內侍省宮闈局
88111,內侍省宮闈局令
88112,內侍省奚官局
88113,內侍省奚官局令
88114,內侍省奚官局丞
88115,內侍省內僕局
88116,內侍省內僕局令
88117,內侍省內僕局丞
88118,內侍省內府局
88119,內侍省內府局丞
88120,太子內坊局
88121,太子內坊局令
88122,太子內坊局丞
88123,太子內坊典直
88124,尚宮局
88125,尚宮局尚宮
88126,尚宮局司記
88127,尚宮局典記
88128,尚宮局掌記
88129,尚宮局司言
88130,尚宮局典言
88131,尚宮局掌言
88132,尚宮局司簿
88133,尚宮局典簿
88134,尚宮局掌簿
88135,尚宮局司闈
88136,尚宮局典闈
88137,尚宮局掌闈
88138,尚儀局
88139,尚儀局尚儀
88140,尚儀局司籍
88141,尚儀局典籍
88142,尚儀局掌籍
88143,尚儀局司樂
88144,尚儀局典樂
88145,尚儀局掌樂
88146,尚儀局司賓
88147,尚儀局典賓
88148,尚儀局掌賓
88149,尚儀局司贊
88150,尚儀局典贊
88151,尚儀局掌贊
88152,尚服局
88153,尚服局尚服
88154,尚服局司寶
88155,尚服局典寶
88156,尚服局掌寶
88157,尚服局司衣
88158,尚服局典衣
88159,尚服局掌衣
88160,尚服局司飾
88161,尚服局典飾
88162,尚服局掌飾
88163,尚服局司仗
88164,尚服局典仗
88165,尚服局掌仗
88166,尚食局
88167,尚食局尚食
88168,尚食局司膳
88169,尚食局典膳
88170,尚食局掌膳
88171,尚食局司醞
88172,尚食局典醞
88173,尚食局掌醞
88174,尚食局司薬
88175,尚食局典薬
88176,尚食局掌薬
88177,尚食局司饎
88178,尚食局典饎
88179,尚食局掌饎
88180,尚寢局
88181,尚寢局尚寢
88182,尚寢局司設
88183,尚寢局典設
88184,尚寢局掌設
88185,尚寢局司輿
88186,尚寢局典輿
88187,尚寢局掌輿
88188,尚寢局司苑
88189,尚寢局典苑
88190,尚寢局掌苑
88191,尚寢局司燈
88192,尚寢局典燈
88193,尚寢局掌燈
88194,尚功局
88195,尚功局尚功
88196,尚功局司製
88197,尚功局典製
88198,尚功局掌製
88199,尚功局司珍
88200,尚功局典珍
88201,尚功局掌珍
88202,尚功局司綵
88203,尚功局典綵
88204,尚功局掌綵
88205,尚功局司計
88206,尚功局典計
88207,尚功局掌計
88208,宮正
88209,司正
88210,典正
88211,掌正
88212,太子三師
88213,太子三少
88214,太子詹事府
88215,太子詹事府丞
88216,太子詹事府主簿
88217,太子詹事府録事
88218,太子司直
88219,太子左春坊
88220,太子左春坊司議郎
88221,太子左春坊録事
88222,太子左春坊主事
88223,太子左諭德
88224,太子左春坊傳令
88225,太子左春坊掌儀
88226,太子左春坊贊者
88227,崇文館
88228,崇文館直學士
88229,崇文館校書
88230,司經局
88231,司經局文學
88232,典膳局
88233,典膳局郎
88234,典膳局丞
88235,典膳局主食
88236,典膳局典食
88237,藥藏局
88238,藥藏局郎
88239,藥藏局丞
88240,藥藏局侍薬
88241,藥藏局典藥
88242,內直局
88243,內直局郎
88244,內直局丞
88245,內直局典服
88246,內直局典膳
88247,內直局典翰
88248,典設局
88249,典設局郎
88250,宮門局
88251,宮門局郎
88252,宮門局丞
88253,太子右春坊
88254,太子右春坊録事
88255,太子右春坊主事
88256,司閨
88257,掌正
88258,掌書
88259,掌筵
88260,司則
88261,掌嚴
88262,掌縫
88263,掌藏
88264,司饌
88265,掌食
88266,掌醫
88267,掌園
88268,良娣
88269,良媛
88270,承徽
88271,昭訓
88272,奉儀
88273,太子家令寺
88274,太子家令
88275,太子家令寺丞
88276,太子家令寺主簿
88277,太子家令寺録事
88278,食官署
88279,食官署令
88280,食官署丞
88281,食官署掌膳
88282,食官署供膳
88283,食官署奉觶
88284,典倉署
88285,典倉署令
88286,司藏署
88287,司藏署令
88288,司藏署丞
88289,太子率更寺
88290,太子率更寺令
88291,太子率更寺丞
88292,太子率更寺主簿
88293,太子率更寺録事
88294,太子率更寺伶官師
88295,太子率更寺漏刻博士
88296,太子率更寺掌漏
88297,太子僕寺
88298,太子僕
88299,太子僕寺丞
88300,太子僕寺丞主簿
88301,太子僕寺丞録事
88302,廄牧署
88303,廄牧署丞
88304,太子左衛率府
88305,太子左衛率府率
88306,太子左衛率府副率
88307,太子左衛率府長史
88308,太子左衛率府録事參軍事
88309,太子左衛率府倉曹參軍事
88310,太子左衛率府兵曹參軍事
88311,太子左衛率府胄曹參軍事
88312,太子左衛率府司階
88313,太子左衛率府中候
88314,太子左衛率府司戈
88315,太子左衛率府執戟
88316,太子右衛率府
88317,太子右衛率府率
88318,太子右衛率府副率
88319,太子右衛率府長史
88320,太子右衛率府録事參軍事
88321,太子右衛率府倉曹參軍事
88322,太子右衛率府兵曹參軍事
88323,太子右衛率府胄曹參軍事
88324,太子右衛率府司階
88325,太子右衛率府中候
88326,太子右衛率府司戈
88327,太子右衛率府執戟
88328,親府
88329,親府中郎將
88330,親府左郎將
88331,親府右郎將
88332,親府錄事
88333,親府兵曹參軍事
88334,親府校尉
88335,親府旅帥
88336,親府隊正
88337,親府副隊正
88338,勳府
88339,勳府中郎將
88340,勳府左郎將
88341,勳府右郎將
88342,勳府錄事
88343,勳府兵曹參軍事
88344,勳府校尉
88345,勳府旅帥
88346,勳府隊正
88347,勳府副隊正
88348,翊府
88349,翊府左郎將
88350,翊府右郎將
88351,翊府錄事
88352,翊府兵曹參軍事
88353,翊府校尉
88354,翊府旅帥
88355,翊府隊正
88356,翊府副隊正
88357,太子左司禦率府
88358,太子左司禦率府率
88359,太子左司禦率府副率
88360,太子左司禦率府長史
88361,太子左司禦率府録事參軍事
88362,太子左司禦率府倉曹參軍事
88363,太子左司禦率府兵曹參軍事
88364,太子左司禦率府胄曹參軍事
88365,太子左司禦率府司階
88366,太子左司禦率府中候
88367,太子左司禦率府司戈
88368,太子左司禦率府執戟
88369,太子右司禦率府
88370,太子右司禦率府率
88371,太子右司禦率府副率
88372,太子右司禦率府長史
88373,太子右司禦率府録事參軍事
88374,太子右司禦率府倉曹參軍事
88375,太子右司禦率府兵曹參軍事
88376,太子右司禦率府胄曹參軍事
88377,太子右司禦率府司階
88378,太子右司禦率府中候
88379,太子右司禦率府司戈
88380,太子右司禦率府執戟
88381,太子左清道率府
88382,太子左清道率府率
88383,太子左清道率府副率
88384,太子左清道率府長史
88385,太子左清道率府録事參軍事
88386,太子左清道率府倉曹參軍事
88387,太子左清道率府兵曹參軍事
88388,太子左清道率府胄曹參軍事
88389,太子左清道率府司階
88390,太子左清道率府中候
88391,太子左清道率府司戈
88392,太子左清道率府執戟
88393,太子右清道率府
88394,太子右清道率府率
88395,太子右清道率府副率
88396,太子右清道率府長史
88397,太子右清道率府録事參軍事
88398,太子右清道率府倉曹參軍事
88399,太子右清道率府兵曹參軍事
88400,太子右清道率府胄曹參軍事
88401,太子右清道率府司階
88402,太子右清道率府中候
88403,太子右清道率府司戈
88404,太子右清道率府執戟
88405,太子左監門率府
88406,太子左監門率府率
88407,太子左監門率府副率
88408,太子左監門率府長史
88409,太子左監門率府録事參軍事
88410,太子左監門率府録事
88411,太子左監門率府兵曹參軍事
88412,太子左監門率府胄曹參軍事
88413,太子左監門率監門直長
88414,太子右監門率府
88415,太子右監門率府率
88416,太子右監門率府副率
88417,太子右監門率府長史
88418,太子右監門率府録事參軍事
88419,太子右監門率府録事
88420,太子右監門率府兵曹參軍事
88421,太子右監門率府胄曹參軍事
88422,太子右監門率監門直長
88423,太子左內率府
88424,太子左内率府率
88425,太子左内率府副率
88426,太子左内率府長史
88427,太子左内率府録事參軍事
88428,太子左内率府兵曹參軍事
88429,太子左内率府胄曹參軍事
88430,太子左内率府千牛
88431,太子左内率府備身
88432,太子左内率府主仗
88433,太子右內率府
88434,太子右内率府率
88435,太子右内率府副率
88436,太子右内率府長史
88437,太子右内率府録事參軍事
88438,太子右内率府兵曹參軍事
88439,太子右内率府胄曹參軍事
88440,太子右内率府千牛
88441,太子右内率府備身
88442,太子右内率府主仗
88443,親事府
88444,親事府典軍
88445,親事府副典軍
88446,親事府執仗親事
88447,親事府執乘親事
88448,親事府親事
88449,親事府校尉
88450,親事府旅帥
88451,親事府隊正
88452,親事府隊副
88453,帳內府
88454,帳內府典軍
88455,帳內府副典軍
88456,帳內府帳內
88457,帳內府校尉
88458,帳內府旅帥
88459,帳內府隊正
88460,帳內府隊副
88461,秘書省監
88462,秘書省丞
88463,秘書省郎
88464,秘書省主事
88465,秘書省著作局
88466,秘書省著作局著作郎
88467,秘書省著作局著作佐郎
88468,秘書省著作局書令史
88469,秘書省著作局書史
88470,秘書省著作局正字
88471,集賢殿書院
88472,集賢殿書院知院事
88473,集賢殿書院副知院事
88474,集賢殿書院判院
88475,集賢殿書院押院中使
88476,集賢殿侍講學士
88477,集賢殿書院修撰官
88478,集賢殿書院校理官
88479,集賢殿書院待制官
88480,集賢殿書院校書
88481,集賢殿書院正字
88482,史館
88483,史館史官
88484,史館兼修國史
88485,匭使院
88486,知匭使
88487,匭使院判官
88488,匭使院典
88489,翰林院待詔
88490,內教坊
88491,內教坊使
88492,習藝館學士
88493,尚書都省
88494,尚書令
88495,尚書省左僕射
88496,尚書省右僕射
88497,尚書省左司員外郎
88498,尚書省右司
88499,尚書都省都事
88500,尚書都省主事
88501,尚書省吏部
88502,尚書省吏部尚書
88503,尚書省吏部侍郎
88504,尚書省吏部吏部司
88505,尚書省吏部吏部司郎中
88506,尚書省吏部吏部司員外郎
88507,尚書省吏部吏部司主事
88508,尚書省吏部司封司
88509,尚書省吏部司封司郎中
88510,尚書省吏部司封司員外郎
88511,尚書省吏部司封司主事
88512,尚書省吏部司勛司
88513,尚書省吏部司勛司郎中
88514,尚書省吏部司勛司員外郎
88515,尚書省吏部司勛司主事
88516,尚書省吏部考功司
88517,尚書省吏部考功司郎中
88518,尚書省吏部考功司員外郎
88519,尚書省吏部考功司主事
88520,尚書省户部
88521,尚書省户部尚書
88522,尚書省户部侍郎
88523,尚書省户部户部司
88524,尚書省户部户部司郎中
88525,尚書省户部户部司員外郎
88526,尚書省戶部户部司主事
88527,尚書省戶部度支司
88528,尚書省戶部度支司郎中
88529,尚書省戶部度支司員外郎
88530,尚書省戶部度支司主事
88531,尚書省戶部金部司
88532,尚書省戶部金部司郎中
88533,尚書省戶部金部司員外郎
88534,尚書省戶部金部司主事
88535,尚書省戶部倉部司
88536,尚書省戶部倉部司郎中
88537,尚書省戶部倉部司員外郎
88538,尚書省戶部倉部司主事
88539,尚書省禮部
88540,尚書省禮部尚書
88541,尚書省禮部侍郎
88542,尚書省禮部禮部司
88543,尚書省禮部禮部司郎中
88544,尚書省禮部禮部司員外郎
88545,尚書省禮部禮部司主事
88546,尚書省禮部祠部司
88547,尚書省禮部祠部司郎中
88548,尚書省禮部祠部司員外郎
88549,尚書省禮部祠部司主事
88550,尚書省禮部膳部司
88551,尚書省禮部膳部司郎中
88552,尚書省禮部膳部司員外郎
88553,尚書省禮部膳部司主事
88554,尚書省禮部主客司
88555,尚書省禮部主客司郎中
88556,尚書省禮部主客司員外郎
88557,尚書省禮部主客司主事
88558,尚書省兵部
88559,尚書省兵部尚書
88560,尚書省兵部侍郎
88561,尚書省兵部兵部司
88562,尚書省兵部兵部司郎中
88563,尚書省兵部兵部司員外郎
88564,尚書省兵部兵部司主事
88565,尚書省兵部職方司
88566,尚書省兵部職方司郎中
88567,尚書省兵部職方司員外郎
88568,尚書省兵部職方司主事
88569,尚書省兵部駕部司
88570,尚書省兵部駕部司郎中
88571,尚書省兵部駕部司員外郎
88572,尚書省兵部駕部司主事
88573,尚書省兵部庫部司
88574,尚書省兵部庫部司郎中
88575,尚書省兵部庫部司員外郎
88576,尚書省兵部庫部司主事
88577,尚書省刑部
88578,尚書省刑部尚書
88579,尚書省刑部侍郎
88580,尚書省刑部刑部司
88581,尚書省刑部刑部司郎中
88582,尚書省刑部刑部司員外郎
88583,尚書省刑部刑部司主事
88584,尚書省刑部都官司
88585,尚書省刑部都官司郎中
88586,尚書省刑部都官司員外郎
88587,尚書省刑部都官司主事
88588,尚書省刑部比部司
88589,尚書省刑部比部司郎中
88590,尚書省刑部比部司員外郎
88591,尚書省刑部比部司主事
88592,尚書省刑部司門司
88593,尚書省刑部司門司郎中
88594,尚書省刑部司門司員外郎
88595,尚書省刑部司門司主事
88596,尚書省工部
88597,尚書省工部尚書
88598,尚書省工部侍郎
88599,尚書省工部工部司
88600,尚書省工部工部司郎中
88601,尚書省工部工部司員外郎
88602,尚書省工部工部司主事
88603,尚書省工部屯田司
88604,尚書省工部屯田司郎中
88605,尚書省工部屯田司員外郎
88606,尚書省工部屯田司主事
88607,尚書省工部虞部司
88608,尚書省工部虞部司郎中
88609,尚書省工部虞部司員外郎
88610,尚書省工部虞部司主事
88611,尚書省工部水部司
88612,尚書省工部水部司郎中
88613,尚書省工部水部司員外郎
88614,尚書省工部水部司主事
88615,中書門下吏房
88616,中書門下戶房
88617,中書門下兵房
88618,中書門下禮房
88619,中書門下樞機房
88620,太傅
88621,太常寺
88622,太常寺卿
88623,太常寺少卿
88624,太常寺丞
88625,太常寺録事
88626,太常寺博士
88627,太常寺謁者
88628,太常寺贊引
88629,太常寺兩京郊社署
88630,太常寺兩京郊社署令
88631,太常寺兩京郊社署丞
88632,太常寺諸陵署
88633,太常寺諸陵署令
88634,太常寺諸陵署丞
88635,太常寺諸陵署録事
88636,太常寺諸太子陵署
88637,太常寺諸太子陵署令
88638,太常寺諸太子陵署丞
88639,太常寺諸太子廟署
88640,太常寺諸太子廟署令
88641,太常寺諸太子廟署丞
88642,太常寺太樂署
88643,太常寺太樂署令
88644,太常寺太樂署丞
88645,太常寺太樂署樂正
88646,太常寺鼓吹署
88647,太常寺鼓吹署令
88648,太常寺鼓吹署丞
88649,太常寺鼓吹署樂正
88650,太常寺太醫署
88651,太常寺太醫署令
88652,太常寺太醫署丞
88653,太常寺太醫署主藥
88654,太常寺太醫署醫正
88655,太常寺太醫署醫博士
88656,太常寺太醫署醫助教
88657,太常寺太醫署針博士
88658,太常寺太醫署針助教
88659,太常寺太醫署按摩博士
88660,太常寺太醫署咒禁博士
88661,太常寺太卜署
88662,太常寺太卜署令
88663,太常寺太卜署丞
88664,太常寺太卜署卜正
88665,太常寺太卜署卜師
88666,太常寺太卜署卜博士
88667,太常寺廩犧署
88668,太常寺廩犧署令
88669,太常寺廩犧署丞
88670,太常寺汾祠署
88671,太常寺汾祠署令
88672,太常寺汾祠署丞
88673,太常寺兩京齊太公廟署
88674,太常寺兩京齊太公廟署令
88675,太常寺兩京齊太公廟署丞
88676,光祿寺太官署
88677,光祿寺太官署令
88678,光祿寺太官署丞
88679,光祿寺珍羞署
88680,光祿寺珍羞署令
88681,光祿寺珍羞丞
88682,光祿寺良醞署
88683,光祿寺良醞署令
88684,光祿寺良醞署丞
88685,光祿寺掌醢署
88686,光祿寺掌醢署令
88687,光祿寺掌醢署丞
88688,衛尉寺兩京武庫署
88689,衛尉寺兩京武庫署令
88690,衛尉寺兩京武庫署丞
88691,宗正寺崇玄署
88692,宗正寺崇玄署令
88693,宗正寺崇玄署丞
88694,太僕寺乘黄署
88695,太僕寺乘黄署令
88696,太僕寺乘黄署丞
88697,太僕寺典厩署
88698,太僕寺典厩署令
88699,太僕寺典厩署丞
88700,太僕寺典牧署
88701,太僕寺典牧署令
88702,太僕寺典牧署丞
88703,太僕寺車府署
88704,太僕寺車府署令
88705,太僕寺車府署丞
88706,太僕寺諸牧監
88707,太僕寺諸牧監
88708,太僕寺諸牧少監
88709,太僕寺諸牧丞
88710,太僕寺諸牧主簿
88711,太僕寺諸牧録事
88712,太僕寺沙苑監
88713,太僕寺沙苑副監
88714,太僕寺沙苑丞
88715,太僕寺沙苑主簿
88716,太僕寺沙苑録事
88717,鴻臚寺典客署
88718,鴻臚寺典客署令
88719,鴻臚寺典客署丞
88720,鴻臚寺司儀署
88721,鴻臚寺司儀署令
88722,鴻臚寺司儀署丞
88723,司農寺上林署
88724,司農寺上林署令
88725,司農寺上林署丞
88726,司農寺太倉署
88727,司農寺太倉署令
88728,司農寺太倉署丞
88729,司農寺鉤盾署
88730,司農寺鉤盾署令
88731,司農寺鉤盾署丞
88732,司農寺諸倉署
88733,司農寺諸倉監
88734,司農寺諸倉丞
88735,司農寺司竹監
88736,司農寺司竹監
88737,司農寺司竹副監
88738,司農寺司竹丞
88739,司農寺溫泉湯監
88740,司農寺溫泉湯監
88741,司農寺溫泉湯丞
88742,司農寺諸屯監
88743,司農寺諸屯監
88744,司農寺諸屯丞
88745,太府寺兩京諸市署
88746,太府寺兩京諸市署令
88747,太府寺兩京諸市署丞
88748,太府寺左藏署
88749,太府寺左藏署令
88750,太府寺左藏署丞
88751,太府寺右藏署
88752,太府寺右藏署令
88753,太府寺右藏署丞
88754,太府寺常平署
88755,太府寺常平署令
88756,太府寺常平署丞
88757,國子監國子學
88758,國子監國子博士
88759,國子監國子助教
88760,國子監太學
88761,國子監太學博士
88762,國子監太學助教
88763,國子監四門學
88764,國子監四門博士
88765,國子監律學
88766,國子監律學博士
88767,國子監律學助教
88768,國子監書學
88769,國子監書學博士
88770,國子監算學
88771,國子監算學博士
88772,少府監中尚署
88773,少府監中尚署令
88774,少府監中尚署丞
88775,少府監左尚署
88776,少府監左尚署令
88777,少府監左尚署丞
88778,少府監右尚署
88779,少府監右尚署令
88780,少府監右尚署丞
88781,少府監織染署
88782,少府監織染署令
88783,少府監織染署丞
88784,少府監掌冶署
88785,少府監掌冶署令
88786,少府監掌冶署丞
88787,少府監諸冶監
88788,少府監諸冶監
88789,少府監諸冶監令
88790,少府監諸冶監丞
88791,少府監諸冶監錄事
88792,軍器監甲坊署
88793,軍器監甲坊署令
88794,軍器監甲坊署丞
88795,軍器監弩坊署
88796,軍器監弩坊署令
88797,軍器監弩坊署丞
88798,將作監左校署
88799,將作監左校署令
88800,將作監左校署丞
88801,將作監右校署
88802,將作監右校署令
88803,將作監右校署丞
88804,將作監中校署
88805,將作監中校署令
88806,將作監中校署丞
88807,將作監甄官署
88808,將作監甄官署令
88809,將作監甄官署丞
88810,將作監百工監
88811,將作監百工監
88812,將作監百工副監
88813,將作監百工監丞
88814,將作監百工監錄事
88815,將作監太陰監
88816,將作監太陰監
88817,將作監太陰副監
88818,將作監太陰監丞
88819,將作監太陰監錄事
88820,將作監伊陽監
88821,將作監伊陽監
88822,將作監伊陽副監
88823,將作監伊陽監丞
88824,將作監伊陽監錄事
88825,都水監舟檝署
88826,都水監舟檝署令
88827,都水監舟檝署丞
88828,都水監河渠署
88829,都水監河渠署令
88830,都水監河渠署丞
88831,左龍武軍
88832,左龍武軍統軍
88833,左龍武軍大將軍
88834,左龍武軍將軍
88835,左龍武軍中護辟仗使
88836,左龍武軍長史
88837,左龍武軍錄事參軍事
88838,左龍武軍倉曹參軍事
88839,左龍武軍兵曹參軍事
88840,左龍武軍胄曹參軍事
88841,左龍武軍司階
88842,左龍武軍中候
88843,左龍武軍司戈
88844,左龍武軍執戟
88845,左龍武軍長上
88846,右龍武軍
88847,右龍武軍統軍
88848,右龍武軍大將軍
88849,右龍武軍將軍
88850,右龍武軍中護辟仗使
88851,右龍武軍錄事參軍事
88852,右龍武軍倉曹參軍事
88853,右龍武軍兵曹參軍事
88854,右龍武軍胄曹參軍事
88855,右龍武軍司階
88856,右龍武軍中候
88857,右龍武軍司戈
88858,右龍武軍執戟
88859,右龍武軍長上
88860,龍武軍統軍
88861,龍武軍大將軍
88862,龍武軍將軍
88863,左神武軍
88864,左神武軍統軍
88865,左神武軍大將軍
88866,左神武軍將軍
88867,左神武軍中護辟仗使
88868,左神武軍長史
88869,左神武軍錄事參軍事
88870,左神武軍倉曹參軍事
88871,左神武軍兵曹參軍事
88872,左神武軍胄曹參軍事
88873,左神武軍司階
88874,左神武軍中候
88875,左神武軍司戈
88876,左神武軍執戟
88877,左神武軍長上
88878,右神武軍
88879,右神武軍統軍
88880,右神武軍大將軍
88881,右神武軍將軍
88882,右神武軍中護辟仗使
88883,右神武軍長史
88884,右神武軍錄事參軍事
88885,右神武軍倉曹參軍事
88886,右神武軍兵曹參軍事
88887,右神武軍胄曹參軍事
88888,右神武軍司階
88889,右神武軍中候
88890,右神武軍司戈
88891,右神武軍執戟
88892,右神武軍長上
88893,神武軍統軍
88894,神武軍大將軍
88895,神武軍將軍
88896,左羽林軍
88897,左羽林軍統軍
88898,左羽林軍大將軍
88899,左羽林軍將軍
88900,左羽林軍中護辟仗使
88901,左羽林軍長史
88902,左羽林軍錄事參軍事
88903,左羽林軍倉曹參軍事
88904,左羽林軍兵曹參軍事
88905,左羽林軍胄曹參軍事
88906,左羽林軍司階
88907,左羽林軍中候
88908,左羽林軍司戈
88909,左羽林軍執戟
88910,左羽林軍長上
88911,右羽林軍
88912,右羽林軍統軍
88913,右羽林軍大將軍
88914,右羽林軍將軍
88915,右羽林軍中護辟仗使
88916,右羽林軍長史
88917,右羽林軍錄事參軍事
88918,右羽林軍倉曹參軍事
88919,右羽林軍兵曹參軍事
88920,右羽林軍胄曹參軍事
88921,右羽林軍司階
88922,右羽林軍中候
88923,右羽林軍司戈
88924,右羽林軍執戟
88925,右羽林軍長上
88926,左羽林軍翊中郎將府
88927,左羽林軍翊中郎將府中郎將
88928,左羽林軍翊中郎將府左郎將
88929,左羽林軍翊中郎將府右郎將
88930,左羽林軍翊中郎將府錄事
88931,左羽林軍翊中郎將府兵曹參軍事
88932,左羽林軍翊中郎將府校尉
88933,左羽林軍翊中郎將府旅帥
88934,左羽林軍翊中郎將府隊正
88935,左羽林軍翊中郎將府副隊正
88936,右羽林軍翊中郎將府
88937,右羽林軍翊中郎將府中郎將
88938,右羽林軍翊中郎將府左郎將
88939,右羽林軍翊中郎將府右郎將
88940,右羽林軍翊中郎將府錄事
88941,右羽林軍翊中郎將府兵曹參軍事
88942,右羽林軍翊中郎將府校尉
88943,右羽林軍翊中郎將府旅帥
88944,右羽林軍翊中郎將府隊正
88945,右羽林軍翊中郎將府副隊正
88946,羽林軍統軍
88947,羽林軍大將軍
88948,羽林軍將軍
88949,押左羽林軍千騎使
88950,左羽林軍千騎校尉
88951,左羽林軍千騎旅帥
88952,左羽林軍千騎隊正
88953,左羽林軍千騎副隊正
88954,押右羽林軍千騎使
88955,右羽林軍千騎校尉
88956,右羽林軍千騎旅帥
88957,右羽林軍千騎隊正
88958,右羽林軍千騎副隊正
88959,押左羽林軍萬騎使
88960,左羽林軍萬騎校尉
88961,左羽林軍萬騎旅帥
88962,左羽林軍萬騎隊正
88963,左羽林軍萬騎副隊正
88964,押右羽林軍萬騎使
88965,右羽林軍萬騎校尉
88966,右羽林軍萬騎旅帥
88967,右羽林軍萬騎隊正
88968,右羽林軍萬騎副隊正
88969,左衛錄事參軍
88970,左衛倉曹參軍
88971,左衛兵曹參軍
88972,左衛騎曹參軍
88973,左衛胄曹參軍
88974,左衛司階
88975,左衛中候
88976,左衛司戈
88977,左衛執戟
88978,左衛奉車都尉
88979,右衛錄事參軍
88980,右衛兵曹參軍
88981,右衛胄曹參軍
88982,右衛司階
88983,右衛中候
88984,右衛司戈
88985,右衛執戟
88986,右衛奉車都尉
88987,親衛中郎將府
88988,親衛中郎將府中郎將
88989,親衛中郎將府左郎將
88990,親衛中郎將府右郎將
88991,親衛中郎將府錄事參軍
88992,親衛中郎將府兵曹參軍
88993,親衛中郎將府校尉
88994,親衛中郎將府旅帥
88995,親衛中郎將府隊正
88996,親衛中郎將府副隊正
88997,勳一衛中郎將府
88998,勳一衛中郎將府中郎將
88999,勳一衛中郎將府左郎將
89000,勳一衛中郎將府右郎將
89001,勳一衛中郎將府錄事參軍
89002,勳一衛中郎將府兵曹參軍
89003,勳一衛中郎將府校尉
89004,勳一衛中郎將府旅帥
89005,勳一衛中郎將府隊正
89006,勳一衛中郎將府副隊正
89007,勳二衛中郎將府
89008,勳二衛中郎將府中郎將
89009,勳二衛中郎將府左郎將
89010,勳二衛中郎將府右郎將
89011,勳二衛中郎將府錄事參軍
89012,勳二衛中郎將府兵曹參軍
89013,勳二衛中郎將府校尉
89014,勳二衛中郎將府旅帥
89015,勳二衛中郎將府隊正
89016,勳二衛中郎將府副隊正
89017,翊一衛中郎將府
89018,翊一衛中郎將府中郎將
89019,翊一衛中郎將府左郎將
89020,翊一衛中郎將府右郎將
89021,翊一衛中郎將府錄事參軍
89022,翊一衛中郎將府兵曹參軍
89023,翊一衛中郎將府校尉
89024,翊一衛中郎將府旅帥
89025,翊一衛中郎將府隊正
89026,翊一衛中郎將府副隊正
89027,翊二衛中郎將府
89028,翊二衛中郎將府中郎將
89029,翊二衛中郎將府左郎將
89030,翊二衛中郎將府右郎將
89031,翊二衛中郎將府錄事參軍
89032,翊二衛中郎將府兵曹參軍
89033,翊二衛中郎將府校尉
89034,翊二衛中郎將府旅帥
89035,翊二衛中郎將府隊正
89036,翊二衛中郎將府副隊正
89037,左右衛上將軍
89038,左右衛大將軍
89039,左右衛將軍
89040,左驍衛大將軍
89041,左驍衛長史
89042,左驍衛錄事參軍
89043,左驍衛倉曹參軍
89044,左驍衛兵曹參軍
89045,左驍衛騎曹參軍
89046,左驍衛胄曹參軍
89047,左驍衛司階
89048,左驍衛中候
89049,左驍衛司戈
89050,左驍衛執戟
89051,左驍衛奉車都尉
89052,右驍衛上將軍
89053,右驍衛大將軍
89054,右驍衛長史
89055,右驍衛錄事參軍
89056,右驍衛倉曹參軍
89057,右驍衛胄曹參軍
89058,右驍衛司階
89059,右驍衛中候
89060,右驍衛司戈
89061,右驍衛執戟
89062,右驍衛奉車都尉
89063,左驍衛翊中郎將府
89064,左驍衛翊中郎將府中郎將
89065,左驍衛翊中郎將府左郎將
89066,左驍衛翊中郎將府右郎將
89067,左驍衛翊中郎將府錄事
89068,左驍衛翊中郎將府兵曹參軍事
89069,左驍衛翊中郎將府校尉
89070,左驍衛翊中郎將府旅帥
89071,左驍衛翊中郎將府隊正
89072,左驍衛翊中郎將府副隊正
89073,右驍衛翊中郎將府
89074,右驍衛翊中郎將府中郎將
89075,右驍衛翊中郎將府左郎將
89076,右驍衛翊中郎將府右郎將
89077,右驍衛翊中郎將府錄事
89078,右驍衛翊中郎將府兵曹參軍事
89079,右驍衛翊中郎將府校尉
89080,右驍衛翊中郎將府旅帥
89081,右驍衛翊中郎將府隊正
89082,右驍衛翊中郎將府副隊正
89083,左右驍衛上將軍
89084,左右驍衛大將軍
89085,左右驍衛將軍
89086,左武衛錄事參軍
89087,左武衛騎曹參軍
89088,左武衛胄曹參軍
89089,左武衛司階
89090,左武衛中候
89091,左武衛司戈
89092,左武衛執戟
89093,左武衛奉車都尉
89094,右武衛兵曹參軍
89095,右武衛胄曹參軍
89096,右武衛司階
89097,右武衛中候
89098,右武衛司戈
89099,右武衛執戟
89100,右武衛奉車都尉
89101,左武衛翊中郎將府
89102,左武衛翊中郎將府中郎將
89103,左武衛翊中郎將府左郎將
89104,左武衛翊中郎將府右郎將
89105,左武衛翊中郎將府錄事
89106,左武衛翊中郎將府兵曹參軍事
89107,左武衛翊中郎將府校尉
89108,左武衛翊中郎將府旅帥
89109,左武衛翊中郎將府隊正
89110,左武衛翊中郎將府副隊正
89111,右武衛翊中郎將府
89112,右武衛翊中郎將府中郎將
89113,右武衛翊中郎將府左郎將
89114,右武衛翊中郎將府右郎將
89115,右武衛翊中郎將府錄事
89116,右武衛翊中郎將府兵曹參軍事
89117,右武衛翊中郎將府校尉
89118,右武衛翊中郎將府旅帥
89119,右武衛翊中郎將府隊正
89120,右武衛翊中郎將府副隊正
89121,左右武衛上將軍
89122,左右武衛大將軍
89123,左右武衛將軍
89124,左領軍衛
89125,左領軍衛上將軍
89126,左領軍衛將軍
89127,左領軍衛長史
89128,左領軍衛錄事參軍
89129,左領軍衛倉曹參軍
89130,左領軍衛兵曹參軍
89131,左領軍衛騎曹參軍
89132,左領軍衛胄曹參軍
89133,左領軍衛司階
89134,左領軍衛中候
89135,左領軍衛司戈
89136,左領軍衛執戟
89137,左領軍衛奉車都尉
89138,右領軍衛
89139,右領軍衛大將軍
89140,右領軍衛長史
89141,右領軍衛錄事參軍
89142,右領軍衛倉曹參軍
89143,右領軍衛兵曹參軍
89144,右領軍衛騎曹參軍
89145,右領軍衛胄曹參軍
89146,右領軍衛司階
89147,右領軍衛中候
89148,右領軍衛司戈
89149,右領軍衛執戟
89150,右領軍衛奉車都尉
89151,左領軍衛翊中郎將府
89152,左領軍衛翊中郎將府中郎將
89153,左領軍衛翊中郎將府左郎將
89154,左領軍衛翊中郎將府右郎將
89155,左領軍衛翊中郎將府錄事
89156,左領軍衛翊中郎將府兵曹參軍事
89157,左領軍衛翊中郎將府校尉
89158,左領軍衛翊中郎將府旅帥
89159,左領軍衛翊中郎將府隊正
89160,左領軍衛翊中郎將府副隊正
89161,右領軍衛翊中郎將府
89162,右領軍衛翊中郎將府中郎將
89163,右領軍衛翊中郎將府左郎將
89164,右領軍衛翊中郎將府右郎將
89165,右領軍衛翊中郎將府錄事
89166,右領軍衛翊中郎將府兵曹參軍事
89167,右領軍衛翊中郎將府校尉
89168,右領軍衛翊中郎將府旅帥
89169,右領軍衛翊中郎將府隊正
89170,右領軍衛翊中郎將府副隊正
89171,左右領軍衛上將軍
89172,左右領軍衛大將軍
89173,左右領軍衛將軍
89174,左金吾衛
89175,左金吾衛上將軍
89176,左金吾衛長史
89177,左金吾衛胄曹參軍
89178,左金吾衛司階
89179,左金吾衛中候
89180,左金吾衛司戈
89181,左金吾衛執戟
89182,左金吾衛奉車都尉
89183,右金吾衛
89184,右金吾衛長史
89185,右金吾衛錄事參軍
89186,右金吾衛倉曹參軍
89187,右金吾衛騎曹參軍
89188,右金吾衛胄曹參軍
89189,右金吾衛司階
89190,右金吾衛中候
89191,右金吾衛司戈
89192,右金吾衛執戟
89193,右金吾衛奉車都尉
89194,左金吾衛翊中郎將府
89195,左金吾衛翊中郎將府中郎將
89196,左金吾衛翊中郎將府左郎將
89197,左金吾衛翊中郎將府右郎將
89198,左金吾衛翊中郎將府錄事
89199,左金吾衛翊中郎將府兵曹參軍事
89200,左金吾衛翊中郎將府校尉
89201,左金吾衛翊中郎將府旅帥
89202,左金吾衛翊中郎將府隊正
89203,左金吾衛翊中郎將府副隊正
89204,左街使
89205,右金吾衛翊中郎將府
89206,右金吾衛翊中郎將府中郎將
89207,右金吾衛翊中郎將府左郎將
89208,右金吾衛翊中郎將府右郎將
89209,右金吾衛翊中郎將府錄事
89210,右金吾衛翊中郎將府兵曹參軍事
89211,右金吾衛翊中郎將府校尉
89212,右金吾衛翊中郎將府旅帥
89213,右金吾衛翊中郎將府隊正
89214,右金吾衛翊中郎將府副隊正
89215,右街使
89216,左右金吾衛上將軍
89217,左右金吾衛大將軍
89218,左右金吾衛將軍
89219,左監門衛
89220,左監門衛上將軍
89221,左監門衛大將軍
89222,左監門衛長史
89223,左監門衛兵曹參軍
89224,左監門衛胄曹參軍
89225,左監門衛監門校尉
89226,左監門衛直長
89227,左監門衛長入長上
89228,左監門衛直長長上
89229,右監門衛
89230,右監門衛上將軍
89231,右監門衛長史
89232,右監門衛錄事參軍
89233,右監門衛兵曹參軍
89234,右監門衛胄曹參軍
89235,右監門衛監門校尉
89236,右監門衛直長
89237,右監門衛長入長上
89238,右監門衛直長長上
89239,左監門衛翊中郎將府
89240,左監門衛翊中郎將府中郎將
89241,左監門衛翊中郎將府長史
89242,左監門衛翊中郎將府錄事參軍事
89243,左監門衛翊中郎將府兵曹參軍事
89244,左監門衛翊中郎將府胄曹參軍事
89245,右監門衛翊中郎將府
89246,右監門衛翊中郎將府中郎將
89247,左監門衛翊中郎將府長史
89248,左監門衛翊中郎將府錄事參軍事
89249,左監門衛翊中郎將府兵曹參軍事
89250,左監門衛翊中郎將府胄曹參軍事
89251,左右監門衛上將軍
89252,左右監門衛大將軍
89253,左右監門衛將軍
89254,左千牛衛
89255,左千牛衛上將軍
89256,左千牛衛大將軍
89257,左千牛衛錄事參軍
89258,左千牛衛兵曹參軍
89259,左千牛衛胄曹參軍
89260,左千牛衛千牛備身
89261,左千牛衛備身左右
89262,左千牛衛備身
89263,左千牛衛主仗
89264,右千牛衛
89265,右千牛衛上將軍
89266,右千牛衛大將軍
89267,右千牛衛將軍
89268,右千牛衛長史
89269,右千牛衛錄事參軍
89270,右千牛衛兵曹參軍
89271,右千牛衛胄曹參軍
89272,右千牛衛千牛備身
89273,右千牛衛備身左右
89274,右千牛衛備身
89275,右千牛衛主仗
89276,左千牛衛翊中郎將府
89277,左千牛衛翊中郎將府中郎將
89278,右千牛衛翊中郎將府
89279,右千牛衛翊中郎將府中郎將
89280,左右千牛衛上將軍
89281,左右千牛衛大將軍
89282,左右千牛衛將軍
89283,折衝府
89284,折衝都尉府別將
89285,折衝都尉府長史
89286,折衝都尉府兵曹參軍事
89287,折衝都尉府校尉
89288,折衝都尉府旅帥
89289,折衝都尉府隊正
89290,折衝都尉府副隊正
89291,左屯營
89292,左屯營大將軍
89293,左屯營將軍
89294,檢校左屯營
89295,左屯營飛騎校尉
89296,左屯衛飛騎旅帥
89297,左屯衛飛騎隊正
89298,左屯衛飛騎副隊正
89299,左屯衛百騎校尉
89300,左屯衛百騎旅帥
89301,左屯衛百騎隊正
89302,左屯衛百騎副隊正
89303,右屯營
89304,右屯營大將軍
89305,右屯營將軍
89306,檢校右屯營
89307,右屯營飛騎校尉
89308,右屯衛飛騎旅帥
89309,右屯衛飛騎隊正
89310,右屯衛飛騎副隊正
89311,右屯衛百騎校尉
89312,右屯衛百騎旅帥
89313,右屯衛百騎隊正
89314,右屯衛百騎副隊正
89315,屯營大將軍
89316,屯營將軍
89317,檢校屯營
89318,左神威軍
89319,左神威軍大將軍
89320,左神威軍將軍
89321,監左神威軍使
89322,左神威軍長史
89323,左神威軍錄事參軍事
89324,左神威軍倉曹參軍事
89325,左神威軍兵曹參軍事
89326,左神威軍胄曹參軍事
89327,左神威軍司階
89328,左神威軍中候
89329,左神威軍司戈
89330,左神威軍執戟
89331,左神威軍長上
89332,右神威軍
89333,右神威軍大將軍
89334,右神威軍將軍
89335,監右神威軍使
89336,右神威軍長史
89337,右神威軍錄事參軍事
89338,右神威軍倉曹參軍事
89339,右神威軍兵曹參軍事
89340,右神威軍胄曹參軍事
89341,右神威軍司階
89342,右神威軍中候
89343,右神威軍司戈
89344,右神威軍執戟
89345,右神威軍長上
89346,神威軍大將軍
89347,神威軍將軍
89348,左英武軍
89349,左英武軍使
89350,右英武軍
89351,右英武軍使
89352,英武軍使
89353,左神策軍
89354,左神策軍大將軍
89355,左神策軍統軍
89356,左神策軍將軍
89357,左神策軍護軍中尉
89358,左神策軍中護軍
89359,監左神策軍使
89360,左神策軍判官
89361,左神策軍都句判官
89362,左神策軍句覆官
89363,左神策軍表奏官
89364,左神策軍支計官
89365,左神策軍孔目官
89366,左神策軍驅使官
89367,左神策軍長史
89368,左神策軍錄事參軍事
89369,左神策軍倉曹參軍事
89370,左神策軍兵曹參軍事
89371,左神策軍胄曹參軍事
89372,左神策軍司階
89373,左神策軍中候
89374,左神策軍司戈
89375,左神策軍執戟
89376,左神策軍長上
89377,右神策軍
89378,右神策軍大將軍
89379,右神策軍統軍
89380,右神策軍將軍
89381,右神策軍護軍中尉
89382,右神策軍中護軍
89383,監右神策軍使
89384,右神策軍判官
89385,右神策軍都句判官
89386,右神策軍句覆官
89387,右神策軍表奏官
89388,右神策軍支計官
89389,右神策軍孔目官
89390,右神策軍驅使官
89391,右神策軍長史
89392,右神策軍錄事參軍事
89393,右神策軍倉曹參軍事
89394,右神策軍兵曹參軍事
89395,右神策軍胄曹參軍事
89396,右神策軍司階
89397,右神策軍中候
89398,右神策軍司戈
89399,右神策軍執戟
89400,右神策軍長上
89401,神策軍大將軍
89402,神策軍統軍
89403,神策軍將軍
89404,神策軍護軍中尉
89405,神策軍中護軍
89406,神策軍左廂兵馬使
89407,神策軍右廂兵馬使
89408,殿前司
89409,殿前司都點檢
89410,殿前司副都點檢
89411,殿前司都指揮使
89412,殿前司副都指揮使
89413,殿前司都虞候
89414,某班都指揮使
89415,某班指揮使
89416,某班都虞候
89417,某直指揮使
89418,某直都虞候
89419,某直副指揮使
89420,散員都指揮使
89421,散員都虞候
89422,內殿直都知
89423,侍衛親軍司
89424,侍衛親軍司馬步軍都指揮使
89425,侍衛親軍司馬步軍副都指揮使
89426,侍衛親軍司馬步軍都虞候
89427,侍衛親軍司馬軍都指揮使
89428,侍衛親軍司馬軍副都指揮使
89429,侍衛親軍司馬軍都虞候
89430,侍衛親軍司步軍都指揮使
89431,侍衛親軍司步軍都虞候
89432,侍衛親軍司步軍副都指揮使
89433,東都留守府
89434,東都留守府判官
89435,東都留守府記室參軍事
89436,東都留守府參謀
89437,東都留守府推官
89438,東都留守府巡官
89439,東都留守府從事
89440,東都尚書省
89441,判東都尚書省事
89442,知東都選事
89443,東都御史臺
89444,東都御史中丞
89445,東都御史臺臺院
89446,東都侍御史
89447,東都御史臺殿院
89448,東都殿中侍御史
89449,東都御史臺察院
89450,東都監察御史
89451,大都護府
89452,某大都護府大都護
89453,某大都護府副大都護
89454,某大都護府副都護
89455,某大都護府長史
89456,某大都護府司馬
89457,某大都護府錄事參軍事
89458,某大都護府錄事
89459,某大都護府功曹參軍事
89460,某大都護府倉曹參軍事
89461,某大都護府戶曹參軍事
89462,某大都護府兵曹參軍事
89463,某大都護府法曹參軍事
89464,某大都護府參軍事
89465,上都護府
89466,某上都護府都護
89467,某上都護府副都護
89468,某上都護府長史
89469,某上都護府司馬
89470,某上都護府錄事參軍事
89471,某上都護府錄事
89472,某上都護府功曹參軍事
89473,某上都護府倉曹參軍事
89474,某上都護府戶曹參軍事
89475,某上都護府兵曹參軍事
89476,某上都護府法曹參軍事
89477,某上都護府參軍事
89479,某州別駕
89480,某州長史
89481,某州司馬
89482,某州治中
89483,某州錄事參軍事
89484,某州錄事
89485,某州司功參軍事
89486,某州司倉參軍事
89487,某州司戶參軍事
89488,某州司兵參軍事
89489,某州司法參軍事
89490,某州司士參軍事
89491,某州參軍事
89492,某州執刀
89493,某州典獄
89494,某州問事
89495,某州白直
89496,某州市令
89497,某州市丞
89498,某州市佐
89499,某州倉督
89500,某州經學博士
89501,某州經學助教
89502,某州醫學博士
89503,某州醫學助教
89504,某郡太守
89505,某郡別駕
89506,某郡長史
89507,某郡司馬
89508,某郡治中
89509,某郡錄事參軍事
89510,某郡錄事
89511,某郡司功參軍事
89512,某郡司倉參軍事
89513,某郡司戶參軍事
89514,某郡司兵參軍事
89515,某郡司法參軍事
89516,某郡司士參軍事
89517,某郡參軍事
89518,某郡執刀
89519,某郡典獄
89520,某郡問事
89521,某郡白直
89522,某郡市令
89523,某郡市丞
89524,某郡市佐
89525,某郡倉督
89526,某郡經學博士
89527,某郡經學助教
89528,某郡醫學博士
89529,某郡醫學助教
89530,縣主薄
89531,縣錄事
89532,縣司功佐
89533,縣司倉佐
89534,縣司戶佐
89535,縣司兵佐
89536,縣司法佐
89537,縣司士佐
89538,縣典獄
89539,縣問事
89540,縣白直
89541,縣助教
89542,里正
89543,鄉耆老
89544,驛將
89545,節度使府
89546,節度支度採訪都大使
89547,節度支度採訪都副大使
89548,節度行軍司馬
89549,節度掌書記
89550,節度使都孔目官
89551,節度使孔目官
89552,府院法直官
89553,府院要籍
89554,逐要親事官
89555,節度參謀
89556,節度隨軍
89557,節度隨使
89558,節度隨身
89559,奏記
89560,傔人
89561,別奏
89562,都知副兵馬使
89563,左廂兵馬使
89564,右廂兵馬使
89565,馬步軍都知兵馬使
89566,馬軍都知兵馬使
89567,步軍都知兵馬使
89568,左廂馬軍兵馬使
89569,右廂馬軍兵馬使
89570,左廂步軍兵馬使
89571,右廂步軍兵馬使
89572,後院軍都知兵馬使
89573,後院軍都知兵馬副使
89574,六院兵馬使
89575,內院兵馬使
89576,後院兵馬使
89577,隨使兵馬使
89578,四院隨身兵馬使
89579,隨駕兵馬使
89580,堂前兵馬使
89581,宅內兵馬使
89582,親事兵馬使
89583,營田兵馬使
89584,車坊兵馬使
89585,作坊兵馬使
89586,某州都知兵馬使
89587,某軍都知兵馬使
89588,某城都知兵馬使
89589,某鎮都知兵馬使
89590,步射都知兵馬使
89591,騾軍都知兵馬使
89592,水軍都知兵馬使
89593,刀斧兵馬使
89594,門槍兵馬使
89595,同兵馬使
89596,同散兵馬使
89597,使宅十將兵馬使
89598,散虞候
89599,馬步軍都虞候
89600,馬軍都虞候
89601,步軍都虞候
89602,左廂都虞候
89603,右廂都虞候
89604,府城都虞候
89605,節度都押衙
89606,節度右都押衙
89607,教練使
89608,左廂教練使
89609,右廂教練使
89610,節度衙前十將
89611,節度衙前副將
89612,排陣使
89613,客將
89614,同十將
89615,同副將
89616,同散將
89617,知某倉官
89618,知某庫官
89619,某倉押官
89620,某庫押官
89621,節度使倉庫官
89622,節度使作坊官
89623,作坊使
89624,作坊判官
89625,作坊將
89626,作坊副將
89627,知某作坊使
89628,作坊修造使
89629,知市買官
89630,知回圖官
89631,知回易官
89632,知茶務
89633,知酒務
89634,知鹽務
89635,商稅使
89636,宴設使
89637,勾押官
89638,巡檢官
89639,勾檢官
89640,監軍使院
89641,監軍副使
89642,監軍判官
89643,監軍小使
89644,觀察巡官
89645,觀察衙推
89646,觀察轉運巡官
89647,觀察參謀
89648,觀察隨軍
89649,觀察要籍
89650,觀察進奏官
89651,觀察左廂兵馬使
89652,觀察右廂兵馬使
89653,觀察都押衙
89654,觀察押衙
89655,團練推官
89656,團練衙推
89657,團練左廂兵馬使
89658,團練右廂兵馬使
89659,團練都押衙
89660,團練押衙
89661,防禦副使
89662,防禦判官
89663,防禦推官
89664,防禦巡官
89665,防禦兵馬使
89666,防禦左廂兵馬使
89667,防禦右廂兵馬使
89668,安撫判官
89669,招討副使
89670,招討判官
89671,同經略副使
89672,經略左廂兵馬使
89673,經略右廂兵馬使
89674,經略都押衙
89675,經略押衙
89676,某道行軍總管府
89677,某道行軍大元帥府
89678,某道行軍元帥府
89679,某道行軍大總管府
89680,某道行軍大元帥
89681,某道行軍元帥
89682,某道行軍副元帥
89683,某道行軍大總管
89684,某道副大總管
89685,某道行軍總管
89686,某道行軍副總管
89687,某道安撫大使
89688,某道安撫使
89689,某道行軍總管府長史
89690,某道行軍總管府司馬
89691,某道行軍總管府判官
89692,某道行軍總管府記室參軍事
89693,某道行軍總管府管記
89694,某道行軍總管府參謀
89695,某道行軍總管府倉曹參軍事
89696,某道行軍總管府兵曹參軍事
89697,某道行軍總管府胄曹參軍事
89698,某道行軍總管府騎曹參軍事
89699,某道行軍總管府隨軍要籍
89700,某道行軍總管府從事
89701,某道行軍某軍大將
89702,某道行軍某軍副將
89703,某道行軍某軍判官
89704,某道行軍某軍總管
89705,某道行軍某軍子將
89706,某道行軍某軍執鼓
89707,某道行軍某軍吹角
89708,某道行軍某軍典
89709,某道行軍某軍司兵
89710,某道行軍某軍司倉
89711,某道行軍某軍司騎
89712,某道行軍某軍司胄
89713,某道行軍某軍城局
89714,某道行軍某營營主
89715,某道行軍某營總管
89716,某道行軍某營子將
89717,某道行軍某營押官
89718,某道行軍某營司兵
89719,某道行軍某營司兵佐
89720,某道行軍某營司倉
89721,某道行軍某營司倉佐
89722,某道行軍某營司騎
89723,某道行軍某營司騎佐
89724,某道行軍某營司胄
89725,某道行軍某營司胄佐
89726,某道行軍某營城局
89727,某道行軍某營典
89728,火長
89729,諸道行營都都統
89730,諸道行營兵馬都統
89731,諸道行營兵馬副都統
89732,行營兵馬都統
89733,行營兵馬副都統
89734,行營兵馬都部署
89735,行營兵馬副都部署
89736,行營兵馬都監
89737,行營兵馬隨軍轉運使
89738,行營馬步軍都部署
89739,行營馬步軍副都部署
89740,行營馬步軍都監
89741,行營馬步軍都指揮使
89742,行營馬步軍副都指揮使
89743,行營馬步軍都虞候
89744,行營馬軍都部署
89745,行營馬軍副都部署
89746,行營馬軍都監
89747,行營馬軍都指揮使
89748,行營馬軍都虞候
89749,行營步軍都部署
89750,行營步軍副都部署
89751,行營步軍都監
89752,行營步軍都指揮使
89753,行營步軍都虞候
89754,天下兵馬元帥府
89755,天下兵馬副元帥府
89756,天下兵馬副元帥
89757,某道副元帥府
89758,某道副元帥
89759,天下兵馬元帥府都統
89760,天下兵馬元帥府副都統
89761,天下兵馬元帥府行軍長史
89762,天下兵馬元帥府行軍司馬
89763,天下兵馬元帥府行軍左司馬
89764,天下兵馬元帥府行軍右司馬
89765,天下兵馬元帥府判官
89766,天下兵馬元帥府掌書記
89767,天下兵馬元帥府行軍參謀
89768,天下兵馬元帥府前軍兵馬使
89769,天下兵馬元帥府中軍兵馬使
89770,天下兵馬元帥府後軍兵馬使
89771,天下兵馬元帥府中軍都虞候
89772,天下兵馬元帥府隨軍要籍
89773,轉運使
89774,水陸發運使
89775,江淮轉運使
89776,轉運判官
89777,水運使
89778,諸道鹽鐵使
89779,某道鹽鐵使
89780,某州鹽鐵使
89781,鹽鐵巡官
89782,諸道營田使
89783,諸道營田副使
89784,諸道營田判官
89785,某道營田使
89786,某道營田副使
89787,某道營田判官
89788,某州營田使
89789,某州營田副使
89790,某州營田判官
89791,營田都知
89792,營田屯官
89793,營田屯副
89794,勾當租庸地稅使
89795,勾當租庸地稅使判官
89796,覆田勸農使
89797,覆田勸農判官
89798,諸色安輯戶口使
89799,勾當戶口色役使
89800,租庸副使
89801,鑄錢使
89802,鑄錢使判官
89803,樞密院
89804,判樞密院
89805,樞密院承旨
89806,樞密院孔目官
89807,崇政院
89808,知崇政院事
89809,崇政院使
89810,崇政院副使
89811,崇政院判官
89812,中門使
89813,中門副使
89814,宣徽院
89815,宣徽副使
89816,宣徽南院
89817,宣徽南院副使
89818,宣徽北院
89819,宣徽北院使
89820,宣徽北院副使
89821,宣徽院供奉官
89822,宣徽院承旨
89823,宣徽院庫家
89824,內庫使
89825,小馬坊使
89826,含光使
89827,含光副使
89828,鷹鷂使
89829,雞坊使
89830,招撫使
89831,監牧使
89832,節院使
89833,玉冊官
200001,北院樞密使
200002,知北院樞密使事
200003,知樞密院事
200004,北院樞密副使
200005,知北院樞密副使事
200006,同知北院樞密使事
200007,簽書北樞密院事
200008,北院都承旨
200009,北院副承旨
200010,北院林牙
200011,知北院貼黃
200012,給事北院知聖旨頭子事
200013,掌北院頭子
200014,北樞密院敞史
200015,北院郎君
200016,北樞密院通事
200017,北院掾史
200018,北南樞密院點檢中丞司事
200019,總知中丞司事
200020,北院左中丞
200021,北院右中丞
200022,同知中丞司事
200023,北院侍御
200024,南院樞密使
200025,知南院樞密使事
200026,知南院樞密事
200027,南院樞密副使
200028,知南院樞密副使事
200029,同知南院樞密使事
200030,簽書南樞密院事
200031,南院都承旨
200032,南院副承旨
200033,南院林牙
200034,知南院貼黃
200035,給事南院知聖旨頭子事
200036,掌南院頭子
200037,南樞密院敞史
200038,南院郎君
200039,南樞密院通事
200040,南院掾史
200041,北南樞密院點檢中丞司事
200042,總知中丞司事
200043,南院左中丞
200044,南院右中丞
200045,同知中丞司事
200046,南院侍御
200047,北府左宰相
200048,北府右宰相
200049,總知軍國事
200050,知國事
200051,南府左宰相
200052,南府右宰相
200053,總知軍國事
200054,知國事
200055,北院大王
200056,知北院大王事
200057,北院太師
200058,北院太保
200059,北院司徒
200060,北院司空
200061,北院郎君
200062,北院統軍使
200063,北院副統軍使
200064,北院統軍都監
200065,北院詳穩
200066,北院都監
200067,北院將軍
200068,北院小將軍
200069,北院都部署
200070,北院副部署
200071,南院大王
200072,知南院大王事
200073,南院太師
200074,南院太保
200075,南院司徒
200076,南院司空
200077,南院郎君
200078,南院統軍使
200079,南院副統軍使
200080,南院統軍都監
200081,南院詳穩
200082,南院都監
200083,南院將軍
200084,南院小將軍
200085,南院都部署
200086,南院副部署
200087,北院宣徽使
200088,知北院宣徽事
200089,北院宣徽副使
200090,同知北院宣徽事
200091,南院宣徽使
200092,知南院宣徽事
200093,南院宣徽副使
200094,同知南院宣徽事
200095,大于越
200096,惕隱
200097,知惕隱司事
200098,惕隱都監
200099,夷離畢
200100,左夷離畢
200101,右夷離畢
200102,知左夷離畢事
200103,知右夷離畢事
200104,敞史
200105,選底
200106,北面都林牙
200107,北面林牙承旨
200108,北面林牙
200109,左林牙
200110,右林牙
200111,敵烈麻都
200112,總知朝廷禮儀
200113,總禮儀事
200114,文班太保
200115,文班林牙
200116,文班牙署
200117,文班吏
200118,阿札割只
200119,侍衛太師
200120,侍衛太保
200121,侍衛司徒
200122,侍衛司空
200123,侍衛
200124,近侍直長
200125,近侍
200126,近侍小底
200127,近侍詳穩
200128,近侍都監
200129,近侍將軍
200130,近侍小將軍
200131,北護衛太師
200132,北護衛太保
200133,北護衛司徒
200134,總領左右護衛
200135,左護衛太保
200136,左護衛
200137,右護衛太保
200138,右護衛
200139,南護衛太師
200140,南護衛太保
200141,南護衛司徒
200142,總領左右護衛
200143,左護衛太保
200144,左護衛
200145,右護衛太保
200146,右護衛
200147,奉宸
200148,左班都知
200149,右班都知
200150,寄班都知
200151,三班院祗候
200152,總宿衛事
200153,總知宿衛事
200154,同掌宿衛事
200155,宿衛官
200156,總禁衛事
200157,禁衛長
200158,宿直詳穩
200159,宿直都監
200160,宿直將軍
200161,宿直小將軍
200162,宿直官
200163,宿直護衛
200164,硬寨太保
200165,皇太子惕隱
200166,著帳郎君節度使
200167,著帳郎君司徒
200168,祗候郎君班詳穩
200169,祗候郎君直長
200170,祗候郎君閘撒狘
200171,祗候郎君
200172,祗候郎君拽剌
200173,左祗候郎君班詳穩
200174,左祗候郎君直長
200175,左祗候郎君閘撒狘
200176,左祗候郎君
200177,左祗候郎君拽剌
200178,右祗候郎君班詳穩
200179,右祗候郎君直長
200180,右祗候郎君閘撒狘
200181,右祗候郎君
200182,右祗候郎君拽剌
200183,筆硯祗候郎君
200184,筆硯吏
200185,牌印郎君
200186,裀褥郎君
200187,燈燭郎君
200188,床幔郎君
200189,殿幄郎君
200190,車輿郎君
200191,御盞郎君
200192,本班郎君
200193,領皇太后諸局事
200194,知皇太后宮諸司事
200195,著帳節度使
200196,著帳殿中
200197,筆硯小底
200198,寢殿小底
200199,佛殿小底
200200,司藏小底
200201,習馬小底
200202,鷹坊小底
200203,湯藥小底
200204,尚飲小底
200205,盥漱小底
200206,尚膳小底
200207,尚衣小底
200208,裁造小底
200209,大內惕隱
200210,知大內惕隱事
200211,大內惕隱都監
200212,橫帳常袞
200213,橫帳太師
200214,橫帳太保
200215,橫帳司空
200216,橫帳郎君
200217,橫帳知事
200218,都詳穩
200219,都監
200220,將軍
200221,小將軍
200222,舍利詳穩
200223,舍利都監
200224,舍利將軍
200225,舍利小將軍
200226,舍利
200227,梅里
200228,王府近侍
200229,王府祗候
200230,左大相
200231,右大相
200232,左次相
200233,右次相
200234,王子太師
200235,王子太保
200236,王子司徒
200237,王子司空
200238,王子班郎君
200239,駙馬都尉
200240,大常袞
200241,遙輦太師
200242,遙輦太保
200243,遙輦太尉
200244,遙輦司徒
200245,遙輦司空
200246,遙輦侍中
200247,敞史
200248,知事
200249,節度使
200250,節度副使
200251,遙輦糾詳穩
200252,遙輦糾都監
200253,遙輦糾將軍
200254,遙輦糾小將軍
200255,乙室已國舅大翁帳常袞
200256,乙室已國舅小翁帳常袞
200257,拔里國舅大父帳常袞
200258,拔里國舅少父帳常袞
200259,國舅太師
200260,國舅太保
200261,國舅太尉
200262,國舅司徒
200263,國舅司空
200264,敞史
200265,知事
200266,國舅詳穩
200267,國舅都監
200268,國舅本族將軍
200269,國舅本族小將軍
200270,國舅夷離畢
200271,國舅左夷離畢
200272,國舅右夷離畢
200273,敞史
200274,國舅別部敞史
200275,渤海宰相
200276,渤海太保
200277,渤海撻馬
200278,諸行宮都部署
200279,知行宮諸部署司事
200280,諸行宮副部署
200281,諸行宮判官
200282,契丹行宮都部署
200283,知契丹行宮都部署事
200284,契丹行宮副部署
200285,契丹行宮判官
200286,行宮都部署
200287,行宮副部署
200288,行宮部署判官
200289,某宮使
200290,某宮副使
200291,某宮太師
200292,某宮太保
200293,某宮侍中
200294,某宮都部署
200295,某宮副部署
200296,某宮判官
200297,侍中
200298,敞史
200299,夷離菫
200300,麻普
200301,牙書
200302,抹鶻
200303,閘撒狘
200304,某得里
200305,夷離畢
200306,敞史
200307,五院部大王
200308,五院部左宰相
200309,五院部右宰相
200310,五院部太師
200311,五院部太保
200312,五院部太尉
200313,五院部司徒
200314,五院部節度使
200315,五院部節度副使
200316,五院部節度判官
200317,五院部族詳穩
200318,五院部族都監
200319,五院部族將軍
200320,五院部族小將軍
200321,五院石烈夷離菫
200322,五院石烈麻普
200323,五院石烈牙書
200324,辛袞
200325,六院部大王
200326,六院部左宰相
200327,六院部右宰相
200328,六院部太師
200329,六院部太保
200330,六院部太尉
200331,六院部司徒
200332,六院部節度使
200333,六院部節度副使
200334,六院部節度判官
200335,六院部族詳穩
200336,六院部族都監
200337,六院部族將軍
200338,六院部族小將軍
200339,六院石烈夷離菫
200340,六院石烈麻普
200341,六院石烈牙書
200342,辛袞
200343,乙室部大王
200344,乙室部左宰相
200345,乙室部右宰相
200346,乙室部太師
200347,乙室部太保
200348,乙室部太尉
200349,乙室部司徒
200350,乙室部節度使
200351,乙室部節度副使
200352,乙室部節度判官
200353,乙室部族詳穩
200354,乙室部族都監
200355,乙室部族將軍
200356,乙室部族小將軍
200357,乙室石烈夷離菫
200358,乙室石烈麻普
200359,乙室石烈牙書
200360,辛袞
200361,奚六部大王
200362,奚六部左宰相
200363,奚六部右宰相
200364,奚六部太師
200365,奚六部太保
200366,奚六部太尉
200367,奚六部司徒
200368,奚六部節度使
200369,奚六部節度副使
200370,奚六部節度判官
200371,奚六部族詳穩
200372,奚六部族都監
200373,奚六部族將軍
200374,奚六部族小將軍
200375,奚六石烈夷離菫
200376,奚六石烈麻普
200377,奚六石烈牙書
200378,辛袞
200379,乙典女直部族司徒
200380,乙典女直部族司空
200381,令穩
200382,麻普
200383,牙書
200384,辛袞
200385,乙室奧隗部族司徒
200386,乙室奧隗部族司空
200387,令穩
200388,麻普
200389,牙書
200390,辛袞
200391,五國部族司徒
200392,五國部族司空
200393,令穩
200394,麻普
200395,牙書
200396,辛袞
200397,伯德部族司徒
200398,伯德部族司空
200399,令穩
200400,麻普
200401,牙書
200402,辛袞
200403,伯斯鼻骨部族司徒
200404,伯斯鼻骨部族司空
200405,令穩
200406,麻普
200407,牙書
200408,辛袞
200409,北剋部族司徒
200410,北剋部族司空
200411,令穩
200412,麻普
200413,牙書
200414,辛袞
200415,北唐古部族司徒
200416,北唐古部族司空
200417,令穩
200418,麻普
200419,牙書
200420,辛袞
200421,北敵烈部族司徒
200422,北敵烈部族司空
200423,令穩
200424,麻普
200425,牙書
200426,辛袞
200427,匿訖唐古部族司徒
200428,匿訖唐古部族司空
200429,令穩
200430,麻普
200431,牙書
200432,辛袞
200433,南剋部族司徒
200434,南剋部族司空
200435,令穩
200436,麻普
200437,牙書
200438,辛袞
200439,南唐古部族司徒
200440,南唐古部族司空
200441,令穩
200442,麻普
200443,牙書
200444,辛袞
200445,品達魯虢部族司徒
200446,品達魯虢部族司空
200447,令穩
200448,麻普
200449,牙書
200450,辛袞
200451,品部族司徒
200452,品部族司空
200453,令穩
200454,麻普
200455,牙書
200456,辛袞
200457,圖魯部族司徒
200458,圖魯部族司空
200459,令穩
200460,麻普
200461,牙書
200462,辛袞
200463,墮瑰部族司徒
200464,墮瑰部族司空
200465,令穩
200466,麻普
200467,牙書
200468,辛袞
200469,大黃室韋部族司徒
200470,大黃室韋部族司空
200471,令穩
200472,麻普
200473,牙書
200474,辛袞
200475,奧衍女直部族司徒
200476,奧衍女直部族司空
200477,令穩
200478,麻普
200479,牙書
200480,辛袞
200481,奧衍突厥部族司徒
200482,奧衍突厥部族司空
200483,令穩
200484,麻普
200485,牙書
200486,辛袞
200487,奧里部族司徒
200488,奧里部族司空
200489,令穩
200490,麻普
200491,牙書
200492,辛袞
200493,小黃室韋部族司徒
200494,小黃室韋部族司空
200495,令穩
200496,麻普
200497,牙書
200498,辛袞
200499,撒里葛部族司徒
200500,撒里葛部族司空
200501,令穩
200502,麻普
200503,牙書
200504,辛袞
200505,斡突碗烏古部族司徒
200506,斡突碗烏古部族司空
200507,令穩
200508,麻普
200509,牙書
200510,辛袞
200511,曷朮部族司徒
200512,曷朮部族司空
200513,令穩
200514,麻普
200515,牙書
200516,辛袞
200517,朮哲達魯虢部族司徒
200518,朮哲達魯虢部族司空
200519,令穩
200520,麻普
200521,牙書
200522,辛袞
200523,梅古悉部族司徒
200524,梅古悉部族司空
200525,令穩
200526,麻普
200527,牙書
200528,辛袞
200529,楚里部族司徒
200530,楚里部族司空
200531,令穩
200532,麻普
200533,牙書
200534,辛袞
200535,楮特奧隗部族司徒
200536,楮特奧隗部族司空
200537,令穩
200538,麻普
200539,牙書
200540,辛袞
200541,楮特部族司徒
200542,楮特部族司空
200543,令穩
200544,麻普
200545,牙書
200546,辛袞
200547,河西部族司徒
200548,河西部族司空
200549,令穩
200550,麻普
200551,牙書
200552,辛袞
200553,涅剌拏古部族司徒
200554,涅剌拏古部族司空
200555,令穩
200556,麻普
200557,牙書
200558,辛袞
200559,涅剌越兀部族司徒
200560,涅剌越兀部族司空
200561,令穩
200562,麻普
200563,牙書
200564,辛袞
200565,涅剌部族司徒
200566,涅剌部族司空
200567,令穩
200568,麻普
200569,牙書
200570,辛袞
200571,烏古涅剌部族司徒
200572,烏古涅剌部族司空
200573,令穩
200574,麻普
200575,牙書
200576,辛袞
200577,烏隗部族司徒
200578,烏隗部族司空
200579,令穩
200580,麻普
200581,牙書
200582,辛袞
200583,特里特勉部族司徒
200584,特里特勉部族司空
200585,令穩
200586,麻普
200587,牙書
200588,辛袞
200589,稍瓦部族司徒
200590,稍瓦部族司空
200591,令穩
200592,麻普
200593,牙書
200594,辛袞
200595,突呂不室韋部族司徒
200596,突呂不室韋部族司空
200597,令穩
200598,麻普
200599,牙書
200600,辛袞
200601,突呂不部族司徒
200602,突呂不部族司空
200603,令穩
200604,麻普
200605,牙書
200606,辛袞
200607,突舉部族司徒
200608,突舉部族司空
200609,令穩
200610,麻普
200611,牙書
200612,辛袞
200613,窈爪部族司徒
200614,窈爪部族司空
200615,令穩
200616,麻普
200617,牙書
200618,辛袞
200619,耨碗爪部族司徒
200620,耨碗爪部族司空
200621,令穩
200622,麻普
200623,牙書
200624,辛袞
200625,薛特部族司徒
200626,薛特部族司空
200627,令穩
200628,麻普
200629,牙書
200630,辛袞
200631,訛僕括部族司徒
200632,訛僕括部族司空
200633,令穩
200634,麻普
200635,牙書
200636,辛袞
200637,迭剌迭達部族司徒
200638,迭剌迭達部族司空
200639,令穩
200640,麻普
200641,牙書
200642,辛袞
200643,迭魯敵烈部族司徒
200644,迭魯敵烈部族司空
200645,令穩
200646,麻普
200647,牙書
200648,辛袞
200649,達馬鼻骨部族司徒
200650,達馬鼻骨部族司空
200651,令穩
200652,麻普
200653,牙書
200654,辛袞
200655,遙里部族司徒
200656,遙里部族司空
200657,令穩
200658,麻普
200659,牙書
200660,辛袞
200661,隗衍突厥部族司徒
200662,隗衍突厥部族司空
200663,令穩
200664,麻普
200665,牙書
200666,辛袞
200667,頡的部族司徒
200668,頡的部族司空
200669,令穩
200670,麻普
200671,牙書
200672,辛袞
200673,鶴剌唐古部族司徒
200674,鶴剌唐古部族司空
200675,令穩
200676,麻普
200677,牙書
200678,辛袞
200679,鷹坊使
200680,鷹坊副使
200681,鷹坊詳穩
200682,鷹坊都監
200683,鐵坊使
200684,鐵坊副使
200685,鐵坊詳穩
200686,鐵坊都監
200687,五坊使
200688,五坊副使
200689,五坊詳穩
200690,五坊都監
200691,八坊使
200692,八坊副使
200693,八坊詳穩
200694,八坊都監
200695,圍場都太師
200696,圍場都管
200697,圍場使
200698,圍場副使
200699,四局都林牙
200700,客省局使
200701,客省局副使
200702,器物局使
200703,器物局副使
200704,太醫局使
200705,太醫局副使
200706,醫獸局使
200707,醫獸局副使
200708,太師
200709,西路群太保
200710,西路群侍中
200711,西路群敞史
200712,倒塌嶺西路群太保
200713,倒塌嶺西路群侍中
200714,倒塌嶺西路群敞史
200715,總典群牧部籍使
200716,群牧都林牙
200717,群牧使
200718,群牧副使
200719,群牧使
200720,群牧副使
200721,群牧使
200722,群牧副使
200723,群牧使
200724,群牧副使
200725,尚廄使
200726,尚廄副使
200727,飛龍使
200728,飛龍副使
200729,總領內外廄馬
200730,監鹿詳穩
200731,監鹿都監
200732,監鹿
200733,監雉
200734,監雉詳穩
200735,監雉都監
200736,監雉
200737,天下兵馬大元帥
200738,副元帥
200739,大元帥
200740,副元帥
200741,兵馬都元帥
200742,副元帥
200743,同知元帥府事
200744,便宜從事
200745,大詳穩
200746,都監
200747,將軍
200748,小將軍
200749,軍校
200750,隊帥
200751,東都省太師
200752,西都省太師
200753,大將軍
200754,上將軍
200755,將軍
200756,小將軍
200757,護軍司徒
200758,衛軍司徒
200759,司徒
200760,司徒
200761,司徒
200762,司徒
200763,司徒
200764,都虞候
200765,某兵馬都部署
200766,某兵馬副部署
200767,某兵馬都監
200768,某都部署判官
200769,某軍都指揮使
200770,某軍副指揮使
200771,某軍都監
200772,都統軍使
200773,副使
200774,都監
200775,知咸州路兵馬事
200776,同知咸州路兵馬事
200777,咸州糾將
200778,掌法官
200779,都元帥
200780,大元帥
200781,兵馬都總管
200782,總領南面邊事
200783,總領南面軍務
200784,都統領
200785,副統領
200786,戍長
200787,管押平州甲馬
200788,西南面安撫使
200789,西南面招討使
200790,五押招討大將軍
200791,西南巡邊官
200792,西南路巡察將軍
200793,西南面巡檢
200794,西南面同巡檢
200795,知山北道邊境事官
200796,監軍
200797,總領西北路軍事官
200798,鎮撫西北部事官
200799,東北路監軍馬使
200800,管押東北路軍馬事官
200801,東路兵馬都總管
200802,同知東路兵馬事官
200803,九水諸夷安撫使
200804,夏州管內蕃落使
200805,左林牙
200806,右林牙
200807,參謀
200808,監軍
200809,行軍諸部都監
200810,監戰
200811,行軍都統
200812,行軍副都統
200813,行軍都監
200814,都押官
200815,副押官
200816,小校
200817,拽剌
200818,偵候
200819,候人
200820,拽剌
200821,三河國大王
200822,三河國于越
200823,三河國左相
200824,三河國右相
200825,三河國惕隱
200826,三河國太師
200827,三河國太保
200828,三河國司空
200829,三河國詳穩
200830,三河國都監
200831,三河國將軍
200832,三河國小將軍
200833,乞粟河國大王
200834,乞粟河國于越
200835,乞粟河國左相
200836,乞粟河國右相
200837,乞粟河國惕隱
200838,乞粟河國太師
200839,乞粟河國太保
200840,乞粟河國司空
200841,乞粟河國詳穩
200842,乞粟河國都監
200843,乞粟河國將軍
200844,乞粟河國小將軍
200845,于厥國大王
200846,于厥國于越
200847,于厥國左相
200848,于厥國右相
200849,于厥國惕隱
200850,于厥國太師
200851,于厥國太保
200852,于厥國司空
200853,于厥國詳穩
200854,于厥國都監
200855,于厥國將軍
200856,于厥國小將軍
200857,于闐國大王
200858,于闐國于越
200859,于闐國左相
200860,于闐國右相
200861,于闐國惕隱
200862,于闐國太師
200863,于闐國太保
200864,于闐國司空
200865,于闐國詳穩
200866,于闐國都監
200867,于闐國將軍
200868,于闐國小將軍
200869,仙門國大王
200870,仙門國于越
200871,仙門國左相
200872,仙門國右相
200873,仙門國惕隱
200874,仙門國太師
200875,仙門國太保
200876,仙門國司空
200877,仙門國詳穩
200878,仙門國都監
200879,仙門國將軍
200880,仙門國小將軍
200881,党項國大王
200882,党項國于越
200883,党項國左相
200884,党項國右相
200885,党項國惕隱
200886,党項國太師
200887,党項國太保
200888,党項國司空
200889,党項國詳穩
200890,党項國都監
200891,党項國將軍
200892,党項國小將軍
200893,北女直國大王
200894,北女直國于越
200895,北女直國左相
200896,北女直國右相
200897,北女直國惕隱
200898,北女直國太師
200899,北女直國太保
200900,北女直國司空
200901,北女直國詳穩
200902,北女直國都監
200903,北女直國將軍
200904,北女直國小將軍
200905,北阻卜國大王
200906,北阻卜國于越
200907,北阻卜國左相
200908,北阻卜國右相
200909,北阻卜國惕隱
200910,北阻卜國太師
200911,北阻卜國太保
200912,北阻卜國司空
200913,北阻卜國詳穩
200914,北阻卜國都監
200915,北阻卜國將軍
200916,北阻卜國小將軍
200917,南女直國大王
200918,南女直國于越
200919,南女直國左相
200920,南女直國右相
200921,南女直國惕隱
200922,南女直國太師
200923,南女直國太保
200924,南女直國司空
200925,南女直國詳穩
200926,南女直國都監
200927,南女直國將軍
200928,南女直國小將軍
200929,吐渾國大王
200930,吐渾國于越
200931,吐渾國左相
200932,吐渾國右相
200933,吐渾國惕隱
200934,吐渾國太師
200935,吐渾國太保
200936,吐渾國司空
200937,吐渾國詳穩
200938,吐渾國都監
200939,吐渾國將軍
200940,吐渾國小將軍
200941,吐蕃國大王
200942,吐蕃國于越
200943,吐蕃國左相
200944,吐蕃國右相
200945,吐蕃國惕隱
200946,吐蕃國太師
200947,吐蕃國太保
200948,吐蕃國司空
200949,吐蕃國詳穩
200950,吐蕃國都監
200951,吐蕃國將軍
200952,吐蕃國小將軍
200953,吐谷渾國大王
200954,吐谷渾國于越
200955,吐谷渾國左相
200956,吐谷渾國右相
200957,吐谷渾國惕隱
200958,吐谷渾國太師
200959,吐谷渾國太保
200960,吐谷渾國司空
200961,吐谷渾國詳穩
200962,吐谷渾國都監
200963,吐谷渾國將軍
200964,吐谷渾國小將軍
200965,噪溫國大王
200966,噪溫國于越
200967,噪溫國左相
200968,噪溫國右相
200969,噪溫國惕隱
200970,噪溫國太師
200971,噪溫國太保
200972,噪溫國司空
200973,噪溫國詳穩
200974,噪溫國都監
200975,噪溫國將軍
200976,噪溫國小將軍
200977,回鶻國大王
200978,回鶻國于越
200979,回鶻國左相
200980,回鶻國右相
200981,回鶻國惕隱
200982,回鶻國太師
200983,回鶻國太保
200984,回鶻國司空
200985,回鶻國詳穩
200986,回鶻國都監
200987,回鶻國將軍
200988,回鶻國小將軍
200989,城屈里國大王
200990,城屈里國于越
200991,城屈里國左相
200992,城屈里國右相
200993,城屈里國惕隱
200994,城屈里國太師
200995,城屈里國太保
200996,城屈里國司空
200997,城屈里國詳穩
200998,城屈里國都監
200999,城屈里國將軍
201000,城屈里國小將軍
201001,大蕃國大王
201002,大蕃國于越
201003,大蕃國左相
201004,大蕃國右相
201005,大蕃國惕隱
201006,大蕃國太師
201007,大蕃國太保
201008,大蕃國司空
201009,大蕃國詳穩
201010,大蕃國都監
201011,大蕃國將軍
201012,大蕃國小將軍
201013,大食國大王
201014,大食國于越
201015,大食國左相
201016,大食國右相
201017,大食國惕隱
201018,大食國太師
201019,大食國太保
201020,大食國司空
201021,大食國詳穩
201022,大食國都監
201023,大食國將軍
201024,大食國小將軍
201025,夷都袞國大王
201026,夷都袞國于越
201027,夷都袞國左相
201028,夷都袞國右相
201029,夷都袞國惕隱
201030,夷都袞國太師
201031,夷都袞國太保
201032,夷都袞國司空
201033,夷都袞國詳穩
201034,夷都袞國都監
201035,夷都袞國將軍
201036,夷都袞國小將軍
201037,女直國大王
201038,女直國于越
201039,女直國左相
201040,女直國右相
201041,女直國惕隱
201042,女直國太師
201043,女直國太保
201044,女直國司空
201045,女直國詳穩
201046,女直國都監
201047,女直國將軍
201048,女直國小將軍
201049,婆都魯國大王
201050,婆都魯國于越
201051,婆都魯國左相
201052,婆都魯國右相
201053,婆都魯國惕隱
201054,婆都魯國太師
201055,婆都魯國太保
201056,婆都魯國司空
201057,婆都魯國詳穩
201058,婆都魯國都監
201059,婆都魯國將軍
201060,婆都魯國小將軍
201061,室韋國大王
201062,室韋國于越
201063,室韋國左相
201064,室韋國右相
201065,室韋國惕隱
201066,室韋國太師
201067,室韋國太保
201068,室韋國司空
201069,室韋國詳穩
201070,室韋國都監
201071,室韋國將軍
201072,室韋國小將軍
201073,小蕃國大王
201074,小蕃國于越
201075,小蕃國左相
201076,小蕃國右相
201077,小蕃國惕隱
201078,小蕃國太師
201079,小蕃國太保
201080,小蕃國司空
201081,小蕃國詳穩
201082,小蕃國都監
201083,小蕃國將軍
201084,小蕃國小將軍
201085,徒睹古國大王
201086,徒睹古國于越
201087,徒睹古國左相
201088,徒睹古國右相
201089,徒睹古國惕隱
201090,徒睹古國太師
201091,徒睹古國太保
201092,徒睹古國司空
201093,徒睹古國詳穩
201094,徒睹古國都監
201095,徒睹古國將軍
201096,徒睹古國小將軍
201097,怕里國大王
201098,怕里國于越
201099,怕里國左相
201100,怕里國右相
201101,怕里國惕隱
201102,怕里國太師
201103,怕里國太保
201104,怕里國司空
201105,怕里國詳穩
201106,怕里國都監
201107,怕里國將軍
201108,怕里國小將軍
201109,惕德國大王
201110,惕德國于越
201111,惕德國左相
201112,惕德國右相
201113,惕德國惕隱
201114,惕德國太師
201115,惕德國太保
201116,惕德國司空
201117,惕德國詳穩
201118,惕德國都監
201119,惕德國將軍
201120,惕德國小將軍
201121,斡朗改國大王
201122,斡朗改國于越
201123,斡朗改國左相
201124,斡朗改國右相
201125,斡朗改國惕隱
201126,斡朗改國太師
201127,斡朗改國太保
201128,斡朗改國司空
201129,斡朗改國詳穩
201130,斡朗改國都監
201131,斡朗改國將軍
201132,斡朗改國小將軍
201133,新羅國大王
201134,新羅國于越
201135,新羅國左相
201136,新羅國右相
201137,新羅國惕隱
201138,新羅國太師
201139,新羅國太保
201140,新羅國司空
201141,新羅國詳穩
201142,新羅國都監
201143,新羅國將軍
201144,新羅國小將軍
201145,日本國大王
201146,日本國于越
201147,日本國左相
201148,日本國右相
201149,日本國惕隱
201150,日本國太師
201151,日本國太保
201152,日本國司空
201153,日本國詳穩
201154,日本國都監
201155,日本國將軍
201156,日本國小將軍
201157,曷蘇館路女直國大王
201158,曷蘇館路女直國于越
201159,曷蘇館路女直國左相
201160,曷蘇館路女直國右相
201161,曷蘇館路女直國惕隱
201162,曷蘇館路女直國太師
201163,曷蘇館路女直國太保
201164,曷蘇館路女直國司空
201165,曷蘇館路女直國詳穩
201166,曷蘇館路女直國都監
201167,曷蘇館路女直國將軍
201168,曷蘇館路女直國小將軍
201169,朮不姑國大王
201170,朮不姑國于越
201171,朮不姑國左相
201172,朮不姑國右相
201173,朮不姑國惕隱
201174,朮不姑國太師
201175,朮不姑國太保
201176,朮不姑國司空
201177,朮不姑國詳穩
201178,朮不姑國都監
201179,朮不姑國將軍
201180,朮不姑國小將軍
201181,朱灰國大王
201182,朱灰國于越
201183,朱灰國左相
201184,朱灰國右相
201185,朱灰國惕隱
201186,朱灰國太師
201187,朱灰國太保
201188,朱灰國司空
201189,朱灰國詳穩
201190,朱灰國都監
201191,朱灰國將軍
201192,朱灰國小將軍
201193,殊保國大王
201194,殊保國于越
201195,殊保國左相
201196,殊保國右相
201197,殊保國惕隱
201198,殊保國太師
201199,殊保國太保
201200,殊保國司空
201201,殊保國詳穩
201202,殊保國都監
201203,殊保國將軍
201204,殊保國小將軍
201205,沙州回鶻燉煌郡大王
201206,沙州回鶻燉煌郡于越
201207,沙州回鶻燉煌郡左相
201208,沙州回鶻燉煌郡右相
201209,沙州回鶻燉煌郡惕隱
201210,沙州回鶻燉煌郡太師
201211,沙州回鶻燉煌郡太保
201212,沙州回鶻燉煌郡司空
201213,沙州回鶻燉煌郡詳穩
201214,沙州回鶻燉煌郡都監
201215,沙州回鶻燉煌郡將軍
201216,沙州回鶻燉煌郡小將軍
201217,沙陀國大王
201218,沙陀國于越
201219,沙陀國左相
201220,沙陀國右相
201221,沙陀國惕隱
201222,沙陀國太師
201223,沙陀國太保
201224,沙陀國司空
201225,沙陀國詳穩
201226,沙陀國都監
201227,沙陀國將軍
201228,沙陀國小將軍
201229,波剌國大王
201230,波剌國于越
201231,波剌國左相
201232,波剌國右相
201233,波剌國惕隱
201234,波剌國太師
201235,波剌國太保
201236,波剌國司空
201237,波剌國詳穩
201238,波剌國都監
201239,波剌國將軍
201240,波剌國小將軍
201241,濊貊國大王
201242,濊貊國于越
201243,濊貊國左相
201244,濊貊國右相
201245,濊貊國惕隱
201246,濊貊國太師
201247,濊貊國太保
201248,濊貊國司空
201249,濊貊國詳穩
201250,濊貊國都監
201251,濊貊國將軍
201252,濊貊國小將軍
201253,瀕海女直國大王
201254,瀕海女直國于越
201255,瀕海女直國左相
201256,瀕海女直國右相
201257,瀕海女直國惕隱
201258,瀕海女直國太師
201259,瀕海女直國太保
201260,瀕海女直國司空
201261,瀕海女直國詳穩
201262,瀕海女直國都監
201263,瀕海女直國將軍
201264,瀕海女直國小將軍
201265,烏孫國大王
201266,烏孫國于越
201267,烏孫國左相
201268,烏孫國右相
201269,烏孫國惕隱
201270,烏孫國太師
201271,烏孫國太保
201272,烏孫國司空
201273,烏孫國詳穩
201274,烏孫國都監
201275,烏孫國將軍
201276,烏孫國小將軍
201277,烏里國大王
201278,烏里國于越
201279,烏里國左相
201280,烏里國右相
201281,烏里國惕隱
201282,烏里國太師
201283,烏里國太保
201284,烏里國司空
201285,烏里國詳穩
201286,烏里國都監
201287,烏里國將軍
201288,烏里國小將軍
201289,獅子國大王
201290,獅子國于越
201291,獅子國左相
201292,獅子國右相
201293,獅子國惕隱
201294,獅子國太師
201295,獅子國太保
201296,獅子國司空
201297,獅子國詳穩
201298,獅子國都監
201299,獅子國將軍
201300,獅子國小將軍
201301,獲里國大王
201302,獲里國于越
201303,獲里國左相
201304,獲里國右相
201305,獲里國惕隱
201306,獲里國太師
201307,獲里國太保
201308,獲里國司空
201309,獲里國詳穩
201310,獲里國都監
201311,獲里國將軍
201312,獲里國小將軍
201313,甘州回鶻大王
201314,甘州回鶻于越
201315,甘州回鶻左相
201316,甘州回鶻右相
201317,甘州回鶻惕隱
201318,甘州回鶻太師
201319,甘州回鶻太保
201320,甘州回鶻司空
201321,甘州回鶻詳穩
201322,甘州回鶻都監
201323,甘州回鶻將軍
201324,甘州回鶻小將軍
201325,突厥國大王
201326,突厥國于越
201327,突厥國左相
201328,突厥國右相
201329,突厥國惕隱
201330,突厥國太師
201331,突厥國太保
201332,突厥國司空
201333,突厥國詳穩
201334,突厥國都監
201335,突厥國將軍
201336,突厥國小將軍
201337,紝沒里國大王
201338,紝沒里國于越
201339,紝沒里國左相
201340,紝沒里國右相
201341,紝沒里國惕隱
201342,紝沒里國太師
201343,紝沒里國太保
201344,紝沒里國司空
201345,紝沒里國詳穩
201346,紝沒里國都監
201347,紝沒里國將軍
201348,紝沒里國小將軍
201349,素撒國大王
201350,素撒國于越
201351,素撒國左相
201352,素撒國右相
201353,素撒國惕隱
201354,素撒國太師
201355,素撒國太保
201356,素撒國司空
201357,素撒國詳穩
201358,素撒國都監
201359,素撒國將軍
201360,素撒國小將軍
201361,蒲昵國大王
201362,蒲昵國于越
201363,蒲昵國左相
201364,蒲昵國右相
201365,蒲昵國惕隱
201366,蒲昵國太師
201367,蒲昵國太保
201368,蒲昵國司空
201369,蒲昵國詳穩
201370,蒲昵國都監
201371,蒲昵國將軍
201372,蒲昵國小將軍
201373,襖里國大王
201374,襖里國于越
201375,襖里國左相
201376,襖里國右相
201377,襖里國惕隱
201378,襖里國太師
201379,襖里國太保
201380,襖里國司空
201381,襖里國詳穩
201382,襖里國都監
201383,襖里國將軍
201384,襖里國小將軍
201385,西北阻卜國大王
201386,西北阻卜國于越
201387,西北阻卜國左相
201388,西北阻卜國右相
201389,西北阻卜國惕隱
201390,西北阻卜國太師
201391,西北阻卜國太保
201392,西北阻卜國司空
201393,西北阻卜國詳穩
201394,西北阻卜國都監
201395,西北阻卜國將軍
201396,西北阻卜國小將軍
201397,西夏國大王
201398,西夏國于越
201399,西夏國左相
201400,西夏國右相
201401,西夏國惕隱
201402,西夏國太師
201403,西夏國太保
201404,西夏國司空
201405,西夏國詳穩
201406,西夏國都監
201407,西夏國將軍
201408,西夏國小將軍
201409,西突厥國大王
201410,西突厥國于越
201411,西突厥國左相
201412,西突厥國右相
201413,西突厥國惕隱
201414,西突厥國太師
201415,西突厥國太保
201416,西突厥國司空
201417,西突厥國詳穩
201418,西突厥國都監
201419,西突厥國將軍
201420,西突厥國小將軍
201421,西蕃國大王
201422,西蕃國于越
201423,西蕃國左相
201424,西蕃國右相
201425,西蕃國惕隱
201426,西蕃國太師
201427,西蕃國太保
201428,西蕃國司空
201429,西蕃國詳穩
201430,西蕃國都監
201431,西蕃國將軍
201432,西蕃國小將軍
201433,西阻卜國大王
201434,西阻卜國于越
201435,西阻卜國左相
201436,西阻卜國右相
201437,西阻卜國惕隱
201438,西阻卜國太師
201439,西阻卜國太保
201440,西阻卜國司空
201441,西阻卜國詳穩
201442,西阻卜國都監
201443,西阻卜國將軍
201444,西阻卜國小將軍
201445,要里國大王
201446,要里國于越
201447,要里國左相
201448,要里國右相
201449,要里國惕隱
201450,要里國太師
201451,要里國太保
201452,要里國司空
201453,要里國詳穩
201454,要里國都監
201455,要里國將軍
201456,要里國小將軍
201457,覈列哿國大王
201458,覈列哿國于越
201459,覈列哿國左相
201460,覈列哿國右相
201461,覈列哿國惕隱
201462,覈列哿國太師
201463,覈列哿國太保
201464,覈列哿國司空
201465,覈列哿國詳穩
201466,覈列哿國都監
201467,覈列哿國將軍
201468,覈列哿國小將軍
201469,賃烈國大王
201470,賃烈國于越
201471,賃烈國左相
201472,賃烈國右相
201473,賃烈國惕隱
201474,賃烈國太師
201475,賃烈國太保
201476,賃烈國司空
201477,賃烈國詳穩
201478,賃烈國都監
201479,賃烈國將軍
201480,賃烈國小將軍
201481,越離睹國大王
201482,越離睹國于越
201483,越離睹國左相
201484,越離睹國右相
201485,越離睹國惕隱
201486,越離睹國太師
201487,越離睹國太保
201488,越離睹國司空
201489,越離睹國詳穩
201490,越離睹國都監
201491,越離睹國將軍
201492,越離睹國小將軍
201493,轄剌斯國大王
201494,轄剌斯國于越
201495,轄剌斯國左相
201496,轄剌斯國右相
201497,轄剌斯國惕隱
201498,轄剌斯國太師
201499,轄剌斯國太保
201500,轄剌斯國司空
201501,轄剌斯國詳穩
201502,轄剌斯國都監
201503,轄剌斯國將軍
201504,轄剌斯國小將軍
201505,轄剌國只國大王
201506,轄剌國只國于越
201507,轄剌國只國左相
201508,轄剌國只國右相
201509,轄剌國只國惕隱
201510,轄剌國只國太師
201511,轄剌國只國太保
201512,轄剌國只國司空
201513,轄剌國只國詳穩
201514,轄剌國只國都監
201515,轄剌國只國將軍
201516,轄剌國只國小將軍
201517,迪烈德國大王
201518,迪烈德國于越
201519,迪烈德國左相
201520,迪烈德國右相
201521,迪烈德國惕隱
201522,迪烈德國太師
201523,迪烈德國太保
201524,迪烈德國司空
201525,迪烈德國詳穩
201526,迪烈德國都監
201527,迪烈德國將軍
201528,迪烈德國小將軍
201529,述律子國大王
201530,述律子國于越
201531,述律子國左相
201532,述律子國右相
201533,述律子國惕隱
201534,述律子國太師
201535,述律子國太保
201536,述律子國司空
201537,述律子國詳穩
201538,述律子國都監
201539,述律子國將軍
201540,述律子國小將軍
201541,達盧古國大王
201542,達盧古國于越
201543,達盧古國左相
201544,達盧古國右相
201545,達盧古國惕隱
201546,達盧古國太師
201547,達盧古國太保
201548,達盧古國司空
201549,達盧古國詳穩
201550,達盧古國都監
201551,達盧古國將軍
201552,達盧古國小將軍
201553,達離諫國大王
201554,達離諫國于越
201555,達離諫國左相
201556,達離諫國右相
201557,達離諫國惕隱
201558,達離諫國太師
201559,達離諫國太保
201560,達離諫國司空
201561,達離諫國詳穩
201562,達離諫國都監
201563,達離諫國將軍
201564,達離諫國小將軍
201565,鐵不得國大王
201566,鐵不得國于越
201567,鐵不得國左相
201568,鐵不得國右相
201569,鐵不得國惕隱
201570,鐵不得國太師
201571,鐵不得國太保
201572,鐵不得國司空
201573,鐵不得國詳穩
201574,鐵不得國都監
201575,鐵不得國將軍
201576,鐵不得國小將軍
201577,鐵驪國大王
201578,鐵驪國于越
201579,鐵驪國左相
201580,鐵驪國右相
201581,鐵驪國惕隱
201582,鐵驪國太師
201583,鐵驪國太保
201584,鐵驪國司空
201585,鐵驪國詳穩
201586,鐵驪國都監
201587,鐵驪國將軍
201588,鐵驪國小將軍
201589,長白山女直國大王
201590,長白山女直國于越
201591,長白山女直國左相
201592,長白山女直國右相
201593,長白山女直國惕隱
201594,長白山女直國太師
201595,長白山女直國太保
201596,長白山女直國司空
201597,長白山女直國詳穩
201598,長白山女直國都監
201599,長白山女直國將軍
201600,長白山女直國小將軍
201601,阻卜國大王
201602,阻卜國于越
201603,阻卜國左相
201604,阻卜國右相
201605,阻卜國惕隱
201606,阻卜國太師
201607,阻卜國太保
201608,阻卜國司空
201609,阻卜扎剌部節度使
201610,阻卜扎剌部節度副使
201611,阻卜諸部節度使
201612,阻卜諸部節度副使
201613,阻卜別部節度使
201614,阻卜別部節度副使
201615,阻卜國詳穩
201616,阻卜國都監
201617,阻卜國將軍
201618,阻卜國小將軍
201619,阿撒里國大王
201620,阿撒里國于越
201621,阿撒里國左相
201622,阿撒里國右相
201623,阿撒里國惕隱
201624,阿撒里國太師
201625,阿撒里國太保
201626,阿撒里國司空
201627,阿撒里國詳穩
201628,阿撒里國都監
201629,阿撒里國將軍
201630,阿撒里國小將軍
201631,阿缽押國大王
201632,阿缽押國于越
201633,阿缽押國左相
201634,阿缽押國右相
201635,阿缽押國惕隱
201636,阿缽押國太師
201637,阿缽押國太保
201638,阿缽押國司空
201639,阿缽押國詳穩
201640,阿缽押國都監
201641,阿缽押國將軍
201642,阿缽押國小將軍
201643,阿缽頗得國大王
201644,阿缽頗得國于越
201645,阿缽頗得國左相
201646,阿缽頗得國右相
201647,阿缽頗得國惕隱
201648,阿缽頗得國太師
201649,阿缽頗得國太保
201650,阿缽頗得國司空
201651,阿缽頗得國詳穩
201652,阿缽頗得國都監
201653,阿缽頗得國將軍
201654,阿缽頗得國小將軍
201655,阿薩蘭回鶻大王
201656,阿薩蘭回鶻于越
201657,阿薩蘭回鶻左相
201658,阿薩蘭回鶻右相
201659,阿薩蘭回鶻惕隱
201660,阿薩蘭回鶻太師
201661,阿薩蘭回鶻太保
201662,阿薩蘭回鶻司空
201663,阿薩蘭回鶻詳穩
201664,阿薩蘭回鶻都監
201665,阿薩蘭回鶻將軍
201666,阿薩蘭回鶻小將軍
201667,阿里國大王
201668,阿里國于越
201669,阿里國左相
201670,阿里國右相
201671,阿里國惕隱
201672,阿里國太師
201673,阿里國太保
201674,阿里國司空
201675,阿里國詳穩
201676,阿里國都監
201677,阿里國將軍
201678,阿里國小將軍
201679,霸斯黑國大王
201680,霸斯黑國于越
201681,霸斯黑國左相
201682,霸斯黑國右相
201683,霸斯黑國惕隱
201684,霸斯黑國太師
201685,霸斯黑國太保
201686,霸斯黑國司空
201687,霸斯黑國詳穩
201688,霸斯黑國都監
201689,霸斯黑國將軍
201690,霸斯黑國小將軍
201691,靺鞨國大王
201692,靺鞨國于越
201693,靺鞨國左相
201694,靺鞨國右相
201695,靺鞨國惕隱
201696,靺鞨國太師
201697,靺鞨國太保
201698,靺鞨國司空
201699,靺鞨國詳穩
201700,靺鞨國都監
201701,靺鞨國將軍
201702,靺鞨國小將軍
201703,高昌國大王
201704,高昌國于越
201705,高昌國左相
201706,高昌國右相
201707,高昌國惕隱
201708,高昌國太師
201709,高昌國太保
201710,高昌國司空
201711,高昌國詳穩
201712,高昌國都監
201713,高昌國將軍
201714,高昌國小將軍
201715,高麗國大王
201716,高麗國于越
201717,高麗國左相
201718,高麗國右相
201719,高麗國惕隱
201720,高麗國太師
201721,高麗國太保
201722,高麗國司空
201723,高麗國詳穩
201724,高麗國都監
201725,高麗國將軍
201726,高麗國小將軍
201727,鴨淥江女直大王
201728,鴨淥江女直于越
201729,鴨淥江女直左相
201730,鴨淥江女直右相
201731,鴨淥江女直惕隱
201732,鴨淥江女直太師
201733,鴨淥江女直太保
201734,鴨淥江女直司空
201735,鴨淥江女直詳穩
201736,鴨淥江女直都監
201737,鴨淥江女直將軍
201738,鴨淥江女直小將軍
201739,黑車子室韋國大王
201740,黑車子室韋國于越
201741,黑車子室韋國左相
201742,黑車子室韋國右相
201743,黑車子室韋國惕隱
201744,黑車子室韋國太師
201745,黑車子室韋國太保
201746,黑車子室韋國司空
201747,黑車子室韋國詳穩
201748,黑車子室韋國都監
201749,黑車子室韋國將軍
201750,黑車子室韋國小將軍
201751,鼻國德國大王
201752,鼻國德國于越
201753,鼻國德國左相
201754,鼻國德國右相
201755,鼻國德國惕隱
201756,鼻國德國太師
201757,鼻國德國太保
201758,鼻國德國司空
201759,鼻國德國詳穩
201760,鼻國德國都監
201761,鼻國德國將軍
201762,鼻國德國小將軍
201763,蒲盧毛朵部大王府大王
201764,蒲盧毛朵部大王府于越
201765,蒲盧毛朵部大王府左相
201766,蒲盧毛朵部大王府右相
201767,蒲盧毛朵部大王府惕隱
201768,蒲盧毛朵部大王府太師
201769,蒲盧毛朵部大王府太保
201770,蒲盧毛朵部大王府司空
201771,蒲盧毛朵部大王府詳穩
201772,蒲盧毛朵部大王府都監
201773,蒲盧毛朵部大王府將軍
201774,蒲盧毛朵部大王府小將軍
201775,回跋部大王府大王
201776,回跋部大王府于越
201777,回跋部大王府左相
201778,回跋部大王府右相
201779,回跋部大王府惕隱
201780,回跋部大王府太師
201781,回跋部大王府太保
201782,回跋部大王府司空
201783,回跋部大王府詳穩
201784,回跋部大王府都監
201785,回跋部大王府將軍
201786,回跋部大王府小將軍
201787,嵓母部大王府大王
201788,嵓母部大王府于越
201789,嵓母部大王府左相
201790,嵓母部大王府右相
201791,嵓母部大王府惕隱
201792,嵓母部大王府太師
201793,嵓母部大王府太保
201794,嵓母部大王府司空
201795,嵓母部大王府詳穩
201796,嵓母部大王府都監
201797,嵓母部大王府將軍
201798,嵓母部大王府小將軍
201799,黃龍府女直部大王府大王
201800,黃龍府女直部大王府于越
201801,黃龍府女直部大王府左相
201802,黃龍府女直部大王府右相
201803,黃龍府女直部大王府惕隱
201804,黃龍府女直部大王府太師
201805,黃龍府女直部大王府太保
201806,黃龍府女直部大王府司空
201807,黃龍府女直部大王府詳穩
201808,黃龍府女直部大王府都監
201809,黃龍府女直部大王府將軍
201810,黃龍府女直部大王府小將軍
201811,吾禿婉部大王府大王
201812,吾禿婉部大王府于越
201813,吾禿婉部大王府左相
201814,吾禿婉部大王府右相
201815,吾禿婉部大王府惕隱
201816,吾禿婉部大王府太師
201817,吾禿婉部大王府太保
201818,吾禿婉部大王府司空
201819,吾禿婉部大王府詳穩
201820,吾禿婉部大王府都監
201821,吾禿婉部大王府將軍
201822,吾禿婉部大王府小將軍
201823,烏隈于厥部大王府大王
201824,烏隈于厥部大王府于越
201825,烏隈于厥部大王府左相
201826,烏隈于厥部大王府右相
201827,烏隈于厥部大王府惕隱
201828,烏隈于厥部大王府太師
201829,烏隈于厥部大王府太保
201830,烏隈于厥部大王府司空
201831,烏隈于厥部大王府詳穩
201832,烏隈于厥部大王府都監
201833,烏隈于厥部大王府將軍
201834,烏隈于厥部大王府小將軍
201835,婆離八部大王府大王
201836,婆離八部大王府于越
201837,婆離八部大王府左相
201838,婆離八部大王府右相
201839,婆離八部大王府惕隱
201840,婆離八部大王府太師
201841,婆離八部大王府太保
201842,婆離八部大王府司空
201843,婆離八部大王府詳穩
201844,婆離八部大王府都監
201845,婆離八部大王府將軍
201846,婆離八部大王府小將軍
201847,于厥里部族大王府大王
201848,于厥里部族大王府于越
201849,于厥里部族大王府左相
201850,于厥里部族大王府右相
201851,于厥里部族大王府惕隱
201852,于厥里部族大王府太師
201853,于厥里部族大王府太保
201854,于厥里部族大王府司空
201855,于厥里部族大王府詳穩
201856,于厥里部族大王府都監
201857,于厥里部族大王府將軍
201858,于厥里部族大王府小將軍
201859,生女直部大王
201860,生女直部于越
201861,生女直部左相
201862,生女直部右相
201863,生女直部惕隱
201864,生女直部太師
201865,生女直部太保
201866,生女直部司空
201867,生女直部詳穩
201868,生女直部都監
201869,生女直部將軍
201870,生女直部小將軍
201871,直不姑部大王
201872,直不姑部于越
201873,直不姑部左相
201874,直不姑部右相
201875,直不姑部惕隱
201876,直不姑部太師
201877,直不姑部太保
201878,直不姑部司空
201879,直不姑部詳穩
201880,直不姑部都監
201881,直不姑部將軍
201882,直不姑部小將軍
201883,狐山部大王
201884,狐山部于越
201885,狐山部左相
201886,狐山部右相
201887,狐山部惕隱
201888,狐山部太師
201889,狐山部太保
201890,狐山部司空
201891,狐山部詳穩
201892,狐山部都監
201893,狐山部將軍
201894,狐山部小將軍
201895,拔思母部大王
201896,拔思母部于越
201897,拔思母部左相
201898,拔思母部右相
201899,拔思母部惕隱
201900,拔思母部太師
201901,拔思母部太保
201902,拔思母部司空
201903,拔思母部詳穩
201904,拔思母部都監
201905,拔思母部將軍
201906,拔思母部小將軍
201907,茶扎剌部大王
201908,茶扎剌部于越
201909,茶扎剌部左相
201910,茶扎剌部右相
201911,茶扎剌部惕隱
201912,茶扎剌部太師
201913,茶扎剌部太保
201914,茶扎剌部司空
201915,茶扎剌部詳穩
201916,茶扎剌部都監
201917,茶扎剌部將軍
201918,茶扎剌部小將軍
201919,粘八葛部大王
201920,粘八葛部于越
201921,粘八葛部左相
201922,粘八葛部右相
201923,粘八葛部惕隱
201924,粘八葛部太師
201925,粘八葛部太保
201926,粘八葛部司空
201927,粘八葛部詳穩
201928,粘八葛部都監
201929,粘八葛部將軍
201930,粘八葛部小將軍
201931,耶睹刮部大王
201932,耶睹刮部于越
201933,耶睹刮部左相
201934,耶睹刮部右相
201935,耶睹刮部惕隱
201936,耶睹刮部太師
201937,耶睹刮部太保
201938,耶睹刮部司空
201939,耶睹刮部詳穩
201940,耶睹刮部都監
201941,耶睹刮部將軍
201942,耶睹刮部小將軍
201943,耶迷只部大王
201944,耶迷只部于越
201945,耶迷只部左相
201946,耶迷只部右相
201947,耶迷只部惕隱
201948,耶迷只部太師
201949,耶迷只部太保
201950,耶迷只部司空
201951,耶迷只部詳穩
201952,耶迷只部都監
201953,耶迷只部將軍
201954,耶迷只部小將軍
201955,撻朮不姑部大王
201956,撻朮不姑部于越
201957,撻朮不姑部左相
201958,撻朮不姑部右相
201959,撻朮不姑部惕隱
201960,撻朮不姑部太師
201961,撻朮不姑部太保
201962,撻朮不姑部司空
201963,撻朮不姑部詳穩
201964,撻朮不姑部都監
201965,撻朮不姑部將軍
201966,撻朮不姑部小將軍
201967,渤海部大王
201968,渤海部于越
201969,渤海部左相
201970,渤海部右相
201971,渤海部惕隱
201972,渤海部太師
201973,渤海部太保
201974,渤海部司空
201975,渤海部詳穩
201976,渤海部都監
201977,渤海部將軍
201978,渤海部小將軍
201979,西北渤海部大王
201980,西北渤海部于越
201981,西北渤海部左相
201982,西北渤海部右相
201983,西北渤海部惕隱
201984,西北渤海部太師
201985,西北渤海部太保
201986,西北渤海部司空
201987,西北渤海部詳穩
201988,西北渤海部都監
201989,西北渤海部將軍
201990,西北渤海部小將軍
201991,達里得部大王
201992,達里得部于越
201993,達里得部左相
201994,達里得部右相
201995,達里得部惕隱
201996,達里得部太師
201997,達里得部太保
201998,達里得部司空
201999,達里得部詳穩
202000,達里得部都監
202001,達里得部將軍
202002,達里得部小將軍
202003,烏古部大王
202004,烏古部于越
202005,烏古部左相
202006,烏古部右相
202007,烏古部惕隱
202008,烏古部太師
202009,烏古部太保
202010,烏古部司空
202011,烏古部詳穩
202012,烏古部都監
202013,烏古部將軍
202014,烏古部小將軍
202015,隈烏古部大王
202016,隈烏古部于越
202017,隈烏古部左相
202018,隈烏古部右相
202019,隈烏古部惕隱
202020,隈烏古部太師
202021,隈烏古部太保
202022,隈烏古部司空
202023,隈烏古部詳穩
202024,隈烏古部都監
202025,隈烏古部將軍
202026,隈烏古部小將軍
202027,三河烏古部大王
202028,三河烏古部于越
202029,三河烏古部左相
202030,三河烏古部右相
202031,三河烏古部惕隱
202032,三河烏古部太師
202033,三河烏古部太保
202034,三河烏古部司空
202035,三河烏古部詳穩
202036,三河烏古部都監
202037,三河烏古部將軍
202038,三河烏古部小將軍
202039,烏隈烏骨里部大王
202040,烏隈烏骨里部于越
202041,烏隈烏骨里部左相
202042,烏隈烏骨里部右相
202043,烏隈烏骨里部惕隱
202044,烏隈烏骨里部太師
202045,烏隈烏骨里部太保
202046,烏隈烏骨里部司空
202047,烏隈烏骨里部詳穩
202048,烏隈烏骨里部都監
202049,烏隈烏骨里部將軍
202050,烏隈烏骨里部小將軍
202051,敵烈部大王
202052,敵烈部于越
202053,敵烈部左相
202054,敵烈部右相
202055,敵烈部惕隱
202056,敵烈部太師
202057,敵烈部太保
202058,敵烈部司空
202059,敵烈部詳穩
202060,敵烈部都監
202061,敵烈部將軍
202062,敵烈部小將軍
202063,迪離畢部大王
202064,迪離畢部于越
202065,迪離畢部左相
202066,迪離畢部右相
202067,迪離畢部惕隱
202068,迪離畢部太師
202069,迪離畢部太保
202070,迪離畢部司空
202071,迪離畢部詳穩
202072,迪離畢部都監
202073,迪離畢部將軍
202074,迪離畢部小將軍
202075,涅剌部大王
202076,涅剌部于越
202077,涅剌部左相
202078,涅剌部右相
202079,涅剌部惕隱
202080,涅剌部太師
202081,涅剌部太保
202082,涅剌部司空
202083,涅剌部詳穩
202084,涅剌部都監
202085,涅剌部將軍
202086,涅剌部小將軍
202087,烏濊部大王
202088,烏濊部于越
202089,烏濊部左相
202090,烏濊部右相
202091,烏濊部惕隱
202092,烏濊部太師
202093,烏濊部太保
202094,烏濊部司空
202095,烏濊部詳穩
202096,烏濊部都監
202097,烏濊部將軍
202098,烏濊部小將軍
202099,鉏德部大王
202100,鉏德部于越
202101,鉏德部左相
202102,鉏德部右相
202103,鉏德部惕隱
202104,鉏德部太師
202105,鉏德部太保
202106,鉏德部司空
202107,鉏德部詳穩
202108,鉏德部都監
202109,鉏德部將軍
202110,鉏德部小將軍
202111,諦居部大王
202112,諦居部于越
202113,諦居部左相
202114,諦居部右相
202115,諦居部惕隱
202116,諦居部太師
202117,諦居部太保
202118,諦居部司空
202119,諦居部詳穩
202120,諦居部都監
202121,諦居部將軍
202122,諦居部小將軍
202123,涅剌奧隗部大王
202124,涅剌奧隗部于越
202125,涅剌奧隗部左相
202126,涅剌奧隗部右相
202127,涅剌奧隗部惕隱
202128,涅剌奧隗部太師
202129,涅剌奧隗部太保
202130,涅剌奧隗部司空
202131,涅剌奧隗部詳穩
202132,涅剌奧隗部都監
202133,涅剌奧隗部將軍
202134,涅剌奧隗部小將軍
202135,八石烈敵烈部大王
202136,八石烈敵烈部于越
202137,八石烈敵烈部左相
202138,八石烈敵烈部右相
202139,八石烈敵烈部惕隱
202140,八石烈敵烈部太師
202141,八石烈敵烈部太保
202142,八石烈敵烈部司空
202143,八石烈敵烈部詳穩
202144,八石烈敵烈部都監
202145,八石烈敵烈部將軍
202146,八石烈敵烈部小將軍
202147,迭剌葛部大王
202148,迭剌葛部于越
202149,迭剌葛部左相
202150,迭剌葛部右相
202151,迭剌葛部惕隱
202152,迭剌葛部太師
202153,迭剌葛部太保
202154,迭剌葛部司空
202155,迭剌葛部詳穩
202156,迭剌葛部都監
202157,迭剌葛部將軍
202158,迭剌葛部小將軍
202159,兀惹部大王
202160,兀惹部于越
202161,兀惹部左相
202162,兀惹部右相
202163,兀惹部惕隱
202164,兀惹部太師
202165,兀惹部太保
202166,兀惹部司空
202167,兀惹部詳穩
202168,兀惹部都監
202169,兀惹部將軍
202170,兀惹部小將軍
202171,党項部大王
202172,党項部于越
202173,党項部左相
202174,党項部右相
202175,党項部惕隱
202176,党項部太師
202177,党項部太保
202178,党項部司空
202179,党項部詳穩
202180,党項部都監
202181,党項部將軍
202182,党項部小將軍
202183,隗衍党項部大王
202184,隗衍党項部于越
202185,隗衍党項部左相
202186,隗衍党項部右相
202187,隗衍党項部惕隱
202188,隗衍党項部太師
202189,隗衍党項部太保
202190,隗衍党項部司空
202191,隗衍党項部詳穩
202192,隗衍党項部都監
202193,隗衍党項部將軍
202194,隗衍党項部小將軍
202195,山南党項部大王
202196,山南党項部于越
202197,山南党項部左相
202198,山南党項部右相
202199,山南党項部惕隱
202200,山南党項部太師
202201,山南党項部太保
202202,山南党項部司空
202203,山南党項部詳穩
202204,山南党項部都監
202205,山南党項部將軍
202206,山南党項部小將軍
202207,北大濃兀部大王
202208,北大濃兀部于越
202209,北大濃兀部左相
202210,北大濃兀部右相
202211,北大濃兀部惕隱
202212,北大濃兀部太師
202213,北大濃兀部太保
202214,北大濃兀部司空
202215,北大濃兀部詳穩
202216,北大濃兀部都監
202217,北大濃兀部將軍
202218,北大濃兀部小將軍
202219,南大濃兀部大王
202220,南大濃兀部于越
202221,南大濃兀部左相
202222,南大濃兀部右相
202223,南大濃兀部惕隱
202224,南大濃兀部太師
202225,南大濃兀部太保
202226,南大濃兀部司空
202227,南大濃兀部詳穩
202228,南大濃兀部都監
202229,南大濃兀部將軍
202230,南大濃兀部小將軍
202231,九石烈部大王
202232,九石烈部于越
202233,九石烈部左相
202234,九石烈部右相
202235,九石烈部惕隱
202236,九石烈部太師
202237,九石烈部太保
202238,九石烈部司空
202239,九石烈部詳穩
202240,九石烈部都監
202241,九石烈部將軍
202242,九石烈部小將軍
202243,嗢娘改部大王
202244,嗢娘改部于越
202245,嗢娘改部左相
202246,嗢娘改部右相
202247,嗢娘改部惕隱
202248,嗢娘改部太師
202249,嗢娘改部太保
202250,嗢娘改部司空
202251,嗢娘改部詳穩
202252,嗢娘改部都監
202253,嗢娘改部將軍
202254,嗢娘改部小將軍
202255,鼻骨德部大王
202256,鼻骨德部于越
202257,鼻骨德部左相
202258,鼻骨德部右相
202259,鼻骨德部惕隱
202260,鼻骨德部太師
202261,鼻骨德部太保
202262,鼻骨德部司空
202263,鼻骨德部詳穩
202264,鼻骨德部都監
202265,鼻骨德部將軍
202266,鼻骨德部小將軍
202267,退欲德部大王
202268,退欲德部于越
202269,退欲德部左相
202270,退欲德部右相
202271,退欲德部惕隱
202272,退欲德部太師
202273,退欲德部太保
202274,退欲德部司空
202275,退欲德部詳穩
202276,退欲德部都監
202277,退欲德部將軍
202278,退欲德部小將軍
202279,涅古部大王
202280,涅古部于越
202281,涅古部左相
202282,涅古部右相
202283,涅古部惕隱
202284,涅古部太師
202285,涅古部太保
202286,涅古部司空
202287,涅古部詳穩
202288,涅古部都監
202289,涅古部將軍
202290,涅古部小將軍
202291,遙思拈部大王
202292,遙思拈部于越
202293,遙思拈部左相
202294,遙思拈部右相
202295,遙思拈部惕隱
202296,遙思拈部太師
202297,遙思拈部太保
202298,遙思拈部司空
202299,遙思拈部詳穩
202300,遙思拈部都監
202301,遙思拈部將軍
202302,遙思拈部小將軍
202303,劃離部大王
202304,劃離部于越
202305,劃離部左相
202306,劃離部右相
202307,劃離部惕隱
202308,劃離部太師
202309,劃離部太保
202310,劃離部司空
202311,劃離部詳穩
202312,劃離部都監
202313,劃離部將軍
202314,劃離部小將軍
202315,四部族部大王
202316,四部族部于越
202317,四部族部左相
202318,四部族部右相
202319,四部族部惕隱
202320,四部族部太師
202321,四部族部太保
202322,四部族部司空
202323,四部族部詳穩
202324,四部族部都監
202325,四部族部將軍
202326,四部族部小將軍
202327,四蕃部大王
202328,四蕃部于越
202329,四蕃部左相
202330,四蕃部右相
202331,四蕃部惕隱
202332,四蕃部太師
202333,四蕃部太保
202334,四蕃部司空
202335,四蕃部詳穩
202336,四蕃部都監
202337,四蕃部將軍
202338,四蕃部小將軍
202339,三國部大王
202340,三國部于越
202341,三國部左相
202342,三國部右相
202343,三國部惕隱
202344,三國部太師
202345,三國部太保
202346,三國部司空
202347,三國部詳穩
202348,三國部都監
202349,三國部將軍
202350,三國部小將軍
202351,素昆那山東部大王
202352,素昆那山東部于越
202353,素昆那山東部左相
202354,素昆那山東部右相
202355,素昆那山東部惕隱
202356,素昆那山東部太師
202357,素昆那山東部太保
202358,素昆那山東部司空
202359,素昆那山東部詳穩
202360,素昆那山東部都監
202361,素昆那山東部將軍
202362,素昆那山東部小將軍
202363,胡母思山部大王
202364,胡母思山部于越
202365,胡母思山部左相
202366,胡母思山部右相
202367,胡母思山部惕隱
202368,胡母思山部太師
202369,胡母思山部太保
202370,胡母思山部司空
202371,胡母思山部詳穩
202372,胡母思山部都監
202373,胡母思山部將軍
202374,胡母思山部小將軍
202375,盧不姑部大王
202376,盧不姑部于越
202377,盧不姑部左相
202378,盧不姑部右相
202379,盧不姑部惕隱
202380,盧不姑部太師
202381,盧不姑部太保
202382,盧不姑部司空
202383,盧不姑部詳穩
202384,盧不姑部都監
202385,盧不姑部將軍
202386,盧不姑部小將軍
202387,照姑部大王
202388,照姑部于越
202389,照姑部左相
202390,照姑部右相
202391,照姑部惕隱
202392,照姑部太師
202393,照姑部太保
202394,照姑部司空
202395,照姑部詳穩
202396,照姑部都監
202397,照姑部將軍
202398,照姑部小將軍
202399,白可久部大王
202400,白可久部于越
202401,白可久部左相
202402,白可久部右相
202403,白可久部惕隱
202404,白可久部太師
202405,白可久部太保
202406,白可久部司空
202407,白可久部詳穩
202408,白可久部都監
202409,白可久部將軍
202410,白可久部小將軍
202411,俞魯古部大王
202412,俞魯古部于越
202413,俞魯古部左相
202414,俞魯古部右相
202415,俞魯古部惕隱
202416,俞魯古部太師
202417,俞魯古部太保
202418,俞魯古部司空
202419,俞魯古部詳穩
202420,俞魯古部都監
202421,俞魯古部將軍
202422,俞魯古部小將軍
202423,七火室韋部大王
202424,七火室韋部于越
202425,七火室韋部左相
202426,七火室韋部右相
202427,七火室韋部惕隱
202428,七火室韋部太師
202429,七火室韋部太保
202430,七火室韋部司空
202431,七火室韋部詳穩
202432,七火室韋部都監
202433,七火室韋部將軍
202434,七火室韋部小將軍
202435,黃皮室韋部大王
202436,黃皮室韋部于越
202437,黃皮室韋部左相
202438,黃皮室韋部右相
202439,黃皮室韋部惕隱
202440,黃皮室韋部太師
202441,黃皮室韋部太保
202442,黃皮室韋部司空
202443,黃皮室韋部詳穩
202444,黃皮室韋部都監
202445,黃皮室韋部將軍
202446,黃皮室韋部小將軍
202447,瑤穩部大王
202448,瑤穩部于越
202449,瑤穩部左相
202450,瑤穩部右相
202451,瑤穩部惕隱
202452,瑤穩部太師
202453,瑤穩部太保
202454,瑤穩部司空
202455,瑤穩部詳穩
202456,瑤穩部都監
202457,瑤穩部將軍
202458,瑤穩部小將軍
202459,嘲穩部大王
202460,嘲穩部于越
202461,嘲穩部左相
202462,嘲穩部右相
202463,嘲穩部惕隱
202464,嘲穩部太師
202465,嘲穩部太保
202466,嘲穩部司空
202467,嘲穩部詳穩
202468,嘲穩部都監
202469,嘲穩部將軍
202470,嘲穩部小將軍
202471,二女古部大王
202472,二女古部于越
202473,二女古部左相
202474,二女古部右相
202475,二女古部惕隱
202476,二女古部太師
202477,二女古部太保
202478,二女古部司空
202479,二女古部詳穩
202480,二女古部都監
202481,二女古部將軍
202482,二女古部小將軍
202483,蔑思乃部大王
202484,蔑思乃部于越
202485,蔑思乃部左相
202486,蔑思乃部右相
202487,蔑思乃部惕隱
202488,蔑思乃部太師
202489,蔑思乃部太保
202490,蔑思乃部司空
202491,蔑思乃部詳穩
202492,蔑思乃部都監
202493,蔑思乃部將軍
202494,蔑思乃部小將軍
202495,麻達里別古部大王
202496,麻達里別古部于越
202497,麻達里別古部左相
202498,麻達里別古部右相
202499,麻達里別古部惕隱
202500,麻達里別古部太師
202501,麻達里別古部太保
202502,麻達里別古部司空
202503,麻達里別古部詳穩
202504,麻達里別古部都監
202505,麻達里別古部將軍
202506,麻達里別古部小將軍
202507,梅里急部大王
202508,梅里急部于越
202509,梅里急部左相
202510,梅里急部右相
202511,梅里急部惕隱
202512,梅里急部太師
202513,梅里急部太保
202514,梅里急部司空
202515,梅里急部詳穩
202516,梅里急部都監
202517,梅里急部將軍
202518,梅里急部小將軍
202519,斡魯部大王
202520,斡魯部于越
202521,斡魯部左相
202522,斡魯部右相
202523,斡魯部惕隱
202524,斡魯部太師
202525,斡魯部太保
202526,斡魯部司空
202527,斡魯部詳穩
202528,斡魯部都監
202529,斡魯部將軍
202530,斡魯部小將軍
202531,榆里底乃部大王
202532,榆里底乃部于越
202533,榆里底乃部左相
202534,榆里底乃部右相
202535,榆里底乃部惕隱
202536,榆里底乃部太師
202537,榆里底乃部太保
202538,榆里底乃部司空
202539,榆里底乃部詳穩
202540,榆里底乃部都監
202541,榆里底乃部將軍
202542,榆里底乃部小將軍
202543,率類部大王
202544,率類部于越
202545,率類部左相
202546,率類部右相
202547,率類部惕隱
202548,率類部太師
202549,率類部太保
202550,率類部司空
202551,率類部詳穩
202552,率類部都監
202553,率類部將軍
202554,率類部小將軍
202555,五部蕃部大王
202556,五部蕃部于越
202557,五部蕃部左相
202558,五部蕃部右相
202559,五部蕃部惕隱
202560,五部蕃部太師
202561,五部蕃部太保
202562,五部蕃部司空
202563,五部蕃部詳穩
202564,五部蕃部都監
202565,五部蕃部將軍
202566,五部蕃部小將軍
202567,蒲奴里部大王
202568,蒲奴里部于越
202569,蒲奴里部左相
202570,蒲奴里部右相
202571,蒲奴里部惕隱
202572,蒲奴里部太師
202573,蒲奴里部太保
202574,蒲奴里部司空
202575,蒲奴里部詳穩
202576,蒲奴里部都監
202577,蒲奴里部將軍
202578,蒲奴里部小將軍
202579,閘古胡里扒部大王
202580,閘古胡里扒部于越
202581,閘古胡里扒部左相
202582,閘古胡里扒部右相
202583,閘古胡里扒部惕隱
202584,閘古胡里扒部太師
202585,閘古胡里扒部太保
202586,閘古胡里扒部司空
202587,閘古胡里扒部詳穩
202588,閘古胡里扒部都監
202589,閘古胡里扒部將軍
202590,閘古胡里扒部小將軍
202591,太師
202592,太傅
202593,太保
202594,少師
202595,少傅
202596,少保
202597,掌印
202598,太尉
202599,司徒
202600,司空
202601,樞密使
202602,知樞密使事
202603,知樞密院事
202604,樞密副使
202605,同知樞密院事
202606,知樞密院副使事
202607,樞密直學士
202608,樞密都承旨
202609,樞密副承旨
202610,吏房承旨
202611,兵刑房承旨
202612,戶房主事
202613,廳房即工部主事
202614,中書令
202615,大丞相
202616,左丞相
202617,右丞相
202618,知中書省事
202619,中書侍郎
202620,同中書門下平章事
202621,參知政事
202622,堂後官
202623,主事
202624,守當官
202625,令史
202626,中書舍人
202627,右諫議大夫
202628,右補闕
202629,右拾遺
202630,侍中
202631,常侍
202632,散騎常侍
202633,給事中
202634,門下侍郎
202635,起居舍人
202636,知起居注
202637,起居郎
202638,左諫議大夫
202639,左補闕
202640,左拾遺
202641,通事舍人
202642,符寶郎
202643,東上閤門使
202644,東上閤門副使
202645,西上閤門使
202646,西上閤門副使
202647,東頭承奉官
202648,西頭承奉官
202649,左通進
202650,右通進
202651,登聞鼓使
202652,知匭院使
202653,誥院給事
202654,尚書令
202655,左僕射
202656,右僕射
202657,左丞
202658,右丞
202659,左司郎中
202660,右司郎中
202661,左司員外郎
202662,右司員外郎
202663,某部尚書
202664,某部侍郎
202665,某部郎中
202666,某部員外郎
202667,某部郎中
202668,御史臺
202669,御史大夫
202670,御史中丞
202671,侍御
202672,殿中
202673,殿中丞
202674,奉御
202675,尚乘局奉御
202676,尚輦局奉御
202677,尚食局奉御
202678,尚衣局奉御
202679,翰林都林牙
202680,南面林牙
202681,翰林學士承旨
202682,翰林學士
202683,翰林祭酒
202684,知制誥
202685,翰林畫待詔
202686,監修國史
202687,史館學士
202688,史館修撰
202689,修國史
202690,宣政殿學士
202691,觀書殿學士
202692,昭文館直學士
202693,崇文館大學士
202694,乾文閣學士
202695,宣徽使
202696,知宣徽院事
202697,宣徽副使
202698,同知宣徽使事
202699,同知宣徽院事
202700,內省使
202701,內省副使
202702,內藏庫提點
202703,黃門令
202704,內謁者
202705,內侍省押班
202706,內侍左廂押班
202707,內侍右廂押班
202708,契丹漢兒渤海內侍都知
202709,左承宣使
202710,右承宣使
202711,尚衣庫使
202712,都提點勾當湯藥
202713,內侍省官
202714,客省使
202715,左客省使
202716,右客省使
202717,客省副使
202718,四方館使
202719,四方館副使
202720,引進使
202721,同簽點簽司事
202722,禮賓使
202723,太常寺卿
202724,太常寺少卿
202725,太常寺丞
202726,太常寺主簿
202727,署令
202728,署丞
202729,法物庫使
202730,法物庫副使
202731,崇祿寺卿
202732,崇祿寺少卿
202733,崇祿寺丞
202734,崇祿寺主簿
202735,衛尉寺卿
202736,衛尉寺少卿
202737,衛尉寺丞
202738,衛尉寺主簿
202739,宗正寺卿
202740,宗正寺少卿
202741,宗正寺丞
202742,宗正寺主簿
202743,太僕寺卿
202744,太僕寺少卿
202745,太僕寺丞
202746,太僕寺主簿
202747,大理正
202748,大理寺卿
202749,大理寺少卿
202750,大理寺丞
202751,大理寺主簿
202752,鴻臚寺卿
202753,鴻臚寺少卿
202754,鴻臚寺丞
202755,鴻臚寺主簿
202756,司農寺卿
202757,司農寺少卿
202758,司農寺丞
202759,司農寺主簿
202760,祕書監
202761,祕書郎
202762,祕書郎正字
202763,祕書太監
202764,祕書少監
202765,祕書監丞
202766,祕書監主簿
202767,著作郎
202768,著作佐郎
202769,校書郎
202770,正字
202771,司天太監
202772,司天少監
202773,司天監丞
202774,司天監主簿
202775,國子監
202776,國子太監
202777,國子少監
202778,國子某監丞
202779,國子監主簿
202780,祭酒
202781,司業
202782,監丞
202783,主簿
202784,博士
202785,助教
202786,太府太監
202787,太府少監
202788,太府監丞
202789,太府監主簿
202790,少府太監
202791,少府少監
202792,少府監丞
202793,少府監主簿
202794,將作太監
202795,將作少監
202796,將作監丞
202797,將作監主簿
202798,都水太監
202799,都水少監
202800,都水監丞
202801,都水監主簿
202802,大將軍
202803,上將軍
202804,將軍
202805,折衝都尉
202806,果毅都尉
202807,大將軍
202808,上將軍
202809,將軍
202810,折衝都尉
202811,果毅都尉
202812,大將軍
202813,上將軍
202814,將軍
202815,折衝都尉
202816,果毅都尉
202817,大將軍
202818,上將軍
202819,將軍
202820,折衝都尉
202821,果毅都尉
202822,大將軍
202823,上將軍
202824,將軍
202825,折衝都尉
202826,果毅都尉
202827,大將軍
202828,上將軍
202829,將軍
202830,折衝都尉
202831,果毅都尉
202832,大將軍
202833,上將軍
202834,將軍
202835,折衝都尉
202836,果毅都尉
202837,大將軍
202838,上將軍
202839,將軍
202840,折衝都尉
202841,果毅都尉
202842,大將軍
202843,上將軍
202844,將軍
202845,折衝都尉
202846,果毅都尉
202847,大將軍
202848,上將軍
202849,將軍
202850,折衝都尉
202851,果毅都尉
202852,大將軍
202853,上將軍
202854,將軍
202855,折衝都尉
202856,果毅都尉
202857,大將軍
202858,上將軍
202859,將軍
202860,折衝都尉
202861,果毅都尉
202862,大將軍
202863,上將軍
202864,將軍
202865,折衝都尉
202866,果毅都尉
202867,大將軍
202868,上將軍
202869,將軍
202870,折衝都尉
202871,果毅都尉
202872,大將軍
202873,上將軍
202874,將軍
202875,折衝都尉
202876,果毅都尉
202877,大將軍
202878,上將軍
202879,將軍
202880,折衝都尉
202881,果毅都尉
202882,太子太師
202883,太子太傅
202884,太子太保
202885,太子少師
202886,太子少傅
202887,太子少保
202888,太子賓客
202889,太子詹事
202890,少詹事
202891,詹事丞
202892,詹事主簿
202893,太子司直
202894,太子左庶子
202895,太子中允
202896,太子司議郎
202897,太子左諭德
202898,太子左贊善大夫
202899,崇文館學士
202900,崇文館直學士
202901,太子校書郎
202902,太子洗馬
202903,太子校書郎
202904,太子正字
202905,典設郎
202906,宮門郎
202907,太子右庶子
202908,太子中舍人
202909,太子舍人
202910,太子右諭德
202911,右贊善大夫
202912,太子通事舍人
202913,太子家令
202914,丞
202915,主簿
202916,太子率更令
202917,丞
202918,主簿
202919,太子僕
202920,丞
202921,主簿
202922,某率
202923,王傅
202924,內史
202925,長史
202926,諸王教授
202927,諸王伴讀
202928,漢兒行宮都部署
202929,漢兒行宮副部署
202930,知南面諸行宮副部署
202931,同知漢兒行宮都部署事
202932,同簽部署司事
202933,都部署判官
202934,弘義宮漢人行宮都部署
202935,弘義宮南面副都部署
202936,弘義宮同知漢人都部署
202937,永興宮漢人行宮都部署
202938,永興宮南面副都部署
202939,永興宮同知漢人都部署
202940,積慶宮漢人行宮都部署
202941,積慶宮南面副都部署
202942,積慶宮同知漢人都部署
202943,長寧宮漢人行宮都部署
202944,長寧宮南面副都部署
202945,長寧宮同知漢人都部署
202946,延昌宮漢人行宮都部署
202947,延昌宮南面副都部署
202948,延昌宮同知漢人都部署
202949,彰愍宮漢人行宮都部署
202950,彰愍宮南面副都部署
202951,彰愍宮同知漢人都部署
202952,崇德宮漢人行宮都部署
202953,崇德宮南面副都部署
202954,崇德宮同知漢人都部署
202955,興聖宮漢人行宮都部署
202956,興聖宮南面副都部署
202957,興聖宮同知漢人都部署
202958,延慶宮漢人行宮都部署
202959,延慶宮南面副都部署
202960,延慶宮同知漢人都部署
202961,太和宮漢人行宮都部署
202962,太和宮南面副都部署
202963,太和宮同知漢人都部署
202964,永昌宮漢人行宮都部署
202965,永昌宮南面副都部署
202966,永昌宮同知漢人都部署
202967,敦睦宮漢人行宮都部署
202968,敦睦宮南面副都部署
202969,敦睦宮同知漢人都部署
202970,左相
202971,右相
202972,左平章政事
202973,右平章政事
202974,某京某省使
202975,某京某省副使
202976,某京鹽鐵使
202977,某京戶部使事
202978,某京度支副使
202979,某京三司使事
202980,某京轉運判官
202981,知某京鹽鐵使
202982,知某京戶部使事
202983,知某京度支副使
202984,知某京三司使事
202985,知某京轉運判官
202986,某京鹽鐵使
202987,某京戶部使事
202988,某京度支副使
202989,某京三司使事
202990,某京轉運判官
202991,同知某京鹽鐵使
202992,同知某京戶部使事
202993,同知某京度支副使
202994,同知某京三司使事
202995,同知某京轉運判官
202996,某京鹽鐵使
202997,某京戶部使事
202998,某京度支副使
202999,某京三司使事
203000,某京轉運判官
203001,鹽鐵使
203002,戶部使事
203003,度支副使
203004,三司使事
203005,轉運判官
203006,某京留守行某府尹事
203007,某京副留守
203008,知某京留守事
203009,某府少尹
203010,同知某京留守事
203011,同簽某京留守事
203012,某京留守判官
203013,某京留守推官
203014,某京都總管、知某府事
203015,同知某府事
203016,都虞候
203017,某京警巡使
203018,某京警巡副使
203019,某京處置使
203020,博士
203021,助教
203022,上京城隍使
203023,渤海承奉都知押班
203024,遼陽大都督
203025,東京安撫使
203026,東京軍巡使
203027,中京文思使
203028,中京路按問使
203029,中京巡邏使
203030,中京大內都部署
203031,中京大內副部署
203032,南京宣徽使
203033,知南京宣徽院使事
203034,知南京宣徽院事
203035,南京宣徽副使
203036,同知南京宣徽院事
203037,燕京管內處置使
203038,南京侍衛親軍馬步軍都指揮使
203039,南京馬步副指揮使
203040,南京馬軍都指揮使
203041,南京馬軍副指揮使
203042,南京步軍都指揮使
203043,南京步軍副指揮使
203044,典南京栗園
203045,雲州管內宣諭招撫使二員
203046,知黃龍府事
203047,同知黃龍府事
203048,黃龍府判官
203049,黃龍府侍衛親軍馬步軍都指揮使
203050,黃龍府侍衛親軍都指揮使
203051,黃龍府侍衛親軍副指揮使
203052,黃龍府侍衛馬軍都指揮使
203053,黃龍府侍衛步軍都指揮使
203054,黃龍府侍衛馬軍副指揮使
203055,黃龍府侍衛步軍副指揮使
203056,博士
203057,助教
203058,知興中府事
203059,同知興中府事
203060,興中府判官
203061,博士
203062,助教
203063,某州某軍節度使
203064,某州某軍節度副使
203065,同知節度使事
203066,行軍司馬
203067,軍事判官
203068,掌書記
203069,衙官
203070,都指揮使
203071,副指揮使
203072,指揮使
203073,副指揮使
203074,指揮使
203075,副指揮使
203076,某州軍觀察使
203077,某州軍觀察副使
203078,某州軍觀察判官
203079,博士
203080,助教
203081,某州團練使
203082,某州團練副使
203083,某州團練判官
203084,博士
203085,助教
203086,安州團練使
203087,某州防禦使
203088,某州防禦副使
203089,某州防禦判官
203090,博士
203091,助教
203092,刺史
203093,某州同知州事
203094,博士
203095,助教
203096,某縣令
203097,某縣丞
203098,某縣主簿
203099,某縣尉
203100,博士
203101,助教
203102,分決諸道滯獄使
203103,按察諸道刑獄使
203104,採訪使
203105,某州路錢帛都點檢
203106,轉運使
203107,都轉運使
203108,轉運判官
203109,都轉運判官
203110,轉運副使
203111,都轉運副使
203112,同知某州轉運使
203113,同知某路都轉運使
203114,點檢司都點檢
203115,點檢司副點檢
203116,同知點檢司都點檢
203117,殿前都點檢司都點檢
203118,殿前都點檢司副點檢
203119,同知殿前都點檢司都點檢
203120,點檢侍衛親軍馬步司都點檢
203121,點檢侍衛親軍馬步司副點檢
203122,同知點檢侍衛親軍馬步司都點檢
203123,某軍都指揮使
203124,某軍副指揮使
203125,某軍都監
203126,漢軍都團練使
203127,漢軍團練副使
203128,漢軍團練判官
203129,兵馬都總管
203130,兵馬副總管
203131,同知兵馬事
203132,兵馬判官
203133,歸聖軍兵馬都總管
203134,歸聖軍兵馬副總管
203135,同知歸聖軍兵馬事
203136,歸聖軍兵馬判官
203137,西南面招安使
203138,巡檢使
203139,五州都總管
203140,山後五州都管
203141,五州制置使
203142,三州處置使
300000,三師
300001,尚書令
300002,兵部尚書
300003,諸節鎮
300004,節度使
300005,同知節度使
300006,節度副使
300007,節度判官
300008,觀察判官
300009,知法
300010,州教授
300011,司獄
300012,諸防禦州
300013,兵部侍郎
300014,防禦使
300015,同知防禦使
300016,判官
300017,知法
300018,州教授
300019,司軍
300020,軍轄兼巡捕使
300021,諸刺史州
300022,刺史
300023,同知
300024,兵部郎中
300025,判官
300026,司軍
300027,知法
300028,軍轄兼巡捕使
300029,諸京警巡院
300030,警巡使
300031,警巡副使
300032,判官
300033,諸府節鎮錄事司
300034,錄事
300035,兵部員外郎
300036,判官
300037,諸防刺州司候司
300038,司候
300039,司判
300040,赤縣
300041,縣令
300042,縣丞
300043,主簿
300044,縣尉
300045,次赤縣
300046,兵部主事
300047,縣令
300048,縣丞
300049,主簿
300050,縣尉
300051,諸縣
300052,縣令
300053,縣丞
300054,主簿
300055,縣尉
300056,知鎮
300057,武衞軍都指揮使司
300058,知城
300059,知堡
300060,知寨
300061,諸司獄
300062,司獄
300063,市令司
300064,市令
300065,市丞
300066,軍器庫
300067,軍器庫使
300068,都指揮使
300069,軍器庫副使
300070,作院
300071,作院使
300072,作院副使
300073,都監
300074,牢長
300075,都轉運司
300076,轉運使
300077,同知轉運使事
300078,轉運副使
300079,副都指揮使
300080,都勾判官
300081,戶籍判官
300082,支度判官
300083,鹽鐵判官
300084,知法
300085,都孔目官
300086,鹽使司
300087,鹽使
300088,鹽副使
300089,判官
300090,副都
300091,管勾
300092,同管勾
300093,都監
300094,監
300095,同監
300096,知法
300097,中都都麴使司
300098,中都麴使
300099,中都麴副使
300100,都監
300101,判官
300102,酒稅使
300103,酒稅使
300104,酒稅副使
300105,都監
300106,稅醋使司及榷場與酒稅相兼
300107,諸酒稅使
300108,諸酒稅榷場使
300109,副使
300110,提舉南京路榷貨事
300111,中都都商稅務司
300112,尚書左丞相
300113,鈐轄司
300114,稅務使
300115,稅務副使
300116,都監
300117,中都廣備庫
300118,廣備庫使
300119,廣備庫副使
300120,判官
300121,永豐庫
300122,永豐庫使
300123,永豐庫副使
300124,鈐轄
300125,判官
300126,鍍鐵院都監
300127,南京交鈔庫
300128,南京交鈔庫使
300129,南京交鈔庫副使
300130,中都流泉務
300131,中都流泉務使
300132,中都流泉務副使
300133,勾當官
300134,中都店宅務
300135,都鈐轄
300136,管勾
300137,南京店宅務
300138,管勾
300139,中都左右廂別貯院
300140,中都左右廂別貯院使
300141,中都左右廂別貯院副使
300142,判官
300143,中都木場
300144,中都木場使
300145,中都木場副使
300146,都將
300147,判官
300148,中都買物司
300149,中都買物司使
300150,中都買物司副使
300151,都監
300152,京兆府司竹監
300153,管勾
300154,諸綾錦院
300155,綾錦院使
300156,綾錦院副使
300157,四方館
300158,規措京兆府耀州三白渠公事
300159,規措官
300160,點檢渠堰官
300161,漕運司
300162,提舉漕運司
300163,同提舉漕運司
300164,勾當官
300165,諸倉
300166,倉使
300167,倉副使
300168,四方館使
300169,草場
300170,草場使
300171,草場副使
300172,南京諸倉監支納官
300173,草場監支納官
300174,南京提控規運柴炭場
300175,柴炭場使
300176,柴炭場副使
300177,京西規運柴炭場
300178,柴炭場使
300179,四方館副使
300180,柴炭場副使
300181,諸總管府節鎮兵馬司
300182,都指揮使
300183,副都指揮使
300184,指揮使
300185,軍使
300186,諸府鎮都軍司
300187,都指揮使
300188,諸防刺州
300189,軍轄
300190,法物庫
300191,諸府州
300192,兵馬鈐轄
300193,諸巡檢
300194,中都東北都巡檢使
300195,西南都巡檢使
300196,諸州都巡檢使
300197,副都巡檢使
300198,散巡檢
300199,副巡檢
300200,潼關
300201,法物庫使
300202,關使兼譏察官
300203,副譏察
300204,居庸關、紫荊關、通會關、會安關及他關
300205,關使
300206,大慶關
300207,管勾河橋官兼譏察事
300208,同管勾
300209,孟津渡
300210,譏察
300211,副譏察
300212,法物庫副使
300213,提舉譏察使
300214,提舉譏察使
300215,提舉譏察副使
300216,譏察使
300217,譏察副使
300218,提舉秦、藍兩關
300219,提舉秦、藍兩關
300220,同提舉秦、藍兩關
300221,提舉三門、集津南北岸
300222,沿淮譏察使
300223,尚書右丞相
300224,直長
300225,管勾泗州兼排岸巡檢
300226,諸邊將
300227,正將
300228,副將
300229,部將
300230,隊將
300231,統軍司
300232,統軍使
300233,副統軍
300234,判官
300235,承發司
300236,知事
300237,知法
300238,招討司
300239,招討使
300240,副招討使
300241,判官
300242,勘事官
300243,知事
300244,知法
300245,諸猛安
300246,管勾
300247,猛安
300248,諸謀克
300249,諸部族節度使
300251,節度副使
300252,判官
300253,知法
300254,諸乣
300255,詳穩
300256,麼忽
300257,同管勾
300258,諸移里菫司
300259,移里菫
300260,諸禿里
300261,禿里
300262,諸羣牧所
300263,提控諸烏魯古
300264,羣牧使
300265,羣牧副使
300266,判官
300267,知法
300268,刑部
300269,刑部尚書
300270,刑部侍郎
300271,刑部郎中
300272,刑部員外郎
300273,刑部主事
300274,平章政事
300275,架閣庫
300276,管勾
300277,同管勾
300278,萬寧宮提舉司
300279,萬寧宮提舉
300280,同提舉萬寧宮
300281,慶寧宮提舉司
300282,慶寧宮提舉
300283,同提舉慶寧宮
300284,工部
300285,尚書左丞
300286,工部尚書
300287,工部侍郎
300288,工部郎中
300289,工部員外郎
300290,工部主事
300291,覆實司
300292,管勾
300293,修內司
300294,修內司使
300295,修內司副使
300296,尚書右丞
300297,直長
300298,部役官
300299,受給官
300300,都城所
300301,提舉都城所
300302,同提舉都城所
300303,左右廂官
300304,受給官
300305,祗應司
300306,提點祗應司
300307,參知政事
300308,祗應司令
300309,祗應司丞
300310,直長
300311,收支庫都監
300312,收支庫同監
300313,甄官署
300314,甄官署令
300315,甄官署丞
300316,直長
300317,上林署
300318,左司
300319,提點上林署
300320,上林署令
300321,上林署丞
300322,直長
300323,同樂園管勾
300324,花木局都監
300325,花木局同監
300326,熙春園都監
300327,熙春園同監
300328,都元帥府
300329,左司郎中
300330,都元帥
300331,左副元帥
300332,右副元帥
300333,元帥左監軍
300334,元帥右監軍
300335,左都監
300336,右都監
300337,經歷
300338,都事
300339,知事
300340,左司員外郎
300341,檢法
300342,樞密院
300343,樞密使
300344,樞密副使
300345,簽書樞密院事
300346,同簽樞密院事
300347,經歷
300348,都事
300349,架閣庫管勾
300350,知法
300351,太師
300352,左司都事
300353,大宗正府
300354,判大宗正事
300355,同判大宗正事
300356,同簽大宗正事
300357,大宗正丞
300358,知事
300359,檢法
300360,諸宗室將軍
300361,御史臺
300362,御史大夫
300363,右司
300364,御史中丞
300365,侍御史
300366,治書侍御史
300367,殿中侍御史
300368,監察御史
300369,典事
300370,架閣庫管勾
300371,檢法
300372,獄丞
300373,登聞檢院
300374,右司郎中
300375,宣撫司
300376,宣撫使
300377,宣撫副使
300378,勸農使司
300379,勸農使
300380,勸農副使
300381,司農司
300382,大司農
300383,大司農卿
300384,大司農少卿
300385,右司員外郎
300386,大司農丞
300387,知事
300388,行司農司
300389,司農卿
300390,司農少卿
300391,司農丞
300392,三司
300393,三司使
300394,三司副使
300395,簽三司事
300396,右司都事
300397,同簽三司事
300398,判官
300399,規措審計官
300400,知事
300401,勾當官
300402,管勾架閣庫
300403,知法
300404,國史院
300405,監修國史
300406,修國史
300407,尚書省祗候郎君管勾官
300408,同修國史
300409,編修官
300410,檢閱官
300411,修《遼史》刊修官
300412,翰林學士院
300413,翰林學士承旨
300414,翰林學士
300415,翰林侍讀學士
300416,翰林侍講學士
300417,翰林直學士
300418,架閣庫
300419,翰林待制
300420,翰林修撰
300421,應奉翰林文字
300422,審官院
300423,知院
300424,同知審官院事
300425,掌書
300426,太常寺
300427,太常卿
300428,太常少卿
300429,管勾
300430,太常丞
300431,太常博士
300432,太祝
300433,奉禮郎
300434,協律郎
300435,檢閱官
300436,檢討
300437,太廟署
300438,太廟令
300439,太廟丞
300440,同管勾
300441,直長
300442,廩犧署
300443,廩犧令
300444,廩犧丞
300445,郊社署
300446,郊社令
300447,郊社丞
300448,直長
300449,武成王廟署
300450,武成王廟令
300451,提點歲賜所
300452,武成王廟丞
300453,諸陵署
300454,提點山陵
300455,諸陵令
300456,諸陵丞
300457,直長
300458,園陵署
300459,園陵令
300460,園陵丞
300461,大樂署
300462,太傅
300463,堂食公使酒庫
300464,大樂令
300465,大樂丞
300466,樂工部籍直長
300467,大樂正
300468,大樂副正
300469,殿前都點檢司
300470,殿前都點檢
300471,殿前左副都點檢
300472,殿前右副都點檢
300473,殿前都點檢判官
300474,酒庫使
300475,左右宿直將軍
300476,左右振肅
300477,知事
300478,殿前左衞將軍
300479,殿前右衞將軍
300480,殿前左衞副將軍
300481,殿前右衞副將軍
300482,符寶郎
300483,宮籍監
300484,提點宮籍監
300485,酒庫副使
300486,宮籍監
300487,宮籍副監
300488,宮籍監丞
300489,直長
300490,近侍局
300491,提點近侍局
300492,近侍局使
300493,近侍局副使
300494,直長
300495,器物局
300496,直省局
300497,提點器物局
300498,器物局使
300499,器物局副使
300500,直長
300501,都監
300502,同監
300503,尚廐局
300504,提點尚廐局
300505,尚廐局使
300506,尚廐局副使
300507,局長
300508,直長
300509,掌廐都轄
300510,掌廐副轄
300511,尚輦局
300512,尚輦局使
300513,尚輦局副使
300514,直長
300515,收支都監
300516,典輿都轄
300517,同監
300518,副局長
300519,本把
300520,鷹坊
300521,鷹坊提點
300522,鷹坊使
300523,鷹坊副使
300524,直長
300525,管勾
300526,武庫署
300527,武庫令
300528,武庫丞
300529,管勾尚書省樂工
300530,直長
300531,武器署
300532,提點武器署
300533,武器署令
300534,武器署丞
300535,直長
300536,頓舍官
300537,宣徽院
300538,左宣徽使
300539,右宣徽使
300540,左三部檢法司
300541,同知宣徽院事
300542,同簽宣徽院事
300543,宣徽判官
300544,拱衞直使司
300545,都指揮使
300546,副都指揮使
300547,什將
300548,長行
300549,威捷軍
300550,鈐轄
300551,司正
300552,都轄
300553,客省
300554,客省使
300555,客省副使
300556,引進司
300557,引進使
300558,引進副使
300559,閤門
300560,東上閤門
300561,東上閤門使
300562,檢法
300563,東上閤門副使
300564,簽事
300565,西上閤門
300566,西上閤門使
300567,西上閤門副使
300568,簽事
300569,承奉班都知
300570,內承奉班押班
300571,閤門通事舍人
300572,御院通進
300573,太保
300574,右三部檢法司
300575,閤門祗候
300576,尚衣局
300577,提點尚衣局
300578,尚衣局使
300579,尚衣局副使
300580,直長
300581,都監
300582,同監
300583,儀鸞局
300584,提點儀鸞局
300585,司正
300586,儀鸞局使
300587,儀鸞局副使
300588,直長
300589,收支都監
300590,同監
300591,尚食局
300592,提點尚食局
300593,尚食局使
300594,尚食局副使
300595,直長
300596,檢法
300597,都監
300598,生科庫都監
300599,生科庫同監
300600,收支庫都監
300601,收支庫同監
300602,尚藥局
300603,提點尚藥局
300604,尚藥局使
300605,尚藥局副使
300606,直長
300607,吏部
300608,都監
300609,果子都監
300610,果子同監
300611,太醫院
300612,提點太醫院
300613,太醫使
300614,太醫副使
300615,判官
300616,管勾
300617,正奉上太醫
300618,吏部尚書
300619,副奉上太醫
300620,長行太醫
300621,御藥院
300622,提點御藥院
300623,直長
300624,都監
300625,同監
300626,教坊
300627,教坊提點
300628,教坊使
300629,吏部侍郎
300630,教坊副使
300631,判官
300632,諧音郎
300633,內藏庫
300634,內藏庫使
300635,內藏庫副使
300636,直長
300637,頭面庫
300638,都監
300639,同監
300640,吏部郎中
300641,段匹庫
300642,都監
300643,同監
300644,金銀庫
300645,都監
300646,雜物庫
300647,都監
300648,同監
300649,宮闈局
300650,宮闈局提點
300651,吏部員外郎
300652,宮闈局使
300653,宮闈局副使
300654,直長
300655,內侍局
300656,內侍令
300657,內侍丞
300658,內侍局長
300659,東門都監
300660,東門同監
300661,昭明殿都監
300662,吏部主事
300663,昭明殿同監
300664,承徽殿都監
300665,承徽殿同監
300666,隆徽殿都監
300667,隆徽殿同監
300668,鸞翔殿都監
300669,鸞翔殿同監
300670,崇儀殿都監
300671,崇儀殿同監
300672,迎暉殿都監
300673,架閣庫
300674,迎暉殿同監
300675,蘂珠殿都監
300676,蘂珠殿同監
300677,瑞寧殿都監
300678,瑞寧殿同監
300679,回春殿都監
300680,回春殿同監
300681,芸香殿都監
300682,芸香殿同監
300683,瑞像殿都監
300684,三公
300685,管勾
300686,瑞像殿同監
300687,凝福、溫芳二位都監
300688,凝福、溫芳二位同監
300689,瑤華、柔則二位都監
300690,瑤華、柔則二位同監
300691,嘉福等殿位都監
300692,嘉福等殿位同監
300693,廣仁殿都監
300694,廣仁殿同監
300695,睿思殿都監
300696,同管勾
300697,睿思殿同監
300698,滋福殿都監
300699,滋福殿同監
300700,咨正殿都監
300701,咨正殿同監
300702,邇英殿都監
300703,邇英殿同監
300704,長慶院都監
300705,長慶院同監
300706,仙韶院都監
300707,官誥院
300708,仙韶院同監
300709,貞和門都監
300710,貞和門同監
300711,右昇平門都監
300712,右昇平門同監
300713,長樂門都監
300714,長樂門同監
300715,瓊林苑都監
300716,瓊林苑同監
300717,廣樂園都監
300718,提舉
300719,廣樂園同監
300720,順儀位提控
300721,順儀位都監
300722,順儀位同監
300723,瑞華門都監
300724,瑞華門同監
300725,太師位提控
300726,太師位都監
300727,太師位同監
300728,寶昌門都監
300729,戶部
300730,寶昌門同監
300731,會昌門都監
300732,會昌門同監
300733,東京孝寧宮都監
300734,東京孝寧宮同監
300735,崇妃位提控
300736,惠妃位提控
300737,惠妃位都監
300738,惠妃位同監
300739,溫妃位提控
300740,戶部尚書
300741,溫妃位都監
300742,溫妃位同監
300743,報德寺提控
300744,報德寺都監
300745,報德寺同監
300746,報恩寺提控
300747,報恩寺都監
300748,報恩寺同監
300749,孝嚴寺都監
300750,孝嚴寺同監
300751,戶部侍郎
300752,福寧殿都監
300753,福寧殿同監
300754,純和殿都監
300755,純和殿同監
300756,仁安殿都監
300757,仁安殿同監
300758,真妃位都監
300759,真妃位同監
300760,麗妃位都監
300761,麗妃位同監
300762,戶部郎中
300763,宣儀位都監
300764,宣儀位同監
300765,莊獻妃位都監
300766,莊獻妃位同監
300767,三廟都監
300768,三廟同監
300769,西華門都監
300770,西華門同監
300771,京後園都監
300772,京後園同監
300773,戶部員外郎
300774,內侍寄祿官
300775,中常侍
300776,給事中
300777,內殿通直
300778,黃門郎
300779,內謁者
300780,內侍點頭
300781,內侍高品
300782,內侍高班
300783,典衞司
300784,戶部主事
300785,典衞令
300786,典衞丞
300787,直長
300788,孝靖宮
300789,孝靖宮令
300790,孝靖宮丞
300791,端妃位同監
300792,慧妃位同監
300793,貞妃位同監
300794,靚儀位同監
300795,太尉
300796,架閣庫
300797,才媛位同監
300798,懿安家
300799,懿安家令
300800,懿安家丞
300801,宮苑司
300802,宮苑令
300803,宮苑丞
300804,直長
300805,都監
300806,同監
300807,管勾
300808,尚醞署
300809,尚醞署令
300810,尚醞署丞
300811,直長
300812,典客署
300813,典客署令
300814,典客署丞
300815,侍儀司令
300816,侍儀司
300817,侍儀司令
300818,同管勾
300819,侍儀司令
300820,秘書監
300821,秘書監
300822,秘書少監
300823,秘書丞
300824,秘書郎
300825,校書郎
300826,著作局
300827,著作郎
300828,著作佐郎
300829,檢法
300830,筆硯局
300831,直長
300832,筆硯承奉
300833,書畫局
300834,直長
300835,都監
300836,司天臺
300837,提點司天臺
300838,司天監
300839,司天少監
300840,勾當官
300841,判官
300842,司天管勾
300843,教授
300844,長行
300845,天文科
300846,算曆科
300847,三式科
300848,測驗科
300849,漏刻科
300850,國子監
300851,榷貨務
300852,國子祭酒
300853,國子司業
300854,國子監丞
300855,國子學
300856,國子博士
300857,國子助教
300858,教授
300859,國子校勘
300860,國子書寫官
300861,太學
300862,榷貨務使
300863,太學博士
300864,太學助教
300865,太府監
300866,太府監
300867,太府少監
300868,太府丞
300869,左藏庫
300870,左藏庫使
300871,左藏庫副使
300872,右藏庫
300873,榷貨務副使
300874,右藏庫使
300875,右藏庫副使
300876,支應所
300877,支應所都監
300878,太倉
300879,太倉使
300880,太倉副使
300881,酒坊
300882,酒坊使
300883,酒坊副使
300884,交鈔庫
300885,典給署
300886,典給署令
300887,典給署丞
300888,直長
300889,市買司
300890,市買司使
300891,市買司副使
300892,少府監
300893,少府監
300894,少府少監
300895,交鈔庫使
300896,少府監丞
300897,尚方署
300898,尚方署令
300899,尚方署丞
300900,直長
300901,圖畫署
300902,圖畫署令
300903,圖畫署丞
300904,直長
300905,裁造署
300906,司徒
300907,交鈔庫副使
300908,裁造署令
300909,裁造署丞
300910,直長
300911,文繡署
300912,文繡署令
300913,文繡署丞
300914,直長
300915,織染署
300916,織染署令
300917,織染署丞
300918,判官
300919,直長
300920,文思署
300921,文思署令
300922,文思署丞
300923,直長
300924,軍器監
300925,軍器監
300926,軍器少監
300927,軍器監丞
300928,直長
300929,都監
300930,軍器庫
300931,軍器庫使
300932,軍器庫副使
300933,甲坊署
300934,甲坊署令
300935,甲坊署丞
300936,直長
300937,利器署
300938,利器署令
300939,利器署丞
300940,印造鈔引庫
300941,直長
300942,都水監
300943,都水監
300944,都水少監
300945,都水監丞
300946,都水監掾
300947,勾當官
300948,街道司
300949,管勾
300950,都巡河官
300951,印造鈔引庫使
300952,黃汴都巡河官
300953,黃沁都巡河官
300954,衞南都巡河官
300955,滑濬都巡河官
300956,曹甸都巡河官
300957,曹濟都巡河官
300958,諸埽物料場官
300959,南京延津渡河橋官
300960,管勾
300961,同管勾
300962,印造鈔引庫副使
300963,諫院
300964,左諫議大夫
300965,右諫議大夫
300966,左司諫
300967,右司諫
300968,左補闕
300969,右補闕
300970,左拾遺
300971,右拾遺
300972,大理寺
300973,判官
300974,大理卿
300975,大理少卿
300976,大理正
300977,大理丞
300978,司直
300979,評事
300980,知法
300981,明法
300982,弘文院
300983,知弘文院
300984,抄紙坊
300985,同知弘文院事
300986,弘文院校理
300987,登聞鼓院
300988,知登聞鼓院
300989,同知登聞鼓院事
300990,知法
300991,登聞檢院
300992,知登聞檢院
300993,同知登聞檢院
300994,知法
300995,抄紙坊使
300996,記注院
300997,集賢院
300998,知集賢院
300999,同知集賢院
301000,司議官
301001,諮議官
301002,益政院
301003,衞尉司
301004,中衞尉
301005,副尉
301006,抄紙坊副使
301007,左常侍
301008,右常侍
301009,常侍官
301010,護衛
301011,奉引
301012,傘子
301013,執旗
301014,給事局
301015,給事局使
301016,給事局副使
301017,司空
301018,判官
301019,內謁者兼司寶
301020,奉閤
301021,閤直
301022,掖庭局
301023,掖庭令
301024,掖庭丞
301025,宮令
301026,食官
301027,飲官
301028,醫官
301029,交鈔庫物料場
301030,主藏
301031,主廩
301032,京東、西、南三路檢察司
301033,檢察使
301034,檢察副使
301035,南京豐衍東西庫
301036,南京豐衍東西庫使
301037,南京豐衍東西庫副使
301038,監支納官
301039,判官
301040,場官
301041,提舉南京榷貨司
301042,提舉南京榷貨司
301043,同提舉南京榷貨司
301044,勾當官
301045,提舉倉場司
301046,提舉倉場使
301047,提舉倉場副使
301048,監支納官
301049,八作左右院
301050,八作使
301051,隨處交鈔庫抄紙坊
301052,八作副使
301053,監支納官
301054,軍須庫
301055,軍須使
301056,軍須副使
301057,典牧司
301058,典牧使
301059,典牧副使
301060,判官
301061,圉牧司
301062,抄紙坊使
301063,圉牧使
301064,圉牧副使
301065,判官
301066,提舉圉牧所
301067,東宮官
301068,宮師府
301069,太子太師
301070,太子太傅
301071,太子太保
301072,太子少師
301073,平準務
301074,太子少傅
301075,太子少保
301076,詹事院太子詹事
301077,少詹事
301078,左右衞率府率
301079,左右監門
301080,僕正
301081,副僕
301082,僕丞
301083,掌寶
301084,平準務使
301085,典儀
301086,贊儀
301087,侍正
301088,侍丞
301089,典食令
301090,典食丞
301091,侍藥
301092,奉藥
301093,掌飲令
301094,掌飲丞
301095,平準務副使
301096,家令
301097,家丞
301098,司經
301099,副司經
301100,司藏
301101,副司藏
301102,司倉
301103,副司倉
301104,中侍局都監
301105,同監
301106,勾當官
301107,左諭德
301108,右諭德
301109,左贊善
301110,右贊善
301111,內直郎
301112,親王府屬官
301113,王傅
301114,府尉
301115,本府長史
301116,司馬
301117,禮部
301118,文學
301119,記室參軍
301120,諸駙馬都尉
301121,提舉衞紹王家屬
301122,提舉
301123,同提舉
301124,提舉鎬厲王家屬
301125,提舉
301126,同提舉
301127,提控鞏國公家屬
301128,尚書省
301129,禮部尚書
301130,提控
301131,同提控
301132,太后兩宮官屬
301133,衞尉
301134,副衞尉
301135,左典禁
301136,右典禁
301137,奉令
301138,奉丞
301139,太僕
301140,禮部侍郎
301141,副僕
301142,門衞
301143,典寶
301144,謁者
301145,閤正
301146,閤丞
301147,食官令
301148,食官丞
301149,宮令
301150,宮丞
301151,禮部郎中
301152,醫令
301153,醫丞
301154,飲官令
301155,飲官丞
301156,主藏
301157,主廩
301158,大興府
301159,尹
301160,同知
301161,少尹
301162,禮部員外郎
301163,總管判官
301164,判官
301165,推官
301166,知事
301167,知法
301168,都孔目官
301169,女直教授
301170,諸京留守司
301171,留守
301172,同知留守事
301173,禮部主事
301174,副留守
301175,留守判官
301176,都總管判官
301177,推官
301178,司獄
301179,知法
301180,京城門收支器物使
301181,門衛
301182,副尉
301183,上京提舉皇城司
301184,惠民司
301185,提舉
301186,同提舉
301187,南京提舉京城所
301188,提舉
301189,同提舉
301190,管勾
301191,受給官
301192,壕寨官
301193,皇城使
301194,皇城副使
301195,惠民司令
301196,北太一宮管勾
301197,同樂園管勾
301198,慶元宮小都監
301199,花園小都監
301200,東京宮苑使
301201,西京宮苑使
301202,北京宮苑使
301203,東京御容殿閤門
301204,西京御容殿閤門
301205,東京萬寧宮小都監
301206,直長
301207,按察司
301208,按察使
301209,按察副使
301210,簽按察司事
301211,按察判官
301212,知事
301213,知法
301214,上京、東京等路按察司並安撫司
301215,按察使
301216,按察副使
301217,都監
301218,簽安撫司事
301219,簽按察司事
301220,知事兼安撫司事
301221,知法
301222,諸總管府
301223,都總管
301224,同知都總管
301225,副都總管
301226,總管判官
301227,府判
301228,兵部
301229,推官
301230,知法
301231,諸府
301232,府尹
301233,同知
301234,少尹
301235,府判
301236,推官
301237,府教授
301238,知法
301239,越國
301240,壽光縣主
301241,靈仙縣主
301242,壽陽縣主
301243,鍾秀縣主
301244,惠和縣主
301245,永寧縣主
301246,慶雲縣主
301247,靜樂縣主
301248,福山縣主
301249,隆平縣主
301250,譙國
301251,德平縣主
301252,文安縣主
301253,福昌縣主
301254,順安縣主
301255,樂壽縣主
301256,靜安縣主
301257,靈壽縣主
301258,大寧縣主
301259,聞喜縣主
301260,秀容縣主
301261,郢國
301262,宜芳縣主
301263,真寧縣主
301264,嘉祥縣主
301265,金鄉縣主
301266,華原縣主
301267,魯國
301268,冀國
301269,豫國
301270,絳國
301271,唐國
301272,兗國
301273,鄂國
301274,恒國
301275,夔國
301276,宛國
301277,曹國
301278,涇國
301279,鄭國
301280,衞國
301281,韓國
301282,潞國
301283,豳國
301284,瀋國
301285,邵國
301286,岐國
301287,代國
301288,澤國
301289,徐國
301290,滕國
301291,薛國
301292,紀國
301293,昇國
301294,邢國
301295,翼國
301296,汴國
301297,豐國
301298,畢國
301299,鄧國
301300,鄆國
301301,霍國
301302,蔡國
301303,瀛國
301304,沂國
301305,荆國
301306,榮國
301307,鎬國
301308,英國
301309,壽國
301310,溫國
301311,濮國
301312,遂國
301313,道國
301314,定國
301315,景國
301316,申國
301317,崇國
301318,并國
301319,宿國
301320,息國
301321,莒國
301322,鄴國
301323,郜國
301324,舒國
301325,淄國
301326,郕國
301327,萊國
301328,鄖國
301329,益國
301330,郯國
301331,[木巳]國
301332,向國
301333,管國
301334,密國
301335,胙國
301336,任國
301337,戴國
301338,鞏國
301339,蔣國
301340,彭國
301341,蕭國
301342,莘國
301343,芮國
301344,金源郡王
301345,廣平郡王
301346,平原郡王
301347,南陽郡王
301348,常山郡王
301349,太原郡王
301350,趙國
301351,平陽郡王
301352,東平郡王
301353,安定郡王
301354,延安郡王
301355,樂安縣主
301356,清平縣主
301357,蓬萊縣主
301358,榮安縣主
301359,棲霞縣主
301360,郡王
301361,國公
301362,郡公
301363,郡侯
301364,郡伯
301365,縣子
301366,縣男
301367,修儀
301368,祗願良侍
301369,修容
301370,修媛
301371,充儀
301372,充容
301373,充媛
301374,婕妤
301375,美人
301376,才人
301377,寶林
301378,元妃
301379,御女
301380,采女
301381,元妃
301382,貴妃
301383,真妃
301384,淑妃
301385,麗妃
301386,柔妃
301387,昭儀
301388,貴妃
301389,昭容
301390,昭媛
301391,修儀
301392,修容
301393,修媛
301394,充儀
301395,充容
301396,充媛
301397,婕妤
301398,麗人
301399,淑妃
301400,才人
301401,順儀
301402,淑華
301403,淑儀
301404,尚宮夫人
301405,尚宮左夫人
301406,尚宮右夫人
301407,宮正夫人
301408,寶華夫人
301409,尚儀夫人
301410,德妃
301411,尚服夫人
301412,尚寢夫人
301413,欽聖夫人
301414,資明夫人
301415,尚儀御侍
301416,尚服御侍
301417,尚寢御侍
301418,尚正御侍
301419,寶符宸侍
301420,奉恩令人
301421,賢妃
301422,奉光令人
301423,奉徽令人
301424,奉美令人
301425,司正御侍
301426,寶符御侍
301427,司儀御侍
301428,司符御侍
301429,司寢御侍
301430,司飾御侍
301431,司設御侍
301432,昭儀
301433,司衣御侍
301434,司膳御侍
301435,司藥御侍
301436,仙韶使
301437,光訓良侍
301438,明訓良侍
301439,遵訓良侍
301440,從訓良侍
301441,典儀御侍
301442,典膳御侍
301443,昭容
301444,典寢御侍
301445,典飾御侍
301446,典設御侍
301447,典衣御侍
301448,典藥御侍
301449,仙韶副使
301450,承和良侍
301451,承惠良侍
301452,承宜良侍
301453,掌儀御侍
301454,昭媛
301455,掌服御侍
301456,掌寢御侍
301457,掌飾御侍
301458,掌設御侍
301459,掌衣御侍
301460,掌膳御侍
301461,掌藥御侍
301462,仙韶掌音
301463,祗肅良侍
301464,祗敬良侍
301465,資德大夫
301466,平秩郎
301467,正紀郎
301468,挈壺郎
301469,司曆郎
301470,司辰郎
301471,保宜大夫
301472,保康大夫
301473,保平大夫
301474,保頤大夫
301475,資政大夫
301476,保安大夫
301477,保和大夫
301478,保善大夫
301479,保嘉大夫
301480,保順大夫
301481,保合大夫
301482,保沖大夫
301483,保愈郎
301484,保全郎
301485,成正郎
301486,資善大夫
301487,成安郎
301488,成順郎
301489,成和郎
301490,成愈郎
301491,成全郎
301492,醫全郎
301493,醫正郎
301494,醫效郎
301495,醫候郎
301496,醫痊郎
301497,正奉大夫
301498,醫愈郎
301499,中散大夫
301500,中尹大夫
301501,中侍大夫
301502,中列大夫
301503,中御大夫
301504,中儀大夫
301505,中常大夫
301506,中益大夫
301507,通奉大夫
301508,中衞大夫
301509,中良大夫
301510,中涓大夫
301511,通禁郎
301512,通侍郎
301513,通掖郎
301514,通御郎
301515,禁直郎
301516,侍直郎
301517,掖直郎
301518,中奉大夫
301519,內直郎
301520,司贊郎
301521,司謁郎
301522,司閽郎
301523,司僕郎
301524,司奉郎
301525,司引郎
301526,雲韶大夫
301527,仙韶大夫
301528,正議大夫
301529,成韶大夫
301530,章德大夫
301531,長寧大夫
301532,德和大夫
301533,景雲大夫
301534,雲和大夫
301535,協律大夫
301536,慶喜大夫
301537,嘉成大夫
301538,肅和郎
301539,通議大夫
301540,純和郎
301541,舒和郎
301542,調音郎
301543,比音郎
301544,司樂郎
301545,典樂郎
301546,協樂郎
301547,掌樂郎
301548,和樂郎
301549,司音郎
301550,嘉議大夫
301551,司律郎
301552,和聲郎
301553,和節郎
301554,大中大夫
301555,開府儀同三司
301556,中大夫
301557,少中大夫
301558,中議大夫
301559,中憲大夫
301560,中順大夫
301561,朝請大夫
301562,朝散大夫
301563,朝列大夫
301564,奉政大夫
301565,奉議大夫
301566,儀同三司
301567,奉直大夫
301568,奉訓大夫
301569,承德郎
301570,承直郎
301571,承務郎
301572,儒林郎
301573,文林郎
301574,承事郎
301575,徵事郎
301576,從仕郎
301577,特進
301578,登仕郎
301579,將仕郎
301580,登仕佐郎
301581,將仕佐郎
301582,龍虎衞上將軍
301583,金吾衞上將軍
301584,驃騎衞上將軍
301585,奉國上將軍
301586,輔國上將軍
301587,崇進
301588,鎮國上將軍
301589,昭武大將軍
301590,昭毅大將軍
301591,昭勇大將軍
301592,安遠大將軍
301593,定遠大將軍
301594,懷遠大將軍
301595,廣威將軍
301596,宣威將軍
301597,明威將軍
301598,金紫光祿大夫
301599,信武將軍
301600,顯武將軍
301601,宣武將軍
301602,武節將軍
301603,武德將軍
301604,武義將軍
301605,武略將軍
301606,承信校尉
301607,昭信校尉
301608,忠武校尉
301609,銀青榮祿大夫
301610,忠顯校尉
301611,忠勇校尉
301612,忠翊校尉
301613,修武校尉
301614,敦武校尉
301615,保義校尉
301616,進義校尉
301617,保義副尉
301618,進義副尉
301619,光祿大夫
301620,欽象大夫
301621,正儀大夫
301622,欽授大夫
301623,靈憲大夫
301624,明時大夫
301625,頒朔大夫
301626,雲紀大夫
301627,協紀大夫
301628,保章大夫
301629,紀和大夫
301630,榮祿大夫
301631,司玄大夫
301632,探賾郎
301633,授時郎
301634,究微郎
301635,靈臺郎
301636,明緯郎
301637,候儀郎
301638,推策郎
301639,司正郎
301640,校景郎
301641,封王
301642,郡王
301643,國公
301644,郡公
301645,郡侯
301646,郡伯
301647,縣子
301648,縣男
301649,上柱國
301650,飛騎尉
301651,雲騎尉
301652,武騎尉
301653,柱國
301654,上護軍
301655,護軍
301656,上輕車都尉
301657,輕車都尉
301658,上騎都尉
301659,騎都尉
301660,驍騎尉
301661,知某州軍州事
301662,安撫使
400001,太孺人
400002,鹽運司經歷
400003,庶子
400004,僧正
400005,道正
400006,戶部分司
400007,北岸分司
400008,南岸分司
400009,律例館纂修
400010,府同知
400011,通奉大夫
400012,閘官
400013,訓術
400014,奉政大夫
400015,賜廕生
400016,修職郎
400017,壩官
400018,內秘書院檢討
400019,儒林郎
400020,承德郎
400021,驛丞
400022,北城兵馬司副指揮
400023,孺人
802002,發運司主管文字
802003,鎮寧軍節度使
802004,樞密院禮房副承旨
802005,管勾神霄玉清萬壽宮
802006,吏員
802007,玉冊官
802008,東八作司監修勾當
802009,監城濠
802010,專一勾當天源河調節入內水勢
802012,僧錄司
802013,僧錄司善世
802014,僧錄司左善世
802015,僧錄司右善世
802016,僧錄司闡教
802017,僧錄司左闡教
802018,僧錄司右闡教
802019,僧錄司講經
802020,僧錄司左講經
802021,僧錄司右講經
802022,僧錄司覺義
802023,僧錄司左覺義
802024,僧錄司右覺義
802025,府學訓導
802027,大理寺評事
802029,土司
802030,宣撫使
802031,試大理評事
802032,茶酒庫副使
802033,權知某軍事
802034,在京糧料使
802035,太淑人
802036,太碩人
802037,太令人
802038,太恭人
802039,太宜人
802040,太室人
802041,太安人
802042,太孺人
802043,室人
802044,提舉逐路巡檢兵甲
802045,都大提點鑄錢等公事
802046,三司推勘公事
802047,殿前散指揮使
802048,使臣
802049,鑄印局大使
802050,判三司戶部理欠司
802051,徵事郎
802052,左威衛上將軍
802053,王
802054,侯
802055,大夫
802056,士
802057,九命
802058,八命
802059,七命
802060,六命
802061,五命
802062,四命
802063,三命
802064,再命
802065,一命
802066,三吏
802067,六卿
802068,九卿
802069,卿士
802070,監國
802071,撫軍
802072,三有司
802073,五官
802074,司徒
802075,田畯
802076,廩人
802077,嗇夫
802078,六府
802079,司會
802080,司民
802081,職方
802082,場人
802083,虞人
802084,山師
802085,野虞
802086,騶虞
802087,水虞
802088,漁師
802089,大羅氏
802090,牧牛
802091,牧
802092,四監
802093,表臣
802094,治市
802095,鄉師
802096,牧
802097,里君
802098,野宰
802099,縣人
802100,司馬
802101,家司馬
802102,司士
802103,庶子
802104,射人
802105,矢人
802106,輝
802107,服不
802108,量人
802109,左右戲
802110,千夫長
802111,百夫長
802112,司空
802113,六工
802114,工師
802115,陶正
802116,舟牧
802117,司寇
802118,理
802119,監
802120,典命
802121,司正
802122,眚史
802123,盟府
802124,大行人
802125,行人
802126,掌交
802127,候人
802128,官人
802129,關尹
802130,懷方
802131,舌人
802132,百執事
802133,百官
802134,百姓
802135,百尹
802136,有司
802137,臣
802138,陪臣
802139,六太
802140,太史
802141,太宗
802142,少宗
802143,太祝
802144,少祝
802145,亞祝
802146,太卜
802147,占夢
802148,司商
802149,喪史
802150,鬱人
802151,犧人
802152,狄
802153,巫
802154,內史
802155,外史
802156,御史
802157,太師(樂官)
802158,少師(樂官)
802159,工(樂官)
802160,鼓鍾
802161,霝龠
802162,三老
802163,五更
802164,大司成
802165,大樂正
802166,小樂正
802167,大胥
802168,小胥
802169,太師(三公)
802170,太傅
802171,太保
802172,三公
802173,少師(三孤)
802174,少傅
802175,少保
802176,三少
802177,道
802178,充
802179,弼
802180,承
802181,四輔
802182,太子
802183,后
802184,夫人
802185,世婦
802186,嬪
802187,御
802188,太宰
802189,膳夫
802190,宰夫
802191,綴衣
802192,小臣
802193,寺人
802194,內豎
802195,閽者
802196,門尹
802197,司王宥
802198,火師
802199,水師
802200,大酋
802201,太僕
802202,御
802203,右
802204,萃車
802205,趣馬
802206,輿人
802207,師氏
802208,虎賁
802209,醫藥
802210,藝人
802211,隸人
802212,太子宮尹
802213,公主
802214,卿
802215,小卿
802216,司徒
802217,甸人
802218,冢人
802219,廩人
802220,虞人
802221,麓
802222,鄉大夫
802223,鄉先生
802224,州伯
802225,州史
802226,閭史
802227,賈人
802228,司馬
802229,司士
802230,司士贊者
802231,庶子
802232,射人
802233,弓人
802234,司工
802235,陶人
802236,工人士
802237,梓人
802238,匠人
802239,司寇
802240,士
802241,司正
802242,訝
802243,介
802244,管人
802245,關人
802246,太史
802247,小史
802248,宗人
802249,小宗人
802250,祝史
802251,夏祝
802252,商祝
802253,司蒸彝
802254,卜人
802255,占者
802256,巫
802257,大內史
802258,樂正
802259,太師
802260,工
802261,鍾人
802262,笙
802263,太師(三公)
802264,太師(三公)
802265,太保
802266,傅
802267,太子
802268,夫人
802269,世婦
802270,太宰
802271,小宰
802272,膳宰
802273,小膳宰
802274,宰胥
802275,雍人
802276,醠尹
802277,司服
802278,小臣正
802279,小臣師
802280,內小臣
802281,閽人
802282,僕人正
802283,僕人師
802284,僕人士
802285,巾車
802286,御戎
802287,右
802288,廋
802289,師氏
802290,旅賁
802291,士旅食
802292,父師
802293,少師
802294,命婦
802295,宰
802296,司馬
802297,側室
802298,司射
802299,史
802300,祝
802301,小祝
802302,筮人
802303,卦者
802304,宗人
802305,族長
802306,雍正
802307,雍人
802308,雍府
802309,童子
802310,內御
802311,外御
802312,貳車
802313,陪乘
802314,御
802315,圉人
802316,王
802317,三吏
802318,卿士
802319,司徒
802320,尉氏
802321,行人
802322,候
802323,津人
802324,關令
802325,相
802326,太史
802327,內史
802328,柱下史
802329,史
802330,卜正
802331,伶
802332,后
802333,太子
802334,師
802335,傅
802336,宰
802337,宰旅
802338,膳夫
802339,官師
802340,虎賁
802341,御士
802342,邑大夫
802343,陪臣
802344,守臣
802345,公
802346,卿
802347,三策
802348,相
802349,司徒
802350,里人
802351,隧正
802352,縣人
802353,賈正
802354,委吏
802355,乘田
802356,虞人
802357,司馬
802358,司士
802359,司空
802360,工正
802361,輪人
802362,司寇
802363,士師
802364,行人
802365,介
802366,相
802367,邊人
802368,太史
802369,外史
802370,周人
802371,宗伯
802372,祝
802373,卜人
802374,巫
802375,太師
802376,少師
802377,國老
802378,司鐸
802379,博士
802380,官司
802381,陪臣
802382,太子
802383,夫人
802384,師
802385,傅
802386,太宰
802387,左宰
802388,宰人
802389,饔人
802390,僕人
802391,內小臣
802392,府人
802393,官人
802394,校人
802395,巾車
802396,御
802397,右
802398,圉人
802399,亞旅
802400,宰
802401,馬正
802402,工師
802403,祝宗
802404,工
802405,閽人
802406,豎
802407,車
802408,御騶
802409,鬥臣
802410,宰
802411,官僚
802412,公
802413,卿
802414,司徒
802415,褚師
802416,司馬
802417,將軍
802418,司空
802419,司寇
802420,大理
802421,行人
802422,太史
802423,祝
802424,卜
802425,太師
802426,師
802427,太子
802428,夫人
802429,少師
802430,傅
802431,右宰
802432,寺人
802433,御
802434,右
802435,官師
802436,旅賁
802437,宰
802438,豎
802439,驂乘
802440,宰
802441,伯
802442,上卿
802443,少卿
802444,六卿
802445,司徒
802446,司墓
802447,縣人
802448,褚師
802449,封人
802450,司馬
802451,將軍
802452,司空
802453,司寇
802454,野司寇
802455,士師
802456,司直
802457,行人
802458,令正
802459,執訊
802460,相
802461,館人
802462,太史
802463,祝
802464,宗人
802465,開卜大夫
802466,太師
802467,師
802468,太子
802469,夫人
802470,太宰
802471,宰夫
802472,府人
802473,庫人
802474,司宮
802475,外僕
802476,馬師
802477,御
802478,右
802479,門子
802480,室老
802481,宗人
802482,廚人
802483,侯
802484,上卿
802485,六卿
802486,大臣
802487,甸人
802488,廩人
802489,獸人
802490,麓
802491,縣師
802492,執秩
802493,司功
802494,司空
802495,津吏
802496,圬人
802497,司寇
802498,理
802499,行人
802500,介
802501,司正
802502,舟虞
802503,太史
802504,祭史
802505,卜
802506,筮史
802507,巫
802508,師
802509,百官
802510,有司
802511,曾臣
802512,官臣
802513,元帥
802514,將軍
802515,將佐
802516,軍大夫
802517,軍尉
802518,尉佐
802519,司馬
802520,司空
802521,輿帥
802522,候正
802523,亞旅
802524,五吏
802525,樂正
802526,師
802527,旅
802528,太師
802529,太傅
802530,太子
802531,傅
802532,夫人
802533,嬪嬙
802534,中大夫
802535,宰夫
802536,饋人
802537,復陶
802538,勃鞮
802539,僕大夫
802540,僕人
802541,寺人
802542,豎
802543,管庫之士
802544,醫
802545,乘馬御
802546,騶
802547,御戎
802548,校正
802549,戎右
802550,司士
802551,輿大夫
802552,公族
802553,餘子
802554,公行
802555,少庶子
802556,官師
802557,主君
802558,太子
802559,內子
802560,主
802561,中大夫
802562,家老
802563,司馬
802564,史
802565,筆吏
802566,祝宗
802567,夢大夫
802568,右
802569,驂乘
802570,御
802571,遽人
802572,當日
802573,廚人
802574,典門
802575,君
802576,令
802577,侯
802578,上卿
802579,大夫
802580,相
802581,銳司徒
802582,闢司徒
802583,大田
802584,虞人
802585,衡鹿
802586,舟鮫
802587,祈望
802588,職計
802589,封人
802590,大司馬
802591,將軍
802592,軍正
802593,司空
802594,水官
802595,工正
802596,輪人
802597,宅
802598,司寇
802599,理
802600,司過
802601,人嗇夫
802602,大諫
802603,行人
802604,儐者
802605,太史
802606,南史
802607,史
802608,玄官
802609,祝
802610,宗伯
802611,太卜
802612,占夢
802613,巫
802614,太師(樂官)
802615,樂人
802616,五官
802617,有司
802618,臣
802619,士吏
802620,鄉師
802621,三老
802622,州長
802623,里尉
802624,閭有司
802625,遊宗
802626,什長
802627,伍長
802628,帥
802629,良人
802630,連長
802631,里有司
802632,屬正
802633,屬大夫
802634,縣帥
802635,鄉帥
802636,卒帥
802637,邑有司
802638,大夫
802639,太子
802640,傅
802641,少傅
802642,夫人
802643,嬪
802644,太宰
802645,饔人
802646,寺人
802647,僕人
802648,門父
802649,御
802650,右
802651,驂乘
802652,圉人
802653,宗子
802654,餘子
802655,家老
802656,宰人
802657,御者
802658,差車
802659,圉人
802660,寺人
802661,公
802662,卿佐
802663,司徒
802664,司里
802665,芋尹
802666,司馬
802667,司空
802668,司敗
802669,行人
802670,上介
802671,候
802672,太子
802673,元妃
802674,太宰
802675,膳宰
802676,公
802677,上卿
802678,六卿
802679,右師
802680,左師
802681,二師
802682,司徒
802683,鄉正
802684,司里
802685,隧正
802686,帥甸
802687,邑人
802688,跡人
802689,封人
802690,褚師
802691,大司馬
802692,少司馬
802693,校正
802694,工正
802695,玉人
802696,司城
802697,大司寇
802698,少司寇
802699,行人
802700,司星
802701,祝
802702,宗
802703,師
802704,太子
802705,夫人
802706,太宰
802707,少宰
802708,大尹
802709,司宮
802710,巷伯
802711,太子內師
802712,門官
802713,少庶子
802714,官師
802715,御士
802716,圉人
802717,宰
802718,王
802719,莫敖
802720,二卿
802721,令尹
802722,右尹
802723,左尹
802724,司馬
802725,右司馬
802726,左司馬
802727,將軍
802728,軍正
802729,司徒
802730,封人
802731,郊尹
802732,陵尹
802733,莠尹
802734,芋尹
802735,藍尹
802736,豚尹
802737,縣尹
802738,市令
802739,太府
802740,玉尹
802741,工尹
802742,司敗
802743,廷理
802744,連尹
802745,介
802746,儐者
802747,候人
802748,關吏
802749,左史
802750,卜尹
802751,巫
802752,樂尹
802753,國老
802754,太師(三公)
802755,少師(三孤)
802756,傅
802757,保
802758,太子
802759,太傅
802760,少傅
802761,司馬
802762,太宰
802763,少宰
802764,太官
802765,庖宰
802766,監食
802767,王尹
802768,司宮
802769,寢尹
802770,清尹
802771,箴尹
802772,醫
802773,正僕人
802774,大閽
802775,右領
802776,御士
802777,御戎
802778,右
802779,宮廄尹
802780,中廄尹
802781,監馬尹
802782,王馬之屬
802783,環列之尹
802784,內官
802785,都君子
802786,囂尹
802787,中庶子
802788,宗老
802789,內子
802790,王
802791,太宰
802792,市正
802793,司馬
802794,將軍
802795,嬖大夫
802796,官師
802797,行人
802798,儐者
802799,涉人
802800,后太師
802801,太子
802802,妃嬙
802803,嬪御
802804,閽
802805,亭長
802806,御士尹氏
802807,王
802808,大夫
802809,上將軍
802810,鹽官
802811,巫
802812,夫人
802813,諸御
802814,君子
802815,伯
802816,庶長
802817,相
802818,威壘
802819,不更
802820,帥
802821,行人
802822,史
802823,內史
802824,卜
802825,太子
802826,寺人
802827,醫
802828,主魚吏
802829,公
802830,伯
802831,子
802832,男
802833,侯
802834,大正
802835,封人
802836,司馬
802837,司城
802838,司敗
802839,行人
802840,候人
802841,史
802842,祝
802843,太卜
802844,宗
802845,太師
802846,少師
802847,太保
802848,太宰
802849,豎
802850,閽
802851,戎右
802852,侯
802853,關內侯
802854,三公
802855,上卿
802856,中卿
802857,下卿
802858,五大夫
802859,上大夫
802860,中大夫
802861,下大夫
802862,士
802863,君
802864,太子
802865,相國
802866,軍正
802867,冶
802868,司寇
802869,候
802870,太史
802871,中府
802872,左官
802873,中官
802874,君
802875,相
802876,守
802877,關市
802878,關吏
802879,佐弋
802880,上卿
802881,王
802882,太后
802883,太子
802884,相國
802885,守
802886,里丞
802887,境吏
802888,豕宰
802889,工尹
802890,冶工
802891,陶尹
802892,陶倕
802893,伯
802894,陶工
802895,衡官
802896,水官
802897,女伶
802898,上將軍
802899,將軍
802900,行議
802901,司馬
802902,主車
802903,師
802904,太傅
802905,宰夫
802906,右御
802907,御書
802908,王萃
802909,君
802910,上卿
802911,亞卿
802912,大夫
802913,王
802914,太子
802915,相國
802916,守相
802917,申徒
802918,廩吏
802919,封人
802920,太守
802921,縣令
802922,司空
802923,大工尹
802924,工師
802925,冶尹
802926,削者
802927,司寇
802928,將
802929,史
802930,宰人
802931,典冠
802932,典衣
802933,尚浴
802934,少府
802935,御史
802936,中庶子
802937,客卿
802938,大夫
802939,王
802940,主父
802941,太后
802942,后
802943,太子
802944,相國
802945,假相國
802946,田部吏
802947,內史
802948,中尉
802949,國三老
802950,相
802951,太守
802952,縣令
802953,工師
802954,工
802955,庫嗇夫
802956,中府丞
802957,司寇
802958,行人
802959,傳舍吏
802960,大將軍
802961,將軍
802962,裨將
802963,都尉
802964,候
802965,官帥將
802966,國尉
802967,柱國
802968,尹史
802969,太卜
802970,筮史
802971,師
802972,左師
802973,傅
802974,博聞師
802975,司過
802976,御史
802977,家令
802978,宰人
802979,宦者令
802980,郎中
802981,中庶子
802982,黑衣
802983,司日
802984,舍人
802985,君
802986,侯
802987,上卿
802988,客卿
802989,五大夫
802990,上大夫
802991,大夫
802992,侯
802993,太子
802994,太后
802995,夫人
802996,相
802997,司徒
802998,虞人
802999,守
803000,都司徒
803001,都司馬
803002,都司工
803003,縣令
803004,縣司馬
803005,縣司工
803006,縣司寇
803007,縣司成
803008,三老
803009,廷掾
803010,御史
803011,工師
803012,冶
803013,河丞
803014,司寇
803015,巫祝
803016,樂人
803017,上將軍
803018,將軍
803019,持節尉
803020,犀首
803021,師
803022,傅
803023,博士
803024,中大夫
803025,主書
803026,上官
803027,見者嗇夫
803028,舍人
803029,中庶子
803030,少庶子
803031,公主
803032,邑大夫
803033,君
803034,侯
803035,關內侯
803036,上卿
803037,五大夫
803038,公大夫
803039,上大夫
803040,大夫
803041,五乘將軍
803042,公乘
803043,王
803044,后
803045,相
803046,大夫
803047,都士
803048,將行
803049,御
803050,參乘
803051,王
803052,王后
803053,太子
803054,相
803055,司徒
803056,守
803057,大夫
803058,里伯
803059,鄙伯
803060,廩
803061,市掾
803062,關師
803063,陶正
803064,陶尚
803065,士師
803066,諸侯主客
803067,祭酒
803068,太史
803069,上將軍
803070,將軍
803071,軍師
803072,司馬
803073,都車馬
803074,右師
803075,太傅
803076,傅
803077,中大夫
803078,博士
803079,執法
803080,御史
803081,掌書
803082,謁者
803083,宮門司馬
803084,郎中
803085,駙駕
803086,侍史
803087,舍人
803088,君
803089,侯
803090,上卿
803091,卿
803092,客卿
803093,上大夫
803094,王
803095,太后
803096,大尹
803097,國老
803098,史
803099,漆園吏
803100,王
803101,王后
803102,太子
803103,令尹
803104,左尹
803105,嗇夫
803106,郡大夫
803107,縣令
803108,鄉師
803109,甸長
803110,里有司
803111,伍長
803112,銅官
803113,工師
803114,工大人
803115,莫敖
803116,太卜
803117,柱國
803118,司馬
803119,左司馬
803120,右司馬
803121,大將軍
803122,將軍
803123,裨將軍
803124,太傅
803125,太子傅
803126,太宰
803127,郎尹
803128,郎中
803129,次飛
803130,中射
803131,登徒
803132,謁者
803133,主酒吏
803134,御
803135,舍人
803136,廚官
803137,君
803138,侯
803139,執圭
803140,五大夫
803141,上官大夫
803142,大夫
803143,王
803144,太后
803145,后
803146,太子
803147,庶長
803148,左庶長
803149,相
803150,長史
803151,大田
803152,太倉
803153,大內
803154,少內
803155,邦司空
803156,甬官
803157,工師
803158,工室丞
803159,曹長
803160,工
803161,關市
803162,廷尉
803163,憲盜
803164,候
803165,司寇
803166,國正監
803167,行人
803168,屬邦
803169,宗祝
803170,卜
803171,史
803172,中旗
803173,內史
803174,中尉
803175,國尉
803176,上將軍
803177,將軍
803178,裨將
803179,右行
803180,軍尉
803181,都官
803182,官長
803183,佐
803184,史
803185,養
803186,見牛者
803187,僕
803188,司御
803189,寺
803190,府
803191,太守
803192,都尉
803193,御史
803194,主簿
803195,縣令
803196,令史
803197,縣丞
803198,縣尉
803199,士吏
803200,署君子
803201,將
803202,屯長
803203,僕射
803204,都庫嗇夫
803205,庫嗇夫
803206,發弩嗇夫
803207,尉計
803208,都亭嗇夫
803209,縣司空
803210,司空佐史
803211,縣工
803212,曹長
803213,縣司馬
803214,司馬令史掾
803215,苑嗇夫
803216,苑計
803217,廄嗇夫
803218,皁嗇夫
803219,駕騶
803220,都田嗇夫
803221,田嗇夫
803222,牛長
803223,都倉嗇夫
803224,倉嗇夫
803225,廩人
803226,漆園嗇夫
803227,府嗇夫
803228,縣少內
803229,嗇夫
803230,佐
803231,史
803232,鄉嗇夫
803233,部佐
803234,校長
803235,求盜
803236,里典
803237,監門
803238,伍老
803239,鹽鐵市官
803240,列伍長
803241,道嗇夫
803242,道官相
803243,臣邦君長
803244,師
803245,傅
803246,太子師
803247,太子傅
803248,夫人
803249,美人
803250,良人
803251,八子
803252,七子
803253,長使
803254,少使
803255,少府
803256,太官
803257,右府
803258,左府
803259,右採鐵
803260,左採鐵
803261,中大夫令
803262,御史
803263,郎中
803264,郎
803265,中庶子
803266,中車府令
803267,謁者
803268,給事中
803269,宦者
803270,侍醫
803271,衛尉
803272,公車司馬
803273,佐弋
803274,宮均人
803275,宮更人
803276,宮狡士
803277,外狡士
803278,甸人
803279,爨人
803280,集人
803281,少庶子
803282,舍人
803283,尚書
803284,君
803285,侯
803286,關內侯
803287,公
803288,上卿
803289,客卿
803290,顯大夫
803291,大夫
803292,君子
803293,后子
803294,有秩吏
803295,公士
803296,上造
803297,簪嫋
803298,不更
803299,大夫
803300,官大夫
803301,公大夫
803302,公乘
803303,五大夫
803304,左庶長
803305,右庶長
803306,左更
803307,中更
803308,右更
803309,少上造
803310,大上造
803311,駟車庶長
803312,大庶長
803313,關內侯
803314,列侯
803315,君
803316,寡人
803317,宰相
803318,大將軍
803319,將軍
803320,將
803321,輔將
803322,兵尉
803323,伯長
803324,什長
803325,伍長
803326,吏
803327,五官
803328,臣
803329,司農
803330,役司馬
803331,都司空
803332,監工
803333,市
803334,法官
803335,縣師
803336,尉
803337,鄉長
803338,亭尉
803339,里長
803340,家君
803341,官
803342,庶子
803343,巫祝
803344,太宰
803345,小宰
803346,宰夫
803347,宮正
803348,宮伯
803349,膳夫
803350,庖人
803351,內饔
803352,外饔
803353,烹人
803354,甸師
803355,獸人
803356,漁人
803357,鱉人
803358,臘人
803359,醫師
803360,食醫
803361,疾醫
803362,瘍醫
803363,獸醫
803364,酒正
803365,酒人
803366,漿人
803367,凌人
803368,籩人
803369,醢人
803370,醯人
803371,鹽人
803372,冪人
803373,宮人
803374,掌舍
803375,幕人
803376,掌次
803377,太府
803378,玉府
803379,內府
803380,外府
803381,司會
803382,司書
803383,職內
803384,職歲
803385,職幣
803386,司裘
803387,掌皮
803388,內宰
803389,內小臣
803390,閽人
803391,寺人
803392,內豎
803393,九嬪
803394,世婦
803395,女御
803396,女祝
803397,女史
803398,典婦功
803399,典絲
803400,典枲
803401,內司服
803402,縫人
803403,染人
803404,追師
803405,屨人
803406,夏採
803407,大司徒
803408,小司徒
803409,鄉師
803410,鄉老
803411,鄉大夫
803412,州長
803413,黨正
803414,族師
803415,閭胥
803416,比長
803417,封人
803418,鼓人
803419,舞師
803420,牧人
803421,牛人
803422,充人
803423,載師
803424,閭師
803425,縣師
803426,遺人
803427,均人
803428,師氏
803429,保氏
803430,司諫
803431,司救
803432,調人
803433,媒氏
803434,司市
803435,質人
803436,廛人
803437,胥師
803438,賈師
803439,司暴
803440,司稽
803441,胥
803442,肆長
803443,泉府
803444,司門
803445,司關
803446,掌節
803447,遂人
803448,遂師
803449,遂大夫
803450,縣正
803451,鄙師
803452,酇長
803453,里宰
803454,鄰長
803455,旅師
803456,稍人
803457,委人
803458,土均
803459,草人
803460,稻人
803461,土訓
803462,誦訓
803463,山虞
803464,林衡
803465,川衡
803466,澤虞
803467,跡人
803468,卝人
803469,角人
803470,羽人
803471,掌葛
803472,掌染草
803473,掌炭
803474,掌荼
803475,掌蜃
803476,囿人
803477,場人
803478,廩人
803479,舍人
803480,倉人
803481,司祿
803482,司稼
803483,春人
803484,饎人
803485,槁人
803486,大宗伯
803487,小宗伯
803488,肆師
803489,鬱人
803490,鬯人
803491,雞人
803492,司尊彝
803493,司几筵
803494,天府
803495,典瑞
803496,典命
803497,司服
803498,典祀
803499,守祧
803500,世婦
803501,內宗
803502,外宗
803503,冢人
803504,墓大夫
803505,職喪
803506,大司樂
803507,樂師
803508,大胥
803509,小胥
803510,太師
803511,小師
803512,瞽矇
803513,視瞭
803514,典同
803515,磬師
803516,鍾師
803517,笙師
803518,鎛師
803519,韎師
803520,旄人
803521,龠師
803522,龠章
803523,鞮鞻氏
803524,典庸器
803525,司幹
803526,太卜
803527,卜師
803528,卜人
803529,龜人
803530,菙氏
803531,占人
803532,筮人
803533,占夢
803534,視祲
803535,太祝
803536,小祝
803537,喪祝
803538,甸祝
803539,詛祝
803540,司巫
803541,巫師
803542,太史
803543,小史
803544,馮相氏
803545,保章氏
803546,內史
803547,外史
803548,御史
803549,巾車
803550,典路
803551,車僕
803552,司常
803553,都宗人
803554,家宗人
803555,神士
803556,大司馬
803557,小司馬
803558,軍司馬
803559,輿司馬
803560,行司馬
803561,軍將
803562,師帥
803563,旅帥
803564,卒長
803565,兩司馬
803566,伍長
803567,司勳
803568,馬質
803569,量人
803570,小子
803571,羊人
803572,司爟
803573,掌固
803574,司險
803575,掌疆
803576,候人
803577,環人
803578,挈壺氏
803579,射人
803580,服不氏
803581,射鳥氏
803582,羅氏
803583,掌畜
803584,司士
803585,諸子
803586,司右
803587,虎賁氏
803588,旅賁氏
803589,節服氏
803590,方相氏
803591,太僕
803592,小臣
803593,祭僕
803594,御僕
803595,隸僕
803596,弁師
803597,司甲
803598,司兵
803599,司戈盾
803600,司弓矢
803601,繕人
803602,稿人
803603,戎右
803604,齊右
803605,道右
803606,大馭
803607,戎僕
803608,齊僕
803609,道僕
803610,田僕
803611,馭夫
803612,校人
803613,趣馬
803614,巫馬
803615,牧師
803616,廋人
803617,圉師
803618,圉人
803619,職方氏
803620,土方氏
803621,懷方氏
803622,合方氏
803623,訓方氏
803624,形方氏
803625,山師
803626,川師
803627,原師
803628,匡人
803629,撢人
803630,都司馬
803631,家司馬
803632,大司寇
803633,小司寇
803634,士師
803635,鄉士
803636,遂士
803637,縣士
803638,方士
803639,訝士
803640,朝士
803641,司民
803642,司刑
803643,司刺
803644,司約
803645,司盟
803646,職金
803647,司厲
803648,犬人
803649,司圜
803650,掌囚
803651,掌戮
803652,司隸
803653,罪隸
803654,蠻隸
803655,閩隸
803656,夷隸
803657,貉隸
803658,布憲
803659,禁殺戮
803660,禁暴氏
803661,野廬氏
803662,蛆氏
803663,雍氏
803664,萍氏
803665,司寤氏
803666,司烜氏
803667,條狼氏
803668,修閭氏
803669,冥氏
803670,庶氏
803671,穴氏
803672,翨氏
803673,柞氏
803674,薙氏
803675,硩蔟氏
803676,翦氏
803677,赤犮氏
803678,蟈氏
803679,壺涿氏
803680,庭氏
803681,銜枚氏
803682,伊耆氏
803683,大行人
803684,小行人
803685,司儀
803686,行夫
803687,環人
803688,象胥
803689,掌客
803690,掌訝
803691,掌交
803692,掌察
803693,掌貨賄
803694,朝大夫
803695,都則
803696,都士
803697,家士
803698,輪人
803699,輿人
803700,輈人
803701,弓人
803702,廬人
803703,匠人
803704,車人
803705,梓人
803706,築氏
803707,冶氏
803708,桃氏
803709,鳧氏
803710,慄氏
803711,段氏
803712,函人
803713,鮑人
803714,韗人
803715,韋氏
803716,裘氏
803717,畫繢
803718,鍾氏
803719,筐人
803720,㡛人
803721,玉人
803722,楖人
803723,雕人
803724,矢人
803725,磬氏
803726,陶人
803727,瓬人
803728,宣慰使司都元帥府參謀
803729,刑部
803730,館伴使
803731,馆伴副使
803732,接伴使
803733,國信副使
803734,送伴使
803735,參贊軍務
803736,押宴官
803737,國史實錄院校勘
803738,諸王宮伴讀
803739,直御書處
803740,提學副使
803741,世職一等阿達哈哈番
803742,兵部觀政
803743,民政部錄事
803744,度支部通阜司正主稿
803745,會辦天津造幣廠廠務
803746,巡撫署文案主稿
803747,督辦警察局
803748,度支司主事
803749,北京地方審判廳候補推事
803750,南京兵部職方司主事
803751,騰驤右衛經歷
803752,布政司經歷
803753,復設訓導
803754,復設教諭
803755,茶酒庫副使
803756,禮賓副使
803757,尚書左丞
803758,禮部侍郞
803759,監門衛大將軍
803760,驍衛上將軍
803761,知客省使
803762,殿中監
803763,殿中少監
803764,左金吾衛上將軍
803765,右金吾衛上將軍
803766,右金吾衛將軍
803767,左武衛上將軍
803768,左監門衛大將軍
803769,左監門衛上將軍
803770,左監門衛將軍
803771,右監門衛將軍
803772,右監門衛大將軍
803773,右監門上將軍
803774,右監門衛上將軍
803775,左領軍衛上將軍
803776,左威衛大將軍
803777,左驍衛大將軍
803778,右衛上將軍
803779,右威衛上將軍
803780,左衛大將軍
803781,右衛大將軍
803782,右千牛衛上將軍
803783,左千牛衛上將軍
803784,右千牛衛大將軍
803785,右散騎常侍
803786,左驍衛上將軍
803787,右驍衛大將軍
803788,左威衛上將軍
803789,右威衛大將軍
803790,右武衛上將軍
803791,左領軍衛大將軍
803792,左鎮軍衛大將軍
803793,右領軍衛上將軍
803794,右宣徽使
803795,特進
803796,榷礬都務使
803797,稻田都務使
803798,榷鹽制置判官
803799,堤河使
803800,神衛左廂都指揮使
803801,神衛右廂都指揮使
803802,侍衛親軍馬軍司都指揮使
803803,布政使
803804,書吏
803805,經承
803806,教坊司左司樂
803807,教坊司右司樂
803808,教坊司奉鑾
803809,翊國公
803810,通議大夫
803812,河通判
803813,中憲大夫
803814,奉直大夫
803815,太醫院吏目
803816,遊擊將軍
803817,鎮同知
803818,宗人府供事
803819,都督府別駕
803820,按察轉運使
803821,行元帥府事
803822,知府
803823,行省事
803824,稅使
803825,軍事判官
803826,提刑
803827,尚書省令史
803828,南京留守
803829,宣武都尉
803830,土官
803831,太醫院預授吏目
803832,太醫院大使
803833,太醫院副使
803834,太醫院院判
803835,太醫院左院判
803836,太醫院右院判
803837,太醫院預授吏目
803838,太醫院醫士
803839,鎮守太監
803840,太醫令
803841,太子藥藏監
803842,太醫令
803843,太醫令
803844,提舉翰林醫官
803845,醫學博士
803846,醫學教諭
803847,太醫院副使
803848,太醫院醫官
803849,太醫院大使
803850,太醫院都事
803851,提點太醫院事
803852,良醫副
803853,副纂修官
803854,醫學正科
803855,醫學訓科
803856,法部高等檢察廳檢察官
803857,浙江道監察御史
803858,江西道監察御史
803859,湖廣道監察御史
803860,陜西道監察御史
803861,廣東道監察御史
803862,山東道監察御史
803863,福建道監察御史
803864,河南道監察御史
803865,山西道監察御史
803866,四川道監察御史
803867,廣西道監察御史
803868,雲南道監察御史
803869,貴州道監察御史
803870,交趾道監察御史
803871,京畿道監察御史
803872,北平道監察御史
803873,北京道監察御史
803874,南京道監察御史
803875,浙江道監察御史
803876,江西道監察御史
803877,湖廣道監察御史
803878,陜西道監察御史
803879,廣東道監察御史
803880,山東道監察御史
803881,福建道監察御史
803882,河南道監察御史
803883,山西道監察御史
803884,廣西道監察御史
803885,雲南道監察御史
803886,貴州道監察御史
803887,江南道監察御史
803888,新疆道監察御史
803889,甘肅道監察御史
803890,安徽道監察御史
803891,遼瀋道監察御史
803892,京畿道監察御史
803893,江蘇道監察御史
803894,湖南道監察御史
803895,湖北道監察御史
803896,鹽使司分司同知
803897,鹽使司監掣同知
803898,鹽使司分司判官
803899,鹽使司分司副使
803900,鹽使司批驗所大使
803901,鹽使司批驗所副使
803902,鹽使司批驗鹽引所大使
803903,鹽使司批驗鹽引所副使
803904,鹽使司庫大使
803905,鹽使司庫副使
803906,鹽使司倉大使
803907,鹽使司倉副使
803908,鹽使司鹽場副使
803909,鹽使司吏役
803910,鹽使司分司同知
803911,鹽使司分司副使
803912,鹽運司知事
803913,運學訓導
803914,運學教授
803915,鹽使司庫大使
803916,鹽使司庫副使
803917,鹽使司倉大使
803918,鹽使司倉副使
803919,鹽使司批驗所大使
803920,鹽使司批驗所副使
803921,鹽使司吏役
803922,鹽使司鹽課司大使
803923,鹽使司鹽課司副使
803924,鹽使司鹽場大使
803925,鹽使司鹽場副使
803926,鹽運司委員
803927,鹽局委員
803928,鹽務委員
803929,鹽釐委員
803930,鹽卡委員
803931,鹽局總辦委員
803932,鹽局幫辦委員
803933,鹽局會辦委員
803934,鹽務緝私分巡委員
803935,督銷鹽局委員
803936,督銷鹽局總辦委員
803937,督銷鹽局兼辦委員
803938,分銷鹽局委員
803939,刑部交趾司主事
803940,刑部交趾司員外郎
803941,刑部交趾司郎中
803942,戶部交趾司主事
803943,戶部交趾司員外郎
803944,戶部交趾司郎中
803945,刑部江西司郎中
803946,苑馬寺丞
803947,苑馬寺主簿
803948,苑馬寺牧監
803949,苑馬寺監副
803950,苑馬寺錄事
803951,苑馬寺圉長
803952,苑馬寺苑長
